airport,weather_time,temperature_c,humidity_pct,precipitation_mm,wind_speed_kmh,wind_gusts_kmh,visibility_m,cloud_cover_pct,weather_code
BLR,2026-07-29 04:00:00,21.7,80.0,0.0,30.3,49.3,24140.0,100.0,3.0
BLR,2026-07-29 05:00:00,22.1,78.0,0.0,28.9,47.5,24140.0,100.0,3.0
BLR,2026-07-29 06:00:00,21.6,81.0,0.0,31.3,49.7,24140.0,100.0,3.0
BLR,2026-07-29 07:00:00,22.2,79.0,0.0,29.2,47.9,24140.0,100.0,3.0
BLR,2026-07-29 08:00:00,23.2,72.0,0.0,31.7,50.8,24140.0,100.0,3.0
BLR,2026-07-29 09:00:00,25.2,63.0,0.0,38.2,50.0,24140.0,100.0,3.0
BLR,2026-07-29 10:00:00,26.6,57.0,0.0,38.9,51.1,24140.0,100.0,3.0
BLR,2026-07-29 11:00:00,27.6,54.0,0.0,37.8,49.7,24140.0,100.0,3.0
BLR,2026-07-29 12:00:00,27.5,55.0,0.0,39.2,49.3,24140.0,100.0,3.0
BLR,2026-07-29 13:00:00,28.1,52.0,0.0,37.8,49.3,24140.0,100.0,3.0
BLR,2026-07-29 14:00:00,27.0,57.0,0.0,36.7,49.0,24140.0,100.0,3.0
BLR,2026-07-29 15:00:00,27.5,56.0,0.0,39.7,48.2,24140.0,100.0,3.0
BLR,2026-07-29 16:00:00,26.6,59.0,0.0,38.0,47.9,24140.0,100.0,3.0
BLR,2026-07-29 17:00:00,26.6,58.0,0.0,33.2,46.4,24140.0,100.0,3.0
BLR,2026-07-29 18:00:00,25.3,63.0,0.0,28.2,45.4,24140.0,100.0,3.0
BLR,2026-07-29 19:00:00,24.7,66.0,0.0,29.7,45.4,24140.0,100.0,3.0
BLR,2026-07-29 20:00:00,23.7,72.0,0.0,26.6,43.9,24140.0,100.0,3.0
BLR,2026-07-29 21:00:00,22.9,76.0,0.0,29.0,48.6,24140.0,100.0,3.0
BLR,2026-07-29 22:00:00,22.2,81.0,0.0,28.1,49.0,24140.0,100.0,3.0
BLR,2026-07-29 23:00:00,22.0,81.0,0.0,27.8,47.2,24140.0,100.0,3.0
BLR,2026-07-30 00:00:00,21.6,82.0,0.0,28.4,50.8,24140.0,100.0,3.0
BLR,2026-07-30 01:00:00,21.9,78.0,0.0,30.2,50.0,24140.0,100.0,3.0
BLR,2026-07-30 02:00:00,21.8,79.0,0.0,30.9,50.0,24140.0,100.0,3.0
BLR,2026-07-30 03:00:00,21.2,81.0,0.0,31.8,52.2,24140.0,100.0,3.0
BLR,2026-07-30 04:00:00,21.4,79.0,0.0,33.7,53.3,24140.0,100.0,3.0
BLR,2026-07-30 05:00:00,21.9,87.0,0.0,24.0,44.3,29560.0,100.0,3.0
BLR,2026-07-30 06:00:00,21.9,88.0,0.0,24.0,40.7,27980.0,100.0,3.0
BLR,2026-07-30 07:00:00,22.8,83.0,0.0,26.4,44.6,18840.0,100.0,3.0
BLR,2026-07-30 08:00:00,24.0,76.0,0.0,29.8,52.2,22720.0,98.0,3.0
BLR,2026-07-30 09:00:00,26.0,65.0,0.0,33.8,60.8,17200.0,100.0,3.0
BLR,2026-07-30 10:00:00,27.0,61.0,0.1,33.7,61.6,16760.0,99.0,51.0
BLR,2026-07-30 11:00:00,26.4,63.0,0.3,31.2,60.8,9840.0,100.0,51.0
BLR,2026-07-30 12:00:00,27.9,57.0,0.3,31.8,59.4,6180.0,100.0,51.0
BLR,2026-07-30 13:00:00,28.3,56.0,0.4,32.3,58.3,5980.0,100.0,51.0
BLR,2026-07-30 14:00:00,28.6,58.0,0.4,30.5,58.3,24060.0,100.0,51.0
BLR,2026-07-30 15:00:00,27.7,60.0,0.1,29.9,59.8,45180.0,100.0,51.0
BLR,2026-07-30 16:00:00,28.0,59.0,0.0,29.6,54.7,11960.0,100.0,3.0
BLR,2026-07-30 17:00:00,25.1,73.0,0.0,21.5,55.1,36880.0,100.0,3.0
BLR,2026-07-30 18:00:00,24.9,72.0,0.0,18.5,36.7,15180.0,100.0,3.0
BLR,2026-07-30 19:00:00,24.5,73.0,0.0,20.9,35.3,31020.0,100.0,3.0
BLR,2026-07-30 20:00:00,23.8,75.0,0.0,22.9,38.9,23240.0,100.0,3.0
BLR,2026-07-30 21:00:00,23.3,78.0,0.0,22.4,38.5,39420.0,100.0,3.0
BLR,2026-07-30 22:00:00,22.5,82.0,0.0,24.0,41.0,36620.0,100.0,3.0
BLR,2026-07-30 23:00:00,22.6,83.0,0.0,22.6,41.8,37060.0,100.0,3.0
BLR,2026-07-31 00:00:00,22.3,85.0,0.0,22.9,38.9,25960.0,100.0,3.0
BLR,2026-07-31 01:00:00,22.3,84.0,0.0,25.3,42.5,31340.0,100.0,3.0
BLR,2026-07-31 02:00:00,22.3,85.0,0.0,23.8,42.8,37900.0,100.0,3.0
BLR,2026-07-31 03:00:00,22.1,85.0,0.0,24.1,40.3,37880.0,100.0,3.0
BLR,2026-07-31 04:00:00,21.7,85.0,0.0,24.6,42.8,36040.0,100.0,3.0
BLR,2026-07-31 05:00:00,22.1,85.0,0.0,21.6,41.4,34400.0,100.0,3.0
BLR,2026-07-31 06:00:00,22.2,85.0,0.0,22.4,37.1,35640.0,100.0,3.0
BLR,2026-07-31 07:00:00,23.4,78.0,0.0,25.0,43.2,41740.0,99.0,3.0
BLR,2026-07-31 08:00:00,25.0,70.0,0.0,33.8,59.8,18960.0,100.0,3.0
BLR,2026-07-31 09:00:00,26.1,66.0,0.0,32.3,59.4,14640.0,100.0,3.0
BLR,2026-07-31 10:00:00,27.1,61.0,0.1,30.6,57.6,35080.0,76.0,51.0
BLR,2026-07-31 11:00:00,28.9,52.0,0.0,30.3,59.0,8640.0,100.0,3.0
BLR,2026-07-31 12:00:00,29.3,53.0,0.2,29.7,58.7,47540.0,100.0,51.0
BLR,2026-07-31 13:00:00,30.2,51.0,0.0,27.2,56.2,47620.0,100.0,3.0
BLR,2026-07-31 14:00:00,29.9,52.0,0.0,25.1,52.2,6280.0,100.0,3.0
BLR,2026-07-31 15:00:00,25.5,76.0,1.0,28.9,49.7,2840.0,100.0,55.0
BLR,2026-07-31 16:00:00,24.1,89.0,1.6,14.8,51.8,12680.0,100.0,80.0
BLR,2026-07-31 17:00:00,27.4,59.0,0.2,21.5,37.1,47620.0,89.0,51.0
BLR,2026-07-31 18:00:00,25.2,69.0,0.1,22.7,38.2,11820.0,96.0,51.0
BLR,2026-07-31 19:00:00,24.3,74.0,0.0,18.1,37.8,20160.0,80.0,3.0
BLR,2026-07-31 20:00:00,23.7,76.0,0.0,18.5,31.0,31000.0,84.0,3.0
BLR,2026-07-31 21:00:00,22.9,82.0,0.1,16.7,31.7,8060.0,99.0,51.0
BLR,2026-07-31 22:00:00,22.3,87.0,0.1,16.7,27.7,34360.0,99.0,51.0
BLR,2026-07-31 23:00:00,22.5,87.0,0.0,15.8,29.2,32060.0,88.0,3.0
BLR,2026-08-01 00:00:00,22.4,86.0,0.0,14.4,26.6,34420.0,98.0,3.0
BLR,2026-08-01 01:00:00,22.3,87.0,0.0,15.3,25.2,28480.0,98.0,3.0
BLR,2026-08-01 02:00:00,22.0,88.0,0.0,18.1,30.6,20620.0,98.0,3.0
BLR,2026-08-01 03:00:00,21.8,87.0,0.0,18.2,30.6,31640.0,91.0,3.0
BLR,2026-08-01 04:00:00,21.7,87.0,0.0,19.8,33.5,28900.0,100.0,3.0
BLR,2026-08-01 05:00:00,21.9,92.0,0.0,17.5,33.5,14820.0,100.0,3.0
BLR,2026-08-01 06:00:00,21.8,93.0,0.1,18.3,30.6,7680.0,99.0,51.0
BLR,2026-08-01 07:00:00,22.5,91.0,0.1,19.4,34.6,12860.0,100.0,51.0
BLR,2026-08-01 08:00:00,23.8,82.0,0.0,22.7,41.0,23160.0,98.0,3.0
BLR,2026-08-01 09:00:00,25.2,72.0,0.0,26.5,48.2,18340.0,88.0,3.0
BLR,2026-08-01 10:00:00,26.9,64.0,0.1,26.2,49.7,13480.0,84.0,51.0
BLR,2026-08-01 11:00:00,27.8,59.0,0.1,24.5,49.7,8220.0,81.0,51.0
BLR,2026-08-01 12:00:00,27.0,61.0,0.7,27.7,50.8,4580.0,97.0,53.0
BLR,2026-08-01 13:00:00,26.2,67.0,0.3,22.0,51.8,19440.0,98.0,51.0
BLR,2026-08-01 14:00:00,27.4,65.0,0.1,23.4,45.0,23140.0,99.0,51.0
BLR,2026-08-01 15:00:00,26.1,66.0,0.2,25.4,46.8,4680.0,100.0,51.0
BLR,2026-08-01 16:00:00,24.6,78.0,0.4,22.1,45.7,10400.0,99.0,51.0
BLR,2026-08-01 17:00:00,25.7,71.0,0.1,18.2,40.7,4300.0,100.0,51.0
BLR,2026-08-01 18:00:00,22.8,92.0,6.0,10.5,31.0,4180.0,100.0,95.0
BLR,2026-08-01 19:00:00,21.8,93.0,1.4,15.3,24.5,2880.0,100.0,80.0
BLR,2026-08-01 20:00:00,21.6,93.0,1.0,14.4,26.6,5940.0,100.0,55.0
BLR,2026-08-01 21:00:00,21.6,92.0,0.2,19.1,31.7,13080.0,100.0,51.0
BLR,2026-08-01 22:00:00,21.5,92.0,0.1,16.9,32.0,13080.0,100.0,51.0
BLR,2026-08-01 23:00:00,22.4,87.0,0.0,15.9,27.7,21240.0,100.0,3.0
BLR,2026-08-02 00:00:00,22.1,88.0,0.0,20.3,33.8,29660.0,100.0,3.0
BLR,2026-08-02 01:00:00,21.9,87.0,0.0,18.8,34.6,34060.0,100.0,3.0
BLR,2026-08-02 02:00:00,21.7,87.0,0.0,18.0,31.3,21860.0,100.0,3.0
BLR,2026-08-02 03:00:00,21.6,88.0,0.0,17.9,30.2,23980.0,100.0,3.0
BLR,2026-08-02 04:00:00,21.7,87.0,0.0,19.5,33.1,26100.0,98.0,3.0
BLR,2026-08-02 05:00:00,21.9,88.0,0.0,18.6,33.5,29060.0,99.0,3.0
BLR,2026-08-02 06:00:00,21.6,89.0,0.0,18.8,31.7,29820.0,99.0,3.0
BLR,2026-08-02 07:00:00,22.9,83.0,0.0,21.5,36.4,13120.0,99.0,3.0
BLR,2026-08-02 08:00:00,23.9,78.0,0.1,23.5,42.5,15800.0,98.0,51.0
BLR,2026-08-02 09:00:00,25.0,73.0,0.1,24.7,45.7,11000.0,100.0,51.0
BLR,2026-08-02 10:00:00,26.3,68.0,0.2,24.7,48.6,44000.0,100.0,51.0
BLR,2026-08-02 11:00:00,28.1,59.0,0.0,24.1,51.1,44080.0,98.0,3.0
BLR,2026-08-02 12:00:00,29.1,55.0,0.0,24.0,51.8,13640.0,98.0,3.0
BLR,2026-08-02 13:00:00,30.2,50.0,0.0,23.6,49.3,47020.0,99.0,3.0
BLR,2026-08-02 14:00:00,29.4,50.0,0.1,23.9,46.4,10580.0,98.0,51.0
BLR,2026-08-02 15:00:00,29.5,47.0,0.2,24.0,46.4,13260.0,98.0,51.0
BLR,2026-08-02 16:00:00,28.0,56.0,0.3,24.5,45.0,37480.0,91.0,51.0
BLR,2026-08-02 17:00:00,27.7,53.0,0.0,23.1,43.6,47120.0,93.0,3.0
BLR,2026-08-02 18:00:00,26.2,62.0,0.0,18.6,40.3,44300.0,73.0,2.0
BLR,2026-08-02 19:00:00,25.4,67.0,0.0,14.6,31.0,44140.0,100.0,3.0
BLR,2026-08-02 20:00:00,25.5,66.0,0.0,15.7,25.9,43960.0,100.0,3.0
BLR,2026-08-02 21:00:00,24.7,71.0,0.0,17.5,29.9,40660.0,100.0,3.0
BLR,2026-08-02 22:00:00,24.0,76.0,0.0,18.1,31.0,38180.0,48.0,1.0
BLR,2026-08-02 23:00:00,23.0,81.0,0.0,13.2,31.3,26380.0,66.0,2.0
BLR,2026-08-03 00:00:00,22.6,84.0,0.0,15.0,24.8,35600.0,93.0,3.0
BLR,2026-08-03 01:00:00,22.2,85.0,0.0,16.3,27.4,35960.0,65.0,2.0
BLR,2026-08-03 02:00:00,21.9,87.0,0.0,16.3,27.7,33620.0,52.0,2.0
BLR,2026-08-03 03:00:00,22.0,85.0,0.0,17.1,28.8,33860.0,73.0,2.0
BLR,2026-08-03 04:00:00,21.8,86.0,0.0,16.9,28.8,33840.0,74.0,2.0
BLR,2026-08-03 05:00:00,21.5,92.0,0.0,14.6,28.1,29280.0,98.0,3.0
BLR,2026-08-03 06:00:00,21.5,89.0,0.0,16.2,27.0,24560.0,100.0,3.0
BLR,2026-08-03 07:00:00,22.7,82.0,0.0,17.2,33.1,27800.0,99.0,3.0
BLR,2026-08-03 08:00:00,24.1,74.0,0.0,22.5,41.4,27980.0,99.0,3.0
BLR,2026-08-03 09:00:00,25.4,68.0,0.0,22.1,44.6,43600.0,100.0,3.0
BLR,2026-08-03 10:00:00,26.9,62.0,0.1,22.3,45.0,41440.0,98.0,51.0
BLR,2026-08-03 11:00:00,26.9,62.0,0.0,21.3,46.1,17140.0,81.0,3.0
BLR,2026-08-03 12:00:00,28.5,57.0,0.2,20.4,42.8,40260.0,100.0,51.0
BLR,2026-08-03 13:00:00,24.5,82.0,2.3,16.2,42.5,4520.0,100.0,80.0
BLR,2026-08-03 14:00:00,26.5,69.0,0.5,12.3,34.2,9600.0,100.0,53.0
BLR,2026-08-03 15:00:00,24.2,78.0,0.7,19.4,34.2,2860.0,89.0,53.0
BLR,2026-08-03 16:00:00,23.4,86.0,0.8,11.1,41.4,7480.0,49.0,53.0
BLR,2026-08-03 17:00:00,26.8,62.0,0.2,15.9,23.4,10420.0,80.0,51.0
BLR,2026-08-03 18:00:00,25.8,65.0,0.1,14.3,29.2,27300.0,92.0,51.0
BLR,2026-08-03 19:00:00,24.2,71.0,0.1,14.4,23.8,13640.0,80.0,51.0
BLR,2026-08-03 20:00:00,23.7,74.0,0.0,19.1,32.0,23160.0,73.0,2.0
BLR,2026-08-03 21:00:00,23.0,80.0,0.0,16.7,31.7,15800.0,74.0,2.0
BLR,2026-08-03 22:00:00,22.6,83.0,0.0,16.8,28.8,18760.0,99.0,3.0
BLR,2026-08-03 23:00:00,22.5,84.0,0.4,15.2,30.6,29120.0,99.0,51.0
BLR,2026-08-04 00:00:00,22.0,85.0,0.0,14.0,25.6,36080.0,47.0,1.0
BLR,2026-08-04 01:00:00,21.7,88.0,0.0,13.2,23.4,31060.0,97.0,3.0
BLR,2026-08-04 02:00:00,21.3,91.0,0.0,13.7,22.3,24320.0,87.0,3.0
BLR,2026-08-04 03:00:00,20.9,92.0,0.0,14.9,25.2,25780.0,98.0,3.0
BLR,2026-08-04 04:00:00,20.9,93.0,0.0,16.4,27.7,20960.0,98.0,3.0
BLR,2026-08-04 05:00:00,21.0,91.0,0.0,14.5,28.4,26340.0,98.0,3.0
BLR,2026-08-04 06:00:00,21.0,90.0,0.0,15.2,24.8,31440.0,96.0,3.0
BLR,2026-08-04 07:00:00,22.5,81.0,0.0,19.9,34.6,21920.0,98.0,3.0
BLR,2026-08-04 08:00:00,24.1,73.0,0.0,23.9,43.2,32880.0,94.0,3.0
BLR,2026-08-04 09:00:00,25.8,65.0,0.1,24.7,46.8,7280.0,99.0,51.0
BLR,2026-08-04 10:00:00,26.1,64.0,0.4,24.2,46.1,3480.0,100.0,51.0
BLR,2026-08-04 11:00:00,27.8,57.0,2.0,22.3,45.0,7560.0,100.0,80.0
BLR,2026-08-04 12:00:00,24.8,72.0,0.6,21.1,41.0,7840.0,91.0,53.0
BLR,2026-08-04 13:00:00,28.1,59.0,0.1,18.8,40.0,13080.0,95.0,51.0
BLR,2026-08-04 14:00:00,28.7,56.0,0.0,16.8,38.9,46660.0,100.0,3.0
BLR,2026-08-04 15:00:00,26.0,68.0,0.2,22.4,38.9,4600.0,98.0,51.0
BLR,2026-08-04 16:00:00,25.3,74.0,0.3,13.2,43.9,40980.0,94.0,51.0
BLR,2026-08-04 17:00:00,24.6,85.0,0.6,12.3,37.8,5120.0,62.0,53.0
BLR,2026-08-04 18:00:00,22.0,94.0,3.5,11.9,22.3,2900.0,100.0,95.0
BLR,2026-08-04 19:00:00,21.8,95.0,1.9,11.1,19.8,3180.0,98.0,80.0
BLR,2026-08-04 20:00:00,21.1,96.0,2.3,16.2,28.4,3960.0,72.0,80.0
BLR,2026-08-04 21:00:00,21.0,97.0,0.5,13.5,27.0,7440.0,55.0,53.0
BLR,2026-08-04 22:00:00,20.8,97.0,0.1,14.1,24.5,7000.0,98.0,51.0
BLR,2026-08-04 23:00:00,21.0,95.0,0.4,14.1,24.5,5300.0,54.0,51.0
BLR,2026-08-05 00:00:00,20.6,96.0,0.3,14.1,24.1,8520.0,77.0,51.0
BLR,2026-08-05 01:00:00,20.5,97.0,0.1,16.7,27.7,12440.0,65.0,51.0
BLR,2026-08-05 02:00:00,20.5,97.0,0.0,15.5,28.4,12900.0,80.0,3.0
BLR,2026-08-05 03:00:00,20.5,97.0,0.0,15.3,25.9,15080.0,97.0,3.0
BLR,2026-08-05 04:00:00,20.4,96.0,0.0,14.9,25.9,14820.0,97.0,3.0
BLR,2026-08-05 05:00:00,20.5,97.0,0.0,15.1,26.6,21040.0,100.0,3.0
BLR,2026-08-05 06:00:00,20.6,96.0,0.0,15.6,25.6,21560.0,98.0,3.0
BLR,2026-08-05 07:00:00,21.9,88.0,0.0,19.3,34.6,22800.0,99.0,3.0
BLR,2026-08-05 08:00:00,23.3,80.0,0.0,21.6,38.9,18060.0,98.0,3.0
BLR,2026-08-05 09:00:00,25.4,70.0,0.0,23.4,44.3,39080.0,99.0,3.0
BLR,2026-08-05 10:00:00,26.7,64.0,0.0,23.8,46.8,43520.0,99.0,3.0
BLR,2026-08-05 11:00:00,27.2,60.0,0.0,23.4,48.2,7240.0,99.0,3.0
BLR,2026-08-05 12:00:00,27.8,58.0,0.4,23.6,45.7,8440.0,99.0,51.0
BLR,2026-08-05 13:00:00,29.0,54.0,0.1,23.7,46.8,7440.0,98.0,51.0
BLR,2026-08-05 14:00:00,28.7,55.0,0.1,24.3,47.9,46780.0,100.0,51.0
BLR,2026-08-05 15:00:00,25.9,69.0,0.4,24.2,46.8,2420.0,99.0,51.0
BLR,2026-08-05 16:00:00,25.0,76.0,0.9,17.6,44.6,10640.0,95.0,53.0
BLR,2026-08-05 17:00:00,26.7,62.0,0.1,22.8,36.0,21280.0,80.0,51.0
BLR,2026-08-05 18:00:00,25.9,63.0,0.0,18.1,40.7,42680.0,84.0,3.0
BLR,2026-08-05 19:00:00,23.5,78.0,0.2,14.7,30.6,6780.0,99.0,51.0
BLR,2026-08-05 20:00:00,22.3,92.0,1.3,13.8,25.9,6260.0,100.0,80.0
BLR,2026-08-05 21:00:00,21.8,93.0,1.1,14.1,24.8,6720.0,99.0,55.0
BLR,2026-08-05 22:00:00,21.5,95.0,0.3,12.6,25.2,8400.0,93.0,51.0
BLR,2026-08-05 23:00:00,21.8,94.0,0.3,10.3,21.6,16980.0,88.0,51.0
BLR,2026-08-06 00:00:00,21.6,96.0,0.3,12.7,20.5,19400.0,73.0,51.0
BLR,2026-08-06 01:00:00,21.3,96.0,0.0,12.4,20.9,20460.0,98.0,3.0
BLR,2026-08-06 02:00:00,20.9,96.0,0.0,14.6,24.5,24160.0,100.0,3.0
BLR,2026-08-06 03:00:00,20.6,96.0,0.0,15.1,24.8,20700.0,100.0,3.0
BLR,2026-08-06 04:00:00,20.8,95.0,0.0,15.9,26.6,17840.0,88.0,3.0
BLR,2026-08-06 05:00:00,20.5,96.0,0.0,15.4,27.0,20960.0,95.0,3.0
BLR,2026-08-06 06:00:00,20.6,95.0,0.0,15.9,26.3,28760.0,88.0,3.0
BLR,2026-08-06 07:00:00,22.2,85.0,0.0,18.8,32.0,14660.0,96.0,3.0
BLR,2026-08-06 08:00:00,23.9,76.0,0.0,22.3,40.3,11080.0,100.0,3.0
BLR,2026-08-06 09:00:00,25.1,70.0,0.1,22.6,42.8,10780.0,99.0,51.0
BLR,2026-08-06 10:00:00,26.5,64.0,0.2,22.6,43.2,11620.0,98.0,51.0
BLR,2026-08-06 11:00:00,27.6,57.0,0.3,21.6,45.4,6660.0,98.0,51.0
BLR,2026-08-06 12:00:00,27.9,55.0,0.4,21.3,42.1,5920.0,100.0,51.0
BLR,2026-08-06 13:00:00,28.2,55.0,0.6,21.0,41.4,4460.0,100.0,53.0
BLR,2026-08-06 14:00:00,28.1,57.0,0.5,22.6,40.7,2420.0,100.0,53.0
BLR,2026-08-06 15:00:00,23.9,83.0,1.7,18.9,48.2,5660.0,98.0,80.0
BLR,2026-08-06 16:00:00,25.0,74.0,0.4,20.6,36.7,7460.0,96.0,51.0
BLR,2026-08-06 17:00:00,22.1,93.0,6.3,17.2,41.0,4080.0,87.0,95.0
BLR,2026-08-06 18:00:00,22.0,94.0,0.7,14.1,28.4,5420.0,91.0,53.0
BLR,2026-08-06 19:00:00,22.0,93.0,0.3,15.4,24.5,8540.0,99.0,51.0
BLR,2026-08-06 20:00:00,21.7,91.0,0.1,20.1,33.8,19220.0,99.0,51.0
BLR,2026-08-06 21:00:00,21.6,89.0,0.0,19.2,33.1,30600.0,98.0,3.0
BLR,2026-08-06 22:00:00,21.4,89.0,0.0,18.2,31.7,29080.0,100.0,3.0
BLR,2026-08-06 23:00:00,21.5,88.0,0.0,17.1,30.6,33320.0,100.0,3.0
BLR,2026-08-07 00:00:00,21.4,88.0,0.0,16.9,28.8,27220.0,100.0,3.0
BLR,2026-08-07 01:00:00,21.2,89.0,0.0,16.8,28.4,17580.0,100.0,3.0
BLR,2026-08-07 02:00:00,21.1,90.0,0.0,16.9,28.4,24660.0,100.0,3.0
BLR,2026-08-07 03:00:00,20.9,91.0,0.0,15.5,28.4,22460.0,100.0,3.0
BLR,2026-08-07 04:00:00,20.8,92.0,0.0,15.1,26.3,18960.0,100.0,3.0
BLR,2026-08-07 05:00:00,21.3,89.0,0.0,15.8,27.4,24980.0,100.0,3.0
BLR,2026-08-07 06:00:00,21.4,88.0,0.0,17.5,29.2,27120.0,99.0,3.0
BLR,2026-08-07 07:00:00,22.3,83.0,0.0,16.3,32.0,24640.0,100.0,3.0
BLR,2026-08-07 08:00:00,23.4,78.0,0.1,24.1,43.2,11200.0,100.0,51.0
BLR,2026-08-07 09:00:00,24.8,72.0,0.1,25.0,47.5,25580.0,100.0,51.0
BLR,2026-08-07 10:00:00,25.5,68.0,0.0,24.6,49.0,40380.0,100.0,3.0
BLR,2026-08-07 11:00:00,26.1,65.0,0.1,25.8,49.0,43540.0,97.0,51.0
BLR,2026-08-07 12:00:00,26.0,67.0,0.2,24.4,50.4,7520.0,94.0,51.0
BLR,2026-08-07 13:00:00,27.4,63.0,0.3,22.7,50.4,7760.0,100.0,51.0
BLR,2026-08-07 14:00:00,23.5,86.0,1.7,18.8,55.1,4460.0,98.0,80.0
BLR,2026-08-07 15:00:00,24.3,81.0,0.6,16.8,38.5,5800.0,100.0,53.0
BLR,2026-08-07 16:00:00,22.6,91.0,1.6,19.5,41.4,3620.0,92.0,80.0
BLR,2026-08-07 17:00:00,21.7,93.0,1.8,16.4,34.2,2280.0,99.0,80.0
BLR,2026-08-07 18:00:00,21.4,95.0,3.0,13.6,35.3,3240.0,99.0,81.0
BLR,2026-08-07 19:00:00,21.2,95.0,0.8,13.6,23.0,6100.0,95.0,53.0
BLR,2026-08-07 20:00:00,20.9,96.0,0.2,15.4,25.2,13680.0,99.0,51.0
BLR,2026-08-07 21:00:00,20.9,96.0,0.0,16.3,27.0,22800.0,100.0,3.0
BLR,2026-08-07 22:00:00,21.0,96.0,0.0,18.1,29.5,24860.0,99.0,3.0
BLR,2026-08-07 23:00:00,21.3,94.0,0.0,20.0,35.3,18440.0,100.0,3.0
BLR,2026-08-08 00:00:00,21.5,93.0,0.0,18.7,33.8,18940.0,100.0,3.0
BLR,2026-08-08 01:00:00,21.4,92.0,0.0,18.0,31.3,28320.0,89.0,3.0
BLR,2026-08-08 02:00:00,21.1,91.0,0.0,17.9,30.6,32920.0,88.0,3.0
BLR,2026-08-08 03:00:00,21.0,90.0,0.0,17.5,29.9,24400.0,100.0,3.0
BLR,2026-08-08 04:00:00,21.2,89.0,0.0,18.8,31.7,25720.0,100.0,3.0
BLR,2026-08-08 05:00:00,21.4,88.0,0.0,20.8,33.1,33500.0,86.0,3.0
BLR,2026-08-08 06:00:00,21.0,90.0,0.0,18.5,35.3,33440.0,100.0,3.0
BLR,2026-08-08 07:00:00,22.3,84.0,0.0,20.7,35.6,10980.0,88.0,3.0
BLR,2026-08-08 08:00:00,23.8,76.0,0.1,23.7,42.5,11220.0,98.0,51.0
BLR,2026-08-08 09:00:00,24.4,74.0,0.3,25.3,45.4,3980.0,100.0,51.0
BLR,2026-08-08 10:00:00,25.0,74.0,0.9,20.8,45.7,26080.0,100.0,53.0
BLR,2026-08-08 11:00:00,27.6,60.0,0.3,22.1,46.1,43340.0,100.0,51.0
BLR,2026-08-08 12:00:00,25.2,71.0,0.6,23.0,42.8,7320.0,97.0,53.0
BLR,2026-08-08 13:00:00,25.9,66.0,0.1,17.2,46.1,31520.0,99.0,51.0
BLR,2026-08-08 14:00:00,27.3,64.0,0.1,20.5,42.1,8300.0,100.0,51.0
BLR,2026-08-08 15:00:00,26.3,66.0,0.1,18.4,42.5,5520.0,98.0,51.0
BLR,2026-08-08 16:00:00,24.9,74.0,0.6,16.2,43.2,26780.0,94.0,53.0
BLR,2026-08-08 17:00:00,25.5,70.0,0.2,16.7,33.5,15640.0,94.0,51.0
BLR,2026-08-08 18:00:00,24.2,75.0,0.1,13.9,28.4,9400.0,64.0,51.0
BLR,2026-08-08 19:00:00,23.1,76.0,0.0,17.2,29.9,39720.0,98.0,3.0
BLR,2026-08-08 20:00:00,22.7,79.0,0.0,15.1,28.4,35640.0,100.0,3.0
BLR,2026-08-08 21:00:00,22.6,83.0,0.0,14.4,25.2,35600.0,91.0,3.0
BLR,2026-08-08 22:00:00,22.0,87.0,0.0,13.2,23.8,32540.0,89.0,3.0
BLR,2026-08-08 23:00:00,22.1,86.0,0.0,15.2,24.5,31620.0,98.0,3.0
BLR,2026-08-09 00:00:00,21.6,87.0,0.0,17.9,29.9,31940.0,98.0,3.0
BLR,2026-08-09 01:00:00,21.2,89.0,0.0,17.5,29.9,33140.0,98.0,3.0
BLR,2026-08-09 02:00:00,20.9,91.0,0.0,18.1,30.6,28440.0,91.0,3.0
BLR,2026-08-09 03:00:00,20.8,92.0,0.0,18.1,30.6,29100.0,72.0,2.0
BLR,2026-08-09 04:00:00,20.7,91.0,0.0,18.4,31.0,29100.0,75.0,2.0
BLR,2026-08-09 05:00:00,20.7,93.0,0.0,18.2,31.3,27360.0,62.0,2.0
BLR,2026-08-09 06:00:00,20.7,93.0,0.0,16.9,31.0,26180.0,61.0,2.0
BLR,2026-08-09 07:00:00,22.3,84.0,0.0,21.2,36.0,18320.0,89.0,3.0
BLR,2026-08-09 08:00:00,23.9,75.0,0.1,24.6,44.3,17060.0,99.0,51.0
BLR,2026-08-09 09:00:00,25.1,69.0,0.1,23.2,44.6,8300.0,81.0,51.0
BLR,2026-08-09 10:00:00,25.9,66.0,0.3,23.8,43.6,7260.0,60.0,51.0
BLR,2026-08-09 11:00:00,27.3,59.0,0.4,23.9,46.1,8780.0,94.0,51.0
BLR,2026-08-09 12:00:00,28.3,58.0,0.2,22.8,46.1,10020.0,65.0,51.0
BLR,2026-08-09 13:00:00,28.8,57.0,0.1,21.5,45.4,18640.0,42.0,51.0
BLR,2026-08-09 14:00:00,29.4,54.0,0.0,21.9,45.0,33700.0,30.0,1.0
BLR,2026-08-09 15:00:00,29.4,53.0,0.0,19.7,43.9,12940.0,35.0,1.0
BLR,2026-08-09 16:00:00,28.6,55.0,0.1,19.9,39.2,17940.0,24.0,51.0
BLR,2026-08-09 17:00:00,27.9,55.0,0.3,16.8,37.8,46200.0,100.0,51.0
BLR,2026-08-09 18:00:00,26.4,60.0,0.0,20.0,32.8,21420.0,100.0,3.0
BLR,2026-08-09 19:00:00,24.0,72.0,0.0,14.6,36.4,40020.0,100.0,3.0
BLR,2026-08-09 20:00:00,23.8,75.0,0.0,14.1,24.5,39840.0,89.0,3.0
BLR,2026-08-09 21:00:00,23.9,74.0,0.0,14.4,23.4,39720.0,100.0,3.0
BLR,2026-08-09 22:00:00,23.6,78.0,0.0,15.3,25.6,38000.0,100.0,3.0
BLR,2026-08-09 23:00:00,22.8,83.0,0.0,15.5,26.6,33380.0,92.0,3.0
BLR,2026-08-10 00:00:00,22.2,85.0,0.0,15.8,27.0,32400.0,63.0,2.0
BLR,2026-08-10 01:00:00,21.5,88.0,0.0,14.4,26.6,32940.0,38.0,1.0
BLR,2026-08-10 02:00:00,20.9,91.0,0.0,14.1,23.8,28860.0,49.0,1.0
BLR,2026-08-10 03:00:00,20.4,93.0,0.0,14.8,24.5,28920.0,74.0,2.0
BLR,2026-08-10 04:00:00,20.2,95.0,0.0,13.2,24.5,28940.0,84.0,3.0
BLR,2026-08-10 05:00:00,20.5,93.0,0.0,12.1,22.0,25460.0,100.0,3.0
BLR,2026-08-10 06:00:00,20.7,93.0,0.0,13.5,22.3,25900.0,100.0,3.0
BLR,2026-08-10 07:00:00,22.2,83.0,0.0,18.9,33.1,27120.0,48.0,1.0
BLR,2026-08-10 08:00:00,24.0,73.0,0.0,19.1,35.6,39800.0,75.0,2.0
BLR,2026-08-10 09:00:00,25.6,66.0,0.0,19.8,37.8,42900.0,68.0,2.0
BLR,2026-08-10 10:00:00,27.1,60.0,0.0,19.3,37.8,42980.0,93.0,3.0
BLR,2026-08-10 11:00:00,28.0,56.0,0.1,18.8,38.2,7880.0,59.0,51.0
BLR,2026-08-10 12:00:00,28.5,54.0,0.4,19.5,39.2,6480.0,48.0,51.0
BLR,2026-08-10 13:00:00,29.0,52.0,0.4,19.1,38.9,5640.0,38.0,51.0
BLR,2026-08-10 14:00:00,29.1,52.0,0.7,19.5,38.2,4000.0,39.0,53.0
BLR,2026-08-10 15:00:00,29.4,54.0,0.3,17.6,37.4,5780.0,80.0,51.0
BLR,2026-08-10 16:00:00,23.7,90.0,1.4,18.6,46.1,5520.0,68.0,80.0
BLR,2026-08-10 17:00:00,25.4,78.0,0.2,10.1,33.1,11600.0,54.0,51.0
BLR,2026-08-10 18:00:00,23.5,89.0,0.6,15.0,26.6,5800.0,42.0,53.0
BLR,2026-08-10 19:00:00,22.8,93.0,0.2,11.7,23.8,30820.0,99.0,51.0
BLR,2026-08-10 20:00:00,23.0,91.0,0.0,13.0,21.2,22480.0,80.0,3.0
BLR,2026-08-10 21:00:00,22.0,93.0,0.2,13.5,23.0,15480.0,69.0,51.0
BLR,2026-08-10 22:00:00,21.9,94.0,0.0,13.7,23.8,16840.0,32.0,1.0
BLR,2026-08-10 23:00:00,21.7,92.0,0.0,12.5,24.1,30600.0,99.0,3.0
BLR,2026-08-11 00:00:00,21.4,91.0,0.0,12.6,20.5,32860.0,99.0,3.0
BLR,2026-08-11 01:00:00,21.3,90.0,0.0,14.9,24.5,32560.0,98.0,3.0
BLR,2026-08-11 02:00:00,20.9,90.0,0.0,15.2,25.2,33100.0,99.0,3.0
BLR,2026-08-11 03:00:00,20.7,91.0,0.0,14.8,25.9,33120.0,82.0,3.0
BLR,2026-08-11 04:00:00,20.3,93.0,0.0,13.8,24.5,28940.0,82.0,3.0
BLR,2026-08-11 05:00:00,20.9,91.0,0.0,12.8,23.0,29280.0,100.0,3.0
BLR,2026-08-11 06:00:00,21.7,87.0,0.0,15.3,26.6,17440.0,100.0,3.0
BLR,2026-08-11 07:00:00,22.3,84.0,0.0,16.4,28.8,22580.0,100.0,3.0
BLR,2026-08-11 08:00:00,23.8,76.0,0.0,18.5,34.2,25760.0,100.0,3.0
BLR,2026-08-11 09:00:00,25.2,69.0,0.0,19.8,36.7,17000.0,100.0,3.0
BLR,2026-08-11 10:00:00,26.0,65.0,0.0,19.9,37.1,42960.0,100.0,3.0
BLR,2026-08-11 11:00:00,27.0,59.0,0.1,19.4,38.5,10640.0,100.0,51.0
BLR,2026-08-11 12:00:00,27.8,56.0,0.2,19.8,39.6,8400.0,98.0,51.0
BLR,2026-08-11 13:00:00,28.5,54.0,0.2,20.4,39.6,9100.0,98.0,51.0
BLR,2026-08-11 14:00:00,29.0,52.0,0.1,19.3,39.6,12140.0,91.0,51.0
BLR,2026-08-11 15:00:00,28.8,55.0,0.1,19.4,39.2,12680.0,92.0,51.0
BLR,2026-08-11 16:00:00,28.4,57.0,0.1,20.2,38.5,9300.0,84.0,51.0
BLR,2026-08-11 17:00:00,27.9,54.0,0.1,15.8,37.8,46120.0,87.0,51.0
BLR,2026-08-11 18:00:00,26.5,62.0,0.0,14.8,28.4,43300.0,77.0,2.0
BLR,2026-08-11 19:00:00,25.4,65.0,0.0,17.2,27.7,43200.0,81.0,3.0
BLR,2026-08-11 20:00:00,24.4,71.0,0.0,14.9,29.5,39800.0,90.0,3.0
BLR,2026-08-11 21:00:00,22.8,87.0,0.7,12.7,24.5,15660.0,63.0,53.0
BLR,2026-08-11 22:00:00,22.4,86.0,0.0,12.1,20.9,33980.0,58.0,2.0
BLR,2026-08-11 23:00:00,22.1,87.0,0.0,16.7,27.7,35160.0,61.0,2.0
BLR,2026-08-12 00:00:00,21.6,87.0,0.0,18.1,29.9,32740.0,14.0,0.0
BLR,2026-08-12 01:00:00,21.2,89.0,0.0,18.3,31.0,32840.0,55.0,2.0
BLR,2026-08-12 02:00:00,20.9,91.0,0.0,18.0,30.6,31980.0,57.0,2.0
BLR,2026-08-12 03:00:00,20.7,90.0,0.0,17.8,30.6,23640.0,68.0,2.0
BLR,2026-08-12 04:00:00,20.4,90.0,0.0,16.7,29.5,29000.0,85.0,3.0
BLR,2026-08-12 05:00:00,20.9,89.0,0.0,16.3,28.1,32220.0,94.0,3.0
BLR,2026-08-12 06:00:00,20.8,90.0,0.0,15.0,27.4,32800.0,82.0,3.0
BLR,2026-08-12 07:00:00,22.4,81.0,0.0,17.9,30.6,22940.0,78.0,2.0
BLR,2026-08-12 08:00:00,24.0,72.0,0.0,22.4,41.0,22360.0,98.0,3.0
BLR,2026-08-12 09:00:00,25.7,64.0,0.0,21.8,41.4,42600.0,100.0,3.0
BLR,2026-08-12 10:00:00,27.2,58.0,0.0,23.6,44.6,45300.0,100.0,3.0
BLR,2026-08-12 11:00:00,27.9,55.0,0.0,22.1,45.7,10900.0,98.0,3.0
BLR,2026-08-12 12:00:00,28.7,54.0,0.1,20.6,43.9,10020.0,99.0,51.0
BLR,2026-08-12 13:00:00,29.1,52.0,0.1,20.4,40.7,10340.0,100.0,51.0
BLR,2026-08-12 14:00:00,29.5,52.0,0.1,19.8,40.0,44580.0,100.0,51.0
BLR,2026-08-12 15:00:00,29.5,53.0,0.0,18.8,39.6,45880.0,100.0,3.0
BLR,2026-08-12 16:00:00,26.3,66.0,0.2,21.6,38.9,7860.0,98.0,51.0
BLR,2026-08-12 17:00:00,28.0,59.0,0.1,15.0,38.5,6700.0,93.0,51.0
BLR,2026-08-12 18:00:00,25.1,73.0,0.3,17.2,28.8,13700.0,99.0,51.0
BLR,2026-08-12 19:00:00,24.1,72.0,0.0,15.2,28.8,7380.0,100.0,3.0
BLR,2026-08-12 20:00:00,23.6,81.0,0.3,12.5,24.8,17620.0,100.0,51.0
BLR,2026-08-12 21:00:00,23.8,79.0,0.0,15.0,24.5,35800.0,100.0,3.0
BLR,2026-08-12 22:00:00,23.2,81.0,0.0,15.0,25.6,35040.0,99.0,3.0
BLR,2026-08-12 23:00:00,22.6,82.0,0.0,15.3,26.3,34720.0,100.0,3.0
BLR,2026-08-13 00:00:00,22.1,84.0,0.0,15.5,25.9,32400.0,99.0,3.0
BLR,2026-08-13 01:00:00,21.9,86.0,0.0,16.0,26.6,34920.0,100.0,3.0
BLR,2026-08-13 02:00:00,21.7,87.0,0.0,16.0,27.0,32500.0,99.0,3.0
BLR,2026-08-13 03:00:00,21.4,90.0,0.0,15.5,26.6,31920.0,98.0,3.0
BLR,2026-08-13 04:00:00,21.4,90.0,0.0,15.6,25.9,30600.0,98.0,3.0
BLR,2026-08-13 05:00:00,21.2,92.0,0.0,15.3,27.0,24160.0,97.0,3.0
BLR,2026-08-13 06:00:00,21.2,92.0,0.0,15.1,25.6,26660.0,98.0,3.0
BLR,2026-08-13 07:00:00,22.6,83.0,0.0,19.3,34.6,24500.0,99.0,3.0
BLR,2026-08-13 08:00:00,24.2,74.0,0.0,21.6,39.6,30420.0,100.0,3.0
BLR,2026-08-13 09:00:00,25.3,67.0,0.0,22.1,41.0,42160.0,100.0,3.0
BLR,2026-08-13 10:00:00,26.6,62.0,0.1,21.0,42.1,10880.0,100.0,51.0
BLR,2026-08-13 11:00:00,26.7,59.0,0.0,22.0,42.5,16540.0,100.0,3.0
BLR,2026-08-13 12:00:00,28.1,55.0,0.0,20.2,42.8,14260.0,99.0,3.0
BLR,2026-08-13 13:00:00,29.6,52.0,0.0,18.4,41.4,26360.0,99.0,3.0
BLR,2026-08-13 14:00:00,29.8,51.0,0.1,19.2,40.0,7420.0,98.0,51.0
BLR,2026-08-13 15:00:00,29.4,55.0,0.5,20.0,40.7,19580.0,99.0,53.0
BLR,2026-08-13 16:00:00,25.8,72.0,0.6,22.2,40.7,5100.0,100.0,53.0
BLR,2026-08-13 17:00:00,28.2,53.0,1.5,18.1,42.8,8840.0,94.0,80.0
BLR,2026-08-13 18:00:00,25.3,67.0,0.3,20.9,32.8,7540.0,84.0,51.0
BLR,2026-08-13 19:00:00,22.4,83.0,0.2,20.6,37.4,5080.0,95.0,51.0
BLR,2026-08-13 20:00:00,21.3,94.0,1.1,16.7,34.6,2680.0,98.0,55.0
BLR,2026-08-13 21:00:00,21.5,93.0,1.7,13.9,27.4,7200.0,98.0,80.0
BLR,2026-08-13 22:00:00,21.7,93.0,0.1,15.1,24.5,19520.0,96.0,51.0
BLR,2026-08-13 23:00:00,21.7,94.0,0.0,14.1,26.3,27580.0,98.0,3.0
BLR,2026-08-14 00:00:00,21.1,94.0,0.0,14.4,23.8,28080.0,98.0,3.0
BLR,2026-08-14 01:00:00,20.8,92.0,0.0,16.1,26.6,28140.0,100.0,3.0
BLR,2026-08-14 02:00:00,20.5,92.0,0.0,15.5,27.0,28220.0,100.0,3.0
BLR,2026-08-14 03:00:00,20.3,93.0,0.0,14.8,25.9,28240.0,100.0,3.0
BLR,2026-08-14 04:00:00,20.0,95.0,0.0,14.3,24.8,20560.0,100.0,3.0
BLR,2026-08-14 05:00:00,20.4,91.0,0.0,15.3,24.5,28140.0,96.0,3.0
BLR,2026-08-14 06:00:00,20.4,92.0,0.0,14.6,25.6,27980.0,99.0,3.0
BLR,2026-08-14 07:00:00,22.0,83.0,0.0,18.2,31.7,33940.0,100.0,3.0
BLR,2026-08-14 08:00:00,23.8,73.0,0.0,21.7,40.0,39000.0,100.0,3.0
BLR,2026-08-14 09:00:00,25.5,65.0,0.0,21.9,41.4,42000.0,100.0,3.0
BLR,2026-08-14 10:00:00,26.7,59.0,0.0,21.4,41.8,42100.0,100.0,3.0
BLR,2026-08-14 11:00:00,27.6,55.0,0.0,22.5,41.4,9200.0,100.0,3.0
BLR,2026-08-14 12:00:00,28.4,53.0,0.3,20.8,44.6,8120.0,100.0,51.0
BLR,2026-08-14 13:00:00,29.5,50.0,0.2,21.8,42.8,9820.0,99.0,51.0
BLR,2026-08-14 14:00:00,28.8,55.0,0.3,22.2,43.6,4900.0,100.0,51.0
BLR,2026-08-14 15:00:00,29.4,50.0,0.3,21.6,43.6,9700.0,100.0,51.0
BLR,2026-08-14 16:00:00,29.0,53.0,0.1,20.4,41.8,12220.0,100.0,51.0
BLR,2026-08-14 17:00:00,28.1,52.0,1.2,19.0,41.4,45420.0,99.0,55.0
BLR,2026-08-14 18:00:00,26.3,61.0,0.0,14.7,33.1,24280.0,98.0,3.0
BLR,2026-08-14 19:00:00,25.7,65.0,0.0,16.0,26.3,19000.0,93.0,3.0
BLR,2026-08-14 20:00:00,24.7,69.0,0.0,18.3,30.2,27900.0,96.0,3.0
BLR,2026-08-14 21:00:00,22.8,79.0,0.1,16.7,33.5,8800.0,98.0,51.0
BLR,2026-08-14 22:00:00,22.2,82.0,0.0,14.9,27.7,27340.0,91.0,3.0
BLR,2026-08-14 23:00:00,22.3,85.0,0.0,14.9,24.8,31640.0,96.0,3.0
BLR,2026-08-15 00:00:00,22.0,86.0,0.0,15.5,25.6,34440.0,98.0,3.0
BLR,2026-08-15 01:00:00,21.8,87.0,0.0,16.2,27.4,30640.0,99.0,3.0
BLR,2026-08-15 02:00:00,21.4,88.0,0.0,14.8,27.4,30940.0,100.0,3.0
BLR,2026-08-15 03:00:00,21.2,88.0,0.0,15.7,25.9,31240.0,98.0,3.0
BLR,2026-08-15 04:00:00,20.9,89.0,0.0,17.5,28.8,32200.0,97.0,3.0
BLR,2026-08-15 05:00:00,20.9,90.0,0.0,16.1,31.0,31620.0,100.0,3.0
BLR,2026-08-15 06:00:00,20.7,91.0,0.0,17.1,28.4,27820.0,83.0,3.0
BLR,2026-08-15 07:00:00,22.2,82.0,0.0,21.6,37.1,18680.0,100.0,3.0
BLR,2026-08-15 08:00:00,24.2,71.0,0.1,24.0,43.6,16440.0,100.0,51.0
BLR,2026-08-15 09:00:00,25.3,65.0,0.1,25.1,45.7,25640.0,100.0,51.0
BLR,2026-08-15 10:00:00,26.9,58.0,0.0,26.2,48.2,44640.0,100.0,3.0
BLR,2026-08-15 11:00:00,27.1,57.0,0.0,24.7,49.7,10560.0,100.0,3.0
BLR,2026-08-15 12:00:00,27.6,55.0,0.3,24.9,46.8,5500.0,99.0,51.0
BLR,2026-08-15 13:00:00,28.3,53.0,0.6,25.4,48.2,5300.0,98.0,53.0
BLR,2026-08-15 14:00:00,28.5,53.0,0.5,25.4,47.5,8440.0,99.0,53.0
BLR,2026-08-15 15:00:00,29.4,49.0,0.1,23.0,48.2,48840.0,98.0,51.0
BLR,2026-08-15 16:00:00,26.6,63.0,0.3,21.8,44.6,8600.0,95.0,51.0
BLR,2026-08-15 17:00:00,28.0,51.0,0.1,17.3,39.2,12460.0,86.0,51.0
BLR,2026-08-15 18:00:00,26.4,58.0,0.0,14.0,30.6,20080.0,63.0,2.0
BLR,2026-08-15 19:00:00,25.3,62.0,0.0,15.9,25.2,42200.0,98.0,3.0
BLR,2026-08-15 20:00:00,24.5,67.0,0.0,16.6,29.9,13180.0,100.0,3.0
BLR,2026-08-15 21:00:00,23.8,73.0,0.0,18.7,31.0,37560.0,100.0,3.0
BLR,2026-08-15 22:00:00,23.0,75.0,0.0,18.4,31.3,36820.0,100.0,3.0
BLR,2026-08-15 23:00:00,22.4,79.0,0.0,18.2,31.0,37960.0,100.0,3.0
BLR,2026-08-16 00:00:00,21.8,84.0,0.0,17.4,31.0,35100.0,99.0,3.0
BLR,2026-08-16 01:00:00,21.3,86.0,0.0,17.5,29.5,32080.0,99.0,3.0
BLR,2026-08-16 02:00:00,20.8,89.0,0.0,17.7,29.9,32220.0,98.0,3.0
BLR,2026-08-16 03:00:00,20.6,90.0,0.0,17.5,29.9,32200.0,98.0,3.0
BLR,2026-08-16 04:00:00,20.4,89.0,0.0,16.8,29.2,31340.0,94.0,3.0
BLR,2026-08-16 05:00:00,20.7,88.0,0.0,17.3,28.8,32160.0,98.0,3.0
BLR,2026-08-16 06:00:00,20.4,91.0,0.0,17.2,29.2,32100.0,100.0,3.0
BLR,2026-08-16 07:00:00,22.1,82.0,0.0,20.9,36.7,21720.0,100.0,3.0
BLR,2026-08-16 08:00:00,24.2,70.0,0.0,24.1,43.9,15840.0,100.0,3.0
BLR,2026-08-16 09:00:00,25.8,62.0,0.0,24.0,46.1,41920.0,100.0,3.0
BLR,2026-08-16 10:00:00,27.1,56.0,0.0,24.0,45.4,44640.0,99.0,3.0
BLR,2026-08-16 11:00:00,27.9,54.0,0.0,22.7,45.4,8760.0,59.0,2.0
BLR,2026-08-16 12:00:00,29.0,50.0,0.3,22.4,45.7,6420.0,96.0,51.0
BLR,2026-08-16 13:00:00,29.2,50.0,0.3,22.3,43.9,7360.0,92.0,51.0
BLR,2026-08-16 14:00:00,30.0,47.0,0.2,20.6,43.6,8300.0,98.0,51.0
BLR,2026-08-16 15:00:00,29.7,48.0,0.3,20.6,41.4,5160.0,98.0,51.0
BLR,2026-08-16 16:00:00,27.3,60.0,0.4,22.8,45.0,11420.0,100.0,51.0
BLR,2026-08-16 17:00:00,27.9,52.0,0.0,18.9,40.7,45180.0,98.0,3.0
BLR,2026-08-16 18:00:00,26.8,57.0,0.0,11.4,33.1,44920.0,95.0,3.0
BLR,2026-08-16 19:00:00,25.6,61.0,0.0,8.8,18.4,44720.0,100.0,3.0
BLR,2026-08-16 20:00:00,25.3,62.0,0.0,12.6,19.8,41800.0,96.0,3.0
BLR,2026-08-16 21:00:00,24.6,69.0,0.0,15.0,24.5,41640.0,73.0,2.0
BLR,2026-08-16 22:00:00,23.7,75.0,0.0,16.7,27.7,35940.0,58.0,2.0
BLR,2026-08-16 23:00:00,21.9,92.0,0.0,15.5,28.1,12060.0,100.0,3.0
BLR,2026-08-17 00:00:00,21.7,91.0,0.0,16.9,28.1,13200.0,100.0,3.0
BLR,2026-08-17 01:00:00,21.2,91.0,0.0,17.1,28.1,29140.0,100.0,3.0
BLR,2026-08-17 02:00:00,20.7,90.0,0.0,15.9,28.1,31760.0,86.0,3.0
BLR,2026-08-17 03:00:00,20.0,93.0,0.0,14.8,26.3,27680.0,98.0,3.0
BLR,2026-08-17 04:00:00,19.9,93.0,0.0,15.5,25.6,27640.0,100.0,3.0
BLR,2026-08-17 05:00:00,20.8,90.0,0.0,18.1,27.4,27140.0,82.0,3.0
BLR,2026-08-17 06:00:00,20.8,90.0,0.0,17.5,30.2,23600.0,95.0,3.0
BLR,2026-08-17 07:00:00,22.2,83.0,0.0,20.7,36.7,23220.0,98.0,3.0
BLR,2026-08-17 08:00:00,23.9,73.0,0.0,21.8,40.7,33580.0,100.0,3.0
BLR,2026-08-17 09:00:00,25.7,63.0,0.0,22.4,42.1,41240.0,100.0,3.0
BLR,2026-08-17 10:00:00,27.6,53.0,0.0,24.0,46.1,43900.0,100.0,3.0
BLR,2026-08-17 11:00:00,27.3,57.0,0.0,21.4,46.1,43880.0,98.0,3.0
BLR,2026-08-17 12:00:00,27.5,58.0,0.1,21.6,42.5,17820.0,97.0,51.0
BLR,2026-08-17 13:00:00,29.1,52.0,0.0,22.2,45.0,44160.0,100.0,3.0
BLR,2026-08-17 14:00:00,29.5,50.0,0.0,21.3,45.0,44360.0,100.0,3.0
BLR,2026-08-17 15:00:00,29.5,49.0,0.0,20.2,43.6,47920.0,100.0,3.0
BLR,2026-08-17 16:00:00,29.1,49.0,0.0,18.6,40.3,47940.0,98.0,3.0
BLR,2026-08-17 17:00:00,28.3,48.0,0.1,20.3,38.9,28200.0,99.0,51.0
BLR,2026-08-17 18:00:00,24.6,70.0,0.1,19.0,40.7,18260.0,99.0,51.0
BLR,2026-08-17 19:00:00,23.9,75.0,0.0,11.1,31.3,17720.0,94.0,3.0
BLR,2026-08-17 20:00:00,23.8,77.0,0.0,12.3,19.8,37900.0,97.0,3.0
BLR,2026-08-17 21:00:00,23.2,78.0,0.0,14.2,23.4,33000.0,52.0,2.0
BLR,2026-08-17 22:00:00,22.8,79.0,0.0,13.7,24.1,32100.0,51.0,2.0
BLR,2026-08-17 23:00:00,22.7,81.0,0.0,14.1,22.7,22800.0,78.0,2.0
BLR,2026-08-18 00:00:00,21.9,86.0,0.0,13.4,23.8,12220.0,64.0,2.0
BLR,2026-08-18 01:00:00,20.9,91.0,0.2,14.0,23.8,5080.0,90.0,51.0
BLR,2026-08-18 02:00:00,20.8,94.0,0.2,14.1,23.4,9600.0,63.0,51.0
BLR,2026-08-18 03:00:00,20.4,94.0,0.1,15.2,25.2,17400.0,70.0,51.0
BLR,2026-08-18 04:00:00,19.9,93.0,0.0,15.6,25.9,22720.0,87.0,3.0
BLR,2026-08-18 05:00:00,20.6,89.0,0.0,14.8,25.9,29600.0,40.0,1.0
BLR,2026-08-18 06:00:00,20.3,91.0,0.0,14.8,24.8,30700.0,42.0,1.0
BLR,2026-08-18 07:00:00,22.1,81.0,0.0,18.7,34.6,33720.0,52.0,2.0
BLR,2026-08-18 08:00:00,24.2,70.0,0.0,20.9,39.2,37500.0,100.0,3.0
BLR,2026-08-18 09:00:00,26.1,60.0,0.0,21.5,41.0,40480.0,98.0,3.0
BLR,2026-08-18 10:00:00,27.1,56.0,0.0,21.8,42.1,13400.0,88.0,3.0
BLR,2026-08-18 11:00:00,28.2,54.0,0.2,20.5,43.6,10260.0,70.0,51.0
BLR,2026-08-18 12:00:00,29.2,50.0,0.2,19.8,42.1,7980.0,88.0,51.0
BLR,2026-08-18 13:00:00,30.0,47.0,0.2,19.5,41.0,15580.0,70.0,51.0
BLR,2026-08-18 14:00:00,30.5,47.0,0.1,18.5,40.3,8360.0,96.0,51.0
BLR,2026-08-18 15:00:00,29.6,52.0,0.2,18.3,38.5,12100.0,94.0,51.0
BLR,2026-08-18 16:00:00,29.0,53.0,0.1,17.1,36.7,12080.0,97.0,51.0
BLR,2026-08-18 17:00:00,29.4,43.0,0.2,17.8,33.8,47320.0,98.0,51.0
BLR,2026-08-18 18:00:00,27.8,48.0,0.0,15.8,32.0,47080.0,100.0,3.0
BLR,2026-08-18 19:00:00,25.6,64.0,0.0,18.1,30.2,40600.0,98.0,3.0
BLR,2026-08-18 20:00:00,24.7,70.0,0.0,17.8,31.7,37540.0,62.0,2.0
BLR,2026-08-18 21:00:00,24.2,71.0,0.0,16.2,29.5,37340.0,91.0,3.0
BLR,2026-08-18 22:00:00,23.7,75.0,0.0,16.0,27.0,37260.0,97.0,3.0
BLR,2026-08-18 23:00:00,22.4,87.0,0.0,13.9,29.5,33580.0,100.0,3.0
BLR,2026-08-19 00:00:00,22.4,83.0,0.0,16.0,27.0,33280.0,100.0,3.0
BLR,2026-08-19 01:00:00,22.3,81.0,0.0,16.3,28.1,33700.0,100.0,3.0
BLR,2026-08-19 02:00:00,22.1,81.0,0.0,17.7,30.2,27260.0,100.0,3.0
BLR,2026-08-19 03:00:00,21.6,85.0,0.2,17.7,30.6,9420.0,99.0,51.0
BLR,2026-08-19 04:00:00,21.3,89.0,0.1,16.2,29.9,14340.0,100.0,51.0
BLR,2026-08-19 05:00:00,21.6,88.0,0.4,13.7,27.4,24640.0,94.0,51.0
BLR,2026-08-19 06:00:00,21.5,88.0,0.0,15.4,26.6,24780.0,91.0,3.0
BLR,2026-08-19 07:00:00,22.8,81.0,0.0,19.0,33.8,26700.0,99.0,3.0
BLR,2026-08-19 08:00:00,24.5,71.0,0.0,22.9,41.8,36880.0,100.0,3.0
BLR,2026-08-19 09:00:00,25.5,65.0,0.0,24.8,45.7,20220.0,99.0,3.0
BLR,2026-08-19 10:00:00,26.9,60.0,0.1,24.4,46.8,9500.0,99.0,51.0
BLR,2026-08-19 11:00:00,27.5,55.0,0.3,23.3,48.6,24720.0,100.0,51.0
BLR,2026-08-19 12:00:00,28.2,51.0,0.0,21.9,44.3,7940.0,100.0,3.0
BLR,2026-08-19 13:00:00,28.2,53.0,0.3,21.8,42.8,6620.0,100.0,51.0
BLR,2026-08-19 14:00:00,29.0,53.0,0.1,22.2,44.3,43240.0,100.0,51.0
BLR,2026-08-19 15:00:00,23.9,79.0,1.7,27.2,48.6,2300.0,100.0,80.0
BLR,2026-08-19 16:00:00,23.5,92.0,3.6,11.0,48.6,5140.0,100.0,95.0
BLR,2026-08-19 17:00:00,23.5,87.0,2.6,21.1,34.9,4020.0,100.0,81.0
BLR,2026-08-19 18:00:00,23.2,93.0,0.4,11.5,34.2,13660.0,97.0,51.0
BLR,2026-08-19 19:00:00,23.5,87.0,0.0,13.2,20.9,14580.0,100.0,3.0
BLR,2026-08-19 20:00:00,23.5,84.0,0.0,13.4,22.3,32240.0,100.0,3.0
BLR,2026-08-19 21:00:00,23.5,82.0,0.0,15.5,25.6,33060.0,100.0,3.0
BLR,2026-08-19 22:00:00,23.4,80.0,0.0,15.2,26.3,33180.0,99.0,3.0
BLR,2026-08-19 23:00:00,22.8,88.0,0.0,13.9,27.4,13960.0,94.0,3.0
BLR,2026-08-20 00:00:00,22.1,88.0,0.1,14.7,26.3,12220.0,90.0,51.0
BLR,2026-08-20 01:00:00,21.9,90.0,0.0,16.4,28.1,27280.0,98.0,3.0
BLR,2026-08-20 02:00:00,21.7,90.0,0.0,15.9,27.4,26420.0,96.0,3.0
BLR,2026-08-20 03:00:00,21.4,90.0,0.0,15.5,27.0,27700.0,94.0,3.0
BLR,2026-08-20 04:00:00,21.4,90.0,0.0,15.8,26.3,29460.0,85.0,3.0
BLR,2026-08-20 05:00:00,21.0,92.0,0.0,16.2,26.6,8800.0,94.0,3.0
BLR,2026-08-20 06:00:00,21.0,92.0,0.1,17.0,28.4,8780.0,73.0,51.0
BLR,2026-08-20 07:00:00,22.2,86.0,0.1,19.0,34.2,9080.0,83.0,51.0
BLR,2026-08-20 08:00:00,23.7,78.0,0.2,19.8,37.4,7980.0,79.0,51.0
BLR,2026-08-20 09:00:00,24.6,75.0,0.5,23.0,42.5,5220.0,85.0,53.0
BLR,2026-08-20 10:00:00,25.9,67.0,0.5,22.4,43.2,6460.0,94.0,53.0
BLR,2026-08-20 11:00:00,27.5,61.0,0.7,22.3,46.1,10500.0,88.0,53.0
BLR,2026-08-20 12:00:00,27.1,61.0,0.3,20.8,46.4,9320.0,82.0,51.0
BLR,2026-08-20 13:00:00,27.7,59.0,0.2,24.2,45.4,2780.0,73.0,51.0
BLR,2026-08-20 14:00:00,28.1,59.0,0.7,20.0,48.2,28520.0,89.0,53.0
BLR,2026-08-20 15:00:00,28.8,54.0,0.0,22.5,44.6,42820.0,92.0,3.0
BLR,2026-08-20 16:00:00,28.3,56.0,0.0,18.4,43.9,42860.0,91.0,3.0
BLR,2026-08-20 17:00:00,27.7,57.0,0.2,19.4,40.7,9040.0,60.0,51.0
BLR,2026-08-20 18:00:00,25.1,69.0,0.2,18.1,38.5,13260.0,43.0,51.0
BLR,2026-08-20 19:00:00,24.4,73.0,0.0,14.4,29.5,29400.0,30.0,1.0
BLR,2026-08-20 20:00:00,24.0,75.0,0.0,14.6,23.8,36500.0,42.0,1.0
BLR,2026-08-20 21:00:00,23.8,72.0,0.0,16.9,28.4,36280.0,55.0,2.0
BLR,2026-08-20 22:00:00,23.3,74.0,0.0,14.3,28.1,36160.0,43.0,1.0
BLR,2026-08-20 23:00:00,22.6,79.0,0.0,14.1,24.8,36240.0,77.0,2.0
BLR,2026-08-21 00:00:00,21.8,81.0,0.0,14.8,24.5,32600.0,60.0,2.0
BLR,2026-08-21 01:00:00,21.1,81.0,0.0,15.4,26.3,32720.0,43.0,1.0
BLR,2026-08-21 02:00:00,20.5,85.0,0.0,14.9,25.6,32800.0,34.0,1.0
BLR,2026-08-21 03:00:00,20.2,87.0,0.0,15.1,25.2,29800.0,59.0,2.0
BLR,2026-08-21 04:00:00,19.9,89.0,0.0,15.3,25.9,29760.0,64.0,2.0
BLR,2026-08-21 05:00:00,19.8,89.0,0.0,14.7,25.9,29680.0,48.0,1.0
BLR,2026-08-21 06:00:00,19.8,89.0,0.0,15.7,25.9,29600.0,34.0,1.0
BLR,2026-08-21 07:00:00,21.8,79.0,0.0,21.6,36.7,32580.0,45.0,1.0
BLR,2026-08-21 08:00:00,23.8,68.0,0.0,23.9,44.3,39180.0,61.0,2.0
BLR,2026-08-21 09:00:00,25.6,62.0,0.0,23.8,45.0,39160.0,52.0,2.0
BLR,2026-08-21 10:00:00,27.2,56.0,0.0,23.0,45.4,41900.0,99.0,3.0
BLR,2026-08-21 11:00:00,27.9,54.0,0.0,21.5,44.6,41920.0,77.0,2.0
BLR,2026-08-21 12:00:00,27.9,54.0,0.2,20.9,41.8,8120.0,27.0,51.0
BLR,2026-08-21 13:00:00,28.6,53.0,0.4,22.0,43.6,6140.0,38.0,51.0
BLR,2026-08-21 14:00:00,29.7,47.0,0.2,20.6,43.2,10780.0,34.0,51.0
BLR,2026-08-21 15:00:00,29.9,46.0,0.1,20.8,41.0,17660.0,38.0,51.0
BLR,2026-08-21 16:00:00,29.6,46.0,0.0,19.9,41.0,27500.0,40.0,1.0
BLR,2026-08-21 17:00:00,28.7,50.0,0.0,16.3,38.2,42260.0,91.0,3.0
BLR,2026-08-21 18:00:00,26.6,58.0,0.1,17.6,29.9,19960.0,81.0,51.0
BLR,2026-08-21 19:00:00,24.0,72.0,0.0,19.4,36.4,36040.0,84.0,3.0
BLR,2026-08-21 20:00:00,23.2,76.0,0.0,18.8,32.4,25720.0,94.0,3.0
BLR,2026-08-21 21:00:00,22.6,83.0,0.0,17.1,32.8,26980.0,96.0,3.0
BLR,2026-08-21 22:00:00,22.0,87.0,0.0,16.1,28.8,26720.0,83.0,3.0
BLR,2026-08-21 23:00:00,21.9,88.0,0.0,17.2,31.0,21580.0,75.0,2.0
BLR,2026-08-22 00:00:00,20.9,91.0,0.0,19.2,32.0,25100.0,94.0,3.0
BLR,2026-08-22 01:00:00,20.5,90.0,0.0,17.9,32.4,29240.0,98.0,3.0
BLR,2026-08-22 02:00:00,20.2,90.0,0.0,18.0,30.6,29320.0,99.0,3.0
BLR,2026-08-22 03:00:00,20.0,90.0,0.0,17.3,30.2,29360.0,98.0,3.0
BLR,2026-08-22 04:00:00,19.7,90.0,0.0,18.0,30.2,25300.0,93.0,3.0
BLR,2026-08-22 05:00:00,20.0,90.0,0.0,18.2,31.7,29180.0,58.0,2.0
BLR,2026-08-22 06:00:00,19.8,91.0,0.0,18.5,31.0,25160.0,76.0,2.0
BLR,2026-08-22 07:00:00,21.5,82.0,0.0,24.5,42.1,27840.0,100.0,3.0
BLR,2026-08-22 08:00:00,23.4,73.0,0.0,26.6,48.2,16060.0,100.0,3.0
BLR,2026-08-22 09:00:00,24.9,66.0,0.0,24.5,48.6,38700.0,100.0,3.0
BLR,2026-08-22 10:00:00,25.9,62.0,0.1,24.8,45.4,15520.0,100.0,51.0
BLR,2026-08-22 11:00:00,26.5,58.0,0.0,22.4,47.9,11080.0,100.0,3.0
BLR,2026-08-22 12:00:00,27.5,55.0,0.4,22.0,42.5,5700.0,99.0,51.0
BLR,2026-08-22 13:00:00,28.0,55.0,0.7,23.2,44.3,4140.0,99.0,53.0
BLR,2026-08-22 14:00:00,28.6,52.0,0.7,25.2,46.8,4040.0,98.0,53.0
BLR,2026-08-22 15:00:00,28.3,55.0,0.5,22.7,46.8,16620.0,89.0,53.0
BLR,2026-08-22 16:00:00,29.0,54.0,0.0,21.1,43.9,41920.0,84.0,3.0
BLR,2026-08-22 17:00:00,27.3,57.0,0.5,17.7,41.0,18160.0,90.0,53.0
BLR,2026-08-22 18:00:00,23.1,81.0,0.4,19.1,37.8,4920.0,100.0,51.0
BLR,2026-08-22 19:00:00,22.4,92.0,0.4,12.3,30.6,9720.0,99.0,51.0
BLR,2026-08-22 20:00:00,22.3,90.0,0.1,15.4,24.5,18320.0,99.0,51.0
BLR,2026-08-22 21:00:00,22.0,89.0,0.0,16.3,26.3,27540.0,99.0,3.0
BLR,2026-08-22 22:00:00,21.9,89.0,0.0,17.4,28.8,28240.0,100.0,3.0
BLR,2026-08-22 23:00:00,22.1,88.0,0.0,17.2,29.9,28220.0,100.0,3.0
BLR,2026-08-23 00:00:00,21.5,91.0,0.0,16.8,29.5,28440.0,100.0,3.0
BLR,2026-08-23 01:00:00,21.1,92.0,0.0,15.8,27.7,24940.0,100.0,3.0
BLR,2026-08-23 02:00:00,20.7,94.0,0.0,17.4,29.2,22880.0,100.0,3.0
BLR,2026-08-23 03:00:00,20.4,95.0,0.0,16.6,29.2,17280.0,99.0,3.0
BLR,2026-08-23 04:00:00,20.3,95.0,0.0,15.7,27.7,22720.0,100.0,3.0
BLR,2026-08-23 05:00:00,20.8,92.0,0.0,16.2,29.5,24860.0,100.0,3.0
BLR,2026-08-23 06:00:00,20.6,93.0,0.0,15.4,27.4,24000.0,100.0,3.0
BLR,2026-08-23 07:00:00,22.1,85.0,0.0,18.7,33.1,22200.0,99.0,3.0
BLR,2026-08-23 08:00:00,24.5,71.0,0.0,21.9,40.3,35240.0,100.0,3.0
BLR,2026-08-23 09:00:00,26.2,62.0,0.0,22.5,42.1,15740.0,100.0,3.0
BLR,2026-08-23 10:00:00,26.9,59.0,0.2,21.4,42.5,7820.0,97.0,51.0
BLR,2026-08-23 11:00:00,28.8,50.0,0.2,22.8,43.2,9040.0,98.0,51.0
BLR,2026-08-23 12:00:00,28.9,51.0,0.3,24.8,46.8,5500.0,98.0,51.0
BLR,2026-08-23 13:00:00,28.0,57.0,0.7,22.5,47.2,4300.0,100.0,53.0
BLR,2026-08-23 14:00:00,28.8,55.0,0.5,22.9,44.6,3580.0,100.0,53.0
BLR,2026-08-23 15:00:00,26.7,65.0,0.9,20.5,45.0,38680.0,98.0,53.0
BLR,2026-08-23 16:00:00,27.4,59.0,0.2,22.3,39.6,4220.0,99.0,51.0
BLR,2026-08-23 17:00:00,27.3,57.0,2.6,16.6,40.7,9020.0,99.0,81.0
BLR,2026-08-23 18:00:00,21.5,97.0,1.3,19.9,37.1,4160.0,100.0,80.0
BLR,2026-08-23 19:00:00,21.8,95.0,1.0,12.9,32.0,4820.0,99.0,55.0
BLR,2026-08-23 20:00:00,21.9,94.0,0.2,13.0,21.6,22080.0,100.0,51.0
BLR,2026-08-23 21:00:00,22.1,92.0,0.0,16.6,27.0,17680.0,72.0,2.0
BLR,2026-08-23 22:00:00,21.8,93.0,0.0,15.3,27.0,22700.0,74.0,2.0
BLR,2026-08-23 23:00:00,21.9,88.0,0.0,16.6,26.3,28260.0,97.0,3.0
BLR,2026-08-24 00:00:00,21.4,89.0,0.0,17.3,29.2,28280.0,95.0,3.0
BLR,2026-08-24 01:00:00,21.2,90.0,0.0,16.5,28.8,25540.0,98.0,3.0
BLR,2026-08-24 02:00:00,21.1,91.0,0.0,16.2,27.7,23580.0,96.0,3.0
BLR,2026-08-24 03:00:00,20.7,93.0,0.0,15.9,27.0,21260.0,100.0,3.0
BLR,2026-08-24 04:00:00,20.6,93.0,0.0,16.3,27.4,23240.0,100.0,3.0
BLR,2026-08-24 05:00:00,21.0,91.0,0.0,16.8,27.4,21840.0,99.0,3.0
BLR,2026-08-24 06:00:00,20.9,91.0,0.0,17.6,29.2,24320.0,99.0,3.0
BLR,2026-08-24 07:00:00,22.6,82.0,0.0,20.5,34.9,27620.0,91.0,3.0
BLR,2026-08-24 08:00:00,24.4,72.0,0.0,25.3,45.4,20300.0,100.0,3.0
BLR,2026-08-24 09:00:00,25.8,65.0,0.0,26.3,48.2,16940.0,100.0,3.0
BLR,2026-08-24 10:00:00,26.8,63.0,0.0,24.2,50.8,37600.0,99.0,3.0
BLR,2026-08-24 11:00:00,27.1,61.0,0.0,25.2,50.8,10800.0,100.0,3.0
BLR,2026-08-24 12:00:00,23.6,89.0,1.4,12.5,46.4,5700.0,99.0,80.0
BLR,2026-08-24 13:00:00,24.9,74.0,0.5,23.3,43.2,2560.0,100.0,53.0
BLR,2026-08-24 14:00:00,23.2,91.0,2.3,17.6,44.6,3160.0,99.0,80.0
BLR,2026-08-24 15:00:00,23.6,88.0,1.2,17.2,36.7,5300.0,100.0,55.0
BLR,2026-08-24 16:00:00,23.6,87.0,0.8,20.3,35.6,3720.0,98.0,53.0
BLR,2026-08-24 17:00:00,22.2,90.0,3.6,19.9,43.2,3000.0,100.0,95.0
BLR,2026-08-24 18:00:00,21.6,95.0,1.3,14.5,35.6,5780.0,100.0,80.0
BLR,2026-08-24 19:00:00,21.2,95.0,0.4,13.4,24.5,8040.0,99.0,51.0
BLR,2026-08-24 20:00:00,21.6,94.0,0.0,16.0,25.9,18520.0,99.0,3.0
BLR,2026-08-24 21:00:00,21.6,93.0,0.0,17.3,28.4,17640.0,99.0,3.0
BLR,2026-08-24 22:00:00,21.5,93.0,0.0,18.4,30.6,22760.0,100.0,3.0
BLR,2026-08-24 23:00:00,21.9,87.0,0.0,17.7,30.6,25160.0,100.0,3.0
BLR,2026-08-25 00:00:00,21.5,88.0,0.0,16.0,29.9,25600.0,100.0,3.0
BLR,2026-08-25 01:00:00,21.1,90.0,0.0,16.1,26.6,25060.0,100.0,3.0
BLR,2026-08-25 02:00:00,21.1,91.0,0.0,15.3,27.0,21980.0,99.0,3.0
BLR,2026-08-25 03:00:00,21.1,92.0,0.0,15.5,25.9,21420.0,98.0,3.0
BLR,2026-08-25 04:00:00,20.8,94.0,0.0,15.5,25.9,17600.0,99.0,3.0
BLR,2026-08-25 05:00:00,21.4,89.0,0.0,16.6,25.9,24380.0,100.0,3.0
BLR,2026-08-25 06:00:00,21.1,91.0,0.0,14.2,28.1,19040.0,100.0,3.0
BLR,2026-08-25 07:00:00,22.3,85.0,0.0,14.7,28.8,14140.0,100.0,3.0
BLR,2026-08-25 08:00:00,23.2,78.0,0.1,16.7,34.2,5200.0,100.0,51.0
BLR,2026-08-25 09:00:00,21.5,91.0,0.6,15.1,39.6,5320.0,99.0,53.0
BLR,2026-08-25 10:00:00,23.8,78.0,0.3,18.9,41.8,8020.0,100.0,51.0
BLR,2026-08-25 11:00:00,27.2,59.0,0.1,23.2,43.6,7760.0,99.0,51.0
BLR,2026-08-25 12:00:00,27.4,58.0,0.3,24.0,47.2,4760.0,98.0,51.0
BLR,2026-08-25 13:00:00,26.6,69.0,0.9,23.2,47.5,11220.0,100.0,53.0
BLR,2026-08-25 14:00:00,26.9,62.0,0.0,27.3,49.3,8340.0,89.0,3.0
BLR,2026-08-25 15:00:00,26.4,68.0,0.1,21.7,49.7,7660.0,78.0,51.0
BLR,2026-08-25 16:00:00,26.4,67.0,0.2,24.8,45.4,6540.0,63.0,51.0
BLR,2026-08-25 17:00:00,25.1,75.0,0.5,14.9,44.6,11380.0,96.0,53.0
BLR,2026-08-25 18:00:00,24.5,78.0,0.0,14.5,25.2,26260.0,99.0,3.0
BLR,2026-08-25 19:00:00,24.9,70.0,0.0,19.4,32.0,37100.0,69.0,2.0
BLR,2026-08-25 20:00:00,23.9,76.0,0.0,20.0,33.8,32440.0,58.0,2.0
BLR,2026-08-25 21:00:00,22.9,81.0,0.0,19.7,33.8,33180.0,77.0,2.0
BLR,2026-08-25 22:00:00,22.3,84.0,0.0,18.4,33.1,30180.0,31.0,1.0
BLR,2026-08-25 23:00:00,22.0,83.0,0.0,17.8,31.3,29820.0,99.0,3.0
BLR,2026-08-26 00:00:00,21.6,85.0,0.0,18.4,31.0,29940.0,40.0,1.0
BLR,2026-08-26 01:00:00,21.2,88.0,0.0,16.7,31.0,25600.0,34.0,1.0
BLR,2026-08-26 02:00:00,20.8,91.0,0.0,16.9,28.4,22240.0,48.0,1.0
BLR,2026-08-26 03:00:00,20.4,92.0,0.0,18.0,30.2,23140.0,62.0,2.0
BLR,2026-08-26 04:00:00,20.1,93.0,0.0,17.1,30.6,23360.0,55.0,2.0
BLR,2026-08-26 05:00:00,21.4,89.0,0.0,16.2,28.4,25440.0,100.0,3.0
BLR,2026-08-26 06:00:00,21.3,88.0,0.0,15.6,27.4,27280.0,94.0,3.0
BLR,2026-08-26 07:00:00,22.2,83.0,0.0,17.8,31.3,12640.0,91.0,3.0
BLR,2026-08-26 08:00:00,24.0,73.0,0.1,21.1,38.5,15480.0,91.0,51.0
BLR,2026-08-26 09:00:00,25.7,64.0,0.1,22.4,42.1,16820.0,91.0,51.0
BLR,2026-08-26 10:00:00,26.7,60.0,0.0,23.4,43.9,16460.0,98.0,3.0
BLR,2026-08-26 11:00:00,27.5,56.0,0.2,23.1,45.7,5220.0,73.0,51.0
BLR,2026-08-26 12:00:00,27.5,62.0,1.0,20.7,46.1,9120.0,38.0,55.0
BLR,2026-08-26 13:00:00,29.6,54.0,0.1,21.6,44.3,39520.0,100.0,51.0
BLR,2026-08-26 14:00:00,27.1,64.0,0.9,22.0,47.9,16720.0,55.0,53.0
BLR,2026-08-26 15:00:00,28.9,55.0,0.0,21.5,44.3,18800.0,45.0,1.0
BLR,2026-08-26 16:00:00,27.6,61.0,0.6,21.2,44.3,11400.0,27.0,53.0
BLR,2026-08-26 17:00:00,27.5,58.0,0.2,17.9,38.9,29120.0,81.0,51.0
BLR,2026-08-26 18:00:00,26.0,65.0,0.0,15.9,31.3,36700.0,59.0,2.0
BLR,2026-08-26 19:00:00,25.5,67.0,0.0,16.2,27.7,36520.0,97.0,3.0
BLR,2026-08-26 20:00:00,24.5,69.0,0.0,15.7,27.0,36340.0,98.0,3.0
BLR,2026-08-26 21:00:00,23.7,76.0,0.0,17.4,29.2,32180.0,97.0,3.0
BLR,2026-08-26 22:00:00,22.9,81.0,0.0,18.1,30.6,29020.0,91.0,3.0
BLR,2026-08-26 23:00:00,22.4,83.0,0.0,19.0,33.1,27480.0,98.0,3.0
BLR,2026-08-27 00:00:00,21.7,86.0,0.0,19.3,32.8,26860.0,96.0,3.0
BLR,2026-08-27 01:00:00,21.1,89.0,0.0,18.5,32.8,26880.0,95.0,3.0
BLR,2026-08-27 02:00:00,20.9,91.0,0.0,19.3,32.4,22920.0,98.0,3.0
BLR,2026-08-27 03:00:00,20.7,92.0,0.0,19.5,33.1,22820.0,93.0,3.0
BLR,2026-08-27 04:00:00,20.5,93.0,0.0,18.9,32.8,23000.0,95.0,3.0
BLR,2026-08-27 05:00:00,20.8,91.0,0.0,18.9,32.0,22640.0,95.0,3.0
BLR,2026-08-27 06:00:00,20.7,92.0,0.0,17.6,31.7,22680.0,83.0,3.0
BLR,2026-08-27 07:00:00,22.5,82.0,0.0,22.8,38.2,16160.0,84.0,3.0
BLR,2026-08-27 08:00:00,24.3,72.0,0.0,24.7,45.0,19240.0,73.0,2.0
BLR,2026-08-27 09:00:00,26.0,63.0,0.0,26.6,49.0,23100.0,77.0,2.0
BLR,2026-08-27 10:00:00,27.7,56.0,0.0,26.9,50.4,38700.0,84.0,3.0
BLR,2026-08-27 11:00:00,28.2,54.0,0.0,25.3,50.4,10440.0,80.0,3.0
BLR,2026-08-27 12:00:00,28.8,53.0,0.2,24.5,47.9,10400.0,78.0,51.0
BLR,2026-08-27 13:00:00,29.4,50.0,0.1,24.3,47.9,8140.0,98.0,51.0
BLR,2026-08-27 14:00:00,30.2,48.0,0.1,24.0,47.5,20120.0,93.0,51.0
BLR,2026-08-27 15:00:00,30.1,48.0,0.0,24.0,47.9,36240.0,100.0,3.0
BLR,2026-08-27 16:00:00,29.0,50.0,0.1,24.1,46.4,15940.0,100.0,51.0
BLR,2026-08-27 17:00:00,27.4,57.0,0.1,16.8,45.0,39000.0,70.0,51.0
BLR,2026-08-27 18:00:00,25.9,63.0,0.0,12.1,29.5,11800.0,85.0,3.0
BLR,2026-08-27 19:00:00,24.5,71.0,0.1,12.3,20.2,12420.0,71.0,51.0
BLR,2026-08-27 20:00:00,23.6,78.0,0.0,14.5,23.8,11660.0,84.0,3.0
BLR,2026-08-27 21:00:00,23.0,82.0,0.0,12.1,23.8,21020.0,98.0,3.0
BLR,2026-08-27 22:00:00,22.5,85.0,0.0,12.0,19.4,28420.0,88.0,3.0
BLR,2026-08-27 23:00:00,22.5,85.0,0.0,11.9,22.0,28720.0,84.0,3.0
BLR,2026-08-28 00:00:00,21.8,87.0,0.0,16.2,26.6,26520.0,84.0,3.0
BLR,2026-08-28 01:00:00,21.1,91.0,0.0,17.3,29.2,22780.0,25.0,1.0
BLR,2026-08-28 02:00:00,20.4,94.0,0.0,16.7,28.8,22840.0,18.0,0.0
BLR,2026-08-28 03:00:00,20.1,95.0,0.0,17.3,28.8,16540.0,9.0,0.0
BLR,2026-08-28 04:00:00,19.9,96.0,0.0,18.0,30.2,16560.0,13.0,0.0
BLR,2026-08-28 05:00:00,20.3,94.0,0.0,17.6,31.0,22780.0,7.0,0.0
BLR,2026-08-28 06:00:00,20.4,93.0,0.0,16.6,29.5,22720.0,6.0,0.0
BLR,2026-08-28 07:00:00,22.2,83.0,0.0,20.9,36.7,16840.0,73.0,2.0
BLR,2026-08-28 08:00:00,24.1,72.0,0.0,24.0,43.6,32780.0,73.0,2.0
BLR,2026-08-28 09:00:00,25.8,63.0,0.0,25.5,47.5,20900.0,77.0,2.0
BLR,2026-08-28 10:00:00,27.0,58.0,0.1,25.5,49.0,18180.0,69.0,51.0
BLR,2026-08-28 11:00:00,27.9,53.0,0.1,24.2,49.7,10460.0,60.0,51.0
BLR,2026-08-28 12:00:00,28.8,49.0,0.1,24.2,50.0,7320.0,98.0,51.0
BLR,2026-08-28 13:00:00,29.0,49.0,0.3,23.9,49.7,8520.0,98.0,51.0
BLR,2026-08-28 14:00:00,29.5,48.0,0.1,25.2,50.0,28920.0,99.0,51.0
BLR,2026-08-28 15:00:00,29.3,49.0,0.1,25.5,50.8,11140.0,87.0,51.0
BLR,2026-08-28 16:00:00,27.7,54.0,0.5,24.4,49.3,5960.0,75.0,53.0
BLR,2026-08-28 17:00:00,26.8,61.0,0.5,13.5,45.4,21820.0,93.0,53.0
BLR,2026-08-28 18:00:00,26.4,59.0,0.0,15.9,29.5,38420.0,23.0,1.0
BLR,2026-08-28 19:00:00,25.1,64.0,0.0,14.6,26.6,35600.0,47.0,1.0
BLR,2026-08-28 20:00:00,24.3,69.0,0.0,15.0,25.6,18240.0,44.0,1.0
BLR,2026-08-28 21:00:00,23.2,76.0,0.0,14.6,25.2,29060.0,38.0,1.0
BLR,2026-08-28 22:00:00,22.3,84.0,0.0,16.4,27.0,28100.0,34.0,1.0
BLR,2026-08-28 23:00:00,21.9,86.0,0.0,19.2,31.3,25020.0,74.0,2.0
BLR,2026-08-29 00:00:00,21.4,87.0,0.0,21.5,36.0,25900.0,95.0,3.0
BLR,2026-08-29 01:00:00,21.1,88.0,0.0,21.4,36.4,26180.0,83.0,3.0
BLR,2026-08-29 02:00:00,20.7,90.0,0.0,21.5,36.4,25680.0,57.0,2.0
BLR,2026-08-29 03:00:00,20.3,91.0,0.0,21.3,36.0,22500.0,88.0,3.0
BLR,2026-08-29 04:00:00,20.1,91.0,0.0,21.4,36.4,22500.0,72.0,2.0
BLR,2026-08-29 05:00:00,20.3,91.0,0.0,20.3,36.0,22000.0,98.0,3.0
BLR,2026-08-29 06:00:00,20.2,92.0,0.0,19.0,34.2,21900.0,99.0,3.0
BLR,2026-08-29 07:00:00,21.9,82.0,0.0,22.6,38.5,20260.0,98.0,3.0
BLR,2026-08-29 08:00:00,23.9,70.0,0.0,26.9,48.2,18320.0,100.0,3.0
BLR,2026-08-29 09:00:00,25.0,65.0,0.0,27.3,49.3,35160.0,100.0,3.0
BLR,2026-08-29 10:00:00,26.3,60.0,0.1,26.8,51.1,6680.0,74.0,51.0
BLR,2026-08-29 11:00:00,27.3,57.0,0.4,26.0,52.2,8280.0,90.0,51.0
BLR,2026-08-29 12:00:00,28.2,53.0,0.2,25.6,49.0,7480.0,79.0,51.0
BLR,2026-08-29 13:00:00,28.8,53.0,0.4,25.8,50.8,12260.0,76.0,51.0
BLR,2026-08-29 14:00:00,29.6,50.0,0.2,24.1,52.2,19820.0,54.0,51.0
BLR,2026-08-29 15:00:00,26.4,61.0,0.7,24.8,51.1,34940.0,73.0,53.0
BLR,2026-08-29 16:00:00,27.2,55.0,0.0,23.0,45.7,22100.0,53.0,2.0
BLR,2026-08-29 17:00:00,25.4,63.0,0.2,22.6,47.5,35420.0,85.0,51.0
BLR,2026-08-29 18:00:00,24.5,67.0,0.0,23.8,40.3,35360.0,85.0,3.0
BLR,2026-08-29 19:00:00,23.8,71.0,0.0,19.3,40.7,29540.0,99.0,3.0
BLR,2026-08-29 20:00:00,23.6,72.0,0.0,17.1,32.4,32140.0,100.0,3.0
BLR,2026-08-29 21:00:00,23.2,72.0,0.0,17.3,29.2,32060.0,100.0,3.0
BLR,2026-08-29 22:00:00,22.7,73.0,0.0,17.7,30.6,32000.0,100.0,3.0
BLR,2026-08-29 23:00:00,22.1,79.0,0.0,16.7,29.9,32080.0,100.0,3.0
BLR,2026-08-30 00:00:00,21.5,82.0,0.0,16.9,28.4,28680.0,100.0,3.0
BLR,2026-08-30 01:00:00,21.0,82.0,0.0,17.3,28.8,28740.0,100.0,3.0
BLR,2026-08-30 02:00:00,20.5,83.0,0.0,17.5,29.9,28800.0,82.0,3.0
BLR,2026-08-30 03:00:00,20.1,87.0,0.0,16.6,29.2,25880.0,58.0,2.0
BLR,2026-08-30 04:00:00,19.9,90.0,0.0,16.0,27.7,25840.0,38.0,1.0
BLR,2026-08-30 05:00:00,19.8,89.0,0.0,16.1,27.0,25760.0,69.0,2.0
BLR,2026-08-30 06:00:00,19.8,90.0,0.0,15.2,27.0,25680.0,60.0,2.0
BLR,2026-08-30 07:00:00,21.7,80.0,0.0,18.9,33.1,28160.0,70.0,2.0
BLR,2026-08-30 08:00:00,23.7,70.0,0.0,24.2,44.3,30120.0,100.0,3.0
BLR,2026-08-30 09:00:00,25.2,63.0,0.0,25.2,46.4,34740.0,100.0,3.0
BLR,2026-08-30 10:00:00,26.1,59.0,0.0,24.7,46.8,16940.0,100.0,3.0
BLR,2026-08-30 11:00:00,26.6,57.0,0.0,25.3,46.8,7340.0,95.0,3.0
BLR,2026-08-30 12:00:00,28.4,50.0,0.1,26.1,50.0,11700.0,74.0,51.0
BLR,2026-08-30 13:00:00,28.9,48.0,0.2,27.3,50.8,6120.0,89.0,51.0
BLR,2026-08-30 14:00:00,27.9,53.0,0.3,28.0,51.8,7700.0,98.0,51.0
BLR,2026-08-30 15:00:00,28.3,54.0,0.1,20.1,51.5,32300.0,95.0,51.0
BLR,2026-08-30 16:00:00,27.9,51.0,0.1,27.0,47.9,3260.0,100.0,51.0
BLR,2026-08-30 17:00:00,24.5,70.0,0.5,27.2,49.3,3280.0,97.0,53.0
BLR,2026-08-30 18:00:00,23.2,83.0,0.5,17.5,45.0,23540.0,98.0,53.0
BLR,2026-08-30 19:00:00,23.2,77.0,0.0,18.6,31.0,24340.0,77.0,2.0
BLR,2026-08-30 20:00:00,23.2,75.0,0.0,20.2,33.8,26920.0,38.0,1.0
BLR,2026-08-30 21:00:00,22.8,76.0,0.0,19.9,34.2,29960.0,34.0,1.0
BLR,2026-08-30 22:00:00,22.2,78.0,0.0,19.6,33.5,31580.0,64.0,2.0
BLR,2026-08-30 23:00:00,21.8,80.0,0.0,19.4,34.2,31640.0,60.0,2.0
BLR,2026-08-31 00:00:00,21.1,83.0,0.0,17.3,32.8,28240.0,85.0,3.0
BLR,2026-08-31 01:00:00,20.7,85.0,0.0,17.7,29.5,28320.0,83.0,3.0
BLR,2026-08-31 02:00:00,20.3,87.0,0.0,18.2,30.6,25440.0,84.0,3.0
BLR,2026-08-31 03:00:00,19.9,89.0,0.0,18.7,31.3,25480.0,98.0,3.0
BLR,2026-08-31 04:00:00,19.7,90.0,0.0,17.9,31.3,25420.0,95.0,3.0
BLR,2026-08-31 05:00:00,20.2,89.0,0.0,18.0,30.2,24400.0,95.0,3.0
BLR,2026-08-31 06:00:00,20.4,89.0,0.0,18.4,30.6,25300.0,100.0,3.0
BLR,2026-08-31 07:00:00,22.0,81.0,0.0,25.9,44.3,19180.0,100.0,3.0
BLR,2026-08-31 08:00:00,23.4,73.0,0.0,26.0,46.8,21040.0,100.0,3.0
BLR,2026-08-31 09:00:00,24.9,65.0,0.0,26.5,47.9,34320.0,100.0,3.0
BLR,2026-08-31 10:00:00,26.9,56.0,0.0,27.3,50.4,36880.0,99.0,3.0
BLR,2026-08-31 11:00:00,26.9,55.0,0.0,25.9,51.1,36900.0,100.0,3.0
BLR,2026-08-31 12:00:00,27.7,53.0,0.0,24.7,47.2,18320.0,100.0,3.0
BLR,2026-08-31 13:00:00,29.0,49.0,0.1,24.4,48.2,14020.0,100.0,51.0
BLR,2026-08-31 14:00:00,29.3,48.0,0.1,23.9,47.2,19700.0,90.0,51.0
BLR,2026-08-31 15:00:00,29.3,48.0,0.0,23.3,45.7,40940.0,93.0,3.0
BLR,2026-08-31 16:00:00,28.6,50.0,0.1,23.9,44.6,10040.0,88.0,51.0
BLR,2026-08-31 17:00:00,27.3,53.0,0.2,20.2,45.0,37280.0,98.0,51.0
BLR,2026-08-31 18:00:00,25.9,58.0,0.0,14.2,34.9,37100.0,100.0,3.0
BLR,2026-08-31 19:00:00,25.0,62.0,0.0,13.1,23.4,34400.0,100.0,3.0
BLR,2026-08-31 20:00:00,24.3,65.0,0.0,12.6,21.6,34320.0,99.0,3.0
BLR,2026-08-31 21:00:00,23.6,69.0,0.0,13.6,22.0,34200.0,85.0,3.0
BLR,2026-08-31 22:00:00,23.1,73.0,0.0,14.9,24.8,31280.0,90.0,3.0
BLR,2026-08-31 23:00:00,22.9,76.0,0.0,16.2,25.6,30740.0,62.0,2.0
BLR,2026-09-01 00:00:00,21.9,80.0,0.0,15.8,27.7,31400.0,81.0,3.0
BLR,2026-09-01 01:00:00,21.3,85.0,0.0,13.1,25.9,28000.0,84.0,3.0
BLR,2026-09-01 02:00:00,20.7,88.0,0.0,12.2,22.0,25160.0,99.0,3.0
BLR,2026-09-01 03:00:00,20.3,90.0,0.0,12.1,20.5,25180.0,99.0,3.0
BLR,2026-09-01 04:00:00,20.0,91.0,0.0,12.8,21.2,21460.0,98.0,3.0
BLR,2026-09-01 05:00:00,20.5,88.0,0.0,14.2,22.0,25100.0,99.0,3.0
BLR,2026-09-01 06:00:00,20.4,89.0,0.0,14.0,23.8,25020.0,99.0,3.0
BLR,2026-09-01 07:00:00,22.0,81.0,0.0,18.6,32.0,27820.0,100.0,3.0
BLR,2026-09-01 08:00:00,24.0,70.0,0.0,21.4,39.6,31140.0,98.0,3.0
BLR,2026-09-01 09:00:00,25.9,60.0,0.0,21.9,41.4,33940.0,98.0,3.0
BLR,2026-09-01 10:00:00,27.0,57.0,0.0,20.6,41.8,11300.0,98.0,3.0
BLR,2026-09-01 11:00:00,28.0,53.0,0.1,20.9,40.3,10160.0,74.0,51.0
BLR,2026-09-01 12:00:00,28.5,51.0,0.1,20.4,41.4,10260.0,74.0,51.0
BLR,2026-09-01 13:00:00,28.9,49.0,0.1,19.7,40.7,8620.0,85.0,51.0
BLR,2026-09-01 14:00:00,29.3,49.0,0.1,18.8,39.2,22020.0,80.0,51.0
BLR,2026-09-01 15:00:00,29.2,49.0,0.0,17.2,37.8,19520.0,56.0,2.0
BLR,2026-09-01 16:00:00,28.4,52.0,0.1,17.0,34.6,9980.0,95.0,51.0
BLR,2026-09-01 17:00:00,28.1,50.0,0.5,14.1,35.3,11920.0,34.0,53.0
BLR,2026-09-01 18:00:00,25.7,63.0,0.2,17.5,26.3,8160.0,47.0,51.0
BLR,2026-09-01 19:00:00,22.9,80.0,0.1,15.8,34.9,10600.0,80.0,51.0
BLR,2026-09-01 20:00:00,22.4,85.0,0.1,9.3,26.3,27460.0,92.0,51.0
BLR,2026-09-01 21:00:00,22.8,82.0,0.0,12.4,18.7,18860.0,83.0,3.0
BLR,2026-09-01 22:00:00,22.3,84.0,0.0,13.0,22.3,16660.0,36.0,1.0
BLR,2026-09-01 23:00:00,21.9,83.0,0.0,12.1,21.6,23320.0,90.0,3.0
BLR,2026-09-02 00:00:00,21.6,86.0,0.0,11.9,20.5,23740.0,100.0,3.0
BLR,2026-09-02 01:00:00,21.1,89.0,0.0,11.4,19.8,23940.0,95.0,3.0
BLR,2026-09-02 02:00:00,20.6,92.0,0.0,11.5,18.7,20780.0,97.0,3.0
BLR,2026-09-02 03:00:00,20.3,95.0,0.0,13.4,21.6,21040.0,32.0,1.0
BLR,2026-09-02 04:00:00,19.9,96.0,0.0,14.4,23.8,15080.0,88.0,3.0
BLR,2026-09-02 05:00:00,20.3,95.0,0.0,13.9,23.8,15040.0,76.0,2.0
BLR,2026-09-02 06:00:00,20.2,96.0,0.0,14.1,23.4,20940.0,96.0,3.0
BLR,2026-09-02 07:00:00,21.8,85.0,0.0,16.3,29.5,24520.0,95.0,3.0
BLR,2026-09-02 08:00:00,24.0,72.0,0.0,19.2,36.4,30640.0,98.0,3.0
BLR,2026-09-02 09:00:00,25.6,65.0,0.0,16.5,36.4,33420.0,98.0,3.0
BLR,2026-09-02 10:00:00,27.2,58.0,0.0,17.8,36.4,35940.0,84.0,3.0
BLR,2026-09-02 11:00:00,28.5,50.0,0.0,17.5,38.9,36000.0,93.0,3.0
BLR,2026-09-02 12:00:00,29.1,47.0,0.0,17.4,36.7,9320.0,66.0,2.0
BLR,2026-09-02 13:00:00,29.7,47.0,0.1,16.6,36.4,17840.0,77.0,51.0
BLR,2026-09-02 14:00:00,29.9,47.0,0.0,16.2,35.6,30700.0,91.0,3.0
BLR,2026-09-02 15:00:00,29.8,48.0,0.0,15.2,34.6,24780.0,97.0,3.0
BLR,2026-09-02 16:00:00,29.2,49.0,0.0,15.8,32.0,17160.0,100.0,3.0
BLR,2026-09-02 17:00:00,27.0,62.0,0.5,15.4,31.7,8220.0,98.0,53.0
BLR,2026-09-02 18:00:00,26.2,63.0,0.1,13.3,25.9,33640.0,68.0,51.0
BLR,2026-09-02 19:00:00,25.4,63.0,0.0,16.0,25.9,33440.0,45.0,1.0
BLR,2026-09-02 20:00:00,23.0,79.0,0.3,13.9,27.4,3920.0,100.0,51.0
BLR,2026-09-02 21:00:00,22.7,86.0,0.5,13.3,21.6,27040.0,97.0,53.0
BLR,2026-09-02 22:00:00,22.7,85.0,0.0,14.0,24.1,26980.0,98.0,3.0
BLR,2026-09-02 23:00:00,22.1,90.0,0.0,11.9,23.0,24220.0,62.0,2.0
BLR,2026-09-03 00:00:00,21.6,88.0,0.0,12.5,20.5,24300.0,80.0,3.0
BLR,2026-09-03 01:00:00,21.3,86.0,0.0,14.1,23.0,27180.0,94.0,3.0
BLR,2026-09-03 02:00:00,20.9,86.0,0.0,14.7,24.5,24360.0,88.0,3.0
BLR,2026-09-03 03:00:00,20.6,88.0,0.0,14.0,24.5,24400.0,100.0,3.0
BLR,2026-09-03 04:00:00,20.4,89.0,0.0,13.2,23.0,24380.0,95.0,3.0
BLR,2026-09-03 05:00:00,21.0,86.0,0.0,12.8,21.6,24280.0,95.0,3.0
BLR,2026-09-03 06:00:00,20.6,88.0,0.0,13.4,22.7,24260.0,94.0,3.0
BLR,2026-09-03 07:00:00,21.7,83.0,0.0,13.0,25.6,27060.0,98.0,3.0
BLR,2026-09-03 08:00:00,22.8,77.0,0.0,16.3,29.5,30280.0,99.0,3.0
BLR,2026-09-03 09:00:00,24.8,66.0,0.0,19.8,37.1,33020.0,98.0,3.0
BLR,2026-09-03 10:00:00,26.6,59.0,0.0,20.3,40.0,33080.0,97.0,3.0
BLR,2026-09-03 11:00:00,27.4,57.0,0.0,17.8,40.0,10020.0,65.0,2.0
BLR,2026-09-03 12:00:00,28.7,51.0,0.2,18.9,38.2,7540.0,90.0,51.0
BLR,2026-09-03 13:00:00,29.0,50.0,0.4,21.0,41.0,4580.0,96.0,51.0
BLR,2026-09-03 14:00:00,28.3,51.0,0.7,21.1,41.4,13220.0,100.0,53.0
BLR,2026-09-03 15:00:00,28.1,52.0,0.1,19.5,40.0,8040.0,99.0,51.0
BLR,2026-09-03 16:00:00,27.7,55.0,0.3,18.3,36.7,23700.0,92.0,51.0
BLR,2026-09-03 17:00:00,28.0,55.0,0.0,15.4,33.8,36040.0,95.0,3.0
BLR,2026-09-03 18:00:00,26.5,59.0,0.0,12.8,26.6,35840.0,96.0,3.0
BLR,2026-09-03 19:00:00,25.5,65.0,0.0,10.6,21.6,33220.0,95.0,3.0
BLR,2026-09-03 20:00:00,24.7,71.0,0.0,12.1,19.8,32320.0,94.0,3.0
BLR,2026-09-03 21:00:00,23.9,75.0,0.0,13.2,21.6,29900.0,98.0,3.0
BLR,2026-09-03 22:00:00,22.3,83.0,0.1,14.7,23.4,4400.0,97.0,51.0
BLR,2026-09-03 23:00:00,22.7,87.0,0.4,11.2,26.6,15280.0,93.0,51.0
BLR,2026-09-04 00:00:00,22.2,88.0,0.0,13.3,21.6,15100.0,48.0,1.0
BLR,2026-09-04 01:00:00,21.6,90.0,0.0,12.0,23.0,17480.0,95.0,3.0
BLR,2026-09-04 02:00:00,21.3,93.0,0.0,11.9,20.2,14140.0,55.0,2.0
BLR,2026-09-04 03:00:00,21.2,94.0,0.0,12.8,21.2,18260.0,83.0,3.0
BLR,2026-09-04 04:00:00,20.8,96.0,0.0,11.7,21.2,14200.0,57.0,2.0
BLR,2026-09-04 05:00:00,20.8,93.0,0.0,13.0,19.4,20480.0,70.0,2.0
BLR,2026-09-04 06:00:00,20.6,94.0,0.0,12.4,21.6,20360.0,75.0,2.0
BLR,2026-09-04 07:00:00,22.4,83.0,0.0,16.3,29.5,22420.0,71.0,2.0
BLR,2026-09-04 08:00:00,24.3,72.0,0.0,18.4,34.9,29740.0,71.0,2.0
BLR,2026-09-04 09:00:00,26.4,62.0,0.0,18.8,37.8,18340.0,88.0,3.0
BLR,2026-09-04 10:00:00,27.7,57.0,0.0,16.7,37.1,14760.0,95.0,3.0
BLR,2026-09-04 11:00:00,27.9,54.0,0.1,16.0,35.6,9960.0,98.0,51.0
BLR,2026-09-04 12:00:00,29.1,51.0,0.1,15.5,34.6,10420.0,98.0,51.0
BLR,2026-09-04 13:00:00,29.8,48.0,0.2,15.7,34.2,7800.0,99.0,51.0
BLR,2026-09-04 14:00:00,30.0,47.0,0.2,17.2,35.3,7820.0,97.0,51.0
BLR,2026-09-04 15:00:00,29.4,49.0,0.3,17.9,35.6,5420.0,97.0,51.0
BLR,2026-09-04 16:00:00,29.1,50.0,0.3,16.8,35.3,12720.0,95.0,51.0
BLR,2026-09-04 17:00:00,28.7,52.0,0.1,13.9,32.0,14800.0,98.0,51.0
BLR,2026-09-04 18:00:00,25.5,72.0,0.4,11.7,25.6,10280.0,98.0,51.0
BLR,2026-09-04 19:00:00,24.9,75.0,0.1,10.4,18.0,15920.0,100.0,51.0
BLR,2026-09-04 20:00:00,24.4,77.0,0.0,8.6,16.2,29820.0,99.0,3.0
BLR,2026-09-04 21:00:00,24.0,76.0,0.0,8.9,15.1,29680.0,98.0,3.0
BLR,2026-09-04 22:00:00,23.4,76.0,0.0,10.8,16.9,29620.0,100.0,3.0
BLR,2026-09-04 23:00:00,22.5,87.0,0.0,10.1,18.0,22160.0,98.0,3.0
BLR,2026-09-05 00:00:00,22.6,84.0,0.0,11.3,18.7,26400.0,84.0,3.0
BLR,2026-09-05 01:00:00,22.4,84.0,0.0,9.4,18.4,26440.0,77.0,2.0
BLR,2026-09-05 02:00:00,21.7,85.0,0.0,9.1,15.5,26480.0,61.0,2.0
BLR,2026-09-05 03:00:00,21.0,88.0,0.0,10.1,16.2,23640.0,30.0,1.0
BLR,2026-09-05 04:00:00,20.5,89.0,0.0,11.1,18.0,23580.0,86.0,3.0
BLR,2026-09-05 05:00:00,20.8,89.0,0.0,10.9,18.4,23520.0,91.0,3.0
BLR,2026-09-05 06:00:00,20.5,90.0,0.0,10.6,17.6,23460.0,73.0,2.0
BLR,2026-09-05 07:00:00,22.3,80.0,0.0,12.4,23.8,26180.0,57.0,2.0
BLR,2026-09-05 08:00:00,24.2,71.0,0.0,13.9,28.4,29400.0,50.0,2.0
BLR,2026-09-05 09:00:00,26.3,61.0,0.0,15.0,31.7,32100.0,19.0,0.0
BLR,2026-09-05 10:00:00,28.0,53.0,0.0,15.1,32.8,34620.0,10.0,0.0
BLR,2026-09-05 11:00:00,29.0,48.0,0.0,13.2,33.1,16380.0,35.0,1.0
BLR,2026-09-05 12:00:00,29.7,45.0,0.1,13.5,31.3,8500.0,35.0,51.0
BLR,2026-09-05 13:00:00,30.2,44.0,0.1,13.6,31.3,12840.0,30.0,51.0
BLR,2026-09-05 14:00:00,30.6,43.0,0.0,14.0,31.3,19920.0,21.0,1.0
BLR,2026-09-05 15:00:00,30.4,43.0,0.0,14.8,31.3,19160.0,27.0,1.0
BLR,2026-09-05 16:00:00,29.7,45.0,0.0,14.4,31.3,38540.0,40.0,1.0
BLR,2026-09-05 17:00:00,29.8,41.0,0.0,14.2,29.2,38540.0,24.0,1.0
BLR,2026-09-05 18:00:00,27.7,48.0,0.0,12.7,25.9,38340.0,31.0,1.0
BLR,2026-09-05 19:00:00,26.5,54.0,0.0,8.6,20.9,34700.0,23.0,1.0
BLR,2026-09-05 20:00:00,25.6,58.0,0.0,6.5,13.7,34580.0,20.0,1.0
BLR,2026-09-05 21:00:00,24.9,61.0,0.0,7.7,11.9,34480.0,5.0,0.0
BLR,2026-09-05 22:00:00,24.6,62.0,0.0,10.5,16.6,31960.0,69.0,2.0
BLR,2026-09-05 23:00:00,24.5,65.0,0.0,12.6,19.8,32000.0,94.0,3.0
BLR,2026-09-06 00:00:00,23.6,72.0,0.0,11.2,20.5,29300.0,95.0,3.0
BLR,2026-09-06 01:00:00,22.9,77.0,0.0,13.9,22.3,29380.0,90.0,3.0
BLR,2026-09-06 02:00:00,22.3,83.0,0.0,8.9,22.7,26140.0,84.0,3.0
BLR,2026-09-06 03:00:00,21.8,87.0,0.0,5.6,14.4,23280.0,94.0,3.0
BLR,2026-09-06 04:00:00,21.4,89.0,0.0,6.7,10.4,21360.0,95.0,3.0
BLR,2026-09-06 05:00:00,21.5,88.0,0.0,8.8,13.0,23200.0,88.0,3.0
BLR,2026-09-06 06:00:00,21.2,89.0,0.0,10.4,16.6,21500.0,91.0,3.0
BLR,2026-09-06 07:00:00,22.6,80.0,0.0,13.6,25.9,23840.0,96.0,3.0
BLR,2026-09-06 08:00:00,24.5,70.0,0.0,13.0,27.7,27120.0,99.0,3.0
BLR,2026-09-06 09:00:00,26.5,61.0,0.0,12.6,28.4,19780.0,99.0,3.0
BLR,2026-09-06 10:00:00,28.2,52.0,0.1,13.2,30.2,9100.0,100.0,51.0
BLR,2026-09-06 11:00:00,29.0,49.0,0.2,12.7,31.7,10160.0,100.0,51.0
BLR,2026-09-06 12:00:00,30.0,45.0,0.1,13.1,30.2,13740.0,99.0,51.0
BLR,2026-09-06 13:00:00,30.9,42.0,0.1,15.2,33.1,11760.0,99.0,51.0
BLR,2026-09-06 14:00:00,30.6,42.0,0.1,16.9,35.3,12960.0,95.0,51.0
BLR,2026-09-06 15:00:00,30.2,43.0,0.1,15.7,35.3,13160.0,100.0,51.0
BLR,2026-09-06 16:00:00,30.2,42.0,0.0,15.3,32.4,38060.0,93.0,3.0
BLR,2026-09-06 17:00:00,30.1,40.0,0.0,15.6,30.2,41760.0,100.0,3.0
BLR,2026-09-06 18:00:00,28.3,46.0,0.0,10.9,27.4,37820.0,97.0,3.0
BLR,2026-09-06 19:00:00,26.8,52.0,0.0,9.0,17.6,34220.0,98.0,3.0
BLR,2026-09-06 20:00:00,25.8,58.0,0.0,8.4,14.4,34080.0,98.0,3.0
BLR,2026-09-06 21:00:00,25.3,61.0,0.0,10.4,16.6,33960.0,99.0,3.0
BLR,2026-09-06 22:00:00,24.9,62.0,0.0,8.6,16.6,31460.0,99.0,3.0
BLR,2026-09-06 23:00:00,24.8,62.0,0.0,11.0,19.8,31540.0,95.0,3.0
BLR,2026-09-07 00:00:00,23.7,67.0,0.0,12.8,21.2,31560.0,99.0,3.0
BLR,2026-09-07 01:00:00,22.9,76.0,0.0,13.6,22.7,28840.0,100.0,3.0
BLR,2026-09-07 02:00:00,22.1,81.0,0.0,14.3,23.4,25660.0,100.0,3.0
BLR,2026-09-07 03:00:00,21.7,82.0,0.0,14.9,24.8,25740.0,99.0,3.0
BLR,2026-09-07 04:00:00,21.2,84.0,0.0,15.0,25.2,25700.0,99.0,3.0
BLR,2026-09-07 05:00:00,21.0,85.0,0.0,15.5,25.2,22860.0,96.0,3.0
BLR,2026-09-07 06:00:00,20.8,88.0,0.0,14.5,25.9,22800.0,91.0,3.0
BLR,2026-09-07 07:00:00,22.2,80.0,0.0,16.7,31.0,25340.0,89.0,3.0
BLR,2026-09-07 08:00:00,24.3,70.0,0.0,14.7,31.3,28300.0,88.0,3.0
BLR,2026-09-07 09:00:00,26.2,61.0,0.0,14.2,31.0,31240.0,50.0,2.0
BLR,2026-09-07 10:00:00,28.0,53.0,0.0,14.5,32.4,33760.0,40.0,1.0
BLR,2026-09-07 11:00:00,29.3,45.0,0.0,14.9,33.5,37280.0,30.0,1.0
BLR,2026-09-07 12:00:00,30.4,41.0,0.0,16.3,35.3,37440.0,21.0,1.0
BLR,2026-09-07 13:00:00,31.0,39.0,0.0,16.7,36.4,37600.0,13.0,0.0
BLR,2026-09-07 14:00:00,31.3,38.0,0.0,15.6,36.0,41540.0,6.0,0.0
BLR,2026-09-07 15:00:00,31.6,37.0,0.0,16.1,33.8,41600.0,41.0,1.0
BLR,2026-09-07 16:00:00,30.2,41.0,0.0,19.6,37.4,31200.0,20.0,1.0
BLR,2026-09-07 17:00:00,29.7,40.0,0.0,17.1,37.4,37680.0,64.0,2.0
BLR,2026-09-07 18:00:00,28.0,47.0,0.0,14.0,31.0,37460.0,91.0,3.0
BLR,2026-09-07 19:00:00,26.8,51.0,0.0,8.5,23.0,33920.0,57.0,2.0
BLR,2026-09-07 20:00:00,25.9,55.0,0.0,5.5,13.3,33820.0,52.0,2.0
BLR,2026-09-07 21:00:00,25.9,57.0,0.0,7.8,12.2,33700.0,22.0,1.0
BLR,2026-09-07 22:00:00,25.3,60.0,0.0,11.6,17.6,33620.0,7.0,0.0
BLR,2026-09-07 23:00:00,24.9,63.0,0.0,13.1,23.4,31220.0,23.0,1.0
BLR,2026-09-08 00:00:00,23.9,70.0,0.0,13.5,22.3,31240.0,24.0,1.0
BLR,2026-09-08 01:00:00,23.1,76.0,0.0,14.6,24.1,27420.0,30.0,1.0
BLR,2026-09-08 02:00:00,22.4,81.0,0.0,15.3,25.6,25360.0,31.0,1.0
BLR,2026-09-08 03:00:00,21.7,82.0,0.0,15.2,25.6,25480.0,27.0,1.0
BLR,2026-09-08 04:00:00,21.3,82.0,0.0,15.4,25.9,25440.0,41.0,1.0
BLR,2026-09-08 05:00:00,21.3,84.0,0.0,14.1,25.9,25360.0,7.0,0.0
BLR,2026-09-08 06:00:00,21.0,84.0,0.0,14.7,24.5,25300.0,39.0,1.0
BLR,2026-09-08 07:00:00,22.5,77.0,0.0,15.8,29.9,28400.0,47.0,1.0
BLR,2026-09-08 08:00:00,24.5,69.0,0.0,15.9,32.0,28320.0,70.0,2.0
BLR,2026-09-08 09:00:00,26.4,60.0,0.0,17.0,34.9,31000.0,91.0,3.0
BLR,2026-09-08 10:00:00,28.5,50.0,0.0,17.4,36.7,33500.0,75.0,2.0
BLR,2026-09-08 11:00:00,29.3,47.0,0.0,16.6,36.7,36940.0,62.0,2.0
BLR,2026-09-08 12:00:00,30.1,44.0,0.0,17.1,36.4,37060.0,40.0,1.0
BLR,2026-09-08 13:00:00,30.6,41.0,0.0,17.5,37.1,31260.0,52.0,2.0
BLR,2026-09-08 14:00:00,31.1,38.0,0.0,16.5,37.1,41220.0,48.0,1.0
BLR,2026-09-08 15:00:00,31.6,34.0,0.0,17.3,34.6,41320.0,67.0,2.0
BLR,2026-09-08 16:00:00,30.4,38.0,0.0,19.8,36.7,27040.0,63.0,2.0
BLR,2026-09-08 17:00:00,29.3,42.0,0.1,16.9,38.5,37460.0,14.0,51.0
BLR,2026-09-08 18:00:00,27.2,51.0,0.0,13.4,31.3,26900.0,23.0,1.0
BLR,2026-09-08 19:00:00,26.2,56.0,0.0,9.6,21.6,33680.0,23.0,1.0
BLR,2026-09-08 20:00:00,25.5,60.0,0.0,14.5,23.8,33540.0,9.0,0.0
BLR,2026-09-08 21:00:00,24.6,65.0,0.0,13.2,24.1,16100.0,18.0,0.0
BLR,2026-09-08 22:00:00,23.4,75.0,0.2,13.7,23.4,4380.0,66.0,51.0
BLR,2026-09-08 23:00:00,21.1,92.0,0.3,3.8,22.0,6080.0,76.0,51.0
BLR,2026-09-09 00:00:00,21.3,94.0,0.3,7.2,13.0,7020.0,59.0,51.0
BLR,2026-09-09 01:00:00,21.0,95.0,0.1,9.6,16.6,11020.0,41.0,51.0
BLR,2026-09-09 02:00:00,20.9,96.0,0.0,11.4,18.7,12700.0,20.0,1.0
BLR,2026-09-09 03:00:00,20.8,96.0,0.0,12.3,20.5,18400.0,24.0,1.0
BLR,2026-09-09 04:00:00,20.5,96.0,0.0,13.6,22.7,13480.0,41.0,1.0
BLR,2026-09-09 05:00:00,21.2,87.0,0.0,14.3,22.7,22440.0,30.0,1.0
BLR,2026-09-09 06:00:00,20.9,87.0,0.0,15.9,26.3,22400.0,45.0,1.0
BLR,2026-09-09 07:00:00,22.3,79.0,0.0,20.0,35.6,25040.0,92.0,3.0
BLR,2026-09-09 08:00:00,24.2,68.0,0.0,20.5,38.9,30880.0,55.0,2.0
BLR,2026-09-09 09:00:00,26.2,58.0,0.0,20.0,39.2,33300.0,81.0,3.0
BLR,2026-09-09 10:00:00,27.9,50.0,0.0,19.5,39.6,33340.0,91.0,3.0
BLR,2026-09-09 11:00:00,28.0,49.0,0.0,16.3,39.2,33280.0,100.0,3.0
BLR,2026-09-09 12:00:00,28.9,45.0,0.0,13.8,33.5,36860.0,99.0,3.0
BLR,2026-09-09 13:00:00,30.4,41.0,0.0,14.5,32.0,37080.0,99.0,3.0
BLR,2026-09-09 14:00:00,30.7,39.0,0.0,14.3,32.0,41080.0,94.0,3.0
BLR,2026-09-09 15:00:00,31.0,37.0,0.0,14.8,30.2,41140.0,75.0,2.0
BLR,2026-09-09 16:00:00,30.6,38.0,0.0,14.8,30.6,41140.0,94.0,3.0
BLR,2026-09-09 17:00:00,28.9,45.0,0.0,13.2,28.8,37220.0,98.0,3.0
BLR,2026-09-09 18:00:00,26.9,52.0,0.0,8.9,23.4,33680.0,81.0,3.0
BLR,2026-09-09 19:00:00,25.6,57.0,0.0,6.6,14.4,33500.0,87.0,3.0
BLR,2026-09-09 20:00:00,24.9,61.0,0.0,7.4,11.5,33400.0,98.0,3.0
BLR,2026-09-09 21:00:00,24.3,63.0,0.0,5.1,11.9,33280.0,95.0,3.0
BLR,2026-09-09 22:00:00,23.8,65.0,0.0,6.4,8.3,30820.0,94.0,3.0
BLR,2026-09-09 23:00:00,23.6,66.0,0.0,11.8,19.4,30880.0,45.0,1.0
BLR,2026-09-10 00:00:00,22.5,76.0,0.0,10.0,19.4,28240.0,46.0,1.0
BLR,2026-09-10 01:00:00,21.9,81.0,0.0,10.8,17.3,25080.0,9.0,0.0
BLR,2026-09-10 02:00:00,21.5,84.0,0.0,12.1,19.8,25080.0,73.0,2.0
BLR,2026-09-10 03:00:00,21.0,88.0,0.0,12.3,20.5,22360.0,80.0,3.0
BLR,2026-09-10 04:00:00,20.7,91.0,0.0,12.8,20.9,18880.0,72.0,2.0
BLR,2026-09-10 05:00:00,21.1,89.0,0.0,13.5,21.2,22280.0,11.0,0.0
BLR,2026-09-10 06:00:00,20.8,91.0,0.0,15.7,25.6,22260.0,30.0,1.0
BLR,2026-09-10 07:00:00,22.6,81.0,0.0,18.8,33.8,24920.0,70.0,2.0
BLR,2026-09-10 08:00:00,25.0,67.0,0.0,20.2,38.2,30700.0,87.0,3.0
BLR,2026-09-10 09:00:00,26.5,61.0,0.0,19.1,39.2,11080.0,70.0,2.0
BLR,2026-09-10 10:00:00,27.8,56.0,0.1,18.8,38.2,12900.0,45.0,51.0
BLR,2026-09-10 11:00:00,28.6,52.0,0.1,18.9,38.5,11820.0,99.0,51.0
BLR,2026-09-10 12:00:00,29.0,50.0,0.2,19.1,39.2,7460.0,100.0,51.0
BLR,2026-09-10 13:00:00,29.2,51.0,0.3,17.0,38.9,8100.0,100.0,51.0
BLR,2026-09-10 14:00:00,29.5,48.0,0.1,15.6,35.3,22360.0,99.0,51.0
BLR,2026-09-10 15:00:00,29.4,47.0,0.0,14.5,32.0,37060.0,100.0,3.0
BLR,2026-09-10 16:00:00,29.4,47.0,0.0,13.8,28.8,37040.0,100.0,3.0
BLR,2026-09-10 17:00:00,29.5,43.0,0.0,11.4,26.6,37000.0,99.0,3.0
BLR,2026-09-10 18:00:00,27.7,50.0,0.0,9.1,19.4,36860.0,95.0,3.0
BLR,2026-09-10 19:00:00,26.8,53.0,0.0,10.8,17.3,33300.0,100.0,3.0
BLR,2026-09-10 20:00:00,26.1,55.0,0.0,8.9,17.3,33220.0,98.0,3.0
BLR,2026-09-10 21:00:00,24.9,60.0,0.0,4.7,13.7,33120.0,100.0,3.0
BLR,2026-09-10 22:00:00,24.5,61.0,0.0,9.5,13.7,33020.0,100.0,3.0
BLR,2026-09-10 23:00:00,24.7,62.0,0.0,10.2,18.7,11420.0,100.0,3.0
BLR,2026-09-11 00:00:00,23.7,71.0,0.0,10.4,16.9,30760.0,98.0,3.0
BLR,2026-09-11 01:00:00,22.9,76.0,0.0,11.0,17.3,28100.0,98.0,3.0
BLR,2026-09-11 02:00:00,22.5,79.0,0.0,12.2,20.2,28160.0,94.0,3.0
BLR,2026-09-11 03:00:00,22.1,79.0,0.0,11.7,19.8,28160.0,75.0,2.0
BLR,2026-09-11 04:00:00,21.8,79.0,0.0,12.4,20.5,28160.0,81.0,3.0
BLR,2026-09-11 05:00:00,22.4,83.0,0.0,14.2,22.7,24880.0,66.0,2.0
BLR,2026-09-11 06:00:00,22.1,86.0,0.0,15.5,25.6,19500.0,96.0,3.0
BLR,2026-09-11 07:00:00,23.3,81.0,0.0,17.8,32.0,20140.0,97.0,3.0
BLR,2026-09-11 08:00:00,25.0,69.0,0.0,18.9,36.0,19440.0,96.0,3.0
BLR,2026-09-11 09:00:00,26.3,61.0,0.0,18.1,36.0,11820.0,100.0,3.0
BLR,2026-09-11 10:00:00,27.8,54.0,0.0,17.2,35.6,14680.0,100.0,3.0
BLR,2026-09-11 11:00:00,28.7,50.0,0.0,17.4,35.3,13620.0,98.0,3.0
BLR,2026-09-11 12:00:00,29.7,47.0,0.0,17.3,37.1,11740.0,84.0,3.0
BLR,2026-09-11 13:00:00,30.0,45.0,0.1,17.2,36.4,10160.0,98.0,51.0
BLR,2026-09-11 14:00:00,30.3,44.0,0.1,16.3,35.6,36740.0,94.0,51.0
BLR,2026-09-11 15:00:00,30.5,43.0,0.0,16.3,33.8,36760.0,79.0,2.0
BLR,2026-09-11 16:00:00,29.7,45.0,0.0,16.7,33.1,36760.0,23.0,1.0
BLR,2026-09-11 17:00:00,29.4,43.0,0.0,14.6,32.0,36700.0,100.0,3.0
BLR,2026-09-11 18:00:00,27.7,48.0,0.0,8.9,24.8,36660.0,100.0,3.0
BLR,2026-09-11 19:00:00,26.4,55.0,0.0,4.2,14.0,33240.0,99.0,3.0
BLR,2026-09-11 20:00:00,25.5,62.0,0.0,2.2,6.1,33160.0,100.0,3.0
BLR,2026-09-11 21:00:00,24.6,64.0,0.0,4.0,5.0,30600.0,100.0,3.0
BLR,2026-09-11 22:00:00,24.0,65.0,0.0,7.9,12.6,30520.0,100.0,3.0
BLR,2026-09-11 23:00:00,24.0,63.0,0.0,8.6,12.6,30540.0,99.0,3.0
BLR,2026-09-12 00:00:00,23.4,62.0,0.0,8.2,13.7,33000.0,100.0,3.0
BLR,2026-09-12 01:00:00,23.2,62.0,0.0,7.0,13.0,33040.0,100.0,3.0
BLR,2026-09-12 02:00:00,22.7,64.0,0.0,10.4,16.2,30640.0,99.0,3.0
BLR,2026-09-12 03:00:00,21.9,69.0,0.0,11.1,18.0,30660.0,100.0,3.0
BLR,2026-09-12 04:00:00,21.3,73.0,0.0,10.6,18.0,27940.0,100.0,3.0
BLR,2026-09-12 05:00:00,21.8,72.0,0.0,10.1,17.3,27860.0,100.0,3.0
BLR,2026-09-12 06:00:00,21.5,78.0,0.0,11.2,17.6,27780.0,100.0,3.0
BLR,2026-09-12 07:00:00,22.8,80.0,0.0,13.5,24.8,24520.0,100.0,3.0
BLR,2026-09-12 08:00:00,24.3,73.0,0.0,13.3,27.0,27560.0,99.0,3.0
BLR,2026-09-12 09:00:00,26.1,63.0,0.0,13.4,28.8,30200.0,99.0,3.0
BLR,2026-09-12 10:00:00,27.8,55.0,0.0,12.8,29.2,32660.0,100.0,3.0
BLR,2026-09-12 11:00:00,28.7,52.0,0.0,9.7,28.8,30580.0,99.0,3.0
BLR,2026-09-12 12:00:00,29.7,48.0,0.0,9.1,24.1,36200.0,100.0,3.0
BLR,2026-09-12 13:00:00,30.1,46.0,0.0,10.8,25.6,36340.0,100.0,3.0
BLR,2026-09-12 14:00:00,30.3,45.0,0.0,12.3,27.4,36380.0,100.0,3.0
BLR,2026-09-12 15:00:00,30.0,44.0,0.0,13.2,27.4,36380.0,100.0,3.0
BLR,2026-09-12 16:00:00,29.4,45.0,0.0,12.0,27.4,36380.0,100.0,3.0
BLR,2026-09-12 17:00:00,29.4,40.0,0.0,12.6,23.8,40080.0,100.0,3.0
BLR,2026-09-12 18:00:00,27.3,46.0,0.0,8.8,21.2,36240.0,100.0,3.0
BLR,2026-09-12 19:00:00,26.2,51.0,0.0,5.9,14.0,36100.0,100.0,3.0
BLR,2026-09-12 20:00:00,25.4,54.0,0.0,8.7,13.0,32580.0,100.0,3.0
BLR,2026-09-12 21:00:00,24.8,53.0,0.0,7.8,14.8,32460.0,100.0,3.0
BLR,2026-09-12 22:00:00,24.7,51.0,0.0,15.2,24.5,35720.0,100.0,3.0
BLR,2026-09-12 23:00:00,23.9,58.0,0.0,13.2,24.8,32360.0,98.0,3.0
BLR,2026-09-13 00:00:00,22.5,70.0,0.0,9.8,21.6,30000.0,99.0,3.0
BLR,2026-09-13 01:00:00,22.0,76.0,0.0,8.4,15.8,27400.0,100.0,3.0
BLR,2026-09-13 02:00:00,21.3,81.0,0.0,7.9,13.7,27440.0,100.0,3.0
BLR,2026-09-13 03:00:00,20.9,84.0,0.0,9.4,15.1,24300.0,98.0,3.0
BLR,2026-09-13 04:00:00,20.5,86.0,0.0,9.2,15.5,21560.0,100.0,3.0
BLR,2026-09-13 05:00:00,20.7,85.0,0.0,8.6,16.9,24180.0,100.0,3.0
BLR,2026-09-13 06:00:00,20.5,85.0,0.0,11.3,18.0,24120.0,100.0,3.0
BLR,2026-09-13 07:00:00,21.7,80.0,0.0,12.3,24.1,24040.0,99.0,3.0
BLR,2026-09-13 08:00:00,24.0,70.0,0.0,11.2,24.5,27040.0,98.0,3.0
BLR,2026-09-13 09:00:00,26.3,58.0,0.0,11.4,26.3,32000.0,90.0,3.0
BLR,2026-09-13 10:00:00,28.1,50.0,0.0,10.6,27.0,32020.0,93.0,3.0
BLR,2026-09-13 11:00:00,29.1,47.0,0.0,8.6,26.3,35380.0,96.0,3.0
BLR,2026-09-13 12:00:00,29.8,44.0,0.0,7.4,23.0,35440.0,99.0,3.0
BLR,2026-09-13 13:00:00,30.3,40.0,0.0,8.8,23.0,35620.0,100.0,3.0
BLR,2026-09-13 14:00:00,30.4,38.0,0.0,11.1,25.2,39420.0,100.0,3.0
BLR,2026-09-13 15:00:00,29.9,38.0,0.0,11.8,25.6,39440.0,100.0,3.0
BLR,2026-09-13 16:00:00,29.2,39.0,0.0,11.5,25.2,39440.0,100.0,3.0
BLR,2026-09-13 17:00:00,28.6,41.0,0.0,11.5,23.0,35680.0,100.0,3.0
BLR,2026-09-13 18:00:00,26.7,46.0,0.0,6.4,19.8,35540.0,98.0,3.0
BLR,2026-09-13 19:00:00,25.3,53.0,0.0,4.0,10.1,35380.0,100.0,3.0
BLR,2026-09-13 20:00:00,24.6,57.0,0.0,8.2,12.6,31880.0,100.0,3.0
BLR,2026-09-13 21:00:00,24.1,62.0,0.0,7.5,13.7,31760.0,100.0,3.0
BLR,2026-09-13 22:00:00,23.9,63.0,0.0,10.2,16.2,29320.0,100.0,3.0
BLR,2026-09-13 23:00:00,23.5,69.0,0.0,1.9,16.2,29340.0,99.0,3.0
BLR,2026-09-14 00:00:00,22.9,70.0,0.0,1.3,2.2,29400.0,99.0,3.0
BLR,2026-09-14 01:00:00,22.3,73.0,0.0,0.9,1.8,29440.0,100.0,3.0
BLR,2026-09-14 02:00:00,21.7,73.0,0.0,3.3,4.7,29500.0,100.0,3.0
BLR,2026-09-14 03:00:00,21.1,74.0,0.0,7.4,11.5,26900.0,98.0,3.0
BLR,2026-09-14 04:00:00,20.6,78.0,0.0,4.6,12.2,26820.0,86.0,3.0
BLR,2026-09-14 05:00:00,21.3,88.0,0.0,4.4,6.1,20800.0,91.0,3.0
BLR,2026-09-14 06:00:00,21.0,91.0,0.0,2.4,6.5,21000.0,91.0,3.0
BLR,2026-09-14 07:00:00,22.7,84.0,0.0,0.8,7.2,23600.0,89.0,3.0
BLR,2026-09-14 08:00:00,25.1,68.0,0.0,3.6,13.3,29160.0,92.0,3.0
BLR,2026-09-14 09:00:00,27.0,58.0,0.0,6.0,18.7,17640.0,98.0,3.0
BLR,2026-09-14 10:00:00,28.1,53.0,0.0,4.9,18.7,10500.0,94.0,3.0
BLR,2026-09-14 11:00:00,29.0,49.0,0.2,6.5,18.0,10120.0,98.0,51.0
BLR,2026-09-14 12:00:00,29.8,46.0,0.2,5.5,20.5,7660.0,98.0,51.0
BLR,2026-09-14 13:00:00,30.0,46.0,0.3,3.6,19.8,7440.0,98.0,51.0
BLR,2026-09-14 14:00:00,30.1,46.0,0.1,4.2,17.6,13700.0,84.0,51.0
BLR,2026-09-14 15:00:00,30.1,46.0,0.0,6.6,18.4,9020.0,33.0,1.0
BLR,2026-09-14 16:00:00,29.1,49.0,0.2,8.8,20.5,9040.0,27.0,51.0
BLR,2026-09-14 17:00:00,27.4,53.0,0.1,3.4,20.2,8660.0,85.0,51.0
BLR,2026-09-14 18:00:00,22.7,85.0,0.2,18.6,31.3,13740.0,63.0,51.0
BLR,2026-09-14 19:00:00,21.3,89.0,0.0,14.4,31.3,8760.0,61.0,2.0
BLR,2026-09-14 20:00:00,21.7,87.0,0.0,12.1,26.6,20560.0,70.0,2.0
BLR,2026-09-14 21:00:00,21.8,85.0,0.0,9.7,18.7,23320.0,86.0,3.0
BLR,2026-09-14 22:00:00,21.8,87.0,0.0,11.7,18.7,20620.0,94.0,3.0
BLR,2026-09-14 23:00:00,21.9,88.0,0.0,13.7,19.8,20100.0,45.0,1.0
BLR,2026-09-15 00:00:00,21.6,89.0,0.0,9.7,23.0,20640.0,33.0,1.0
BLR,2026-09-15 01:00:00,21.4,90.0,0.0,7.3,16.2,16940.0,12.0,0.0
BLR,2026-09-15 02:00:00,21.0,91.0,0.0,7.5,12.2,17380.0,28.0,1.0
BLR,2026-09-15 03:00:00,20.7,91.0,0.0,8.9,14.0,17500.0,5.0,0.0
BLR,2026-09-15 04:00:00,20.3,94.0,0.0,10.0,16.6,17480.0,10.0,0.0
BLR,2026-09-15 05:00:00,20.8,93.0,0.0,7.3,16.6,15500.0,9.0,0.0
BLR,2026-09-15 06:00:00,20.5,96.0,0.0,7.7,11.9,11840.0,17.0,0.0
BLR,2026-09-15 07:00:00,22.6,84.0,0.0,9.5,19.8,20300.0,39.0,1.0
BLR,2026-09-15 08:00:00,24.9,72.0,0.0,10.8,24.8,24040.0,28.0,1.0
BLR,2026-09-15 09:00:00,26.6,63.0,0.0,7.5,24.1,13360.0,21.0,1.0
BLR,2026-09-15 10:00:00,27.9,55.0,0.0,4.1,21.2,13380.0,48.0,1.0
BLR,2026-09-15 11:00:00,28.6,51.0,0.1,2.4,17.6,10340.0,55.0,51.0
BLR,2026-09-15 12:00:00,29.9,47.0,0.1,3.3,17.3,12740.0,67.0,51.0
BLR,2026-09-15 13:00:00,30.4,46.0,0.1,3.7,18.0,7100.0,91.0,51.0
BLR,2026-09-15 14:00:00,30.4,46.0,0.1,1.4,17.6,34960.0,94.0,51.0
BLR,2026-09-15 15:00:00,30.4,46.0,0.0,2.1,14.0,14220.0,91.0,3.0
BLR,2026-09-15 16:00:00,30.0,47.0,0.0,2.2,14.0,35060.0,100.0,3.0
BLR,2026-09-15 17:00:00,27.7,60.0,0.0,9.6,12.6,4040.0,97.0,3.0
BLR,2026-09-15 18:00:00,24.1,84.0,0.6,15.8,22.3,5860.0,95.0,53.0
BLR,2026-09-15 19:00:00,23.2,88.0,0.1,11.5,32.8,13340.0,90.0,51.0
BLR,2026-09-15 20:00:00,22.0,91.0,0.1,15.4,25.6,10560.0,95.0,51.0
BLR,2026-09-15 21:00:00,21.4,92.0,0.0,11.8,32.4,10460.0,86.0,3.0
BLR,2026-09-15 22:00:00,20.6,94.0,0.0,12.3,20.9,20260.0,100.0,3.0
BLR,2026-09-15 23:00:00,21.7,94.0,0.0,9.4,22.3,9820.0,96.0,3.0
BLR,2026-09-16 00:00:00,21.2,96.0,0.7,9.6,15.8,4000.0,98.0,53.0
BLR,2026-09-16 01:00:00,20.7,98.0,0.5,12.9,22.3,5520.0,99.0,53.0
BLR,2026-09-16 02:00:00,20.3,98.0,0.3,15.5,25.6,5020.0,100.0,51.0
BLR,2026-09-16 03:00:00,20.4,96.0,0.1,11.8,25.9,9480.0,100.0,51.0
BLR,2026-09-16 04:00:00,20.5,96.0,0.0,10.5,19.8,11980.0,100.0,3.0
BLR,2026-09-16 05:00:00,21.0,91.0,0.0,10.4,16.9,14900.0,85.0,3.0
BLR,2026-09-16 06:00:00,20.8,92.0,0.0,10.2,18.0,16880.0,30.0,1.0
BLR,2026-09-16 07:00:00,22.0,84.0,0.0,10.3,20.9,22920.0,52.0,2.0
BLR,2026-09-16 08:00:00,24.2,71.0,0.0,12.0,25.2,25820.0,41.0,1.0
BLR,2026-09-16 09:00:00,26.5,56.0,0.0,13.4,29.2,30660.0,42.0,1.0
BLR,2026-09-16 10:00:00,28.0,49.0,0.0,11.6,29.5,30760.0,19.0,0.0
BLR,2026-09-16 11:00:00,28.0,51.0,0.0,10.9,27.0,30780.0,80.0,3.0
BLR,2026-09-16 12:00:00,29.1,49.0,0.0,8.5,25.9,34220.0,58.0,2.0
BLR,2026-09-16 13:00:00,29.8,46.0,0.0,6.3,23.0,34340.0,30.0,1.0
BLR,2026-09-16 14:00:00,30.7,44.0,0.0,6.2,20.9,34500.0,38.0,1.0
BLR,2026-09-16 15:00:00,30.5,43.0,0.0,6.3,19.4,34580.0,40.0,1.0
BLR,2026-09-16 16:00:00,30.1,42.0,0.0,6.7,18.7,27120.0,66.0,2.0
BLR,2026-09-16 17:00:00,30.1,39.0,0.0,6.0,16.9,38140.0,98.0,3.0
BLR,2026-09-16 18:00:00,28.3,50.0,0.0,1.0,10.1,34420.0,55.0,2.0
BLR,2026-09-16 19:00:00,26.9,55.0,0.0,2.1,2.2,30960.0,77.0,2.0
BLR,2026-09-16 20:00:00,25.4,67.0,0.0,9.2,13.7,28500.0,91.0,3.0
BLR,2026-09-16 21:00:00,24.3,73.0,0.0,10.0,17.6,25820.0,98.0,3.0
BLR,2026-09-16 22:00:00,24.2,74.0,0.0,8.7,15.8,25780.0,94.0,3.0
BLR,2026-09-16 23:00:00,24.2,77.0,0.0,7.9,14.0,25840.0,95.0,3.0
BLR,2026-09-17 00:00:00,24.0,78.0,0.0,11.5,17.3,13700.0,43.0,1.0
BLR,2026-09-17 01:00:00,23.3,77.0,0.0,13.6,23.0,22980.0,11.0,0.0
BLR,2026-09-17 02:00:00,22.1,81.0,0.0,10.9,22.3,15400.0,35.0,1.0
BLR,2026-09-17 03:00:00,21.2,89.0,0.2,12.5,19.8,7120.0,96.0,51.0
BLR,2026-09-17 04:00:00,20.0,93.0,0.1,11.7,26.3,12580.0,84.0,51.0
BLR,2026-09-17 05:00:00,20.8,97.0,0.0,13.4,20.2,9280.0,86.0,3.0
BLR,2026-09-17 06:00:00,20.7,95.0,0.0,10.7,22.7,13540.0,88.0,3.0
BLR,2026-09-17 07:00:00,22.2,88.0,0.0,11.1,21.6,17000.0,91.0,3.0
BLR,2026-09-17 08:00:00,24.3,77.0,0.0,13.0,27.0,14120.0,91.0,3.0
BLR,2026-09-17 09:00:00,26.2,67.0,0.1,12.2,27.7,13260.0,75.0,51.0
BLR,2026-09-17 10:00:00,27.7,60.0,0.1,11.0,27.7,8660.0,52.0,51.0
BLR,2026-09-17 11:00:00,28.8,55.0,0.1,9.5,27.4,9280.0,61.0,51.0
BLR,2026-09-17 12:00:00,29.5,54.0,0.1,9.8,25.6,13360.0,34.0,51.0
BLR,2026-09-17 13:00:00,30.4,50.0,0.0,10.3,26.3,15720.0,49.0,1.0
BLR,2026-09-17 14:00:00,30.5,50.0,0.1,9.7,25.9,13460.0,56.0,51.0
BLR,2026-09-17 15:00:00,29.8,49.0,0.0,12.1,26.3,5220.0,91.0,3.0
BLR,2026-09-17 16:00:00,27.4,67.0,1.1,8.2,27.0,8040.0,34.0,55.0
BLR,2026-09-17 17:00:00,28.8,50.0,0.2,11.7,28.8,12160.0,49.0,51.0
BLR,2026-09-17 18:00:00,25.5,64.0,0.1,8.7,20.5,4260.0,76.0,51.0
BLR,2026-09-17 19:00:00,24.4,84.0,1.2,6.9,12.6,5440.0,80.0,55.0
BLR,2026-09-17 20:00:00,22.2,87.0,0.3,18.6,34.6,9640.0,20.0,51.0
BLR,2026-09-17 21:00:00,22.1,88.0,0.0,11.6,29.5,13500.0,34.0,1.0
BLR,2026-09-17 22:00:00,22.1,90.0,0.0,9.6,18.0,11700.0,17.0,0.0
BLR,2026-09-17 23:00:00,21.7,96.0,0.0,7.9,15.5,3080.0,95.0,3.0
BLR,2026-09-18 00:00:00,21.6,96.0,0.7,7.9,14.0,6700.0,99.0,53.0
BLR,2026-09-18 01:00:00,21.5,96.0,0.1,8.4,13.7,11740.0,98.0,51.0
BLR,2026-09-18 02:00:00,21.6,96.0,0.0,8.6,14.8,16020.0,99.0,3.0
BLR,2026-09-18 03:00:00,21.6,97.0,0.0,9.8,15.8,11620.0,100.0,3.0
BLR,2026-09-18 04:00:00,21.6,96.0,0.0,12.4,19.8,11640.0,100.0,3.0
BLR,2026-09-18 05:00:00,21.6,93.0,0.0,13.2,24.5,15780.0,100.0,3.0
BLR,2026-09-18 06:00:00,21.2,93.0,0.0,13.4,22.3,15620.0,100.0,3.0
BLR,2026-09-18 07:00:00,22.4,86.0,0.0,17.2,30.2,18620.0,95.0,3.0
BLR,2026-09-18 08:00:00,24.5,73.0,0.0,17.6,33.8,23560.0,90.0,3.0
BLR,2026-09-18 09:00:00,26.9,60.0,0.0,17.8,35.6,27560.0,92.0,3.0
BLR,2026-09-18 10:00:00,29.0,51.0,0.0,16.5,36.0,29900.0,99.0,3.0
BLR,2026-09-18 11:00:00,28.6,51.0,0.0,13.4,34.9,25440.0,99.0,3.0
BLR,2026-09-18 12:00:00,29.3,49.0,0.0,11.7,29.5,30000.0,95.0,3.0
BLR,2026-09-18 13:00:00,30.3,45.0,0.0,10.7,27.7,33440.0,68.0,2.0
BLR,2026-09-18 14:00:00,31.3,43.0,0.0,10.8,27.4,33600.0,91.0,3.0
BLR,2026-09-18 15:00:00,31.0,43.0,0.0,10.0,26.3,33620.0,99.0,3.0
BLR,2026-09-18 16:00:00,30.4,43.0,0.0,11.4,24.1,5940.0,76.0,2.0
BLR,2026-09-18 17:00:00,30.0,42.0,0.5,9.3,23.4,33500.0,80.0,53.0
BLR,2026-09-18 18:00:00,27.9,49.0,0.0,9.5,17.3,33320.0,57.0,2.0
BLR,2026-09-18 19:00:00,27.0,52.0,0.0,6.3,15.8,29900.0,53.0,2.0
BLR,2026-09-18 20:00:00,26.2,55.0,0.0,6.2,10.1,29780.0,91.0,3.0
BLR,2026-09-18 21:00:00,26.1,56.0,0.0,7.6,12.6,29700.0,78.0,2.0
BLR,2026-09-18 22:00:00,24.4,68.0,0.0,15.1,24.5,22380.0,52.0,2.0
BLR,2026-09-18 23:00:00,24.1,71.0,0.0,13.4,24.8,24840.0,66.0,2.0
BLR,2026-09-19 00:00:00,23.7,72.0,0.0,12.8,22.0,24860.0,93.0,3.0
BLR,2026-09-19 01:00:00,23.3,75.0,0.0,11.7,20.9,24900.0,91.0,3.0
BLR,2026-09-19 02:00:00,22.7,80.0,0.0,12.8,20.9,24940.0,78.0,2.0
BLR,2026-09-19 03:00:00,22.0,84.0,0.0,12.1,21.2,22000.0,55.0,2.0
BLR,2026-09-19 04:00:00,21.5,87.0,0.0,11.8,19.8,19420.0,49.0,1.0
BLR,2026-09-19 05:00:00,21.4,87.0,0.0,11.0,19.4,19380.0,82.0,3.0
BLR,2026-09-19 06:00:00,21.0,89.0,0.0,11.6,18.4,19300.0,42.0,1.0
BLR,2026-09-19 07:00:00,22.8,80.0,0.0,13.4,25.6,21700.0,19.0,0.0
BLR,2026-09-19 08:00:00,25.1,68.0,0.0,13.6,28.4,27000.0,29.0,1.0
BLR,2026-09-19 09:00:00,27.3,57.0,0.0,14.6,31.3,29300.0,2.0,0.0
BLR,2026-09-19 10:00:00,29.2,50.0,0.0,14.0,32.0,29320.0,66.0,2.0
BLR,2026-09-19 11:00:00,29.9,47.0,0.0,12.4,31.3,32540.0,91.0,3.0
BLR,2026-09-19 12:00:00,30.9,45.0,0.0,12.7,30.2,32760.0,89.0,3.0
BLR,2026-09-19 13:00:00,31.7,43.0,0.0,11.6,30.2,32940.0,47.0,1.0
BLR,2026-09-19 14:00:00,31.9,42.0,0.0,12.0,28.4,33120.0,86.0,3.0
BLR,2026-09-19 15:00:00,31.7,42.0,0.0,11.4,28.1,33160.0,77.0,2.0
BLR,2026-09-19 16:00:00,30.3,46.0,0.0,9.3,26.3,33160.0,95.0,3.0
BLR,2026-09-19 17:00:00,28.6,56.0,0.2,8.5,21.6,4500.0,91.0,51.0
BLR,2026-09-19 18:00:00,25.9,74.0,1.0,1.0,15.5,3600.0,84.0,55.0
BLR,2026-09-19 19:00:00,23.7,88.0,1.4,10.2,15.8,4820.0,44.0,80.0
BLR,2026-09-19 20:00:00,22.8,88.0,0.4,4.9,19.4,5960.0,92.0,51.0
BLR,2026-09-19 21:00:00,22.6,93.0,0.2,3.1,14.0,11160.0,90.0,51.0
BLR,2026-09-19 22:00:00,22.4,95.0,0.0,3.6,5.8,9560.0,99.0,3.0
BLR,2026-09-19 23:00:00,21.4,95.0,0.0,4.2,13.3,2280.0,100.0,3.0
BLR,2026-09-20 00:00:00,21.3,94.0,2.0,2.3,12.2,3560.0,100.0,80.0
BLR,2026-09-20 01:00:00,21.1,95.0,1.1,4.7,9.4,2740.0,100.0,55.0
BLR,2026-09-20 02:00:00,20.8,95.0,4.6,3.8,11.2,2220.0,100.0,95.0
BLR,2026-09-20 03:00:00,20.8,95.0,2.4,8.4,14.8,2820.0,100.0,80.0
BLR,2026-09-20 04:00:00,20.8,97.0,2.2,5.0,14.0,2600.0,100.0,80.0
BLR,2026-09-20 05:00:00,21.0,95.0,1.4,4.9,12.6,2660.0,100.0,61.0
BLR,2026-09-20 06:00:00,21.1,96.0,1.6,10.7,16.9,3280.0,100.0,61.0
BLR,2026-09-20 07:00:00,21.3,96.0,0.7,14.8,24.8,5380.0,100.0,53.0
BLR,2026-09-20 08:00:00,21.6,95.0,0.2,14.0,25.6,10100.0,100.0,51.0
BLR,2026-09-20 09:00:00,23.1,84.0,0.0,15.8,30.6,16040.0,100.0,3.0
BLR,2026-09-20 10:00:00,24.2,76.0,0.0,15.1,31.3,21340.0,100.0,3.0
BLR,2026-09-20 11:00:00,23.2,78.0,0.0,12.0,30.2,23300.0,100.0,3.0
BLR,2026-09-20 12:00:00,25.9,66.0,0.0,14.8,31.0,26740.0,95.0,3.0
BLR,2026-09-20 13:00:00,27.6,59.0,0.0,14.9,32.8,29100.0,98.0,3.0
BLR,2026-09-20 14:00:00,27.7,57.0,0.0,15.0,31.7,29300.0,97.0,3.0
BLR,2026-09-20 15:00:00,27.7,54.0,0.0,13.2,31.0,29360.0,100.0,3.0
BLR,2026-09-20 16:00:00,27.5,53.0,0.0,10.9,27.0,29260.0,100.0,3.0
BLR,2026-09-20 17:00:00,26.5,60.0,0.0,8.8,21.2,29220.0,100.0,3.0
BLR,2026-09-20 18:00:00,25.2,66.0,0.0,5.4,14.8,26820.0,100.0,3.0
BLR,2026-09-20 19:00:00,24.6,69.0,0.0,5.5,8.6,26660.0,100.0,3.0
BLR,2026-09-20 20:00:00,24.8,71.0,0.0,2.7,9.7,26540.0,100.0,3.0
BLR,2026-09-20 21:00:00,24.5,72.0,0.0,4.1,6.8,24000.0,100.0,3.0
BLR,2026-09-20 22:00:00,23.9,75.0,0.0,7.5,9.7,23920.0,99.0,3.0
BLR,2026-09-20 23:00:00,21.8,89.0,0.4,15.9,23.0,3900.0,100.0,51.0
BLR,2026-09-21 00:00:00,21.1,96.0,2.4,12.9,31.7,4600.0,100.0,80.0
BLR,2026-09-21 01:00:00,21.2,94.0,0.1,12.7,21.2,14720.0,99.0,51.0
BLR,2026-09-21 02:00:00,20.9,94.0,0.0,11.8,20.9,15660.0,99.0,3.0
BLR,2026-09-21 03:00:00,20.9,96.0,0.0,11.2,19.1,8400.0,98.0,3.0
BLR,2026-09-21 04:00:00,20.9,95.0,0.0,9.4,20.2,14720.0,92.0,3.0
BLR,2026-09-21 05:00:00,21.3,94.0,0.0,11.5,18.7,8820.0,55.0,2.0
BLR,2026-09-21 06:00:00,20.8,97.0,0.0,12.4,19.4,9340.0,88.0,3.0
BLR,2026-09-21 07:00:00,22.1,89.0,0.0,15.6,28.4,17260.0,98.0,3.0
BLR,2026-09-21 08:00:00,23.9,79.0,0.0,16.2,31.3,9860.0,100.0,3.0
BLR,2026-09-21 09:00:00,25.3,72.0,0.1,16.1,31.7,14680.0,94.0,51.0
BLR,2026-09-21 10:00:00,27.2,63.0,0.0,14.4,32.4,26380.0,73.0,2.0
BLR,2026-09-21 11:00:00,28.6,59.0,0.0,14.6,31.0,26400.0,98.0,3.0
BLR,2026-09-21 12:00:00,28.5,59.0,0.0,14.3,31.0,28780.0,99.0,3.0
BLR,2026-09-21 13:00:00,27.9,57.0,0.1,15.0,31.0,5580.0,70.0,51.0
BLR,2026-09-21 14:00:00,29.0,56.0,0.1,13.5,31.0,21400.0,60.0,51.0
BLR,2026-09-21 15:00:00,28.2,57.0,0.1,13.1,30.2,7420.0,50.0,51.0
BLR,2026-09-21 16:00:00,28.0,56.0,0.2,11.0,27.0,7000.0,90.0,51.0
BLR,2026-09-21 17:00:00,27.3,53.0,2.7,14.4,42.5,16120.0,98.0,81.0
BLR,2026-09-21 18:00:00,23.9,72.0,0.0,14.0,30.2,24020.0,82.0,3.0
BLR,2026-09-21 19:00:00,23.5,74.0,0.0,11.1,22.7,23860.0,98.0,3.0
BLR,2026-09-21 20:00:00,23.4,77.0,0.0,12.2,20.5,13220.0,100.0,3.0
BLR,2026-09-21 21:00:00,22.5,85.0,0.1,10.2,20.5,5700.0,100.0,51.0
BLR,2026-09-21 22:00:00,22.2,92.0,0.3,9.7,16.6,6120.0,100.0,51.0
BLR,2026-09-21 23:00:00,21.8,95.0,0.1,10.9,18.4,2800.0,100.0,51.0
BLR,2026-09-22 00:00:00,21.5,95.0,1.1,13.0,21.6,4320.0,100.0,55.0
BLR,2026-09-22 01:00:00,21.5,95.0,0.3,13.7,22.0,8040.0,100.0,51.0
BLR,2026-09-22 02:00:00,21.5,96.0,0.1,15.2,24.8,8440.0,100.0,51.0
BLR,2026-09-22 03:00:00,21.3,95.0,0.1,15.0,25.6,8980.0,100.0,51.0
BLR,2026-09-22 04:00:00,21.0,95.0,0.0,14.9,24.8,14660.0,100.0,3.0
BLR,2026-09-22 05:00:00,21.1,95.0,0.0,19.2,27.0,9220.0,100.0,3.0
BLR,2026-09-22 06:00:00,20.9,94.0,0.0,19.4,33.5,11900.0,100.0,3.0
BLR,2026-09-22 07:00:00,21.4,91.0,0.0,17.3,32.4,15080.0,100.0,3.0
BLR,2026-09-22 08:00:00,22.6,85.0,0.0,21.8,38.9,19140.0,100.0,3.0
BLR,2026-09-22 09:00:00,23.9,76.0,0.0,22.3,41.0,22620.0,100.0,3.0
BLR,2026-09-22 10:00:00,25.3,69.0,0.0,20.2,41.8,22640.0,100.0,3.0
BLR,2026-09-22 11:00:00,25.9,64.0,0.0,20.6,38.5,26020.0,100.0,3.0
BLR,2026-09-22 12:00:00,27.0,58.0,0.0,21.1,39.6,28420.0,100.0,3.0
BLR,2026-09-22 13:00:00,27.5,54.0,0.0,21.1,40.0,28500.0,100.0,3.0
BLR,2026-09-22 14:00:00,27.3,54.0,0.0,20.4,39.2,28580.0,100.0,3.0
BLR,2026-09-22 15:00:00,27.0,54.0,0.0,20.1,36.7,28580.0,100.0,3.0
BLR,2026-09-22 16:00:00,26.8,53.0,0.0,17.7,35.3,28560.0,99.0,3.0
BLR,2026-09-22 17:00:00,27.3,55.0,0.0,15.2,30.2,28540.0,100.0,3.0
BLR,2026-09-22 18:00:00,25.6,59.0,0.0,13.8,25.6,28460.0,100.0,3.0
BLR,2026-09-22 19:00:00,24.9,60.0,0.0,12.9,22.3,28340.0,100.0,3.0
BLR,2026-09-22 20:00:00,25.4,54.0,0.0,17.3,27.7,28200.0,100.0,3.0
BLR,2026-09-22 21:00:00,24.7,57.0,0.0,17.4,29.9,28100.0,98.0,3.0
BLR,2026-09-22 22:00:00,23.3,72.0,0.0,18.6,31.0,23420.0,91.0,3.0
BLR,2026-09-22 23:00:00,22.8,81.0,0.0,19.8,32.0,20580.0,97.0,3.0
BLR,2026-09-23 00:00:00,22.0,85.0,0.0,20.0,33.8,20620.0,98.0,3.0
BLR,2026-09-23 01:00:00,21.3,88.0,0.0,18.5,33.8,18240.0,100.0,3.0
BLR,2026-09-23 02:00:00,21.0,88.0,0.0,18.2,31.0,18260.0,100.0,3.0
BLR,2026-09-23 03:00:00,21.0,86.0,0.0,19.1,32.0,20700.0,100.0,3.0
BLR,2026-09-23 04:00:00,20.9,82.0,0.0,19.3,32.4,20680.0,100.0,3.0
BLR,2026-09-23 05:00:00,21.0,83.0,0.0,19.7,32.4,20640.0,100.0,3.0
BLR,2026-09-23 06:00:00,20.9,83.0,0.0,18.9,33.1,20540.0,100.0,3.0
BLR,2026-09-23 07:00:00,21.7,78.0,0.0,19.4,33.5,23300.0,100.0,3.0
BLR,2026-09-23 08:00:00,23.1,72.0,0.0,21.5,38.9,23220.0,98.0,3.0
BLR,2026-09-23 09:00:00,24.4,66.0,0.0,25.6,47.2,25640.0,97.0,3.0
BLR,2026-09-23 10:00:00,26.1,59.0,0.0,27.0,50.0,20200.0,81.0,3.0
BLR,2026-09-23 11:00:00,25.1,69.0,0.0,27.0,54.7,5240.0,100.0,3.0
BLR,2026-09-23 12:00:00,24.7,70.0,0.2,25.6,48.6,8980.0,100.0,51.0
BLR,2026-09-23 13:00:00,26.1,64.0,0.4,28.6,50.8,5720.0,100.0,51.0
BLR,2026-09-23 14:00:00,27.0,62.0,0.2,27.9,52.9,25920.0,99.0,51.0
BLR,2026-09-23 15:00:00,26.4,63.0,0.0,30.0,54.0,10820.0,100.0,3.0
BLR,2026-09-23 16:00:00,25.2,69.0,0.3,25.1,53.3,10380.0,100.0,51.0
BLR,2026-09-23 17:00:00,22.8,90.0,0.1,19.8,46.4,8540.0,100.0,51.0
BLR,2026-09-23 18:00:00,22.3,84.0,0.0,21.1,36.0,16960.0,100.0,3.0
BLR,2026-09-23 19:00:00,22.5,84.0,0.0,18.4,34.6,20400.0,100.0,3.0
BLR,2026-09-23 20:00:00,22.7,78.0,0.0,19.6,32.4,8000.0,100.0,3.0
BLR,2026-09-23 21:00:00,21.6,76.0,0.1,20.3,34.6,9720.0,100.0,51.0
BLR,2026-09-23 22:00:00,21.1,71.0,0.0,21.1,34.9,25480.0,100.0,3.0
BLR,2026-09-23 23:00:00,21.1,69.0,0.0,21.6,35.6,25540.0,100.0,3.0
BLR,2026-09-24 00:00:00,21.0,73.0,0.0,23.9,40.0,21800.0,100.0,3.0
BLR,2026-09-24 01:00:00,20.9,78.0,0.0,22.5,40.0,22800.0,100.0,3.0
BLR,2026-09-24 02:00:00,20.6,82.0,0.0,23.0,38.5,16260.0,100.0,3.0
BLR,2026-09-24 03:00:00,20.4,85.0,0.0,23.1,39.2,11160.0,100.0,3.0
BLR,2026-09-24 04:00:00,20.2,88.0,0.0,23.9,40.3,10320.0,100.0,3.0
BLR,2026-09-24 05:00:00,20.8,82.0,0.0,23.1,41.0,14820.0,100.0,3.0
BLR,2026-09-24 06:00:00,20.9,82.0,0.0,21.0,38.5,11420.0,100.0,3.0
BLR,2026-09-24 07:00:00,21.5,82.0,0.0,20.9,36.7,13020.0,100.0,3.0
BLR,2026-09-24 08:00:00,22.8,77.0,0.0,24.9,43.9,19360.0,99.0,3.0
BLR,2026-09-24 09:00:00,24.3,71.0,0.0,25.9,48.2,18720.0,100.0,3.0
BLR,2026-09-24 10:00:00,25.9,64.0,0.0,30.3,56.5,24140.0,100.0,3.0
BLR,2026-09-24 11:00:00,26.6,59.0,0.0,29.3,56.9,27700.0,97.0,3.0
BLR,2026-09-24 12:00:00,27.7,54.0,0.0,29.3,53.6,27720.0,100.0,3.0
BLR,2026-09-24 13:00:00,27.3,57.0,0.2,26.4,54.0,9120.0,77.0,51.0
BLR,2026-09-24 14:00:00,27.8,54.0,0.0,28.3,53.3,27800.0,90.0,3.0
BLR,2026-09-24 15:00:00,27.2,55.0,0.0,26.1,51.1,27800.0,100.0,3.0
BLR,2026-09-24 16:00:00,24.9,70.0,0.0,25.1,47.5,25540.0,98.0,3.0
BLR,2026-09-24 17:00:00,24.8,68.0,0.0,21.6,45.0,16120.0,98.0,3.0
BLR,2026-09-24 18:00:00,23.9,71.0,0.0,19.4,37.1,25420.0,98.0,3.0
BLR,2026-09-24 19:00:00,23.8,69.0,0.0,23.0,38.5,24840.0,98.0,3.0
BLR,2026-09-24 20:00:00,22.8,76.0,0.0,24.7,41.4,21940.0,99.0,3.0
BLR,2026-09-24 21:00:00,22.1,82.0,0.0,22.7,41.4,18540.0,100.0,3.0
BLR,2026-09-24 22:00:00,22.0,84.0,0.0,23.2,38.9,18660.0,100.0,3.0
BLR,2026-09-24 23:00:00,21.6,86.0,0.0,23.4,39.6,17380.0,100.0,3.0
BLR,2026-09-25 00:00:00,21.4,87.0,0.0,22.1,39.6,17340.0,100.0,3.0
BLR,2026-09-25 01:00:00,21.3,87.0,0.0,21.7,37.1,17660.0,100.0,3.0
BLR,2026-09-25 02:00:00,21.4,88.0,0.0,22.0,37.8,17660.0,100.0,3.0
BLR,2026-09-25 03:00:00,21.2,88.0,0.0,21.8,37.1,17500.0,100.0,3.0
BLR,2026-09-25 04:00:00,21.1,88.0,0.0,22.5,38.5,17100.0,100.0,3.0
BLR,2026-09-25 05:00:00,21.4,89.0,0.0,21.0,37.8,17580.0,100.0,3.0
BLR,2026-09-25 06:00:00,21.2,90.0,0.0,20.2,35.3,16160.0,100.0,3.0
BLR,2026-09-25 07:00:00,22.3,85.0,0.1,21.3,38.2,8360.0,89.0,51.0
BLR,2026-09-25 08:00:00,23.7,79.0,0.1,22.3,40.7,12300.0,98.0,51.0
BLR,2026-09-25 09:00:00,24.7,73.0,0.1,22.8,42.8,8500.0,98.0,51.0
BLR,2026-09-25 10:00:00,26.2,66.0,0.1,22.3,42.5,9540.0,98.0,51.0
BLR,2026-09-25 11:00:00,26.7,60.0,0.1,21.5,43.9,24940.0,100.0,51.0
BLR,2026-09-25 12:00:00,26.8,58.0,0.0,18.8,39.6,8580.0,99.0,3.0
BLR,2026-09-25 13:00:00,26.6,60.0,0.2,19.1,35.6,6180.0,81.0,51.0
BLR,2026-09-25 14:00:00,24.2,79.0,1.6,27.3,46.8,1800.0,100.0,80.0
BLR,2026-09-25 15:00:00,22.7,93.0,3.0,12.6,49.7,8900.0,98.0,81.0
BLR,2026-09-25 16:00:00,22.3,87.0,1.1,21.3,38.9,2520.0,99.0,55.0
BLR,2026-09-25 17:00:00,22.6,93.0,3.2,19.0,40.0,7000.0,88.0,95.0
BLR,2026-09-25 18:00:00,21.9,93.0,0.0,17.7,32.0,13260.0,100.0,3.0
BLR,2026-09-25 19:00:00,21.8,92.0,0.0,19.6,32.4,8520.0,100.0,3.0
BLR,2026-09-25 20:00:00,21.3,93.0,0.0,18.9,32.8,13360.0,100.0,3.0
BLR,2026-09-25 21:00:00,21.1,93.0,0.0,19.0,31.3,14340.0,100.0,3.0
BLR,2026-09-25 22:00:00,21.2,93.0,0.0,20.2,33.5,14220.0,100.0,3.0
BLR,2026-09-25 23:00:00,21.3,91.0,0.0,20.4,33.5,17140.0,100.0,3.0
BLR,2026-09-26 00:00:00,20.9,91.0,0.0,20.7,34.6,14300.0,100.0,3.0
BLR,2026-09-26 01:00:00,20.7,92.0,0.0,19.3,34.9,14300.0,100.0,3.0
BLR,2026-09-26 02:00:00,20.4,91.0,0.0,18.7,32.4,14360.0,99.0,3.0
BLR,2026-09-26 03:00:00,20.1,91.0,0.0,17.2,31.3,14220.0,99.0,3.0
BLR,2026-09-26 04:00:00,20.0,91.0,0.0,17.7,29.5,16860.0,98.0,3.0
BLR,2026-09-26 05:00:00,19.9,91.0,0.0,14.3,29.5,14280.0,95.0,3.0
BLR,2026-09-26 06:00:00,19.7,92.0,0.0,13.9,23.8,14220.0,97.0,3.0
BLR,2026-09-26 07:00:00,21.2,85.0,0.0,16.7,28.8,19200.0,98.0,3.0
BLR,2026-09-26 08:00:00,22.8,77.0,0.0,19.1,35.3,21900.0,100.0,3.0
BLR,2026-09-26 09:00:00,24.5,70.0,0.0,19.8,38.2,21880.0,100.0,3.0
BLR,2026-09-26 10:00:00,25.8,65.0,0.0,19.1,38.2,24260.0,100.0,3.0
BLR,2026-09-26 11:00:00,27.1,57.0,0.0,18.2,37.8,15820.0,99.0,3.0
BLR,2026-09-26 12:00:00,27.6,53.0,0.0,17.2,36.0,13020.0,88.0,3.0
BLR,2026-09-26 13:00:00,28.5,48.0,0.0,15.6,34.2,11380.0,84.0,3.0
BLR,2026-09-26 14:00:00,28.5,47.0,0.1,14.9,32.0,16580.0,100.0,51.0
BLR,2026-09-26 15:00:00,28.6,46.0,0.0,14.3,29.9,29860.0,99.0,3.0
BLR,2026-09-26 16:00:00,28.1,47.0,0.0,14.1,28.1,29860.0,92.0,3.0
BLR,2026-09-26 17:00:00,27.3,53.0,0.0,8.2,25.9,26620.0,23.0,1.0
BLR,2026-09-26 18:00:00,25.1,61.0,0.0,5.8,13.3,26480.0,16.0,0.0
BLR,2026-09-26 19:00:00,24.0,66.0,0.0,4.9,8.6,24200.0,30.0,1.0
BLR,2026-09-26 20:00:00,23.6,67.0,0.0,6.1,9.4,24120.0,22.0,1.0
BLR,2026-09-26 21:00:00,23.0,71.0,0.0,7.3,11.5,24020.0,23.0,1.0
BLR,2026-09-26 22:00:00,22.4,72.0,0.0,10.4,16.2,21660.0,17.0,0.0
BLR,2026-09-26 23:00:00,22.3,76.0,0.0,11.6,20.5,21700.0,14.0,0.0
BLR,2026-09-27 00:00:00,21.4,79.0,0.0,12.3,19.8,20240.0,5.0,0.0
BLR,2026-09-27 01:00:00,20.8,87.0,0.0,11.8,19.8,16340.0,1.0,0.0
BLR,2026-09-27 02:00:00,20.2,92.0,0.0,10.3,19.1,13940.0,0.0,0.0
BLR,2026-09-27 03:00:00,19.6,95.0,0.0,9.6,16.9,14060.0,48.0,1.0
BLR,2026-09-27 04:00:00,19.3,96.0,0.0,9.8,15.8,9680.0,19.0,0.0
BLR,2026-09-27 05:00:00,19.6,93.0,0.0,8.7,15.8,13960.0,2.0,0.0
BLR,2026-09-27 06:00:00,19.4,94.0,0.0,9.2,14.4,13920.0,0.0,0.0
BLR,2026-09-27 07:00:00,21.5,85.0,0.0,9.4,18.4,18840.0,2.0,0.0
BLR,2026-09-27 08:00:00,23.8,72.0,0.0,11.3,23.8,21520.0,1.0,0.0
BLR,2026-09-27 09:00:00,25.9,62.0,0.0,10.0,24.1,23840.0,0.0,0.0
BLR,2026-09-27 10:00:00,27.5,55.0,0.0,8.8,23.4,25980.0,0.0,0.0
BLR,2026-09-27 11:00:00,28.4,50.0,0.0,8.0,22.7,29080.0,19.0,0.0
BLR,2026-09-27 12:00:00,29.1,48.0,0.0,6.2,21.2,29200.0,23.0,1.0
BLR,2026-09-27 13:00:00,29.3,46.0,0.0,5.1,19.1,29300.0,26.0,1.0
BLR,2026-09-27 14:00:00,29.5,45.0,0.0,5.0,17.3,29440.0,13.0,0.0
BLR,2026-09-27 15:00:00,29.5,44.0,0.0,5.2,16.6,14660.0,23.0,1.0
BLR,2026-09-27 16:00:00,29.0,45.0,0.0,5.9,15.5,29440.0,13.0,0.0
BLR,2026-09-27 17:00:00,28.5,52.0,0.0,4.3,14.0,19100.0,19.0,0.0
BLR,2026-09-27 18:00:00,26.5,58.0,0.0,4.8,7.6,26200.0,20.0,1.0
BLR,2026-09-27 19:00:00,25.5,62.0,0.0,5.1,7.6,26120.0,30.0,1.0
BLR,2026-09-27 20:00:00,24.6,66.0,0.0,7.2,11.2,23860.0,16.0,0.0
BLR,2026-09-27 21:00:00,24.0,67.0,0.0,6.7,11.9,23780.0,12.0,0.0
BLR,2026-09-27 22:00:00,23.2,70.0,0.0,3.9,10.4,23720.0,45.0,1.0
BLR,2026-09-27 23:00:00,23.1,73.0,0.0,4.1,12.6,21420.0,34.0,1.0
BLR,2026-09-28 00:00:00,22.6,78.0,0.0,4.0,6.8,12860.0,30.0,1.0
BLR,2026-09-28 01:00:00,22.3,80.0,0.0,3.5,5.8,21420.0,27.0,1.0
BLR,2026-09-28 02:00:00,21.9,80.0,0.0,4.6,7.2,13200.0,34.0,1.0
BLR,2026-09-28 03:00:00,21.8,82.0,0.0,0.4,6.8,21340.0,24.0,1.0
BLR,2026-09-28 04:00:00,21.2,86.0,0.0,2.9,4.7,18820.0,27.0,1.0
BLR,2026-09-28 05:00:00,21.2,90.0,0.0,7.9,4.7,5460.0,95.0,3.0
BLR,2026-09-28 06:00:00,20.7,95.0,0.4,1.5,15.1,7500.0,100.0,51.0
BLR,2026-09-28 07:00:00,22.1,90.0,0.0,1.4,6.5,16240.0,97.0,3.0
BLR,2026-09-28 08:00:00,23.6,82.0,0.0,4.2,12.2,18540.0,81.0,3.0
BLR,2026-09-28 09:00:00,26.0,70.0,0.0,6.8,19.1,10980.0,84.0,3.0
BLR,2026-09-28 10:00:00,27.3,64.0,0.1,7.5,20.5,9680.0,67.0,51.0
BLR,2026-09-28 11:00:00,28.1,60.0,0.1,6.8,20.9,7920.0,63.0,51.0
BLR,2026-09-28 12:00:00,28.2,60.0,0.3,4.0,19.1,9120.0,85.0,51.0
BLR,2026-09-28 13:00:00,28.4,57.0,0.0,4.7,16.9,25860.0,100.0,3.0
BLR,2026-09-28 14:00:00,28.6,56.0,0.0,3.7,16.9,16960.0,48.0,1.0
BLR,2026-09-28 15:00:00,28.6,56.0,0.0,4.1,14.4,26000.0,87.0,3.0
BLR,2026-09-28 16:00:00,27.2,64.0,0.4,5.4,16.2,7840.0,30.0,51.0
BLR,2026-09-28 17:00:00,24.1,86.0,0.0,6.4,13.7,7560.0,88.0,3.0
BLR,2026-09-28 18:00:00,23.4,88.0,0.2,5.7,15.1,7420.0,95.0,51.0
BLR,2026-09-28 19:00:00,22.9,90.0,0.1,4.8,13.3,12660.0,81.0,51.0
BLR,2026-09-28 20:00:00,22.0,95.0,0.4,7.3,11.2,4780.0,91.0,51.0
BLR,2026-09-28 21:00:00,21.6,97.0,0.5,5.0,15.1,4180.0,90.0,53.0
BLR,2026-09-28 22:00:00,21.1,98.0,0.6,7.6,14.4,4000.0,90.0,53.0
BLR,2026-09-28 23:00:00,21.9,94.0,0.4,3.1,12.6,6540.0,70.0,51.0
BLR,2026-09-29 00:00:00,21.0,96.0,3.9,7.4,14.0,2020.0,88.0,95.0
BLR,2026-09-29 01:00:00,20.6,97.0,6.9,6.7,13.3,2220.0,98.0,95.0
BLR,2026-09-29 02:00:00,20.5,97.0,1.1,7.6,13.3,3940.0,94.0,55.0
BLR,2026-09-29 03:00:00,20.1,98.0,0.5,9.1,17.6,4020.0,94.0,53.0
BLR,2026-09-29 04:00:00,20.1,97.0,0.9,8.1,15.5,2800.0,100.0,53.0
BLR,2026-09-29 05:00:00,20.9,96.0,0.6,8.4,14.4,3120.0,99.0,53.0
BLR,2026-09-29 06:00:00,20.6,96.0,4.2,4.2,14.8,2540.0,99.0,95.0
BLR,2026-09-29 07:00:00,20.9,95.0,1.2,5.5,11.5,3740.0,98.0,55.0
BLR,2026-09-29 08:00:00,22.0,90.0,0.4,4.7,12.2,6460.0,99.0,51.0
BLR,2026-09-29 09:00:00,23.7,82.0,0.1,3.8,14.8,10920.0,99.0,51.0
BLR,2026-09-29 10:00:00,25.3,76.0,0.1,3.8,18.0,9260.0,98.0,51.0
BLR,2026-09-29 11:00:00,27.2,67.0,0.1,4.8,21.6,9260.0,29.0,51.0
BLR,2026-09-29 12:00:00,27.9,65.0,0.1,3.9,20.5,9520.0,67.0,51.0
BLR,2026-09-29 13:00:00,28.4,62.0,0.1,3.1,19.1,11660.0,88.0,51.0
BLR,2026-09-29 14:00:00,28.5,61.0,0.0,2.8,16.2,15680.0,100.0,3.0
BLR,2026-09-29 15:00:00,27.9,62.0,0.1,0.5,14.4,6280.0,94.0,51.0
BLR,2026-09-29 16:00:00,28.0,60.0,0.1,1.9,12.2,15160.0,96.0,51.0
BLR,2026-09-29 17:00:00,27.0,62.0,0.4,9.7,16.9,13920.0,95.0,51.0
BLR,2026-09-29 18:00:00,24.9,72.0,0.0,7.2,16.6,23120.0,91.0,3.0
BLR,2026-09-29 19:00:00,23.7,78.0,0.0,5.0,11.2,20740.0,88.0,3.0
BLR,2026-09-29 20:00:00,23.3,79.0,0.0,7.6,11.2,20520.0,95.0,3.0
BLR,2026-09-29 21:00:00,23.0,81.0,0.0,11.4,19.1,18320.0,77.0,2.0
BLR,2026-09-29 22:00:00,21.1,87.0,0.0,10.6,18.4,3180.0,94.0,3.0
BLR,2026-09-29 23:00:00,20.3,98.0,1.2,13.9,20.2,2660.0,100.0,55.0
BLR,2026-09-30 00:00:00,20.7,96.0,1.6,4.3,20.9,2380.0,97.0,80.0
BLR,2026-09-30 01:00:00,20.1,98.0,1.2,11.0,19.4,3200.0,92.0,55.0
BLR,2026-09-30 02:00:00,19.9,97.0,0.6,12.1,22.7,4640.0,55.0,53.0
BLR,2026-09-30 03:00:00,19.7,98.0,0.2,12.6,22.0,6020.0,98.0,51.0
BLR,2026-09-30 04:00:00,19.9,97.0,0.0,8.2,21.2,6680.0,98.0,3.0
BLR,2026-09-30 05:00:00,20.7,97.0,0.0,12.8,15.5,5240.0,100.0,3.0
BLR,2026-09-30 06:00:00,20.5,96.0,0.2,6.5,22.3,4780.0,100.0,51.0
BLR,2026-09-30 07:00:00,21.1,94.0,0.2,7.3,14.8,6100.0,100.0,51.0
BLR,2026-09-30 08:00:00,21.7,92.0,0.1,7.2,16.2,6740.0,100.0,51.0
BLR,2026-09-30 09:00:00,23.5,82.0,0.1,4.6,16.6,9300.0,100.0,51.0
BLR,2026-09-30 10:00:00,25.1,74.0,0.1,5.8,16.9,13820.0,100.0,51.0
BLR,2026-09-30 11:00:00,27.4,62.0,0.0,5.9,19.8,22640.0,100.0,3.0
BLR,2026-09-30 12:00:00,28.3,57.0,0.0,3.6,17.3,10320.0,97.0,3.0
BLR,2026-09-30 13:00:00,28.8,54.0,0.1,0.9,14.8,7660.0,80.0,51.0
BLR,2026-09-30 14:00:00,27.4,60.0,0.4,5.6,16.6,4000.0,88.0,51.0
BLR,2026-09-30 15:00:00,25.1,77.0,1.7,6.6,16.9,2760.0,93.0,80.0
BLR,2026-09-30 16:00:00,24.5,81.0,0.7,7.9,16.2,6240.0,92.0,53.0
BLR,2026-09-30 17:00:00,23.0,94.0,0.5,6.8,22.0,4100.0,100.0,53.0
BLR,2026-09-30 18:00:00,22.6,95.0,0.7,9.0,15.5,3160.0,100.0,53.0
BLR,2026-09-30 19:00:00,22.4,95.0,1.0,8.9,14.8,4500.0,72.0,55.0
BLR,2026-09-30 20:00:00,22.0,95.0,0.4,2.7,15.8,5940.0,71.0,51.0
BLR,2026-09-30 21:00:00,20.5,97.0,2.5,13.4,24.1,2480.0,97.0,81.0
BLR,2026-09-30 22:00:00,20.8,95.0,0.9,1.4,22.0,3820.0,44.0,53.0
BLR,2026-09-30 23:00:00,20.9,95.0,0.3,5.0,7.9,6040.0,98.0,51.0
BLR,2026-10-01 00:00:00,21.0,96.0,0.1,3.9,7.9,12440.0,100.0,51.0
BLR,2026-10-01 01:00:00,20.9,96.0,0.0,3.6,7.2,12940.0,98.0,3.0
BLR,2026-10-01 02:00:00,20.5,97.0,0.0,3.7,6.5,8900.0,76.0,2.0
BLR,2026-10-01 03:00:00,20.3,98.0,0.0,4.2,7.2,8900.0,97.0,3.0
BLR,2026-10-01 04:00:00,20.3,98.0,0.0,4.4,7.6,8900.0,88.0,3.0
BLR,2026-10-01 05:00:00,21.1,98.0,0.0,1.7,8.6,5260.0,91.0,3.0
BLR,2026-10-01 06:00:00,20.8,99.0,0.0,1.2,3.6,8780.0,97.0,3.0
BLR,2026-10-01 07:00:00,22.2,91.0,0.0,3.4,9.4,15400.0,94.0,3.0
BLR,2026-10-01 08:00:00,24.3,78.0,0.0,3.6,12.6,20020.0,86.0,3.0
BLR,2026-10-01 09:00:00,26.3,66.0,0.0,6.9,17.6,10960.0,32.0,1.0
BLR,2026-10-01 10:00:00,27.5,59.0,0.0,9.9,23.0,12160.0,36.0,1.0
BLR,2026-10-01 11:00:00,28.1,56.0,0.1,9.1,23.4,9960.0,38.0,51.0
BLR,2026-10-01 12:00:00,28.7,54.0,0.2,11.3,25.2,6780.0,37.0,51.0
BLR,2026-10-01 13:00:00,28.9,51.0,0.2,12.6,28.1,7780.0,29.0,51.0
BLR,2026-10-01 14:00:00,28.8,50.0,0.3,12.8,28.1,5820.0,98.0,51.0
BLR,2026-10-01 15:00:00,28.4,51.0,0.5,12.3,26.3,5280.0,98.0,53.0
BLR,2026-10-01 16:00:00,27.7,58.0,0.4,12.4,24.1,5580.0,99.0,51.0
BLR,2026-10-01 17:00:00,27.6,55.0,0.2,7.4,21.2,24560.0,100.0,51.0
BLR,2026-10-01 18:00:00,25.7,56.0,0.0,8.2,12.6,24400.0,98.0,3.0
BLR,2026-10-01 19:00:00,24.9,54.0,0.0,10.5,16.6,24240.0,94.0,3.0
BLR,2026-10-01 20:00:00,24.1,57.0,0.0,8.8,16.9,24120.0,98.0,3.0
BLR,2026-10-01 21:00:00,22.8,65.0,0.0,8.2,14.0,22000.0,68.0,2.0
BLR,2026-10-01 22:00:00,22.1,74.0,0.0,8.6,13.0,19800.0,80.0,3.0
BLR,2026-10-01 23:00:00,22.4,81.0,0.0,11.1,16.6,19840.0,96.0,3.0
BLR,2026-10-02 00:00:00,22.0,81.0,0.0,10.8,18.0,19840.0,74.0,2.0
BLR,2026-10-02 01:00:00,21.4,83.0,0.0,8.9,17.3,17320.0,65.0,2.0
BLR,2026-10-02 02:00:00,20.7,86.0,0.0,7.5,14.4,17340.0,88.0,3.0
BLR,2026-10-02 03:00:00,20.2,89.0,0.0,6.2,11.9,15240.0,99.0,3.0
BLR,2026-10-02 04:00:00,19.8,93.0,0.0,5.0,9.7,12660.0,96.0,3.0
BLR,2026-10-02 05:00:00,20.0,95.0,0.0,4.3,7.6,12620.0,55.0,2.0
BLR,2026-10-02 06:00:00,20.0,96.0,0.0,4.5,6.8,8600.0,52.0,2.0
BLR,2026-10-02 07:00:00,22.1,88.0,0.0,4.5,11.5,15040.0,61.0,2.0
BLR,2026-10-02 08:00:00,24.3,75.0,0.0,7.9,18.0,19580.0,72.0,2.0
BLR,2026-10-02 09:00:00,25.9,65.0,0.0,10.8,23.8,21740.0,80.0,3.0
BLR,2026-10-02 10:00:00,27.2,58.0,0.0,12.6,30.6,23780.0,88.0,3.0
BLR,2026-10-02 11:00:00,28.2,51.0,0.1,13.5,31.0,23840.0,77.0,51.0
BLR,2026-10-02 12:00:00,28.8,48.0,0.0,13.1,28.8,26820.0,63.0,2.0
BLR,2026-10-02 13:00:00,29.5,45.0,0.0,13.2,28.1,26900.0,50.0,2.0
BLR,2026-10-02 14:00:00,29.9,43.0,0.0,14.9,29.5,27040.0,66.0,2.0
BLR,2026-10-02 15:00:00,29.8,40.0,0.0,14.8,30.6,30160.0,85.0,3.0
BLR,2026-10-02 16:00:00,29.2,42.0,0.0,12.6,28.4,27060.0,95.0,3.0
BLR,2026-10-02 17:00:00,27.6,50.0,0.0,11.9,20.9,26940.0,38.0,1.0
BLR,2026-10-02 18:00:00,25.4,57.0,0.0,10.6,20.2,23920.0,9.0,0.0
BLR,2026-10-02 19:00:00,24.3,64.0,0.0,8.1,16.9,21760.0,4.0,0.0
BLR,2026-10-02 20:00:00,23.4,67.0,0.0,7.3,13.0,21640.0,3.0,0.0
BLR,2026-10-02 21:00:00,22.8,69.0,0.0,7.4,11.5,21600.0,2.0,0.0
BLR,2026-10-02 22:00:00,22.2,73.0,0.0,7.4,11.5,19420.0,2.0,0.0
BLR,2026-10-02 23:00:00,22.5,75.0,0.0,12.5,14.8,19440.0,1.0,0.0
BLR,2026-10-03 00:00:00,21.9,80.0,0.0,11.4,20.5,19500.0,2.0,0.0
BLR,2026-10-03 01:00:00,21.2,86.0,0.0,9.9,18.4,14940.0,2.0,0.0
BLR,2026-10-03 02:00:00,20.6,91.0,0.0,8.7,16.2,12440.0,2.0,0.0
BLR,2026-10-03 03:00:00,20.2,95.0,0.0,7.3,14.0,12440.0,0.0,0.0
BLR,2026-10-03 04:00:00,19.9,96.0,0.0,7.0,11.9,8500.0,0.0,0.0
BLR,2026-10-03 05:00:00,20.1,98.0,0.0,8.0,11.2,8460.0,0.0,0.0
BLR,2026-10-03 06:00:00,20.1,98.0,0.0,7.7,13.0,8420.0,6.0,0.0
BLR,2026-10-03 07:00:00,21.9,88.0,0.0,9.6,19.4,14760.0,25.0,1.0
BLR,2026-10-03 08:00:00,23.6,76.0,0.0,8.5,19.8,19280.0,6.0,0.0
BLR,2026-10-03 09:00:00,25.3,64.0,0.0,8.4,20.9,21400.0,7.0,0.0
BLR,2026-10-03 10:00:00,26.8,55.0,0.0,8.9,22.3,23420.0,9.0,0.0
BLR,2026-10-03 11:00:00,27.9,47.0,0.0,10.5,24.1,26380.0,2.0,0.0
BLR,2026-10-03 12:00:00,28.5,46.0,0.0,10.3,25.2,26480.0,2.0,0.0
BLR,2026-10-03 13:00:00,28.9,46.0,0.0,9.9,24.8,26540.0,50.0,2.0
BLR,2026-10-03 14:00:00,28.7,46.0,0.0,9.6,23.8,26660.0,8.0,0.0
BLR,2026-10-03 15:00:00,28.4,48.0,0.0,12.2,24.8,26680.0,10.0,0.0
BLR,2026-10-03 16:00:00,27.7,51.0,0.0,13.0,25.9,26680.0,5.0,0.0
BLR,2026-10-03 17:00:00,27.3,56.0,0.0,7.1,24.1,23700.0,5.0,0.0
BLR,2026-10-03 18:00:00,25.6,60.0,0.0,10.7,16.9,23620.0,5.0,0.0
BLR,2026-10-03 19:00:00,24.7,62.0,0.0,8.1,17.3,23520.0,2.0,0.0
BLR,2026-10-03 20:00:00,24.0,65.0,0.0,8.1,13.0,21420.0,5.0,0.0
BLR,2026-10-03 21:00:00,23.1,72.0,0.0,6.3,13.0,21360.0,23.0,1.0
BLR,2026-10-03 22:00:00,22.6,77.0,0.0,5.1,9.7,19200.0,7.0,0.0
BLR,2026-10-03 23:00:00,22.7,80.0,0.0,4.8,7.9,19220.0,19.0,0.0
BLR,2026-10-04 00:00:00,22.1,82.0,0.0,5.5,8.6,16740.0,2.0,0.0
BLR,2026-10-04 01:00:00,21.5,83.0,0.0,6.2,9.7,16780.0,2.0,0.0
BLR,2026-10-04 02:00:00,21.1,83.0,0.0,7.4,11.5,16800.0,2.0,0.0
BLR,2026-10-04 03:00:00,20.8,84.0,0.0,8.9,14.4,16820.0,1.0,0.0
BLR,2026-10-04 04:00:00,20.6,86.0,0.0,8.8,14.8,14760.0,1.0,0.0
BLR,2026-10-04 05:00:00,20.9,91.0,0.0,8.6,14.4,12240.0,0.0,0.0
BLR,2026-10-04 06:00:00,20.7,95.0,0.0,7.2,13.3,12180.0,1.0,0.0
BLR,2026-10-04 07:00:00,22.3,89.0,0.0,7.2,15.5,14600.0,1.0,0.0
BLR,2026-10-04 08:00:00,24.3,77.0,0.0,7.4,18.4,19060.0,2.0,0.0
BLR,2026-10-04 09:00:00,25.9,67.0,0.0,5.9,18.7,12000.0,16.0,0.0
BLR,2026-10-04 10:00:00,27.1,61.0,0.0,7.1,19.8,10960.0,18.0,0.0
BLR,2026-10-04 11:00:00,28.3,55.0,0.1,8.0,22.3,15720.0,34.0,51.0
BLR,2026-10-04 12:00:00,28.9,53.0,0.0,7.6,22.7,23380.0,27.0,1.0
BLR,2026-10-04 13:00:00,29.6,49.0,0.0,8.1,21.2,26340.0,13.0,0.0
BLR,2026-10-04 14:00:00,29.7,46.0,0.0,7.6,21.2,20280.0,20.0,1.0
BLR,2026-10-04 15:00:00,29.0,49.0,0.0,7.1,19.8,12860.0,23.0,1.0
BLR,2026-10-04 16:00:00,28.3,51.0,0.0,5.7,17.3,16260.0,5.0,0.0
BLR,2026-10-04 17:00:00,27.5,59.0,0.0,6.7,13.3,8800.0,33.0,1.0
BLR,2026-10-04 18:00:00,24.9,74.0,0.1,7.9,12.2,17220.0,57.0,51.0
BLR,2026-10-04 19:00:00,24.4,78.0,0.0,9.4,15.1,19100.0,47.0,1.0
BLR,2026-10-04 20:00:00,24.1,79.0,0.0,6.0,14.8,19040.0,95.0,3.0
BLR,2026-10-04 21:00:00,23.6,83.0,0.0,4.0,9.4,19020.0,93.0,3.0
BLR,2026-10-04 22:00:00,23.2,84.0,0.1,2.1,5.8,3700.0,99.0,51.0
BLR,2026-10-04 23:00:00,23.8,79.0,0.7,6.5,7.6,19040.0,92.0,53.0
BLR,2026-10-05 00:00:00,22.9,81.0,0.0,8.2,13.0,16000.0,52.0,2.0
BLR,2026-10-05 01:00:00,22.5,82.0,0.0,7.3,13.0,15620.0,48.0,1.0
BLR,2026-10-05 02:00:00,22.2,83.0,0.0,8.5,13.7,13460.0,30.0,1.0
BLR,2026-10-05 03:00:00,21.9,84.0,0.0,7.8,14.0,12320.0,30.0,1.0
BLR,2026-10-05 04:00:00,21.5,87.0,0.0,7.4,12.6,10500.0,33.0,1.0
BLR,2026-10-05 05:00:00,21.5,90.0,0.0,8.2,11.9,11640.0,17.0,0.0
BLR,2026-10-05 06:00:00,21.4,92.0,0.0,8.8,13.7,11840.0,16.0,0.0
BLR,2026-10-05 07:00:00,22.9,83.0,0.0,9.9,19.4,16240.0,6.0,0.0
BLR,2026-10-05 08:00:00,24.2,78.0,0.0,9.5,21.6,18800.0,8.0,0.0
BLR,2026-10-05 09:00:00,25.8,71.0,0.0,7.8,22.3,18820.0,18.0,0.0
BLR,2026-10-05 10:00:00,27.3,65.0,0.0,4.8,21.6,12060.0,13.0,0.0
BLR,2026-10-05 11:00:00,27.8,61.0,0.0,1.3,19.4,13600.0,36.0,1.0
BLR,2026-10-05 12:00:00,29.0,56.0,0.0,3.0,15.8,13520.0,52.0,2.0
BLR,2026-10-05 13:00:00,25.3,72.0,2.3,14.5,28.1,2980.0,95.0,95.0
BLR,2026-10-05 14:00:00,23.5,90.0,1.5,6.3,32.8,3980.0,94.0,80.0
BLR,2026-10-05 15:00:00,24.7,76.0,0.5,11.2,23.8,5440.0,84.0,53.0
BLR,2026-10-05 16:00:00,25.0,72.0,0.2,8.5,23.8,12980.0,95.0,51.0
BLR,2026-10-05 17:00:00,24.6,80.0,0.0,5.6,16.9,19040.0,99.0,3.0
BLR,2026-10-05 18:00:00,23.3,85.0,0.0,6.2,10.4,4880.0,98.0,3.0
BLR,2026-10-05 19:00:00,21.9,93.0,0.5,10.0,17.6,4020.0,98.0,53.0
BLR,2026-10-05 20:00:00,20.3,96.0,0.8,9.6,28.8,3440.0,97.0,53.0
BLR,2026-10-05 21:00:00,20.4,96.0,0.3,3.4,15.8,4820.0,98.0,51.0
BLR,2026-10-05 22:00:00,20.3,97.0,0.1,2.2,12.6,7800.0,87.0,51.0
BLR,2026-10-05 23:00:00,21.2,96.0,0.0,2.7,4.0,5900.0,99.0,3.0
BLR,2026-10-06 00:00:00,21.1,97.0,0.2,3.4,5.8,5560.0,99.0,51.0
BLR,2026-10-06 01:00:00,21.0,97.0,0.1,3.7,8.6,5380.0,99.0,51.0
BLR,2026-10-06 02:00:00,20.9,97.0,0.1,3.2,5.8,6100.0,99.0,51.0
BLR,2026-10-06 03:00:00,20.8,96.0,0.1,2.1,5.4,6680.0,99.0,51.0
BLR,2026-10-06 04:00:00,20.7,95.0,0.1,1.1,4.0,9680.0,100.0,51.0
BLR,2026-10-06 05:00:00,20.5,97.0,0.0,1.5,2.5,8160.0,100.0,3.0
BLR,2026-10-06 06:00:00,20.3,98.0,0.0,3.5,6.1,8100.0,98.0,3.0
BLR,2026-10-06 07:00:00,21.6,90.0,0.0,5.6,12.2,14220.0,79.0,2.0
BLR,2026-10-06 08:00:00,23.4,80.0,0.0,5.2,14.8,14880.0,17.0,0.0
BLR,2026-10-06 09:00:00,25.3,69.0,0.0,3.4,15.5,11120.0,24.0,1.0
BLR,2026-10-06 10:00:00,26.8,63.0,0.0,2.2,20.9,11060.0,17.0,0.0
BLR,2026-10-06 11:00:00,27.5,54.0,0.0,9.9,23.8,8320.0,48.0,1.0
BLR,2026-10-06 12:00:00,28.2,52.0,0.2,10.4,24.1,6380.0,38.0,51.0
BLR,2026-10-06 13:00:00,28.3,52.0,0.3,11.0,26.6,6000.0,61.0,51.0
BLR,2026-10-06 14:00:00,28.6,52.0,0.1,9.1,25.9,23000.0,43.0,51.0
BLR,2026-10-06 15:00:00,28.4,51.0,0.0,8.4,22.0,8360.0,34.0,1.0
BLR,2026-10-06 16:00:00,27.8,53.0,0.1,7.6,19.8,13980.0,31.0,51.0
BLR,2026-10-06 17:00:00,26.5,58.0,0.6,6.7,28.4,22940.0,15.0,53.0
BLR,2026-10-06 18:00:00,24.6,65.0,0.0,5.2,11.5,22820.0,13.0,0.0
BLR,2026-10-06 19:00:00,24.5,63.0,0.0,10.3,14.0,20720.0,26.0,1.0
BLR,2026-10-06 20:00:00,23.5,72.0,0.0,11.4,22.0,18520.0,13.0,0.0
BLR,2026-10-06 21:00:00,22.8,76.0,0.0,8.4,18.4,18480.0,13.0,0.0
BLR,2026-10-06 22:00:00,22.3,78.0,0.0,7.2,13.3,18460.0,19.0,0.0
BLR,2026-10-06 23:00:00,22.5,84.0,0.0,9.7,13.0,16060.0,13.0,0.0
BLR,2026-10-07 00:00:00,21.9,87.0,0.0,10.1,16.6,14120.0,13.0,0.0
BLR,2026-10-07 01:00:00,21.3,89.0,0.0,7.8,16.2,14140.0,10.0,0.0
BLR,2026-10-07 02:00:00,20.8,91.0,0.0,6.3,12.2,14120.0,14.0,0.0
BLR,2026-10-07 03:00:00,20.6,93.0,0.0,7.1,11.2,11700.0,28.0,1.0
BLR,2026-10-07 04:00:00,20.3,95.0,0.0,6.6,11.5,11700.0,12.0,0.0
BLR,2026-10-07 05:00:00,20.7,95.0,0.0,7.6,10.4,11660.0,24.0,1.0
BLR,2026-10-07 06:00:00,20.7,96.0,0.0,5.9,11.9,7900.0,76.0,2.0
BLR,2026-10-07 07:00:00,22.7,86.0,0.0,9.6,19.1,13920.0,69.0,2.0
BLR,2026-10-07 08:00:00,24.3,78.0,0.0,9.2,20.5,18240.0,40.0,1.0
BLR,2026-10-07 09:00:00,25.9,68.0,0.0,10.5,23.4,7260.0,30.0,1.0
BLR,2026-10-07 10:00:00,26.8,63.0,0.3,11.5,25.6,6460.0,32.0,51.0
BLR,2026-10-07 11:00:00,27.9,53.0,0.2,10.4,25.9,10720.0,23.0,51.0
BLR,2026-10-07 12:00:00,28.6,49.0,0.0,9.5,24.1,14340.0,19.0,0.0
BLR,2026-10-07 13:00:00,29.2,47.0,0.0,10.2,23.8,16140.0,14.0,0.0
BLR,2026-10-07 14:00:00,29.2,47.0,0.0,10.5,24.5,25340.0,23.0,1.0
BLR,2026-10-07 15:00:00,28.9,47.0,0.0,9.5,23.8,25380.0,13.0,0.0
BLR,2026-10-07 16:00:00,28.3,49.0,0.0,9.6,20.5,14480.0,23.0,1.0
BLR,2026-10-07 17:00:00,27.4,55.0,0.0,8.0,18.7,22480.0,18.0,0.0
BLR,2026-10-07 18:00:00,25.5,61.0,0.0,7.1,13.3,22380.0,13.0,0.0
BLR,2026-10-07 19:00:00,24.7,62.0,0.0,11.2,17.6,20340.0,3.0,0.0
BLR,2026-10-07 20:00:00,23.8,68.0,0.0,10.6,18.0,20220.0,5.0,0.0
BLR,2026-10-07 21:00:00,23.2,73.0,0.0,12.1,19.1,18100.0,7.0,0.0
BLR,2026-10-07 22:00:00,22.7,79.0,0.0,12.9,21.6,18080.0,13.0,0.0
BLR,2026-10-07 23:00:00,22.4,86.0,0.0,12.8,21.2,13780.0,8.0,0.0
BLR,2026-10-08 00:00:00,21.7,91.0,0.0,11.1,20.9,11460.0,27.0,1.0
BLR,2026-10-08 01:00:00,21.1,95.0,0.0,9.6,18.4,11480.0,5.0,0.0
BLR,2026-10-08 02:00:00,20.7,98.0,0.0,7.7,15.5,7840.0,27.0,1.0
BLR,2026-10-08 03:00:00,20.4,98.0,0.0,8.2,13.3,7840.0,95.0,3.0
BLR,2026-10-08 04:00:00,20.4,99.0,0.0,8.9,14.4,7740.0,100.0,3.0
BLR,2026-10-08 05:00:00,21.1,95.0,0.0,11.0,19.1,7540.0,100.0,3.0
BLR,2026-10-08 06:00:00,21.0,95.0,0.0,9.1,18.0,11120.0,100.0,3.0
BLR,2026-10-08 07:00:00,22.1,88.0,0.0,9.3,18.7,13560.0,59.0,2.0
BLR,2026-10-08 08:00:00,24.1,77.0,0.0,7.8,19.8,17960.0,56.0,2.0
BLR,2026-10-08 09:00:00,26.0,64.0,0.0,9.2,21.6,19960.0,79.0,2.0
BLR,2026-10-08 10:00:00,27.6,55.0,0.0,10.6,25.9,21920.0,89.0,3.0
BLR,2026-10-08 11:00:00,28.5,50.0,0.0,11.5,26.6,10320.0,95.0,3.0
BLR,2026-10-08 12:00:00,29.1,48.0,0.1,10.7,26.6,9220.0,82.0,51.0
BLR,2026-10-08 13:00:00,29.6,48.0,0.1,10.5,25.6,7940.0,65.0,51.0
BLR,2026-10-08 14:00:00,29.5,48.0,0.2,9.7,24.5,7820.0,27.0,51.0
BLR,2026-10-08 15:00:00,29.3,47.0,0.1,9.5,22.7,10000.0,22.0,51.0
BLR,2026-10-08 16:00:00,29.0,47.0,0.0,8.3,21.2,14780.0,15.0,0.0
BLR,2026-10-08 17:00:00,27.7,53.0,0.0,8.8,17.6,16100.0,36.0,1.0
BLR,2026-10-08 18:00:00,26.1,57.0,0.0,10.4,16.2,22180.0,61.0,2.0
BLR,2026-10-08 19:00:00,25.5,59.0,0.0,11.7,19.1,22040.0,55.0,2.0
BLR,2026-10-08 20:00:00,24.8,64.0,0.0,11.2,18.7,20020.0,73.0,2.0
BLR,2026-10-08 21:00:00,23.8,72.0,0.0,10.7,19.1,17940.0,80.0,3.0
BLR,2026-10-08 22:00:00,23.0,79.0,0.0,9.3,17.3,17940.0,64.0,2.0
BLR,2026-10-08 23:00:00,23.0,83.0,0.0,8.8,14.8,15580.0,98.0,3.0
BLR,2026-10-09 00:00:00,22.3,89.0,0.0,7.6,14.4,13680.0,98.0,3.0
BLR,2026-10-09 01:00:00,22.0,91.0,0.0,7.2,13.0,11380.0,98.0,3.0
BLR,2026-10-09 02:00:00,21.6,95.0,0.0,5.0,11.5,11400.0,96.0,3.0
BLR,2026-10-09 03:00:00,21.3,97.0,0.0,5.9,9.4,7780.0,90.0,3.0
BLR,2026-10-09 04:00:00,21.0,98.0,0.0,5.9,9.7,7700.0,96.0,3.0
BLR,2026-10-09 05:00:00,21.1,98.0,0.0,6.4,10.4,7620.0,95.0,3.0
BLR,2026-10-09 06:00:00,21.0,98.0,0.0,6.6,10.1,7660.0,97.0,3.0
BLR,2026-10-09 07:00:00,22.8,87.0,0.0,7.7,16.2,13420.0,99.0,3.0
BLR,2026-10-09 08:00:00,24.5,76.0,0.0,7.9,19.1,14860.0,93.0,3.0
BLR,2026-10-09 09:00:00,26.4,64.0,0.0,10.2,25.2,13360.0,88.0,3.0
BLR,2026-10-09 10:00:00,28.0,57.0,0.0,11.1,28.1,17500.0,32.0,1.0
BLR,2026-10-09 11:00:00,28.1,55.0,0.2,12.0,28.1,6120.0,41.0,51.0
BLR,2026-10-09 12:00:00,28.5,53.0,0.2,11.5,27.4,15460.0,68.0,51.0
BLR,2026-10-09 13:00:00,29.0,50.0,0.1,12.4,28.1,9540.0,21.0,51.0
BLR,2026-10-09 14:00:00,29.9,45.0,0.1,10.2,27.0,13420.0,41.0,51.0
BLR,2026-10-09 15:00:00,29.6,43.0,0.1,13.0,25.6,8260.0,84.0,51.0
BLR,2026-10-09 16:00:00,29.4,41.0,0.1,13.4,26.6,28000.0,98.0,51.0
BLR,2026-10-09 17:00:00,28.2,46.0,0.0,9.2,24.1,24960.0,99.0,3.0
BLR,2026-10-09 18:00:00,25.8,54.0,0.0,5.3,15.1,24820.0,100.0,3.0
BLR,2026-10-09 19:00:00,24.8,58.0,0.0,5.5,7.9,21940.0,98.0,3.0
BLR,2026-10-09 20:00:00,24.4,58.0,0.0,7.5,11.5,21820.0,86.0,3.0
BLR,2026-10-09 21:00:00,23.5,64.0,0.0,7.4,12.6,19840.0,89.0,3.0
BLR,2026-10-09 22:00:00,22.4,78.0,0.0,5.5,11.5,17780.0,98.0,3.0
BLR,2026-10-09 23:00:00,21.7,86.0,0.0,5.7,9.0,15420.0,98.0,3.0
BLR,2026-10-10 00:00:00,21.3,90.0,0.0,5.8,10.1,13540.0,98.0,3.0
BLR,2026-10-10 01:00:00,20.8,94.0,0.0,3.9,9.0,11280.0,100.0,3.0
BLR,2026-10-10 02:00:00,20.3,97.0,0.0,3.6,5.8,7700.0,100.0,3.0
BLR,2026-10-10 03:00:00,20.0,98.0,0.0,3.5,5.4,7720.0,100.0,3.0
BLR,2026-10-10 04:00:00,19.9,99.0,0.0,5.0,8.3,7720.0,98.0,3.0
BLR,2026-10-10 05:00:00,19.9,99.0,0.0,4.1,8.3,4180.0,100.0,3.0
BLR,2026-10-10 06:00:00,20.1,99.0,0.0,5.6,7.9,1720.0,100.0,3.0
BLR,2026-10-10 07:00:00,21.7,92.0,0.0,7.5,15.8,11200.0,100.0,3.0
BLR,2026-10-10 08:00:00,23.9,80.0,0.0,8.4,18.7,17720.0,98.0,3.0
BLR,2026-10-10 09:00:00,26.0,62.0,0.0,13.7,27.4,19000.0,96.0,3.0
BLR,2026-10-10 10:00:00,27.6,50.0,0.0,17.6,34.6,18120.0,88.0,3.0
BLR,2026-10-10 11:00:00,28.9,42.0,0.0,18.7,37.1,11020.0,44.0,1.0
BLR,2026-10-10 12:00:00,29.6,39.0,0.0,18.1,37.1,27580.0,97.0,3.0
BLR,2026-10-10 13:00:00,29.9,38.0,0.0,17.3,35.6,27700.0,100.0,3.0
BLR,2026-10-10 14:00:00,29.9,38.0,0.0,16.9,34.2,27840.0,99.0,3.0
BLR,2026-10-10 15:00:00,29.4,39.0,0.0,16.9,33.1,27860.0,98.0,3.0
BLR,2026-10-10 16:00:00,28.6,41.0,0.0,15.7,32.0,27820.0,95.0,3.0
BLR,2026-10-10 17:00:00,27.7,44.0,0.0,14.8,28.1,24740.0,84.0,3.0
BLR,2026-10-10 18:00:00,25.6,51.0,0.0,15.7,25.9,24620.0,95.0,3.0
BLR,2026-10-10 19:00:00,24.8,54.0,0.0,15.1,25.9,21740.0,91.0,3.0
BLR,2026-10-10 20:00:00,24.0,60.0,0.0,12.8,25.2,21600.0,93.0,3.0
BLR,2026-10-10 21:00:00,23.1,66.0,0.0,10.1,20.9,19640.0,78.0,2.0
BLR,2026-10-10 22:00:00,22.2,71.0,0.0,7.5,16.2,19620.0,69.0,2.0
BLR,2026-10-10 23:00:00,21.5,76.0,0.0,6.8,11.9,17620.0,11.0,0.0
BLR,2026-10-11 00:00:00,21.0,79.0,0.0,7.5,11.9,17660.0,9.0,0.0
BLR,2026-10-11 01:00:00,20.5,82.0,0.0,7.2,11.9,17720.0,1.0,0.0
BLR,2026-10-11 02:00:00,20.2,84.0,0.0,6.6,11.5,15360.0,10.0,0.0
BLR,2026-10-11 03:00:00,19.6,87.0,0.0,6.7,10.8,13480.0,2.0,0.0
BLR,2026-10-11 04:00:00,19.2,90.0,0.0,7.2,11.5,13460.0,27.0,1.0
BLR,2026-10-11 05:00:00,19.0,90.0,0.0,7.0,11.5,13420.0,6.0,0.0
BLR,2026-10-11 06:00:00,19.2,88.0,0.0,8.1,12.2,13340.0,1.0,0.0
BLR,2026-10-11 07:00:00,22.0,73.0,0.0,8.7,16.9,17500.0,6.0,0.0
BLR,2026-10-11 08:00:00,25.0,52.0,0.0,13.0,24.8,21340.0,14.0,0.0
BLR,2026-10-11 09:00:00,26.9,44.0,0.0,18.0,34.2,24020.0,30.0,1.0
BLR,2026-10-11 10:00:00,28.4,39.0,0.0,19.9,38.5,26900.0,36.0,1.0
BLR,2026-10-11 11:00:00,29.5,35.0,0.0,20.7,40.3,27040.0,27.0,1.0
BLR,2026-10-11 12:00:00,30.0,33.0,0.0,20.8,41.0,27180.0,47.0,1.0
BLR,2026-10-11 13:00:00,30.3,33.0,0.0,19.0,40.3,27300.0,37.0,1.0
BLR,2026-10-11 14:00:00,30.3,33.0,0.0,18.7,37.4,27400.0,25.0,1.0
BLR,2026-10-11 15:00:00,29.8,34.0,0.0,19.1,36.4,27420.0,5.0,0.0
BLR,2026-10-11 16:00:00,29.0,36.0,0.0,18.4,35.6,27380.0,15.0,0.0
BLR,2026-10-11 17:00:00,27.5,42.0,0.0,17.9,33.1,24380.0,1.0,0.0
BLR,2026-10-11 18:00:00,25.7,50.0,0.0,16.1,30.2,24240.0,0.0,0.0
BLR,2026-10-11 19:00:00,24.5,55.0,0.0,16.2,28.1,21400.0,0.0,0.0
BLR,2026-10-11 20:00:00,23.8,57.0,0.0,13.3,26.6,21300.0,0.0,0.0
BLR,2026-10-11 21:00:00,23.2,60.0,0.0,13.0,21.6,21220.0,0.0,0.0
BLR,2026-10-11 22:00:00,22.3,66.0,0.0,11.9,21.2,19320.0,0.0,0.0
BLR,2026-10-11 23:00:00,21.5,73.0,0.0,10.1,19.4,17320.0,0.0,0.0
BOM,2026-07-29 04:00:00,28.4,79.0,0.2,23.7,37.4,17560.0,100.0,51.0
BOM,2026-07-29 05:00:00,28.6,78.0,0.3,23.5,37.1,19900.0,100.0,51.0
BOM,2026-07-29 06:00:00,28.7,77.0,0.0,22.0,37.1,18840.0,100.0,3.0
BOM,2026-07-29 07:00:00,28.9,75.0,0.1,23.1,37.1,17900.0,100.0,51.0
BOM,2026-07-29 08:00:00,29.5,71.0,0.1,25.6,36.4,5140.0,100.0,51.0
BOM,2026-07-29 09:00:00,30.1,66.0,0.1,28.1,37.4,6340.0,100.0,51.0
BOM,2026-07-29 10:00:00,30.9,63.0,0.1,29.2,36.7,22840.0,44.0,51.0
BOM,2026-07-29 11:00:00,31.2,65.0,0.1,31.4,40.0,8500.0,100.0,51.0
BOM,2026-07-29 12:00:00,31.3,63.0,0.1,32.4,39.6,18740.0,100.0,51.0
BOM,2026-07-29 13:00:00,31.6,63.0,0.2,31.4,41.0,19500.0,69.0,51.0
BOM,2026-07-29 14:00:00,31.5,64.0,0.4,33.2,42.1,12000.0,64.0,51.0
BOM,2026-07-29 15:00:00,31.2,64.0,0.2,33.2,43.6,23080.0,99.0,51.0
BOM,2026-07-29 16:00:00,31.1,65.0,0.1,33.5,42.8,11740.0,100.0,51.0
BOM,2026-07-29 17:00:00,30.5,66.0,0.1,31.3,42.8,12380.0,79.0,51.0
BOM,2026-07-29 18:00:00,29.8,70.0,0.1,29.5,40.0,24140.0,45.0,51.0
BOM,2026-07-29 19:00:00,29.4,71.0,0.0,28.1,40.3,19500.0,100.0,3.0
BOM,2026-07-29 20:00:00,29.0,73.0,0.1,26.0,38.5,24140.0,100.0,51.0
BOM,2026-07-29 21:00:00,28.9,74.0,0.2,24.1,33.5,19780.0,100.0,51.0
BOM,2026-07-29 22:00:00,28.8,75.0,0.1,23.8,35.6,20280.0,100.0,51.0
BOM,2026-07-29 23:00:00,28.7,75.0,0.1,23.4,34.9,24080.0,100.0,51.0
BOM,2026-07-30 00:00:00,28.7,75.0,0.2,21.7,31.7,17280.0,100.0,51.0
BOM,2026-07-30 01:00:00,28.6,76.0,0.2,20.9,31.7,15340.0,100.0,51.0
BOM,2026-07-30 02:00:00,28.6,74.0,0.1,22.0,32.8,19300.0,100.0,51.0
BOM,2026-07-30 03:00:00,28.4,77.0,0.2,19.9,29.5,16300.0,100.0,51.0
BOM,2026-07-30 04:00:00,28.4,77.0,0.3,19.5,29.9,15620.0,100.0,51.0
BOM,2026-07-30 05:00:00,27.7,84.0,0.2,18.3,32.8,20040.0,91.0,51.0
BOM,2026-07-30 06:00:00,26.5,92.0,0.3,18.4,40.3,5360.0,99.0,51.0
BOM,2026-07-30 07:00:00,26.9,90.0,0.5,15.1,37.4,6100.0,100.0,53.0
BOM,2026-07-30 08:00:00,27.2,86.0,0.3,15.9,35.6,7580.0,99.0,51.0
BOM,2026-07-30 09:00:00,27.2,88.0,0.4,14.5,37.1,4660.0,100.0,51.0
BOM,2026-07-30 10:00:00,27.9,85.0,0.2,15.3,38.2,5820.0,100.0,51.0
BOM,2026-07-30 11:00:00,28.2,84.0,0.5,15.7,41.0,6080.0,100.0,53.0
BOM,2026-07-30 12:00:00,28.0,83.0,0.5,18.6,43.2,11020.0,100.0,53.0
BOM,2026-07-30 13:00:00,27.8,84.0,0.4,19.8,45.7,4740.0,100.0,51.0
BOM,2026-07-30 14:00:00,27.9,84.0,0.6,18.2,47.5,3540.0,100.0,53.0
BOM,2026-07-30 15:00:00,27.1,88.0,1.0,19.7,48.6,6000.0,100.0,55.0
BOM,2026-07-30 16:00:00,27.6,86.0,0.1,16.4,45.7,3720.0,100.0,51.0
BOM,2026-07-30 17:00:00,27.0,86.0,0.8,18.4,41.0,3940.0,99.0,53.0
BOM,2026-07-30 18:00:00,27.7,83.0,0.4,18.4,45.0,9480.0,100.0,51.0
BOM,2026-07-30 19:00:00,27.6,84.0,0.2,20.2,42.8,5360.0,100.0,51.0
BOM,2026-07-30 20:00:00,27.5,85.0,0.6,18.8,42.8,4820.0,100.0,53.0
BOM,2026-07-30 21:00:00,27.6,84.0,0.3,18.6,39.2,8640.0,100.0,51.0
BOM,2026-07-30 22:00:00,27.7,83.0,0.1,18.6,39.2,14300.0,100.0,51.0
BOM,2026-07-30 23:00:00,27.2,84.0,0.1,16.8,39.2,6680.0,100.0,51.0
BOM,2026-07-31 00:00:00,27.6,81.0,0.2,19.8,40.7,7200.0,100.0,51.0
BOM,2026-07-31 01:00:00,27.4,83.0,0.2,19.3,41.4,7020.0,100.0,51.0
BOM,2026-07-31 02:00:00,27.3,85.0,0.4,19.1,41.8,7760.0,100.0,51.0
BOM,2026-07-31 03:00:00,27.2,84.0,0.2,19.2,40.0,7320.0,100.0,51.0
BOM,2026-07-31 04:00:00,27.1,84.0,0.2,18.2,40.0,6160.0,100.0,51.0
BOM,2026-07-31 05:00:00,27.3,87.0,0.5,20.5,37.8,4660.0,100.0,53.0
BOM,2026-07-31 06:00:00,27.4,85.0,0.6,18.6,43.2,4100.0,100.0,53.0
BOM,2026-07-31 07:00:00,27.5,87.0,0.6,19.3,40.3,5000.0,100.0,53.0
BOM,2026-07-31 08:00:00,27.1,88.0,1.1,19.8,40.0,2460.0,100.0,55.0
BOM,2026-07-31 09:00:00,27.4,89.0,1.3,20.9,42.5,4020.0,100.0,80.0
BOM,2026-07-31 10:00:00,26.8,92.0,2.3,19.1,42.8,2260.0,100.0,95.0
BOM,2026-07-31 11:00:00,27.7,90.0,1.5,23.7,43.6,5060.0,100.0,95.0
BOM,2026-07-31 12:00:00,28.0,89.0,0.4,20.9,49.3,5640.0,100.0,51.0
BOM,2026-07-31 13:00:00,27.9,89.0,0.4,21.8,52.2,4340.0,100.0,95.0
BOM,2026-07-31 14:00:00,27.4,88.0,0.8,21.9,57.6,2720.0,100.0,53.0
BOM,2026-07-31 15:00:00,28.2,88.0,0.8,20.5,51.1,8260.0,100.0,95.0
BOM,2026-07-31 16:00:00,26.8,89.0,0.4,22.3,54.7,4220.0,100.0,51.0
BOM,2026-07-31 17:00:00,28.4,77.0,0.2,22.6,55.4,6480.0,100.0,51.0
BOM,2026-07-31 18:00:00,28.0,77.0,1.0,20.2,47.9,8320.0,100.0,55.0
BOM,2026-07-31 19:00:00,27.5,85.0,0.9,20.9,44.3,5820.0,100.0,53.0
BOM,2026-07-31 20:00:00,27.4,88.0,0.2,20.5,45.0,8280.0,100.0,51.0
BOM,2026-07-31 21:00:00,27.5,87.0,0.2,20.8,43.6,6040.0,100.0,51.0
BOM,2026-07-31 22:00:00,27.6,86.0,0.2,21.5,46.8,19100.0,100.0,51.0
BOM,2026-07-31 23:00:00,26.9,86.0,0.1,20.0,45.7,6300.0,100.0,51.0
BOM,2026-08-01 00:00:00,27.6,83.0,0.3,19.7,42.5,5180.0,100.0,51.0
BOM,2026-08-01 01:00:00,27.7,84.0,0.2,21.7,45.4,5040.0,95.0,51.0
BOM,2026-08-01 02:00:00,27.1,87.0,0.2,18.6,50.0,9140.0,99.0,51.0
BOM,2026-08-01 03:00:00,26.9,89.0,0.3,19.6,44.3,4440.0,100.0,51.0
BOM,2026-08-01 04:00:00,27.3,88.0,0.3,20.6,42.8,17740.0,100.0,51.0
BOM,2026-08-01 05:00:00,27.1,87.0,0.0,20.3,45.0,4980.0,77.0,2.0
BOM,2026-08-01 06:00:00,27.7,81.0,0.2,22.3,47.2,8760.0,88.0,51.0
BOM,2026-08-01 07:00:00,28.0,80.0,0.3,22.1,49.7,9620.0,62.0,51.0
BOM,2026-08-01 08:00:00,28.1,80.0,0.3,24.8,56.5,5420.0,47.0,51.0
BOM,2026-08-01 09:00:00,28.7,80.0,0.3,22.5,57.6,15300.0,24.0,51.0
BOM,2026-08-01 10:00:00,28.8,80.0,0.3,24.1,56.2,6960.0,83.0,51.0
BOM,2026-08-01 11:00:00,26.6,90.0,0.3,20.4,57.2,6780.0,100.0,51.0
BOM,2026-08-01 12:00:00,27.9,84.0,1.6,16.9,47.9,10780.0,100.0,95.0
BOM,2026-08-01 13:00:00,28.4,80.0,0.4,22.1,50.4,12700.0,100.0,51.0
BOM,2026-08-01 14:00:00,28.3,82.0,0.3,25.1,59.4,7220.0,100.0,51.0
BOM,2026-08-01 15:00:00,28.4,78.0,0.9,25.3,63.7,5140.0,88.0,53.0
BOM,2026-08-01 16:00:00,28.7,78.0,0.7,24.1,57.6,6000.0,41.0,53.0
BOM,2026-08-01 17:00:00,28.4,79.0,0.4,23.3,57.6,3520.0,74.0,51.0
BOM,2026-08-01 18:00:00,28.1,81.0,0.5,22.5,52.6,6060.0,78.0,53.0
BOM,2026-08-01 19:00:00,28.2,80.0,0.2,22.2,49.3,11080.0,51.0,51.0
BOM,2026-08-01 20:00:00,27.5,86.0,0.5,20.2,51.1,11420.0,48.0,53.0
BOM,2026-08-01 21:00:00,27.9,85.0,0.2,21.0,45.0,13780.0,100.0,51.0
BOM,2026-08-01 22:00:00,27.4,82.0,0.2,21.1,47.9,5700.0,89.0,51.0
BOM,2026-08-01 23:00:00,28.0,80.0,0.1,22.0,45.7,14660.0,97.0,51.0
BOM,2026-08-02 00:00:00,27.9,81.0,0.0,22.1,49.0,10600.0,59.0,2.0
BOM,2026-08-02 01:00:00,27.6,82.0,0.2,20.7,46.8,6380.0,73.0,51.0
BOM,2026-08-02 02:00:00,27.2,83.0,0.4,19.9,43.6,8100.0,68.0,51.0
BOM,2026-08-02 03:00:00,26.7,86.0,0.4,16.8,41.8,13700.0,98.0,51.0
BOM,2026-08-02 04:00:00,27.1,85.0,0.1,17.3,37.8,14020.0,76.0,51.0
BOM,2026-08-02 05:00:00,27.0,88.0,0.2,18.9,39.2,4560.0,61.0,51.0
BOM,2026-08-02 06:00:00,27.0,86.0,0.7,20.4,42.8,12800.0,29.0,53.0
BOM,2026-08-02 07:00:00,27.3,84.0,0.2,20.7,45.0,4060.0,64.0,51.0
BOM,2026-08-02 08:00:00,27.9,84.0,0.9,19.1,44.6,5040.0,70.0,53.0
BOM,2026-08-02 09:00:00,27.3,84.0,2.2,20.0,48.2,2220.0,94.0,80.0
BOM,2026-08-02 10:00:00,28.7,82.0,1.9,15.6,47.9,6120.0,30.0,80.0
BOM,2026-08-02 11:00:00,26.7,85.0,1.5,20.1,47.5,1720.0,79.0,80.0
BOM,2026-08-02 12:00:00,29.2,79.0,2.7,20.0,47.9,7160.0,32.0,81.0
BOM,2026-08-02 13:00:00,28.2,80.0,1.3,19.6,50.4,2200.0,93.0,80.0
BOM,2026-08-02 14:00:00,28.7,79.0,1.8,19.7,48.6,5700.0,58.0,95.0
BOM,2026-08-02 15:00:00,27.2,87.0,2.3,16.4,52.2,1860.0,75.0,95.0
BOM,2026-08-02 16:00:00,28.1,84.0,2.0,17.9,43.2,9920.0,47.0,80.0
BOM,2026-08-02 17:00:00,28.7,76.0,0.2,19.9,49.7,5700.0,64.0,51.0
BOM,2026-08-02 18:00:00,28.3,80.0,0.2,19.8,44.3,14120.0,47.0,51.0
BOM,2026-08-02 19:00:00,26.5,86.0,1.3,19.0,42.1,2060.0,91.0,80.0
BOM,2026-08-02 20:00:00,26.8,88.0,1.9,19.4,38.2,3520.0,59.0,95.0
BOM,2026-08-02 21:00:00,26.5,88.0,0.8,14.3,41.4,10260.0,27.0,53.0
BOM,2026-08-02 22:00:00,26.5,87.0,0.8,10.4,28.1,2500.0,75.0,53.0
BOM,2026-08-02 23:00:00,26.3,91.0,1.3,16.5,24.1,4140.0,98.0,80.0
BOM,2026-08-03 00:00:00,26.4,90.0,1.0,12.2,32.4,2260.0,100.0,55.0
BOM,2026-08-03 01:00:00,26.0,92.0,3.8,15.5,33.5,3100.0,100.0,95.0
BOM,2026-08-03 02:00:00,26.5,90.0,0.4,17.1,34.6,9660.0,83.0,51.0
BOM,2026-08-03 03:00:00,26.4,88.0,0.3,12.7,34.9,3080.0,86.0,51.0
BOM,2026-08-03 04:00:00,25.9,91.0,1.5,14.4,30.2,2420.0,96.0,80.0
BOM,2026-08-03 05:00:00,26.4,90.0,1.0,16.6,30.2,4820.0,99.0,55.0
BOM,2026-08-03 06:00:00,26.5,89.0,0.8,15.3,36.7,5300.0,100.0,53.0
BOM,2026-08-03 07:00:00,27.3,90.0,0.1,12.6,30.6,8800.0,75.0,51.0
BOM,2026-08-03 08:00:00,26.8,89.0,1.4,9.8,29.9,6020.0,96.0,80.0
BOM,2026-08-03 09:00:00,28.0,83.0,0.4,12.1,30.6,8180.0,100.0,51.0
BOM,2026-08-03 10:00:00,28.4,79.0,0.4,13.2,37.4,4500.0,100.0,51.0
BOM,2026-08-03 11:00:00,29.1,78.0,0.2,16.3,39.6,15400.0,98.0,51.0
BOM,2026-08-03 12:00:00,29.2,75.0,0.1,19.1,47.5,11940.0,61.0,51.0
BOM,2026-08-03 13:00:00,29.1,73.0,1.0,18.7,45.4,4240.0,88.0,55.0
BOM,2026-08-03 14:00:00,29.5,71.0,0.7,19.3,47.5,12220.0,95.0,53.0
BOM,2026-08-03 15:00:00,29.1,73.0,0.2,18.6,46.8,9920.0,98.0,51.0
BOM,2026-08-03 16:00:00,28.2,76.0,1.0,15.8,45.4,4820.0,99.0,55.0
BOM,2026-08-03 17:00:00,28.4,79.0,0.4,15.7,37.4,3860.0,99.0,51.0
BOM,2026-08-03 18:00:00,26.8,88.0,0.7,14.4,34.2,3240.0,97.0,53.0
BOM,2026-08-03 19:00:00,27.2,90.0,0.8,10.8,30.6,6120.0,92.0,53.0
BOM,2026-08-03 20:00:00,27.0,88.0,1.0,13.2,27.7,5680.0,93.0,55.0
BOM,2026-08-03 21:00:00,26.2,89.0,0.8,13.7,28.8,2720.0,98.0,53.0
BOM,2026-08-03 22:00:00,26.9,91.0,0.5,11.5,27.4,8720.0,84.0,53.0
BOM,2026-08-03 23:00:00,27.2,86.0,0.2,11.8,27.0,8300.0,86.0,51.0
BOM,2026-08-04 00:00:00,27.3,83.0,0.2,13.9,29.2,9460.0,72.0,51.0
BOM,2026-08-04 01:00:00,27.4,78.0,0.3,12.8,29.2,4040.0,100.0,51.0
BOM,2026-08-04 02:00:00,26.1,84.0,1.0,9.5,25.6,3540.0,88.0,55.0
BOM,2026-08-04 03:00:00,26.2,88.0,0.2,7.8,18.4,12780.0,99.0,51.0
BOM,2026-08-04 04:00:00,25.6,91.0,0.5,8.4,15.1,2960.0,99.0,53.0
BOM,2026-08-04 05:00:00,26.9,86.0,1.5,16.3,15.5,8400.0,44.0,80.0
BOM,2026-08-04 06:00:00,27.1,85.0,0.1,18.2,38.5,16640.0,88.0,51.0
BOM,2026-08-04 07:00:00,27.5,83.0,0.0,13.6,38.2,8820.0,51.0,2.0
BOM,2026-08-04 08:00:00,28.0,79.0,0.1,14.6,33.8,13820.0,45.0,51.0
BOM,2026-08-04 09:00:00,28.8,74.0,0.2,15.6,40.3,8100.0,87.0,51.0
BOM,2026-08-04 10:00:00,29.0,70.0,0.2,15.5,38.5,5480.0,86.0,51.0
BOM,2026-08-04 11:00:00,29.2,73.0,0.9,16.2,39.2,6840.0,57.0,53.0
BOM,2026-08-04 12:00:00,29.3,73.0,0.2,18.8,46.1,12980.0,52.0,51.0
BOM,2026-08-04 13:00:00,29.4,70.0,0.6,18.2,46.4,7640.0,98.0,53.0
BOM,2026-08-04 14:00:00,28.9,73.0,0.7,16.4,44.6,5260.0,100.0,53.0
BOM,2026-08-04 15:00:00,28.2,77.0,0.7,15.2,40.3,3620.0,99.0,53.0
BOM,2026-08-04 16:00:00,28.2,77.0,0.4,15.1,36.7,5400.0,96.0,51.0
BOM,2026-08-04 17:00:00,26.9,88.0,0.3,12.5,38.2,4860.0,100.0,51.0
BOM,2026-08-04 18:00:00,26.7,90.0,1.7,11.5,28.8,4920.0,99.0,95.0
BOM,2026-08-04 19:00:00,26.2,91.0,1.7,12.0,28.8,7420.0,100.0,80.0
BOM,2026-08-04 20:00:00,26.6,90.0,0.0,8.8,23.0,10400.0,100.0,3.0
BOM,2026-08-04 21:00:00,26.5,89.0,1.1,10.4,20.5,3440.0,100.0,55.0
BOM,2026-08-04 22:00:00,26.4,89.0,0.6,9.9,22.0,4100.0,100.0,53.0
BOM,2026-08-04 23:00:00,26.3,89.0,0.6,10.9,20.5,3540.0,100.0,53.0
BOM,2026-08-05 00:00:00,25.8,92.0,1.1,8.1,25.6,7040.0,99.0,55.0
BOM,2026-08-05 01:00:00,25.8,92.0,1.3,11.3,24.1,2160.0,100.0,80.0
BOM,2026-08-05 02:00:00,25.6,92.0,2.1,13.6,28.4,4120.0,100.0,80.0
BOM,2026-08-05 03:00:00,25.7,93.0,0.4,10.4,30.2,9780.0,89.0,51.0
BOM,2026-08-05 04:00:00,25.4,93.0,0.5,9.2,26.6,6340.0,81.0,53.0
BOM,2026-08-05 05:00:00,26.8,89.0,0.1,15.0,20.2,19500.0,100.0,51.0
BOM,2026-08-05 06:00:00,27.0,87.0,0.1,13.7,32.8,22040.0,98.0,51.0
BOM,2026-08-05 07:00:00,26.9,83.0,0.3,13.1,29.9,5760.0,98.0,51.0
BOM,2026-08-05 08:00:00,26.7,87.0,0.9,9.1,28.8,4220.0,87.0,53.0
BOM,2026-08-05 09:00:00,26.8,88.0,2.9,10.3,28.1,2500.0,100.0,95.0
BOM,2026-08-05 10:00:00,27.3,84.0,1.2,12.6,34.6,4300.0,100.0,55.0
BOM,2026-08-05 11:00:00,27.9,83.0,0.5,15.1,39.2,8180.0,100.0,53.0
BOM,2026-08-05 12:00:00,28.3,78.0,0.3,14.5,44.6,14440.0,100.0,51.0
BOM,2026-08-05 13:00:00,27.5,81.0,0.4,15.6,40.0,2880.0,100.0,51.0
BOM,2026-08-05 14:00:00,28.0,78.0,0.7,14.4,40.7,7740.0,100.0,53.0
BOM,2026-08-05 15:00:00,28.2,79.0,0.2,16.4,43.9,3760.0,99.0,51.0
BOM,2026-08-05 16:00:00,28.0,79.0,0.9,17.5,45.0,5480.0,99.0,53.0
BOM,2026-08-05 17:00:00,28.2,78.0,0.1,14.9,42.8,16080.0,100.0,51.0
BOM,2026-08-05 18:00:00,27.6,82.0,0.1,13.7,31.3,6080.0,100.0,51.0
BOM,2026-08-05 19:00:00,27.5,82.0,0.2,12.5,29.5,9340.0,95.0,51.0
BOM,2026-08-05 20:00:00,27.6,82.0,0.2,11.6,26.3,12360.0,97.0,51.0
BOM,2026-08-05 21:00:00,26.8,85.0,0.2,11.4,25.6,5540.0,100.0,51.0
BOM,2026-08-05 22:00:00,26.8,86.0,0.3,10.1,23.4,9560.0,99.0,51.0
BOM,2026-08-05 23:00:00,26.9,89.0,0.1,9.0,21.2,10140.0,99.0,51.0
BOM,2026-08-06 00:00:00,26.4,88.0,0.6,10.3,22.7,3840.0,97.0,53.0
BOM,2026-08-06 01:00:00,26.4,90.0,0.3,10.4,22.3,5180.0,96.0,51.0
BOM,2026-08-06 02:00:00,26.0,90.0,0.5,10.3,24.1,4700.0,98.0,53.0
BOM,2026-08-06 03:00:00,26.4,89.0,0.3,10.0,20.2,10540.0,95.0,51.0
BOM,2026-08-06 04:00:00,26.7,84.0,0.2,11.0,22.3,6360.0,91.0,51.0
BOM,2026-08-06 05:00:00,26.6,84.0,0.6,13.4,22.7,5540.0,95.0,53.0
BOM,2026-08-06 06:00:00,26.4,85.0,0.9,12.4,27.0,2500.0,99.0,53.0
BOM,2026-08-06 07:00:00,26.2,94.0,2.2,11.1,24.5,4840.0,100.0,80.0
BOM,2026-08-06 08:00:00,27.7,85.0,0.3,14.2,34.2,4120.0,72.0,51.0
BOM,2026-08-06 09:00:00,27.8,82.0,0.7,15.7,41.0,6000.0,48.0,53.0
BOM,2026-08-06 10:00:00,28.7,74.0,0.6,18.2,44.6,3400.0,87.0,53.0
BOM,2026-08-06 11:00:00,29.2,75.0,0.8,18.7,44.3,10460.0,88.0,53.0
BOM,2026-08-06 12:00:00,29.2,76.0,0.1,19.8,48.6,14140.0,69.0,51.0
BOM,2026-08-06 13:00:00,29.2,76.0,0.1,19.8,49.7,10260.0,59.0,51.0
BOM,2026-08-06 14:00:00,29.3,74.0,0.2,20.2,49.3,8460.0,47.0,51.0
BOM,2026-08-06 15:00:00,29.1,73.0,0.3,19.4,49.0,7720.0,44.0,51.0
BOM,2026-08-06 16:00:00,28.8,74.0,0.4,18.2,47.2,5820.0,80.0,51.0
BOM,2026-08-06 17:00:00,28.4,81.0,0.3,16.3,43.9,12920.0,91.0,51.0
BOM,2026-08-06 18:00:00,27.9,81.0,0.3,17.0,40.3,6500.0,69.0,51.0
BOM,2026-08-06 19:00:00,27.3,86.0,0.4,17.3,37.1,10120.0,94.0,51.0
BOM,2026-08-06 20:00:00,27.7,83.0,0.0,17.6,36.4,10180.0,93.0,3.0
BOM,2026-08-06 21:00:00,27.5,83.0,0.1,18.0,37.4,10400.0,91.0,51.0
BOM,2026-08-06 22:00:00,27.6,82.0,0.1,17.2,38.2,13360.0,86.0,51.0
BOM,2026-08-06 23:00:00,27.6,82.0,0.1,19.2,36.4,10840.0,100.0,51.0
BOM,2026-08-07 00:00:00,27.0,85.0,0.3,18.1,40.7,6840.0,98.0,51.0
BOM,2026-08-07 01:00:00,26.9,84.0,0.4,17.1,39.2,5340.0,99.0,51.0
BOM,2026-08-07 02:00:00,27.5,78.0,0.3,16.9,35.6,5060.0,98.0,51.0
BOM,2026-08-07 03:00:00,27.3,80.0,0.3,17.3,37.1,12000.0,97.0,51.0
BOM,2026-08-07 04:00:00,27.1,84.0,0.0,16.2,36.4,10780.0,100.0,3.0
BOM,2026-08-07 05:00:00,26.8,89.0,0.1,15.6,34.2,11920.0,99.0,51.0
BOM,2026-08-07 06:00:00,27.3,83.0,0.4,16.9,35.6,5380.0,99.0,51.0
BOM,2026-08-07 07:00:00,27.5,81.0,0.5,19.5,41.0,5140.0,99.0,53.0
BOM,2026-08-07 08:00:00,27.8,81.0,0.4,21.2,45.7,7280.0,99.0,51.0
BOM,2026-08-07 09:00:00,28.6,79.0,0.1,19.4,48.2,11700.0,99.0,51.0
BOM,2026-08-07 10:00:00,29.1,74.0,0.1,19.7,47.9,9780.0,97.0,51.0
BOM,2026-08-07 11:00:00,29.7,65.0,0.2,18.7,47.2,6400.0,69.0,51.0
BOM,2026-08-07 12:00:00,29.1,73.0,0.6,19.7,48.6,4540.0,63.0,53.0
BOM,2026-08-07 13:00:00,29.3,72.0,0.7,20.5,49.7,4800.0,62.0,53.0
BOM,2026-08-07 14:00:00,28.9,75.0,0.6,19.2,49.7,5880.0,41.0,53.0
BOM,2026-08-07 15:00:00,29.1,75.0,0.6,19.2,47.5,10300.0,68.0,53.0
BOM,2026-08-07 16:00:00,28.9,75.0,0.1,19.0,46.4,15260.0,95.0,51.0
BOM,2026-08-07 17:00:00,28.0,80.0,0.1,17.8,45.4,6500.0,98.0,51.0
BOM,2026-08-07 18:00:00,27.6,86.0,0.5,13.6,40.3,10800.0,99.0,53.0
BOM,2026-08-07 19:00:00,27.5,85.0,0.1,13.8,29.9,8740.0,98.0,51.0
BOM,2026-08-07 20:00:00,27.4,86.0,0.1,14.2,29.9,11640.0,98.0,51.0
BOM,2026-08-07 21:00:00,27.2,87.0,0.1,14.1,30.6,8840.0,80.0,51.0
BOM,2026-08-07 22:00:00,27.0,85.0,0.4,13.0,29.2,6500.0,66.0,51.0
BOM,2026-08-07 23:00:00,26.8,88.0,0.2,12.3,27.7,9640.0,51.0,51.0
BOM,2026-08-08 00:00:00,27.0,85.0,0.1,13.9,28.1,7800.0,39.0,51.0
BOM,2026-08-08 01:00:00,27.2,84.0,0.1,14.2,29.2,8860.0,39.0,51.0
BOM,2026-08-08 02:00:00,27.1,84.0,0.1,15.7,32.8,11620.0,38.0,51.0
BOM,2026-08-08 03:00:00,27.1,84.0,0.1,15.1,32.8,9580.0,44.0,51.0
BOM,2026-08-08 04:00:00,26.4,87.0,0.6,16.1,33.1,6080.0,36.0,53.0
BOM,2026-08-08 05:00:00,26.7,88.0,0.3,17.4,33.5,7600.0,81.0,51.0
BOM,2026-08-08 06:00:00,26.2,89.0,0.6,13.1,36.0,4540.0,51.0,53.0
BOM,2026-08-08 07:00:00,27.3,87.0,0.2,15.2,32.0,10700.0,65.0,51.0
BOM,2026-08-08 08:00:00,28.1,75.0,0.4,15.5,37.1,6400.0,62.0,51.0
BOM,2026-08-08 09:00:00,27.4,80.0,1.0,17.0,41.0,4180.0,88.0,55.0
BOM,2026-08-08 10:00:00,28.6,78.0,0.2,17.0,41.4,11820.0,24.0,51.0
BOM,2026-08-08 11:00:00,28.5,75.0,0.0,17.2,44.3,9860.0,9.0,0.0
BOM,2026-08-08 12:00:00,28.6,73.0,0.6,18.5,46.1,3360.0,60.0,53.0
BOM,2026-08-08 13:00:00,29.2,76.0,0.5,17.9,46.1,7900.0,36.0,53.0
BOM,2026-08-08 14:00:00,29.1,77.0,0.1,17.3,45.0,21280.0,7.0,51.0
BOM,2026-08-08 15:00:00,29.2,77.0,0.0,16.6,42.8,20020.0,9.0,0.0
BOM,2026-08-08 16:00:00,28.9,77.0,0.1,16.9,42.1,13040.0,16.0,51.0
BOM,2026-08-08 17:00:00,28.6,78.0,0.1,16.2,41.4,8760.0,37.0,51.0
BOM,2026-08-08 18:00:00,28.2,80.0,0.2,15.1,37.8,10900.0,28.0,51.0
BOM,2026-08-08 19:00:00,27.8,83.0,0.1,12.7,32.4,15180.0,20.0,51.0
BOM,2026-08-08 20:00:00,27.7,83.0,0.1,11.6,26.6,11440.0,24.0,51.0
BOM,2026-08-08 21:00:00,27.5,84.0,0.1,11.9,24.8,11760.0,21.0,51.0
BOM,2026-08-08 22:00:00,27.2,85.0,0.1,12.8,26.6,10600.0,27.0,51.0
BOM,2026-08-08 23:00:00,26.6,89.0,0.1,14.2,27.0,7360.0,34.0,51.0
BOM,2026-08-09 00:00:00,27.1,86.0,0.2,14.8,30.2,10860.0,22.0,51.0
BOM,2026-08-09 01:00:00,27.0,85.0,0.1,14.5,31.0,10140.0,31.0,51.0
BOM,2026-08-09 02:00:00,26.9,86.0,0.0,15.0,31.3,13420.0,53.0,2.0
BOM,2026-08-09 03:00:00,26.9,84.0,0.1,14.7,31.3,9500.0,55.0,51.0
BOM,2026-08-09 04:00:00,26.7,84.0,0.0,14.7,31.3,8160.0,28.0,1.0
BOM,2026-08-09 05:00:00,26.5,88.0,0.2,13.6,31.3,9280.0,35.0,51.0
BOM,2026-08-09 06:00:00,26.5,85.0,0.3,17.0,35.3,4540.0,90.0,51.0
BOM,2026-08-09 07:00:00,27.1,86.0,0.5,14.5,34.9,10700.0,50.0,53.0
BOM,2026-08-09 08:00:00,27.2,83.0,0.3,14.2,36.7,3920.0,88.0,51.0
BOM,2026-08-09 09:00:00,27.6,81.0,0.8,13.2,32.0,4880.0,82.0,53.0
BOM,2026-08-09 10:00:00,27.5,79.0,0.6,13.8,37.1,10080.0,71.0,53.0
BOM,2026-08-09 11:00:00,27.9,80.0,0.3,15.3,36.0,3900.0,55.0,51.0
BOM,2026-08-09 12:00:00,29.5,73.0,0.3,17.0,41.0,10560.0,30.0,51.0
BOM,2026-08-09 13:00:00,29.6,73.0,0.1,17.7,44.3,13640.0,31.0,51.0
BOM,2026-08-09 14:00:00,29.3,71.0,0.3,17.7,45.0,4140.0,70.0,51.0
BOM,2026-08-09 15:00:00,29.1,74.0,1.0,16.2,43.9,8120.0,88.0,55.0
BOM,2026-08-09 16:00:00,28.7,76.0,0.2,16.1,40.3,6860.0,95.0,51.0
BOM,2026-08-09 17:00:00,28.7,77.0,0.2,13.9,38.9,12080.0,81.0,51.0
BOM,2026-08-09 18:00:00,28.3,79.0,0.1,10.8,33.1,18300.0,48.0,51.0
BOM,2026-08-09 19:00:00,27.9,81.0,0.0,9.0,23.0,21840.0,56.0,2.0
BOM,2026-08-09 20:00:00,27.7,83.0,0.0,8.6,19.1,20720.0,96.0,3.0
BOM,2026-08-09 21:00:00,27.7,83.0,0.0,9.2,19.1,13100.0,98.0,3.0
BOM,2026-08-09 22:00:00,27.6,83.0,0.1,9.6,19.8,10820.0,98.0,51.0
BOM,2026-08-09 23:00:00,26.9,86.0,0.1,9.2,20.5,6540.0,100.0,51.0
BOM,2026-08-10 00:00:00,27.0,84.0,0.2,8.6,18.7,10200.0,100.0,51.0
BOM,2026-08-10 01:00:00,26.3,87.0,0.4,8.3,21.2,4160.0,100.0,51.0
BOM,2026-08-10 02:00:00,26.3,86.0,0.5,7.8,19.4,6420.0,100.0,53.0
BOM,2026-08-10 03:00:00,25.5,90.0,0.6,11.4,20.9,3920.0,100.0,53.0
BOM,2026-08-10 04:00:00,25.6,91.0,0.4,7.8,27.4,15140.0,100.0,51.0
BOM,2026-08-10 05:00:00,25.6,89.0,0.6,9.7,22.3,4080.0,99.0,53.0
BOM,2026-08-10 06:00:00,25.8,92.0,0.5,5.4,21.6,7480.0,96.0,53.0
BOM,2026-08-10 07:00:00,26.2,90.0,0.4,8.9,22.7,9200.0,98.0,51.0
BOM,2026-08-10 08:00:00,26.6,84.0,0.5,10.5,32.4,6440.0,95.0,53.0
BOM,2026-08-10 09:00:00,26.7,81.0,0.4,12.4,34.6,2580.0,95.0,51.0
BOM,2026-08-10 10:00:00,27.7,81.0,1.4,11.2,34.9,10560.0,79.0,80.0
BOM,2026-08-10 11:00:00,26.9,80.0,0.2,14.9,39.2,2640.0,98.0,51.0
BOM,2026-08-10 12:00:00,29.2,76.0,1.1,16.2,44.6,9940.0,95.0,55.0
BOM,2026-08-10 13:00:00,29.3,76.0,0.1,18.8,49.0,9260.0,99.0,51.0
BOM,2026-08-10 14:00:00,29.1,75.0,0.1,17.4,49.7,17880.0,98.0,51.0
BOM,2026-08-10 15:00:00,29.1,74.0,0.2,19.0,45.7,12420.0,99.0,51.0
BOM,2026-08-10 16:00:00,28.7,75.0,0.1,16.6,45.7,15080.0,94.0,51.0
BOM,2026-08-10 17:00:00,28.8,71.0,0.1,15.6,40.0,14040.0,84.0,51.0
BOM,2026-08-10 18:00:00,28.2,76.0,0.1,13.9,36.7,17480.0,60.0,51.0
BOM,2026-08-10 19:00:00,27.8,78.0,0.0,12.3,29.9,16320.0,34.0,1.0
BOM,2026-08-10 20:00:00,27.6,79.0,0.1,10.8,25.9,10480.0,28.0,51.0
BOM,2026-08-10 21:00:00,27.4,80.0,0.1,8.7,22.3,13300.0,23.0,51.0
BOM,2026-08-10 22:00:00,27.3,81.0,0.0,9.0,18.4,13700.0,25.0,1.0
BOM,2026-08-10 23:00:00,26.3,84.0,0.0,10.2,21.2,19420.0,16.0,0.0
BOM,2026-08-11 00:00:00,26.5,84.0,0.0,10.4,21.2,10180.0,35.0,1.0
BOM,2026-08-11 01:00:00,26.3,85.0,0.2,11.2,23.8,7780.0,47.0,51.0
BOM,2026-08-11 02:00:00,25.7,86.0,0.2,10.6,25.2,4060.0,59.0,51.0
BOM,2026-08-11 03:00:00,25.9,86.0,0.5,9.3,20.9,10260.0,42.0,53.0
BOM,2026-08-11 04:00:00,25.4,90.0,0.2,7.7,19.1,4240.0,70.0,51.0
BOM,2026-08-11 05:00:00,26.2,89.0,1.1,7.3,15.1,6200.0,49.0,55.0
BOM,2026-08-11 06:00:00,25.6,90.0,0.6,12.5,26.3,3660.0,90.0,53.0
BOM,2026-08-11 07:00:00,25.7,92.0,0.8,7.9,24.8,2460.0,93.0,53.0
BOM,2026-08-11 08:00:00,26.2,92.0,4.4,9.0,25.2,1840.0,100.0,95.0
BOM,2026-08-11 09:00:00,25.7,93.0,6.7,11.7,27.7,2100.0,100.0,95.0
BOM,2026-08-11 10:00:00,26.3,89.0,1.9,10.4,27.7,4480.0,99.0,80.0
BOM,2026-08-11 11:00:00,26.0,91.0,0.4,13.7,29.9,2480.0,100.0,51.0
BOM,2026-08-11 12:00:00,26.8,87.0,1.8,15.3,40.7,3720.0,100.0,80.0
BOM,2026-08-11 13:00:00,27.1,86.0,0.4,16.0,40.3,8960.0,100.0,51.0
BOM,2026-08-11 14:00:00,26.7,82.0,0.5,18.7,45.7,3340.0,100.0,53.0
BOM,2026-08-11 15:00:00,27.0,83.0,1.1,18.6,45.7,3500.0,100.0,55.0
BOM,2026-08-11 16:00:00,26.4,84.0,0.9,17.5,39.6,4920.0,100.0,53.0
BOM,2026-08-11 17:00:00,26.4,91.0,0.3,13.4,36.4,2280.0,100.0,51.0
BOM,2026-08-11 18:00:00,25.8,93.0,2.5,10.6,30.2,1840.0,100.0,81.0
BOM,2026-08-11 19:00:00,25.9,91.0,2.5,10.0,23.0,2620.0,100.0,81.0
BOM,2026-08-11 20:00:00,25.6,93.0,2.1,12.3,26.6,3900.0,100.0,80.0
BOM,2026-08-11 21:00:00,26.0,93.0,0.4,8.3,25.9,7760.0,99.0,51.0
BOM,2026-08-11 22:00:00,25.8,91.0,0.6,10.9,23.0,4120.0,100.0,53.0
BOM,2026-08-11 23:00:00,25.6,92.0,0.5,9.9,22.0,3140.0,98.0,53.0
BOM,2026-08-12 00:00:00,25.8,91.0,1.1,6.6,21.2,4240.0,100.0,55.0
BOM,2026-08-12 01:00:00,25.9,91.0,0.6,9.9,18.4,4220.0,100.0,53.0
BOM,2026-08-12 02:00:00,25.8,90.0,0.6,10.8,20.9,5860.0,100.0,53.0
BOM,2026-08-12 03:00:00,26.1,91.0,0.2,10.5,21.2,13300.0,100.0,51.0
BOM,2026-08-12 04:00:00,24.8,90.0,0.8,10.5,22.7,2940.0,100.0,53.0
BOM,2026-08-12 05:00:00,25.5,91.0,0.5,11.7,20.9,2580.0,100.0,53.0
BOM,2026-08-12 06:00:00,25.6,91.0,1.2,11.7,25.2,9420.0,100.0,55.0
BOM,2026-08-12 07:00:00,26.3,89.0,0.1,11.0,24.8,5500.0,99.0,51.0
BOM,2026-08-12 08:00:00,26.9,88.0,0.1,12.6,29.5,9060.0,95.0,51.0
BOM,2026-08-12 09:00:00,27.7,79.0,0.2,12.6,32.0,9720.0,81.0,51.0
BOM,2026-08-12 10:00:00,27.9,77.0,0.5,14.7,35.3,6620.0,98.0,53.0
BOM,2026-08-12 11:00:00,26.6,88.0,0.6,17.6,39.6,2360.0,100.0,53.0
BOM,2026-08-12 12:00:00,26.9,85.0,1.0,14.7,38.5,9340.0,98.0,55.0
BOM,2026-08-12 13:00:00,27.9,82.0,0.4,11.9,33.5,6440.0,97.0,51.0
BOM,2026-08-12 14:00:00,27.7,81.0,0.8,13.0,37.1,3660.0,100.0,53.0
BOM,2026-08-12 15:00:00,28.3,80.0,0.5,16.1,39.6,8500.0,88.0,53.0
BOM,2026-08-12 16:00:00,28.5,74.0,0.3,15.2,40.7,7140.0,82.0,51.0
BOM,2026-08-12 17:00:00,28.3,76.0,0.9,14.1,37.8,9660.0,99.0,53.0
BOM,2026-08-12 18:00:00,27.9,79.0,0.2,14.4,32.4,8140.0,82.0,51.0
BOM,2026-08-12 19:00:00,26.8,86.0,0.3,11.8,32.4,5940.0,63.0,51.0
BOM,2026-08-12 20:00:00,26.8,88.0,0.2,9.2,26.3,11060.0,70.0,51.0
BOM,2026-08-12 21:00:00,27.1,87.0,0.1,9.4,22.0,12600.0,86.0,51.0
BOM,2026-08-12 22:00:00,26.3,89.0,0.5,8.9,23.0,4480.0,100.0,53.0
BOM,2026-08-12 23:00:00,26.8,87.0,0.3,8.7,19.8,8340.0,72.0,51.0
BOM,2026-08-13 00:00:00,26.3,88.0,0.3,11.2,22.3,4420.0,89.0,51.0
BOM,2026-08-13 01:00:00,26.0,88.0,0.7,12.5,26.6,6060.0,98.0,53.0
BOM,2026-08-13 02:00:00,25.9,89.0,0.4,13.0,27.4,4060.0,97.0,51.0
BOM,2026-08-13 03:00:00,25.5,89.0,0.8,13.5,29.5,3440.0,82.0,53.0
BOM,2026-08-13 04:00:00,26.5,88.0,0.3,13.4,30.6,15780.0,20.0,51.0
BOM,2026-08-13 05:00:00,26.3,87.0,0.5,14.1,31.7,3700.0,63.0,53.0
BOM,2026-08-13 06:00:00,26.7,88.0,0.3,14.4,33.1,11640.0,95.0,51.0
BOM,2026-08-13 07:00:00,27.3,85.0,0.0,12.6,32.8,7120.0,84.0,3.0
BOM,2026-08-13 08:00:00,27.6,77.0,1.0,14.8,37.1,5320.0,74.0,55.0
BOM,2026-08-13 09:00:00,28.1,78.0,0.4,15.4,40.3,5480.0,91.0,51.0
BOM,2026-08-13 10:00:00,27.2,78.0,0.7,15.4,39.6,2720.0,100.0,53.0
BOM,2026-08-13 11:00:00,26.1,88.0,2.6,17.8,39.2,1620.0,100.0,81.0
BOM,2026-08-13 12:00:00,27.3,87.0,2.7,9.7,43.6,6600.0,74.0,95.0
BOM,2026-08-13 13:00:00,28.1,80.0,0.5,12.8,42.1,18440.0,100.0,53.0
BOM,2026-08-13 14:00:00,28.3,79.0,0.0,16.8,44.6,28460.0,99.0,3.0
BOM,2026-08-13 15:00:00,28.3,78.0,0.2,16.0,47.2,14780.0,72.0,51.0
BOM,2026-08-13 16:00:00,27.9,78.0,0.2,17.0,45.7,5640.0,96.0,51.0
BOM,2026-08-13 17:00:00,26.9,82.0,0.6,14.1,44.3,5080.0,100.0,53.0
BOM,2026-08-13 18:00:00,27.3,83.0,0.1,14.1,32.0,13200.0,100.0,51.0
BOM,2026-08-13 19:00:00,27.0,82.0,0.2,13.7,32.4,7340.0,99.0,51.0
BOM,2026-08-13 20:00:00,27.5,80.0,0.0,13.7,30.6,28460.0,88.0,3.0
BOM,2026-08-13 21:00:00,27.4,80.0,0.0,12.1,29.2,19700.0,90.0,3.0
BOM,2026-08-13 22:00:00,27.4,80.0,0.0,12.7,25.9,13880.0,87.0,3.0
BOM,2026-08-13 23:00:00,26.8,85.0,0.1,9.9,26.6,17300.0,87.0,51.0
BOM,2026-08-14 00:00:00,26.7,84.0,0.3,11.0,26.3,9360.0,66.0,51.0
BOM,2026-08-14 01:00:00,26.3,86.0,0.3,11.4,27.0,4720.0,57.0,51.0
BOM,2026-08-14 02:00:00,26.0,88.0,0.5,10.2,28.8,12620.0,66.0,53.0
BOM,2026-08-14 03:00:00,25.5,90.0,0.3,10.4,23.8,5320.0,100.0,51.0
BOM,2026-08-14 04:00:00,25.9,88.0,0.5,7.8,24.5,8380.0,98.0,53.0
BOM,2026-08-14 05:00:00,25.8,91.0,0.3,9.4,24.5,17160.0,70.0,51.0
BOM,2026-08-14 06:00:00,25.4,89.0,0.1,10.9,24.5,3780.0,95.0,51.0
BOM,2026-08-14 07:00:00,26.1,89.0,0.3,10.0,24.8,3420.0,91.0,51.0
BOM,2026-08-14 08:00:00,26.9,86.0,0.9,9.9,28.4,7040.0,95.0,53.0
BOM,2026-08-14 09:00:00,28.1,77.0,0.3,12.3,32.8,8500.0,91.0,51.0
BOM,2026-08-14 10:00:00,28.2,78.0,0.2,12.8,36.7,28460.0,99.0,51.0
BOM,2026-08-14 11:00:00,28.9,76.0,0.3,15.9,41.4,12340.0,88.0,51.0
BOM,2026-08-14 12:00:00,29.0,75.0,0.1,17.1,43.9,9940.0,79.0,51.0
BOM,2026-08-14 13:00:00,29.0,74.0,0.2,17.4,44.6,11160.0,86.0,51.0
BOM,2026-08-14 14:00:00,28.5,72.0,0.3,18.2,44.3,5320.0,97.0,51.0
BOM,2026-08-14 15:00:00,28.2,77.0,0.6,15.7,46.1,14180.0,93.0,53.0
BOM,2026-08-14 16:00:00,28.1,76.0,0.0,17.0,43.9,15080.0,85.0,3.0
BOM,2026-08-14 17:00:00,27.2,82.0,0.5,14.1,42.5,3300.0,97.0,53.0
BOM,2026-08-14 18:00:00,27.4,81.0,0.7,15.5,32.0,6620.0,83.0,53.0
BOM,2026-08-14 19:00:00,27.4,81.0,0.3,14.3,33.1,10040.0,98.0,51.0
BOM,2026-08-14 20:00:00,27.5,79.0,0.2,14.0,31.0,9440.0,96.0,51.0
BOM,2026-08-14 21:00:00,26.9,83.0,0.5,14.2,32.0,6960.0,99.0,53.0
BOM,2026-08-14 22:00:00,27.0,80.0,0.1,14.3,29.5,7260.0,95.0,51.0
BOM,2026-08-14 23:00:00,26.1,88.0,0.7,10.1,31.0,15120.0,95.0,53.0
BOM,2026-08-15 00:00:00,26.8,85.0,0.0,9.6,22.0,16260.0,67.0,2.0
BOM,2026-08-15 01:00:00,26.6,83.0,0.1,10.3,23.4,16780.0,86.0,51.0
BOM,2026-08-15 02:00:00,26.0,87.0,0.1,7.6,22.7,8380.0,97.0,51.0
BOM,2026-08-15 03:00:00,25.7,88.0,0.2,9.4,18.7,4540.0,100.0,51.0
BOM,2026-08-15 04:00:00,25.8,88.0,0.5,9.6,20.5,6500.0,100.0,53.0
BOM,2026-08-15 05:00:00,24.9,94.0,0.6,11.5,23.8,4700.0,97.0,53.0
BOM,2026-08-15 06:00:00,24.8,96.0,1.1,4.7,24.1,3520.0,100.0,55.0
BOM,2026-08-15 07:00:00,25.6,95.0,2.1,11.1,23.8,2480.0,100.0,80.0
BOM,2026-08-15 08:00:00,26.2,90.0,1.5,11.4,31.7,6080.0,97.0,80.0
BOM,2026-08-15 09:00:00,26.4,85.0,0.6,11.2,29.2,2940.0,99.0,53.0
BOM,2026-08-15 10:00:00,26.7,86.0,0.7,8.5,33.5,7940.0,100.0,53.0
BOM,2026-08-15 11:00:00,28.4,77.0,0.2,10.8,27.7,22160.0,100.0,51.0
BOM,2026-08-15 12:00:00,27.8,76.0,0.3,14.1,38.2,3000.0,100.0,51.0
BOM,2026-08-15 13:00:00,27.4,82.0,0.7,11.5,38.5,7560.0,88.0,53.0
BOM,2026-08-15 14:00:00,28.3,79.0,0.1,12.5,38.9,21380.0,91.0,51.0
BOM,2026-08-15 15:00:00,27.9,76.0,0.5,14.4,38.5,2540.0,99.0,53.0
BOM,2026-08-15 16:00:00,27.5,79.0,0.6,16.2,39.6,3100.0,91.0,53.0
BOM,2026-08-15 17:00:00,28.3,79.0,0.4,15.8,41.8,16820.0,78.0,51.0
BOM,2026-08-15 18:00:00,27.1,87.0,1.2,13.6,41.4,6020.0,95.0,55.0
BOM,2026-08-15 19:00:00,26.7,87.0,0.4,12.3,30.6,7520.0,94.0,51.0
BOM,2026-08-15 20:00:00,25.8,90.0,0.5,12.4,28.1,5180.0,96.0,53.0
BOM,2026-08-15 21:00:00,25.8,91.0,0.8,7.7,28.4,11460.0,95.0,53.0
BOM,2026-08-15 22:00:00,26.1,91.0,0.2,5.4,14.4,14300.0,99.0,51.0
BOM,2026-08-15 23:00:00,25.8,93.0,0.1,7.6,16.9,9520.0,89.0,51.0
BOM,2026-08-16 00:00:00,25.5,94.0,0.3,7.9,17.6,6580.0,99.0,51.0
BOM,2026-08-16 01:00:00,25.8,91.0,0.2,8.4,16.6,4680.0,98.0,51.0
BOM,2026-08-16 02:00:00,26.0,90.0,0.6,8.5,19.1,10900.0,94.0,53.0
BOM,2026-08-16 03:00:00,26.1,90.0,0.0,9.9,22.0,7920.0,98.0,3.0
BOM,2026-08-16 04:00:00,25.6,90.0,0.5,8.9,22.0,5340.0,89.0,53.0
BOM,2026-08-16 05:00:00,26.4,84.0,1.2,14.5,18.4,4060.0,96.0,55.0
BOM,2026-08-16 06:00:00,25.9,87.0,0.7,9.7,32.0,8760.0,91.0,53.0
BOM,2026-08-16 07:00:00,26.3,88.0,0.4,11.4,23.0,5440.0,84.0,51.0
BOM,2026-08-16 08:00:00,27.9,79.0,0.1,13.4,32.8,12560.0,95.0,51.0
BOM,2026-08-16 09:00:00,28.6,76.0,0.0,14.8,40.3,13480.0,66.0,2.0
BOM,2026-08-16 10:00:00,28.8,76.0,0.1,14.2,41.0,15640.0,76.0,51.0
BOM,2026-08-16 11:00:00,29.6,72.0,0.1,17.8,38.9,9740.0,91.0,51.0
BOM,2026-08-16 12:00:00,29.7,72.0,0.1,17.5,45.4,19480.0,81.0,51.0
BOM,2026-08-16 13:00:00,29.6,72.0,0.1,17.4,43.6,8940.0,97.0,51.0
BOM,2026-08-16 14:00:00,29.0,74.0,0.9,18.7,46.1,5140.0,91.0,53.0
BOM,2026-08-16 15:00:00,28.9,74.0,0.9,18.0,45.7,3880.0,87.0,53.0
BOM,2026-08-16 16:00:00,28.5,75.0,0.9,18.7,45.4,5520.0,98.0,53.0
BOM,2026-08-16 17:00:00,26.1,85.0,0.2,15.5,46.1,3080.0,100.0,51.0
BOM,2026-08-16 18:00:00,25.7,92.0,2.0,9.8,38.2,3320.0,98.0,80.0
BOM,2026-08-16 19:00:00,26.0,91.0,0.5,11.2,25.2,4880.0,88.0,53.0
BOM,2026-08-16 20:00:00,26.0,90.0,0.5,11.7,24.8,4100.0,97.0,53.0
BOM,2026-08-16 21:00:00,26.4,91.0,0.6,11.6,23.4,13400.0,82.0,53.0
BOM,2026-08-16 22:00:00,26.5,89.0,0.1,12.2,25.9,6040.0,87.0,51.0
BOM,2026-08-16 23:00:00,27.0,84.0,0.3,12.8,26.6,12900.0,70.0,51.0
BOM,2026-08-17 00:00:00,27.1,80.0,0.2,13.0,27.4,8720.0,99.0,51.0
BOM,2026-08-17 01:00:00,26.7,82.0,0.4,13.5,27.4,6320.0,100.0,51.0
BOM,2026-08-17 02:00:00,26.3,84.0,0.6,13.4,29.2,5280.0,97.0,53.0
BOM,2026-08-17 03:00:00,25.5,87.0,1.3,12.1,28.8,6100.0,97.0,80.0
BOM,2026-08-17 04:00:00,26.3,85.0,0.1,12.5,24.8,3920.0,100.0,51.0
BOM,2026-08-17 05:00:00,25.6,84.0,0.7,17.6,27.0,2600.0,92.0,53.0
BOM,2026-08-17 06:00:00,26.9,86.0,0.6,17.1,35.6,18480.0,62.0,53.0
BOM,2026-08-17 07:00:00,28.0,75.0,0.0,18.4,38.9,7280.0,76.0,2.0
BOM,2026-08-17 08:00:00,28.5,70.0,0.5,17.7,40.7,31400.0,96.0,53.0
BOM,2026-08-17 09:00:00,28.6,73.0,0.5,16.7,42.5,8440.0,97.0,53.0
BOM,2026-08-17 10:00:00,28.2,76.0,0.7,16.9,41.4,24980.0,78.0,53.0
BOM,2026-08-17 11:00:00,27.2,80.0,1.2,16.9,41.4,3200.0,100.0,55.0
BOM,2026-08-17 12:00:00,27.3,83.0,0.9,11.6,37.1,4900.0,81.0,53.0
BOM,2026-08-17 13:00:00,27.5,79.0,0.4,14.8,41.8,2680.0,89.0,51.0
BOM,2026-08-17 14:00:00,29.4,74.0,0.5,17.1,45.0,28240.0,100.0,53.0
BOM,2026-08-17 15:00:00,28.4,76.0,0.3,18.2,46.4,21460.0,55.0,51.0
BOM,2026-08-17 16:00:00,27.8,78.0,0.2,18.6,49.3,2860.0,96.0,51.0
BOM,2026-08-17 17:00:00,27.7,79.0,0.5,18.5,43.2,4340.0,95.0,53.0
BOM,2026-08-17 18:00:00,27.7,81.0,0.2,18.2,39.6,11520.0,95.0,51.0
BOM,2026-08-17 19:00:00,27.7,79.0,0.3,17.8,38.5,8460.0,88.0,51.0
BOM,2026-08-17 20:00:00,27.5,82.0,0.5,17.8,38.9,12120.0,95.0,53.0
BOM,2026-08-17 21:00:00,27.6,82.0,0.1,18.1,38.2,16860.0,84.0,51.0
BOM,2026-08-17 22:00:00,27.6,81.0,0.0,16.6,37.8,10180.0,97.0,3.0
BOM,2026-08-17 23:00:00,27.5,77.0,0.7,16.5,34.2,4540.0,97.0,53.0
BOM,2026-08-18 00:00:00,27.2,83.0,0.3,15.5,35.6,5520.0,91.0,51.0
BOM,2026-08-18 01:00:00,27.0,82.0,0.5,16.1,33.1,4880.0,85.0,53.0
BOM,2026-08-18 02:00:00,26.5,85.0,0.6,16.6,35.6,6800.0,79.0,53.0
BOM,2026-08-18 03:00:00,25.8,89.0,0.2,15.9,33.8,3760.0,65.0,51.0
BOM,2026-08-18 04:00:00,26.8,88.0,0.2,14.7,33.1,12500.0,93.0,51.0
BOM,2026-08-18 05:00:00,27.3,83.0,0.1,16.1,33.1,19960.0,91.0,51.0
BOM,2026-08-18 06:00:00,27.3,83.0,0.1,15.4,33.8,10460.0,95.0,51.0
BOM,2026-08-18 07:00:00,26.7,86.0,0.6,13.1,33.5,12640.0,84.0,53.0
BOM,2026-08-18 08:00:00,27.0,81.0,0.6,16.2,39.2,4500.0,95.0,53.0
BOM,2026-08-18 09:00:00,28.0,80.0,0.3,16.4,42.1,5400.0,94.0,51.0
BOM,2026-08-18 10:00:00,28.1,78.0,0.9,16.1,44.3,3400.0,74.0,53.0
BOM,2026-08-18 11:00:00,29.0,74.0,1.0,19.3,43.2,6120.0,59.0,55.0
BOM,2026-08-18 12:00:00,28.9,75.0,0.8,20.6,51.1,10880.0,44.0,53.0
BOM,2026-08-18 13:00:00,29.2,75.0,0.0,18.9,49.3,6080.0,63.0,2.0
BOM,2026-08-18 14:00:00,29.1,73.0,0.3,18.9,46.8,8180.0,69.0,51.0
BOM,2026-08-18 15:00:00,28.3,77.0,0.9,20.0,47.2,5140.0,92.0,53.0
BOM,2026-08-18 16:00:00,28.0,78.0,0.7,19.1,47.9,4760.0,89.0,53.0
BOM,2026-08-18 17:00:00,28.1,83.0,0.5,16.4,46.1,10360.0,35.0,53.0
BOM,2026-08-18 18:00:00,27.6,85.0,0.4,13.9,42.1,11300.0,38.0,51.0
BOM,2026-08-18 19:00:00,27.2,85.0,0.1,15.3,31.7,7680.0,45.0,51.0
BOM,2026-08-18 20:00:00,27.2,85.0,0.3,16.0,34.2,9140.0,27.0,51.0
BOM,2026-08-18 21:00:00,27.1,87.0,0.1,16.0,33.8,12220.0,43.0,51.0
BOM,2026-08-18 22:00:00,26.8,88.0,0.0,15.3,33.5,11060.0,49.0,1.0
BOM,2026-08-18 23:00:00,26.8,87.0,0.1,15.1,32.0,7040.0,98.0,51.0
BOM,2026-08-19 00:00:00,27.0,85.0,0.2,15.0,31.3,9860.0,99.0,51.0
BOM,2026-08-19 01:00:00,27.1,84.0,0.0,14.4,32.4,17880.0,97.0,3.0
BOM,2026-08-19 02:00:00,26.0,88.0,0.1,13.8,32.4,5080.0,100.0,51.0
BOM,2026-08-19 03:00:00,26.3,88.0,0.1,12.3,28.8,13660.0,98.0,51.0
BOM,2026-08-19 04:00:00,26.2,87.0,0.4,14.1,29.5,5800.0,100.0,51.0
BOM,2026-08-19 05:00:00,26.3,91.0,0.4,11.2,29.5,8880.0,100.0,51.0
BOM,2026-08-19 06:00:00,26.7,91.0,0.0,12.3,24.8,12740.0,100.0,3.0
BOM,2026-08-19 07:00:00,27.4,87.0,0.0,13.7,27.4,13060.0,100.0,3.0
BOM,2026-08-19 08:00:00,27.2,82.0,0.2,14.6,37.1,6520.0,99.0,51.0
BOM,2026-08-19 09:00:00,28.0,80.0,0.1,14.1,33.8,7840.0,100.0,51.0
BOM,2026-08-19 10:00:00,28.4,81.0,0.7,14.8,35.6,20540.0,100.0,53.0
BOM,2026-08-19 11:00:00,28.4,77.0,0.5,15.3,41.0,5960.0,99.0,53.0
BOM,2026-08-19 12:00:00,28.7,78.0,0.6,16.2,43.2,14960.0,56.0,53.0
BOM,2026-08-19 13:00:00,28.2,78.0,0.3,17.4,44.3,8700.0,83.0,51.0
BOM,2026-08-19 14:00:00,29.1,77.0,0.0,17.1,42.8,25320.0,97.0,3.0
BOM,2026-08-19 15:00:00,29.0,75.0,0.1,18.1,43.9,5200.0,97.0,51.0
BOM,2026-08-19 16:00:00,28.5,77.0,0.4,17.5,44.3,7460.0,97.0,51.0
BOM,2026-08-19 17:00:00,28.1,78.0,0.5,15.4,42.5,5920.0,100.0,53.0
BOM,2026-08-19 18:00:00,27.9,81.0,0.2,15.1,34.2,13280.0,100.0,51.0
BOM,2026-08-19 19:00:00,27.5,84.0,0.0,14.0,32.4,12020.0,100.0,3.0
BOM,2026-08-19 20:00:00,27.5,84.0,0.0,14.1,29.9,15460.0,100.0,3.0
BOM,2026-08-19 21:00:00,27.4,85.0,0.0,14.1,30.2,10640.0,100.0,3.0
BOM,2026-08-19 22:00:00,27.2,86.0,0.1,14.3,29.9,8680.0,100.0,51.0
BOM,2026-08-19 23:00:00,26.9,88.0,0.1,14.1,31.7,8460.0,100.0,51.0
BOM,2026-08-20 00:00:00,26.8,88.0,0.2,15.2,31.7,8380.0,98.0,51.0
BOM,2026-08-20 01:00:00,25.9,91.0,0.2,14.5,32.0,5240.0,98.0,51.0
BOM,2026-08-20 02:00:00,26.7,89.0,0.2,14.1,29.9,9780.0,98.0,51.0
BOM,2026-08-20 03:00:00,26.4,89.0,0.1,14.8,31.3,10600.0,98.0,51.0
BOM,2026-08-20 04:00:00,26.7,85.0,0.1,13.9,31.0,8840.0,100.0,51.0
BOM,2026-08-20 05:00:00,26.8,85.0,0.1,15.9,28.8,9040.0,92.0,51.0
BOM,2026-08-20 06:00:00,26.9,85.0,0.0,13.5,32.8,16180.0,60.0,2.0
BOM,2026-08-20 07:00:00,27.3,83.0,0.1,13.4,29.2,8800.0,38.0,51.0
BOM,2026-08-20 08:00:00,27.7,80.0,0.3,13.5,32.4,6420.0,77.0,51.0
BOM,2026-08-20 09:00:00,28.4,76.0,0.3,15.7,40.7,11340.0,60.0,51.0
BOM,2026-08-20 10:00:00,28.7,75.0,0.0,16.3,40.3,9060.0,55.0,2.0
BOM,2026-08-20 11:00:00,28.8,78.0,0.1,15.8,41.0,12620.0,38.0,51.0
BOM,2026-08-20 12:00:00,29.3,75.0,0.0,16.4,41.0,19940.0,10.0,0.0
BOM,2026-08-20 13:00:00,29.7,69.0,0.0,16.2,42.1,21760.0,59.0,2.0
BOM,2026-08-20 14:00:00,29.7,70.0,0.0,15.6,41.4,19680.0,6.0,0.0
BOM,2026-08-20 15:00:00,29.2,73.0,0.0,15.2,39.6,14880.0,13.0,0.0
BOM,2026-08-20 16:00:00,28.9,74.0,0.1,15.0,38.9,11980.0,16.0,51.0
BOM,2026-08-20 17:00:00,28.8,74.0,0.1,14.4,37.1,16100.0,11.0,51.0
BOM,2026-08-20 18:00:00,28.2,77.0,0.0,13.0,34.2,15740.0,18.0,0.0
BOM,2026-08-20 19:00:00,27.8,78.0,0.0,13.2,28.1,11740.0,30.0,1.0
BOM,2026-08-20 20:00:00,27.6,80.0,0.0,12.7,27.4,13460.0,23.0,1.0
BOM,2026-08-20 21:00:00,27.4,82.0,0.0,12.7,26.6,11400.0,23.0,1.0
BOM,2026-08-20 22:00:00,27.3,83.0,0.1,13.1,27.0,11760.0,22.0,51.0
BOM,2026-08-20 23:00:00,26.4,85.0,0.1,13.1,27.7,4920.0,73.0,51.0
BOM,2026-08-21 00:00:00,26.4,86.0,0.3,11.9,27.0,9040.0,21.0,51.0
BOM,2026-08-21 01:00:00,26.1,87.0,0.5,12.1,25.6,5180.0,73.0,53.0
BOM,2026-08-21 02:00:00,26.3,84.0,0.3,10.7,24.5,9960.0,60.0,51.0
BOM,2026-08-21 03:00:00,26.2,83.0,0.1,11.2,22.7,5260.0,84.0,51.0
BOM,2026-08-21 04:00:00,25.4,88.0,0.8,7.1,22.3,3360.0,83.0,53.0
BOM,2026-08-21 05:00:00,25.9,86.0,0.9,9.9,13.3,5840.0,77.0,53.0
BOM,2026-08-21 06:00:00,26.4,83.0,0.4,11.1,22.3,6720.0,41.0,51.0
BOM,2026-08-21 07:00:00,27.0,82.0,0.6,11.2,23.0,9000.0,62.0,53.0
BOM,2026-08-21 08:00:00,28.0,77.0,0.3,14.2,33.5,7520.0,96.0,51.0
BOM,2026-08-21 09:00:00,28.4,75.0,0.4,15.9,38.5,5620.0,96.0,51.0
BOM,2026-08-21 10:00:00,28.5,78.0,0.4,16.1,39.6,7280.0,71.0,51.0
BOM,2026-08-21 11:00:00,28.7,74.0,0.4,16.0,40.3,10300.0,40.0,51.0
BOM,2026-08-21 12:00:00,28.9,72.0,0.3,19.0,46.4,4820.0,86.0,51.0
BOM,2026-08-21 13:00:00,28.8,74.0,0.5,18.0,46.8,6060.0,31.0,53.0
BOM,2026-08-21 14:00:00,28.8,74.0,0.4,19.6,47.9,5840.0,47.0,51.0
BOM,2026-08-21 15:00:00,28.5,76.0,0.3,19.5,48.2,7840.0,57.0,51.0
BOM,2026-08-21 16:00:00,28.0,76.0,0.4,17.2,46.4,3980.0,100.0,51.0
BOM,2026-08-21 17:00:00,28.1,76.0,1.0,15.7,40.7,10080.0,44.0,55.0
BOM,2026-08-21 18:00:00,27.9,77.0,0.1,14.1,36.7,10840.0,37.0,51.0
BOM,2026-08-21 19:00:00,27.6,77.0,0.1,12.9,29.9,9500.0,47.0,51.0
BOM,2026-08-21 20:00:00,27.5,77.0,0.1,11.5,26.6,9220.0,38.0,51.0
BOM,2026-08-21 21:00:00,27.5,77.0,0.2,11.2,23.8,6980.0,48.0,51.0
BOM,2026-08-21 22:00:00,26.9,81.0,0.6,10.6,23.4,5500.0,87.0,53.0
BOM,2026-08-21 23:00:00,26.6,84.0,0.5,8.9,21.6,9900.0,84.0,53.0
BOM,2026-08-22 00:00:00,26.0,87.0,0.2,7.9,18.0,5880.0,91.0,51.0
BOM,2026-08-22 01:00:00,26.0,87.0,0.3,6.0,16.2,7460.0,82.0,51.0
BOM,2026-08-22 02:00:00,25.8,88.0,0.3,7.1,13.7,5040.0,98.0,51.0
BOM,2026-08-22 03:00:00,26.0,87.0,0.3,7.2,14.0,3520.0,100.0,51.0
BOM,2026-08-22 04:00:00,24.7,93.0,1.6,5.6,15.8,2520.0,97.0,80.0
BOM,2026-08-22 05:00:00,25.6,90.0,2.3,6.5,10.8,11520.0,46.0,80.0
BOM,2026-08-22 06:00:00,25.8,89.0,0.4,8.7,19.4,3940.0,88.0,51.0
BOM,2026-08-22 07:00:00,26.2,89.0,1.0,9.8,19.8,6020.0,78.0,55.0
BOM,2026-08-22 08:00:00,27.0,88.0,0.3,9.2,20.2,5400.0,100.0,51.0
BOM,2026-08-22 09:00:00,27.3,85.0,0.6,9.5,24.8,2800.0,98.0,53.0
BOM,2026-08-22 10:00:00,26.5,86.0,2.5,8.9,23.4,2120.0,100.0,81.0
BOM,2026-08-22 11:00:00,29.0,68.0,3.1,20.0,24.8,2660.0,83.0,81.0
BOM,2026-08-22 12:00:00,28.6,79.0,0.6,18.0,47.2,13040.0,95.0,53.0
BOM,2026-08-22 13:00:00,28.5,79.0,0.2,18.8,47.2,5940.0,91.0,51.0
BOM,2026-08-22 14:00:00,28.7,79.0,0.1,19.3,46.4,11840.0,96.0,51.0
BOM,2026-08-22 15:00:00,28.8,76.0,0.0,18.5,46.8,26880.0,92.0,3.0
BOM,2026-08-22 16:00:00,28.1,75.0,0.3,17.5,44.6,4840.0,99.0,51.0
BOM,2026-08-22 17:00:00,28.2,82.0,0.3,14.8,40.3,14600.0,81.0,51.0
BOM,2026-08-22 18:00:00,27.3,84.0,0.6,14.4,34.9,8660.0,91.0,53.0
BOM,2026-08-22 19:00:00,27.2,85.0,0.1,13.5,29.9,9380.0,93.0,51.0
BOM,2026-08-22 20:00:00,26.6,85.0,0.3,10.8,27.7,4580.0,100.0,51.0
BOM,2026-08-22 21:00:00,26.0,89.0,0.7,9.7,22.0,3920.0,100.0,53.0
BOM,2026-08-22 22:00:00,26.5,89.0,0.3,8.8,18.4,6220.0,100.0,51.0
BOM,2026-08-22 23:00:00,27.0,85.0,0.3,13.4,19.8,4080.0,99.0,51.0
BOM,2026-08-23 00:00:00,26.3,90.0,0.6,11.7,30.2,9120.0,84.0,53.0
BOM,2026-08-23 01:00:00,26.3,88.0,0.2,11.8,24.5,3920.0,73.0,51.0
BOM,2026-08-23 02:00:00,26.2,86.0,0.8,12.1,24.8,5600.0,73.0,53.0
BOM,2026-08-23 03:00:00,26.0,89.0,0.4,11.6,24.8,6840.0,74.0,51.0
BOM,2026-08-23 04:00:00,26.0,88.0,0.2,9.6,22.3,5660.0,80.0,51.0
BOM,2026-08-23 05:00:00,26.9,83.0,0.4,9.2,18.7,5600.0,100.0,51.0
BOM,2026-08-23 06:00:00,26.7,78.0,0.8,8.7,18.0,3760.0,100.0,53.0
BOM,2026-08-23 07:00:00,27.0,79.0,1.1,10.9,20.2,6320.0,100.0,55.0
BOM,2026-08-23 08:00:00,27.4,88.0,0.4,12.6,26.3,13700.0,82.0,51.0
BOM,2026-08-23 09:00:00,28.1,83.0,0.0,13.8,36.0,16480.0,55.0,2.0
BOM,2026-08-23 10:00:00,28.8,78.0,0.0,15.4,38.5,12440.0,73.0,2.0
BOM,2026-08-23 11:00:00,28.6,78.0,0.1,15.7,39.2,18680.0,58.0,51.0
BOM,2026-08-23 12:00:00,29.0,77.0,0.0,17.0,42.8,11400.0,30.0,1.0
BOM,2026-08-23 13:00:00,29.3,75.0,0.1,16.3,42.5,11580.0,18.0,51.0
BOM,2026-08-23 14:00:00,29.1,76.0,0.1,16.7,42.5,9920.0,22.0,51.0
BOM,2026-08-23 15:00:00,29.0,76.0,0.1,16.2,42.1,9560.0,23.0,51.0
BOM,2026-08-23 16:00:00,28.7,76.0,0.1,16.2,40.7,8420.0,23.0,51.0
BOM,2026-08-23 17:00:00,28.6,77.0,0.2,15.4,39.6,11100.0,25.0,51.0
BOM,2026-08-23 18:00:00,28.1,79.0,0.1,14.3,36.4,9440.0,41.0,51.0
BOM,2026-08-23 19:00:00,27.4,82.0,0.1,12.4,30.6,8300.0,47.0,51.0
BOM,2026-08-23 20:00:00,27.2,84.0,0.2,12.3,25.9,8080.0,95.0,51.0
BOM,2026-08-23 21:00:00,27.2,85.0,0.1,11.9,25.6,11620.0,93.0,51.0
BOM,2026-08-23 22:00:00,27.1,85.0,0.1,10.8,24.1,13840.0,84.0,51.0
BOM,2026-08-23 23:00:00,26.8,86.0,0.1,8.7,22.7,6400.0,96.0,51.0
BOM,2026-08-24 00:00:00,26.4,89.0,0.4,6.5,19.4,7120.0,83.0,51.0
BOM,2026-08-24 01:00:00,26.2,90.0,0.2,4.5,13.0,9420.0,37.0,51.0
BOM,2026-08-24 02:00:00,26.0,91.0,0.1,5.8,10.4,9140.0,76.0,51.0
BOM,2026-08-24 03:00:00,26.0,90.0,0.1,7.9,16.2,8900.0,35.0,51.0
BOM,2026-08-24 04:00:00,25.8,91.0,0.1,6.3,15.1,7680.0,51.0,51.0
BOM,2026-08-24 05:00:00,26.0,93.0,0.1,4.0,12.6,7660.0,96.0,51.0
BOM,2026-08-24 06:00:00,26.4,91.0,0.0,5.7,10.4,11920.0,41.0,1.0
BOM,2026-08-24 07:00:00,27.2,88.0,0.0,8.0,18.7,12420.0,91.0,3.0
BOM,2026-08-24 08:00:00,28.0,81.0,0.1,8.4,20.9,8300.0,92.0,51.0
BOM,2026-08-24 09:00:00,28.0,80.0,0.2,9.3,27.4,5220.0,82.0,51.0
BOM,2026-08-24 10:00:00,28.5,77.0,0.3,11.4,30.6,8720.0,93.0,51.0
BOM,2026-08-24 11:00:00,28.7,77.0,0.1,10.0,32.4,5920.0,90.0,51.0
BOM,2026-08-24 12:00:00,28.9,79.0,0.7,13.2,37.4,6560.0,97.0,53.0
BOM,2026-08-24 13:00:00,28.9,80.0,0.2,14.3,37.8,8540.0,98.0,51.0
BOM,2026-08-24 14:00:00,28.9,79.0,0.1,14.9,39.6,5260.0,98.0,51.0
BOM,2026-08-24 15:00:00,28.9,76.0,0.3,15.5,39.6,6220.0,88.0,51.0
BOM,2026-08-24 16:00:00,28.9,74.0,0.5,16.8,40.7,8440.0,98.0,53.0
BOM,2026-08-24 17:00:00,27.9,81.0,0.1,14.8,40.7,20540.0,68.0,51.0
BOM,2026-08-24 18:00:00,27.5,82.0,0.1,13.9,34.2,6760.0,84.0,51.0
BOM,2026-08-24 19:00:00,27.0,86.0,0.3,13.3,29.9,8100.0,89.0,51.0
BOM,2026-08-24 20:00:00,27.1,86.0,0.1,12.8,27.7,10620.0,95.0,51.0
BOM,2026-08-24 21:00:00,27.0,86.0,0.1,11.5,27.4,9320.0,98.0,51.0
BOM,2026-08-24 22:00:00,26.9,86.0,0.1,10.6,23.4,9580.0,86.0,51.0
BOM,2026-08-24 23:00:00,26.6,86.0,0.1,11.5,23.0,5380.0,92.0,51.0
BOM,2026-08-25 00:00:00,26.4,88.0,0.5,9.9,23.4,9380.0,55.0,53.0
BOM,2026-08-25 01:00:00,26.0,90.0,0.0,10.6,22.7,5960.0,67.0,2.0
BOM,2026-08-25 02:00:00,26.3,87.0,0.2,10.5,23.0,10040.0,77.0,51.0
BOM,2026-08-25 03:00:00,26.3,85.0,0.1,9.8,21.2,9400.0,74.0,51.0
BOM,2026-08-25 04:00:00,25.7,88.0,0.3,7.3,19.8,6780.0,81.0,51.0
BOM,2026-08-25 05:00:00,26.3,89.0,0.3,7.5,14.8,8660.0,79.0,51.0
BOM,2026-08-25 06:00:00,25.9,90.0,0.5,6.1,18.0,4840.0,79.0,53.0
BOM,2026-08-25 07:00:00,26.5,88.0,0.3,5.7,13.0,5060.0,78.0,51.0
BOM,2026-08-25 08:00:00,27.5,81.0,0.5,6.3,16.6,6320.0,77.0,53.0
BOM,2026-08-25 09:00:00,28.8,70.0,0.4,9.6,25.6,8400.0,65.0,51.0
BOM,2026-08-25 10:00:00,29.4,69.0,0.2,11.9,31.0,8180.0,96.0,51.0
BOM,2026-08-25 11:00:00,28.6,75.0,0.3,12.8,33.8,7840.0,99.0,51.0
BOM,2026-08-25 12:00:00,29.3,74.0,0.4,14.2,37.1,7420.0,99.0,51.0
BOM,2026-08-25 13:00:00,29.3,74.0,0.4,13.0,37.1,8140.0,99.0,51.0
BOM,2026-08-25 14:00:00,29.1,74.0,0.6,15.3,38.9,6500.0,99.0,53.0
BOM,2026-08-25 15:00:00,28.8,74.0,0.4,14.8,39.2,9540.0,88.0,51.0
BOM,2026-08-25 16:00:00,28.9,75.0,0.2,14.4,37.8,13100.0,35.0,51.0
BOM,2026-08-25 17:00:00,28.9,75.0,0.1,14.2,36.4,11260.0,30.0,51.0
BOM,2026-08-25 18:00:00,28.1,80.0,0.1,11.9,35.3,11380.0,66.0,51.0
BOM,2026-08-25 19:00:00,27.7,81.0,0.1,12.0,26.6,11040.0,59.0,51.0
BOM,2026-08-25 20:00:00,27.5,82.0,0.0,13.1,27.4,10960.0,57.0,2.0
BOM,2026-08-25 21:00:00,27.4,83.0,0.1,13.3,27.4,8420.0,77.0,51.0
BOM,2026-08-25 22:00:00,26.5,85.0,0.8,12.9,28.4,4880.0,66.0,53.0
BOM,2026-08-25 23:00:00,26.9,85.0,0.5,11.7,25.9,18540.0,72.0,53.0
BOM,2026-08-26 00:00:00,26.8,85.0,0.0,10.2,23.8,13360.0,63.0,2.0
BOM,2026-08-26 01:00:00,26.9,83.0,0.1,10.8,22.7,13040.0,41.0,51.0
BOM,2026-08-26 02:00:00,26.6,85.0,0.0,11.0,23.8,14660.0,30.0,1.0
BOM,2026-08-26 03:00:00,26.6,85.0,0.0,10.3,22.7,16780.0,42.0,1.0
BOM,2026-08-26 04:00:00,26.5,85.0,0.0,9.6,20.9,15140.0,16.0,0.0
BOM,2026-08-26 05:00:00,26.1,88.0,0.0,7.9,20.9,17520.0,12.0,0.0
BOM,2026-08-26 06:00:00,26.2,88.0,0.0,6.5,15.8,8080.0,42.0,1.0
BOM,2026-08-26 07:00:00,26.7,86.0,0.3,7.9,18.0,8480.0,56.0,51.0
BOM,2026-08-26 08:00:00,27.2,82.0,0.3,9.5,24.8,5960.0,87.0,51.0
BOM,2026-08-26 09:00:00,27.8,79.0,0.6,11.1,29.5,3620.0,58.0,53.0
BOM,2026-08-26 10:00:00,28.3,79.0,0.4,11.9,31.7,7340.0,79.0,51.0
BOM,2026-08-26 11:00:00,29.4,73.0,0.4,13.7,37.4,8400.0,26.0,51.0
BOM,2026-08-26 12:00:00,29.1,75.0,0.8,16.2,41.0,5340.0,46.0,53.0
BOM,2026-08-26 13:00:00,29.4,76.0,0.3,14.9,41.4,18280.0,13.0,51.0
BOM,2026-08-26 14:00:00,29.4,76.0,0.0,14.8,38.5,12540.0,39.0,1.0
BOM,2026-08-26 15:00:00,28.8,78.0,0.0,14.6,38.2,12540.0,63.0,2.0
BOM,2026-08-26 16:00:00,28.4,80.0,0.1,14.5,38.2,10480.0,22.0,51.0
BOM,2026-08-26 17:00:00,28.4,79.0,0.1,14.3,36.4,16240.0,49.0,51.0
BOM,2026-08-26 18:00:00,27.9,82.0,0.1,12.5,33.8,16080.0,16.0,51.0
BOM,2026-08-26 19:00:00,27.5,83.0,0.1,10.5,26.6,11580.0,75.0,51.0
BOM,2026-08-26 20:00:00,27.3,84.0,0.1,10.3,22.0,10840.0,52.0,51.0
BOM,2026-08-26 21:00:00,27.2,84.0,0.1,10.3,22.7,9820.0,77.0,51.0
BOM,2026-08-26 22:00:00,26.9,85.0,0.1,9.9,21.2,6400.0,74.0,51.0
BOM,2026-08-26 23:00:00,26.8,84.0,0.3,11.2,20.5,6620.0,52.0,51.0
BOM,2026-08-27 00:00:00,26.4,87.0,0.7,10.9,22.7,7320.0,80.0,53.0
BOM,2026-08-27 01:00:00,26.4,87.0,0.5,12.9,25.6,6240.0,68.0,53.0
BOM,2026-08-27 02:00:00,26.1,89.0,0.5,12.8,28.4,8780.0,49.0,53.0
BOM,2026-08-27 03:00:00,26.2,84.0,0.2,13.9,29.5,4420.0,55.0,51.0
BOM,2026-08-27 04:00:00,26.1,90.0,0.2,13.6,29.5,11860.0,34.0,51.0
BOM,2026-08-27 05:00:00,26.5,86.0,0.4,13.7,29.2,9260.0,35.0,51.0
BOM,2026-08-27 06:00:00,26.3,86.0,0.3,14.7,30.2,8380.0,69.0,51.0
BOM,2026-08-27 07:00:00,26.9,84.0,0.2,14.9,31.0,11340.0,38.0,51.0
BOM,2026-08-27 08:00:00,27.7,78.0,0.2,15.6,37.1,8520.0,42.0,51.0
BOM,2026-08-27 09:00:00,28.4,74.0,0.1,17.4,42.1,9080.0,29.0,51.0
BOM,2026-08-27 10:00:00,28.6,73.0,0.2,16.4,42.5,6340.0,55.0,51.0
BOM,2026-08-27 11:00:00,29.1,72.0,0.4,16.9,41.8,8800.0,34.0,51.0
BOM,2026-08-27 12:00:00,29.6,69.0,0.1,16.9,43.2,15080.0,20.0,51.0
BOM,2026-08-27 13:00:00,29.4,70.0,0.3,16.7,43.6,7300.0,26.0,51.0
BOM,2026-08-27 14:00:00,29.2,72.0,0.2,17.8,44.3,10300.0,17.0,51.0
BOM,2026-08-27 15:00:00,28.7,74.0,0.3,16.8,44.6,5820.0,90.0,51.0
BOM,2026-08-27 16:00:00,28.5,75.0,0.4,16.2,41.8,9300.0,53.0,51.0
BOM,2026-08-27 17:00:00,28.9,71.0,0.1,15.7,40.0,8640.0,33.0,51.0
BOM,2026-08-27 18:00:00,27.8,78.0,0.3,14.2,34.9,6680.0,55.0,51.0
BOM,2026-08-27 19:00:00,27.4,78.0,0.6,13.2,29.9,5300.0,49.0,53.0
BOM,2026-08-27 20:00:00,27.3,82.0,0.4,13.4,27.4,6300.0,47.0,51.0
BOM,2026-08-27 21:00:00,26.8,84.0,0.3,13.5,27.7,6720.0,56.0,51.0
BOM,2026-08-27 22:00:00,26.9,84.0,0.4,12.7,28.4,11220.0,37.0,51.0
BOM,2026-08-27 23:00:00,27.1,84.0,0.3,15.0,27.7,11980.0,20.0,51.0
BOM,2026-08-28 00:00:00,27.0,83.0,0.2,15.6,33.1,9000.0,76.0,51.0
BOM,2026-08-28 01:00:00,27.0,83.0,0.1,15.7,32.8,12660.0,52.0,51.0
BOM,2026-08-28 02:00:00,26.7,84.0,0.1,15.7,33.5,8900.0,55.0,51.0
BOM,2026-08-28 03:00:00,26.6,84.0,0.1,15.6,33.1,8980.0,52.0,51.0
BOM,2026-08-28 04:00:00,26.9,83.0,0.1,15.5,32.8,14720.0,25.0,51.0
BOM,2026-08-28 05:00:00,27.1,80.0,0.0,16.8,32.0,6280.0,97.0,3.0
BOM,2026-08-28 06:00:00,26.8,85.0,0.7,15.1,35.6,17780.0,93.0,53.0
BOM,2026-08-28 07:00:00,27.2,86.0,0.0,14.8,31.3,13980.0,77.0,2.0
BOM,2026-08-28 08:00:00,28.1,73.0,0.5,17.3,40.0,5480.0,91.0,53.0
BOM,2026-08-28 09:00:00,28.1,75.0,0.3,17.1,41.0,6160.0,94.0,51.0
BOM,2026-08-28 10:00:00,28.2,75.0,0.4,18.2,44.6,4180.0,78.0,51.0
BOM,2026-08-28 11:00:00,28.2,74.0,0.2,19.5,46.4,5280.0,47.0,51.0
BOM,2026-08-28 12:00:00,28.2,74.0,0.3,20.5,51.5,4860.0,56.0,51.0
BOM,2026-08-28 13:00:00,29.0,76.0,0.2,21.1,51.5,12820.0,76.0,51.0
BOM,2026-08-28 14:00:00,29.1,75.0,0.1,21.1,52.6,10460.0,55.0,51.0
BOM,2026-08-28 15:00:00,29.0,75.0,0.1,19.8,51.5,15380.0,16.0,51.0
BOM,2026-08-28 16:00:00,28.6,76.0,0.1,18.9,48.2,12140.0,29.0,51.0
BOM,2026-08-28 17:00:00,27.5,79.0,0.2,19.4,46.1,5180.0,38.0,51.0
BOM,2026-08-28 18:00:00,28.1,77.0,0.3,17.3,41.8,11400.0,84.0,51.0
BOM,2026-08-28 19:00:00,27.4,79.0,0.4,15.0,36.7,4100.0,94.0,51.0
BOM,2026-08-28 20:00:00,27.0,84.0,0.5,14.5,31.7,7900.0,98.0,53.0
BOM,2026-08-28 21:00:00,27.2,82.0,0.2,13.8,29.5,7300.0,94.0,51.0
BOM,2026-08-28 22:00:00,27.0,83.0,0.1,14.2,28.8,9360.0,90.0,51.0
BOM,2026-08-28 23:00:00,26.9,84.0,0.2,15.8,30.2,10220.0,75.0,51.0
BOM,2026-08-29 00:00:00,27.0,83.0,0.0,16.8,34.9,16140.0,58.0,2.0
BOM,2026-08-29 01:00:00,26.9,83.0,0.0,16.4,35.3,14460.0,58.0,2.0
BOM,2026-08-29 02:00:00,26.8,84.0,0.0,15.7,34.6,10380.0,83.0,3.0
BOM,2026-08-29 03:00:00,26.2,85.0,0.1,16.8,37.8,11340.0,95.0,51.0
BOM,2026-08-29 04:00:00,26.3,85.0,0.1,13.6,36.0,6480.0,94.0,51.0
BOM,2026-08-29 05:00:00,26.9,84.0,0.4,15.9,31.3,9300.0,91.0,51.0
BOM,2026-08-29 06:00:00,27.1,83.0,0.1,16.9,37.1,12560.0,53.0,51.0
BOM,2026-08-29 07:00:00,27.4,78.0,0.1,16.9,36.0,9820.0,88.0,51.0
BOM,2026-08-29 08:00:00,27.4,82.0,0.1,14.2,37.1,4540.0,94.0,51.0
BOM,2026-08-29 09:00:00,28.2,75.0,0.5,16.6,38.5,6160.0,100.0,53.0
BOM,2026-08-29 10:00:00,28.2,78.0,0.6,17.1,42.8,13180.0,98.0,53.0
BOM,2026-08-29 11:00:00,28.2,73.0,0.6,20.2,48.6,4200.0,90.0,53.0
BOM,2026-08-29 12:00:00,28.9,71.0,0.2,20.9,50.0,4620.0,85.0,51.0
BOM,2026-08-29 13:00:00,28.5,76.0,0.5,19.7,51.5,15360.0,99.0,53.0
BOM,2026-08-29 14:00:00,28.2,75.0,0.1,19.1,48.2,6540.0,100.0,51.0
BOM,2026-08-29 15:00:00,28.2,79.0,0.2,18.9,46.8,14520.0,100.0,51.0
BOM,2026-08-29 16:00:00,28.3,76.0,0.0,18.8,48.2,13340.0,92.0,3.0
BOM,2026-08-29 17:00:00,27.9,80.0,0.1,19.6,48.2,10640.0,89.0,51.0
BOM,2026-08-29 18:00:00,27.7,79.0,0.1,17.9,46.4,8460.0,79.0,51.0
BOM,2026-08-29 19:00:00,26.8,81.0,0.4,16.1,38.9,7680.0,81.0,51.0
BOM,2026-08-29 20:00:00,27.0,81.0,0.1,15.5,33.1,8720.0,26.0,51.0
BOM,2026-08-29 21:00:00,26.9,83.0,0.1,14.6,32.4,8080.0,39.0,51.0
BOM,2026-08-29 22:00:00,27.1,81.0,0.1,15.7,33.5,10540.0,73.0,51.0
BOM,2026-08-29 23:00:00,27.2,79.0,0.1,14.7,32.8,12660.0,33.0,51.0
BOM,2026-08-30 00:00:00,26.9,80.0,0.1,14.1,31.0,8540.0,54.0,51.0
BOM,2026-08-30 01:00:00,26.9,80.0,0.1,13.3,29.5,8720.0,60.0,51.0
BOM,2026-08-30 02:00:00,26.8,81.0,0.2,15.2,31.7,8980.0,34.0,51.0
BOM,2026-08-30 03:00:00,26.6,84.0,0.0,15.6,32.8,15200.0,29.0,1.0
BOM,2026-08-30 04:00:00,26.6,84.0,0.0,16.2,34.2,14080.0,60.0,2.0
BOM,2026-08-30 05:00:00,26.6,84.0,0.0,16.0,34.9,13920.0,65.0,2.0
BOM,2026-08-30 06:00:00,26.8,83.0,0.1,15.9,35.3,12600.0,63.0,51.0
BOM,2026-08-30 07:00:00,27.2,82.0,0.3,14.7,33.5,7160.0,40.0,51.0
BOM,2026-08-30 08:00:00,27.8,79.0,0.2,16.6,38.9,7120.0,30.0,51.0
BOM,2026-08-30 09:00:00,28.4,77.0,0.2,18.7,44.6,14080.0,26.0,51.0
BOM,2026-08-30 10:00:00,28.9,74.0,0.1,18.8,46.1,12600.0,25.0,51.0
BOM,2026-08-30 11:00:00,29.1,73.0,0.2,17.4,47.5,24140.0,21.0,51.0
BOM,2026-08-30 12:00:00,29.4,70.0,0.2,18.7,46.4,8800.0,26.0,51.0
BOM,2026-08-30 13:00:00,29.5,70.0,0.3,19.5,48.2,8240.0,45.0,51.0
BOM,2026-08-30 14:00:00,29.3,71.0,0.3,20.2,49.7,10200.0,28.0,51.0
BOM,2026-08-30 15:00:00,29.1,72.0,0.2,19.5,49.3,10460.0,52.0,51.0
BOM,2026-08-30 16:00:00,28.7,74.0,0.1,19.3,47.5,15220.0,73.0,51.0
BOM,2026-08-30 17:00:00,28.5,75.0,0.0,17.3,46.1,10580.0,39.0,1.0
BOM,2026-08-30 18:00:00,27.7,80.0,0.1,15.3,40.7,11500.0,41.0,51.0
BOM,2026-08-30 19:00:00,27.4,81.0,0.1,14.5,32.8,9840.0,45.0,51.0
BOM,2026-08-30 20:00:00,27.4,81.0,0.0,14.6,30.2,11840.0,16.0,0.0
BOM,2026-08-30 21:00:00,27.2,82.0,0.0,13.2,30.6,13240.0,12.0,0.0
BOM,2026-08-30 22:00:00,27.1,83.0,0.0,12.8,27.4,11660.0,20.0,1.0
BOM,2026-08-30 23:00:00,26.4,87.0,0.1,11.6,27.0,17720.0,10.0,51.0
BOM,2026-08-31 00:00:00,26.3,85.0,0.0,11.1,23.8,5940.0,39.0,1.0
BOM,2026-08-31 01:00:00,26.3,84.0,0.4,11.5,25.2,7360.0,47.0,51.0
BOM,2026-08-31 02:00:00,26.6,82.0,0.2,14.0,28.8,11040.0,88.0,51.0
BOM,2026-08-31 03:00:00,26.6,81.0,0.2,13.5,29.2,9800.0,92.0,51.0
BOM,2026-08-31 04:00:00,26.4,83.0,0.2,15.3,32.0,9420.0,95.0,51.0
BOM,2026-08-31 05:00:00,26.3,87.0,0.1,13.0,32.0,15840.0,98.0,51.0
BOM,2026-08-31 06:00:00,26.6,82.0,0.1,13.7,29.2,7520.0,99.0,51.0
BOM,2026-08-31 07:00:00,27.2,80.0,0.1,13.1,28.1,10520.0,95.0,51.0
BOM,2026-08-31 08:00:00,27.9,77.0,0.0,14.3,33.8,12780.0,92.0,3.0
BOM,2026-08-31 09:00:00,28.3,75.0,0.1,14.7,39.6,8220.0,70.0,51.0
BOM,2026-08-31 10:00:00,28.6,75.0,0.3,15.0,38.5,7580.0,50.0,51.0
BOM,2026-08-31 11:00:00,28.8,75.0,0.3,16.3,38.5,21020.0,28.0,51.0
BOM,2026-08-31 12:00:00,28.9,68.0,0.2,17.0,42.8,6400.0,48.0,51.0
BOM,2026-08-31 13:00:00,28.9,72.0,0.8,17.3,43.9,6420.0,37.0,53.0
BOM,2026-08-31 14:00:00,29.1,71.0,0.3,17.8,44.6,7340.0,63.0,51.0
BOM,2026-08-31 15:00:00,28.9,72.0,0.5,18.4,45.4,6080.0,78.0,53.0
BOM,2026-08-31 16:00:00,28.9,71.0,0.3,17.5,45.4,8240.0,17.0,51.0
BOM,2026-08-31 17:00:00,28.5,75.0,0.1,15.7,43.2,9880.0,21.0,51.0
BOM,2026-08-31 18:00:00,27.9,77.0,0.1,13.9,37.1,10080.0,40.0,51.0
BOM,2026-08-31 19:00:00,27.5,80.0,0.1,13.5,29.9,9500.0,43.0,51.0
BOM,2026-08-31 20:00:00,27.3,81.0,0.1,12.3,28.1,8660.0,78.0,51.0
BOM,2026-08-31 21:00:00,27.5,81.0,0.1,12.7,26.6,10080.0,67.0,51.0
BOM,2026-08-31 22:00:00,27.5,81.0,0.0,14.1,29.2,15580.0,67.0,2.0
BOM,2026-08-31 23:00:00,26.9,83.0,0.0,13.4,31.3,11860.0,67.0,2.0
BOM,2026-09-01 00:00:00,26.2,87.0,0.4,12.5,28.1,7640.0,66.0,51.0
BOM,2026-09-01 01:00:00,26.4,84.0,0.3,10.8,25.2,10320.0,31.0,51.0
BOM,2026-09-01 02:00:00,26.1,85.0,0.2,13.3,27.7,5380.0,45.0,51.0
BOM,2026-09-01 03:00:00,26.1,86.0,0.2,12.1,27.7,7500.0,47.0,51.0
BOM,2026-09-01 04:00:00,26.4,84.0,0.2,12.9,26.3,8660.0,27.0,51.0
BOM,2026-09-01 05:00:00,26.8,81.0,0.3,13.8,28.1,7780.0,49.0,51.0
BOM,2026-09-01 06:00:00,26.9,81.0,0.2,12.5,27.7,10320.0,38.0,51.0
BOM,2026-09-01 07:00:00,27.4,79.0,0.1,12.2,25.6,7980.0,53.0,51.0
BOM,2026-09-01 08:00:00,27.9,77.0,0.2,13.8,32.8,9540.0,70.0,51.0
BOM,2026-09-01 09:00:00,28.7,75.0,0.1,14.9,38.9,10760.0,36.0,51.0
BOM,2026-09-01 10:00:00,28.1,75.0,0.2,15.9,40.3,4240.0,64.0,51.0
BOM,2026-09-01 11:00:00,29.6,71.0,0.9,15.3,41.0,7180.0,48.0,53.0
BOM,2026-09-01 12:00:00,29.1,74.0,0.2,15.3,39.6,5880.0,49.0,51.0
BOM,2026-09-01 13:00:00,28.0,77.0,0.6,17.5,44.6,3620.0,83.0,53.0
BOM,2026-09-01 14:00:00,28.7,76.0,0.3,15.7,45.0,9840.0,32.0,51.0
BOM,2026-09-01 15:00:00,28.0,76.0,0.5,15.0,41.0,3760.0,75.0,53.0
BOM,2026-09-01 16:00:00,27.9,80.0,0.3,13.5,38.2,3820.0,43.0,51.0
BOM,2026-09-01 17:00:00,28.1,80.0,0.3,11.6,33.8,14400.0,82.0,51.0
BOM,2026-09-01 18:00:00,28.1,79.0,0.1,12.0,31.3,12380.0,48.0,51.0
BOM,2026-09-01 19:00:00,27.7,81.0,0.1,8.4,24.8,11520.0,84.0,51.0
BOM,2026-09-01 20:00:00,27.7,81.0,0.1,8.3,18.0,13500.0,89.0,51.0
BOM,2026-09-01 21:00:00,27.4,82.0,0.1,7.2,17.3,8900.0,97.0,51.0
BOM,2026-09-01 22:00:00,27.2,82.0,0.1,7.3,14.8,11140.0,99.0,51.0
BOM,2026-09-01 23:00:00,26.7,85.0,0.1,5.7,16.2,11460.0,96.0,51.0
BOM,2026-09-02 00:00:00,26.5,84.0,0.1,7.1,13.3,12360.0,68.0,51.0
BOM,2026-09-02 01:00:00,26.1,86.0,0.1,8.1,16.9,6160.0,70.0,51.0
BOM,2026-09-02 02:00:00,26.3,84.0,0.4,8.5,16.9,6300.0,100.0,51.0
BOM,2026-09-02 03:00:00,26.0,86.0,0.3,8.0,17.3,8280.0,100.0,51.0
BOM,2026-09-02 04:00:00,25.7,86.0,0.1,8.0,16.9,4400.0,98.0,51.0
BOM,2026-09-02 05:00:00,25.0,89.0,0.6,9.7,16.9,5580.0,98.0,53.0
BOM,2026-09-02 06:00:00,25.3,91.0,0.2,4.4,19.1,4280.0,95.0,51.0
BOM,2026-09-02 07:00:00,25.7,92.0,0.9,8.4,15.8,3320.0,99.0,53.0
BOM,2026-09-02 08:00:00,26.7,84.0,0.7,8.7,23.0,6380.0,89.0,53.0
BOM,2026-09-02 09:00:00,27.7,79.0,0.3,10.1,28.4,4460.0,98.0,51.0
BOM,2026-09-02 10:00:00,26.0,84.0,1.3,11.8,32.8,2360.0,100.0,80.0
BOM,2026-09-02 11:00:00,28.0,77.0,1.7,13.1,32.0,5180.0,99.0,80.0
BOM,2026-09-02 12:00:00,27.8,80.0,0.8,14.1,39.2,4660.0,100.0,53.0
BOM,2026-09-02 13:00:00,28.2,78.0,0.6,12.2,36.0,3200.0,99.0,53.0
BOM,2026-09-02 14:00:00,26.6,83.0,2.4,11.7,34.9,2320.0,98.0,80.0
BOM,2026-09-02 15:00:00,28.1,77.0,1.0,13.5,32.8,5060.0,97.0,55.0
BOM,2026-09-02 16:00:00,28.0,78.0,0.4,13.6,35.6,8740.0,96.0,51.0
BOM,2026-09-02 17:00:00,26.8,88.0,0.3,7.3,34.2,8100.0,96.0,51.0
BOM,2026-09-02 18:00:00,27.2,83.0,0.1,9.2,22.0,7120.0,98.0,51.0
BOM,2026-09-02 19:00:00,27.1,82.0,0.2,7.0,19.1,9240.0,84.0,51.0
BOM,2026-09-02 20:00:00,26.8,84.0,0.1,4.1,14.8,3620.0,92.0,51.0
BOM,2026-09-02 21:00:00,26.3,89.0,0.4,3.1,7.6,4880.0,69.0,51.0
BOM,2026-09-02 22:00:00,26.0,92.0,0.5,2.2,9.7,5080.0,69.0,53.0
BOM,2026-09-02 23:00:00,26.1,91.0,0.3,3.7,10.8,7520.0,97.0,51.0
BOM,2026-09-03 00:00:00,25.8,91.0,0.2,4.0,11.5,7700.0,84.0,51.0
BOM,2026-09-03 01:00:00,25.8,90.0,0.2,5.5,13.7,6980.0,98.0,51.0
BOM,2026-09-03 02:00:00,25.9,88.0,0.2,7.7,16.6,7060.0,98.0,51.0
BOM,2026-09-03 03:00:00,25.2,91.0,0.6,6.3,15.5,4980.0,100.0,53.0
BOM,2026-09-03 04:00:00,25.4,92.0,0.2,6.7,13.3,5760.0,100.0,51.0
BOM,2026-09-03 05:00:00,25.7,87.0,0.4,6.6,14.8,4960.0,99.0,51.0
BOM,2026-09-03 06:00:00,25.3,91.0,0.6,5.9,14.0,4640.0,99.0,53.0
BOM,2026-09-03 07:00:00,26.2,90.0,0.2,5.3,13.3,10440.0,98.0,51.0
BOM,2026-09-03 08:00:00,26.4,87.0,0.2,7.3,21.2,4820.0,94.0,51.0
BOM,2026-09-03 09:00:00,27.5,81.0,0.4,8.4,24.1,10560.0,97.0,51.0
BOM,2026-09-03 10:00:00,28.3,77.0,0.1,12.2,33.5,9840.0,82.0,51.0
BOM,2026-09-03 11:00:00,27.1,78.0,0.1,13.1,34.9,5420.0,91.0,51.0
BOM,2026-09-03 12:00:00,28.8,74.0,0.3,13.3,34.2,5520.0,42.0,51.0
BOM,2026-09-03 13:00:00,29.4,71.0,0.2,15.2,38.9,6320.0,30.0,51.0
BOM,2026-09-03 14:00:00,29.2,73.0,0.5,14.6,38.9,6700.0,40.0,53.0
BOM,2026-09-03 15:00:00,29.2,71.0,0.5,16.2,40.3,6580.0,41.0,53.0
BOM,2026-09-03 16:00:00,28.7,74.0,0.4,15.5,41.4,7980.0,34.0,51.0
BOM,2026-09-03 17:00:00,28.4,76.0,0.2,13.7,37.8,14300.0,11.0,51.0
BOM,2026-09-03 18:00:00,27.8,79.0,0.0,11.2,32.8,11520.0,88.0,3.0
BOM,2026-09-03 19:00:00,27.3,82.0,0.0,9.7,23.8,14900.0,100.0,3.0
BOM,2026-09-03 20:00:00,27.2,82.0,0.0,8.5,20.5,11640.0,99.0,3.0
BOM,2026-09-03 21:00:00,27.1,83.0,0.0,8.9,19.8,18400.0,98.0,3.0
BOM,2026-09-03 22:00:00,27.0,84.0,0.0,9.1,19.1,15880.0,91.0,3.0
BOM,2026-09-03 23:00:00,26.6,86.0,0.1,8.7,22.7,8060.0,94.0,51.0
BOM,2026-09-04 00:00:00,25.9,88.0,0.5,8.6,19.4,6880.0,97.0,53.0
BOM,2026-09-04 01:00:00,25.8,88.0,0.3,6.6,17.3,6560.0,98.0,51.0
BOM,2026-09-04 02:00:00,25.9,88.0,0.3,6.5,14.4,7780.0,95.0,51.0
BOM,2026-09-04 03:00:00,25.6,90.0,0.2,4.9,12.2,8380.0,99.0,51.0
BOM,2026-09-04 04:00:00,25.5,91.0,0.1,3.5,11.5,6000.0,100.0,51.0
BOM,2026-09-04 05:00:00,25.4,93.0,0.8,2.2,15.5,11380.0,99.0,53.0
BOM,2026-09-04 06:00:00,24.8,94.0,0.6,2.3,10.4,4300.0,100.0,53.0
BOM,2026-09-04 07:00:00,25.4,94.0,0.3,1.9,8.6,3880.0,100.0,51.0
BOM,2026-09-04 08:00:00,26.0,93.0,0.4,1.4,16.6,8640.0,100.0,51.0
BOM,2026-09-04 09:00:00,26.6,87.0,0.5,4.3,19.8,2960.0,100.0,53.0
BOM,2026-09-04 10:00:00,28.0,80.0,0.5,4.9,21.6,5540.0,100.0,53.0
BOM,2026-09-04 11:00:00,28.0,78.0,0.4,10.5,27.0,5500.0,96.0,51.0
BOM,2026-09-04 12:00:00,28.7,74.0,0.5,12.6,32.0,7640.0,74.0,53.0
BOM,2026-09-04 13:00:00,29.3,73.0,0.4,14.6,38.5,7760.0,91.0,51.0
BOM,2026-09-04 14:00:00,29.6,65.0,0.6,13.6,37.8,4140.0,83.0,53.0
BOM,2026-09-04 15:00:00,29.2,70.0,0.8,14.1,37.8,11620.0,82.0,53.0
BOM,2026-09-04 16:00:00,28.8,72.0,0.1,13.1,35.6,9260.0,80.0,51.0
BOM,2026-09-04 17:00:00,27.3,80.0,0.6,13.0,33.1,4720.0,94.0,53.0
BOM,2026-09-04 18:00:00,27.4,81.0,0.3,13.1,30.6,12920.0,61.0,51.0
BOM,2026-09-04 19:00:00,26.6,85.0,0.2,11.9,29.2,4900.0,100.0,51.0
BOM,2026-09-04 20:00:00,26.3,88.0,0.6,8.4,25.6,7960.0,34.0,53.0
BOM,2026-09-04 21:00:00,26.3,89.0,0.0,7.7,18.7,9800.0,38.0,1.0
BOM,2026-09-04 22:00:00,26.3,90.0,0.1,6.8,19.8,9460.0,62.0,51.0
BOM,2026-09-04 23:00:00,26.6,88.0,0.0,5.8,16.6,11720.0,88.0,3.0
BOM,2026-09-05 00:00:00,26.4,87.0,0.1,5.9,15.5,13140.0,94.0,51.0
BOM,2026-09-05 01:00:00,25.7,91.0,0.1,5.3,14.4,4540.0,97.0,51.0
BOM,2026-09-05 02:00:00,25.6,91.0,0.2,3.1,11.2,3840.0,61.0,51.0
BOM,2026-09-05 03:00:00,25.2,92.0,0.5,4.4,11.2,3080.0,95.0,53.0
BOM,2026-09-05 04:00:00,25.1,94.0,0.3,1.7,7.6,4660.0,46.0,51.0
BOM,2026-09-05 05:00:00,25.6,93.0,0.6,4.0,6.8,4340.0,88.0,53.0
BOM,2026-09-05 06:00:00,25.0,94.0,0.5,5.8,10.1,3260.0,94.0,53.0
BOM,2026-09-05 07:00:00,25.8,90.0,0.6,6.4,16.2,6840.0,45.0,53.0
BOM,2026-09-05 08:00:00,25.9,85.0,0.7,7.8,22.7,2820.0,88.0,53.0
BOM,2026-09-05 09:00:00,26.3,84.0,1.1,5.6,24.5,2360.0,88.0,55.0
BOM,2026-09-05 10:00:00,26.6,83.0,1.7,9.0,28.4,2740.0,84.0,80.0
BOM,2026-09-05 11:00:00,28.4,75.0,0.9,9.8,25.6,2640.0,49.0,53.0
BOM,2026-09-05 12:00:00,27.8,76.0,1.1,13.4,35.3,3120.0,55.0,55.0
BOM,2026-09-05 13:00:00,28.5,77.0,0.9,14.4,37.8,7060.0,50.0,53.0
BOM,2026-09-05 14:00:00,27.9,77.0,0.7,15.1,40.0,4600.0,64.0,53.0
BOM,2026-09-05 15:00:00,28.1,78.0,0.7,14.1,37.8,9200.0,43.0,53.0
BOM,2026-09-05 16:00:00,27.7,78.0,0.3,15.3,37.8,5420.0,52.0,51.0
BOM,2026-09-05 17:00:00,26.4,89.0,1.1,6.9,37.4,4500.0,81.0,55.0
BOM,2026-09-05 18:00:00,26.8,88.0,0.1,7.8,20.9,3420.0,52.0,51.0
BOM,2026-09-05 19:00:00,26.0,92.0,2.1,5.2,18.0,3580.0,91.0,80.0
BOM,2026-09-05 20:00:00,25.9,94.0,0.3,3.1,10.4,12340.0,87.0,51.0
BOM,2026-09-05 21:00:00,25.7,96.0,0.2,3.2,14.0,5760.0,44.0,51.0
BOM,2026-09-05 22:00:00,25.2,93.0,0.9,4.3,14.4,3180.0,75.0,53.0
BOM,2026-09-05 23:00:00,25.5,93.0,0.4,1.5,9.0,4340.0,59.0,51.0
BOM,2026-09-06 00:00:00,25.3,97.0,0.2,1.3,6.5,3060.0,91.0,51.0
BOM,2026-09-06 01:00:00,25.2,98.0,0.3,0.9,3.2,4560.0,61.0,51.0
BOM,2026-09-06 02:00:00,25.3,90.0,0.4,3.1,9.4,5340.0,100.0,51.0
BOM,2026-09-06 03:00:00,25.0,93.0,0.7,5.6,10.4,7320.0,64.0,53.0
BOM,2026-09-06 04:00:00,25.6,90.0,0.0,0.7,10.1,14580.0,33.0,1.0
BOM,2026-09-06 05:00:00,24.7,98.0,0.3,5.4,7.6,8420.0,27.0,51.0
BOM,2026-09-06 06:00:00,24.7,97.0,0.2,1.9,13.0,3800.0,96.0,51.0
BOM,2026-09-06 07:00:00,25.3,95.0,0.2,1.6,6.5,11140.0,28.0,51.0
BOM,2026-09-06 08:00:00,25.9,87.0,0.5,4.3,14.0,5140.0,75.0,53.0
BOM,2026-09-06 09:00:00,27.0,81.0,0.2,4.0,14.8,7820.0,52.0,51.0
BOM,2026-09-06 10:00:00,27.7,81.0,0.3,8.3,28.1,7520.0,97.0,51.0
BOM,2026-09-06 11:00:00,28.1,80.0,0.1,10.9,29.2,6800.0,80.0,51.0
BOM,2026-09-06 12:00:00,28.0,79.0,0.3,11.7,32.0,6120.0,30.0,51.0
BOM,2026-09-06 13:00:00,28.5,78.0,0.2,12.4,33.5,7440.0,43.0,51.0
BOM,2026-09-06 14:00:00,28.8,77.0,0.1,14.3,36.7,9820.0,31.0,51.0
BOM,2026-09-06 15:00:00,28.9,76.0,0.1,14.8,38.9,12340.0,22.0,51.0
BOM,2026-09-06 16:00:00,28.2,77.0,0.2,13.5,37.1,4920.0,32.0,51.0
BOM,2026-09-06 17:00:00,28.5,74.0,0.7,12.6,34.2,9800.0,16.0,53.0
BOM,2026-09-06 18:00:00,27.7,78.0,0.1,9.6,26.6,9480.0,27.0,51.0
BOM,2026-09-06 19:00:00,27.2,81.0,0.1,8.3,20.2,8800.0,18.0,51.0
BOM,2026-09-06 20:00:00,26.9,82.0,0.1,7.1,16.9,7580.0,34.0,51.0
BOM,2026-09-06 21:00:00,26.7,84.0,0.2,6.7,14.8,7400.0,45.0,51.0
BOM,2026-09-06 22:00:00,26.4,86.0,0.2,4.4,13.3,10040.0,12.0,51.0
BOM,2026-09-06 23:00:00,26.2,87.0,0.0,6.4,8.6,9780.0,84.0,3.0
BOM,2026-09-07 00:00:00,25.6,87.0,0.2,6.4,14.0,4600.0,62.0,51.0
BOM,2026-09-07 01:00:00,25.0,93.0,0.4,5.9,13.0,4640.0,76.0,51.0
BOM,2026-09-07 02:00:00,24.7,95.0,0.2,3.1,11.9,4760.0,80.0,51.0
BOM,2026-09-07 03:00:00,24.8,96.0,0.2,1.8,5.8,3540.0,20.0,51.0
BOM,2026-09-07 04:00:00,24.7,96.0,0.2,0.6,6.1,3280.0,79.0,51.0
BOM,2026-09-07 05:00:00,25.3,92.0,0.3,3.0,1.4,4700.0,95.0,51.0
BOM,2026-09-07 06:00:00,25.1,94.0,0.3,2.9,7.6,2220.0,98.0,51.0
BOM,2026-09-07 07:00:00,25.5,93.0,0.3,4.2,10.1,3080.0,100.0,51.0
BOM,2026-09-07 08:00:00,25.8,88.0,0.4,5.1,18.4,8840.0,27.0,51.0
BOM,2026-09-07 09:00:00,27.3,82.0,0.1,3.7,16.9,8080.0,49.0,51.0
BOM,2026-09-07 10:00:00,27.8,80.0,0.2,8.1,27.0,5040.0,93.0,51.0
BOM,2026-09-07 11:00:00,28.7,74.0,0.3,10.3,28.8,5380.0,63.0,51.0
BOM,2026-09-07 12:00:00,28.2,76.0,0.6,11.4,29.9,4200.0,100.0,53.0
BOM,2026-09-07 13:00:00,28.7,72.0,0.9,13.7,34.9,5960.0,91.0,53.0
BOM,2026-09-07 14:00:00,28.8,71.0,0.2,14.1,35.6,10040.0,30.0,51.0
BOM,2026-09-07 15:00:00,29.0,71.0,0.1,14.6,36.7,10060.0,31.0,51.0
BOM,2026-09-07 16:00:00,28.5,73.0,0.1,14.2,37.1,13560.0,42.0,51.0
BOM,2026-09-07 17:00:00,28.1,75.0,0.1,12.6,35.3,6440.0,52.0,51.0
BOM,2026-09-07 18:00:00,27.4,78.0,0.8,11.4,26.6,5440.0,45.0,53.0
BOM,2026-09-07 19:00:00,26.9,81.0,0.8,10.0,23.4,7880.0,34.0,53.0
BOM,2026-09-07 20:00:00,26.7,84.0,0.2,8.4,20.2,10780.0,25.0,51.0
BOM,2026-09-07 21:00:00,26.6,85.0,0.1,7.2,16.2,8600.0,37.0,51.0
BOM,2026-09-07 22:00:00,26.5,85.0,0.1,5.2,14.4,6940.0,37.0,51.0
BOM,2026-09-07 23:00:00,26.3,87.0,0.2,4.4,10.1,6300.0,38.0,51.0
BOM,2026-09-08 00:00:00,25.9,88.0,0.2,5.2,10.8,3160.0,41.0,51.0
BOM,2026-09-08 01:00:00,25.4,93.0,0.3,1.4,9.7,2800.0,72.0,51.0
BOM,2026-09-08 02:00:00,24.7,92.0,0.7,1.5,5.8,2660.0,98.0,53.0
BOM,2026-09-08 03:00:00,24.5,97.0,0.8,3.4,7.2,5040.0,54.0,53.0
BOM,2026-09-08 04:00:00,24.6,97.0,0.2,5.4,11.2,4680.0,86.0,51.0
BOM,2026-09-08 05:00:00,25.3,94.0,0.3,1.0,16.6,7520.0,13.0,51.0
BOM,2026-09-08 06:00:00,25.3,94.0,0.1,1.9,3.6,3240.0,45.0,51.0
BOM,2026-09-08 07:00:00,25.7,96.0,0.1,2.5,10.1,3980.0,48.0,51.0
BOM,2026-09-08 08:00:00,26.6,92.0,0.0,1.4,12.2,8140.0,42.0,1.0
BOM,2026-09-08 09:00:00,27.7,80.0,0.2,4.9,19.8,6520.0,88.0,51.0
BOM,2026-09-08 10:00:00,28.3,72.0,0.3,9.9,28.8,5320.0,66.0,51.0
BOM,2026-09-08 11:00:00,28.4,71.0,0.5,11.2,30.2,3300.0,58.0,53.0
BOM,2026-09-08 12:00:00,28.8,73.0,0.8,12.7,33.5,7220.0,37.0,53.0
BOM,2026-09-08 13:00:00,29.3,69.0,0.2,15.3,38.9,7100.0,29.0,51.0
BOM,2026-09-08 14:00:00,29.2,70.0,0.3,15.3,39.2,8360.0,27.0,51.0
BOM,2026-09-08 15:00:00,29.0,70.0,0.2,14.7,38.9,10380.0,21.0,51.0
BOM,2026-09-08 16:00:00,28.7,71.0,0.1,13.8,37.4,11120.0,20.0,51.0
BOM,2026-09-08 17:00:00,28.5,74.0,0.1,12.6,34.6,14620.0,9.0,51.0
BOM,2026-09-08 18:00:00,27.7,78.0,0.1,11.8,29.9,10720.0,22.0,51.0
BOM,2026-09-08 19:00:00,27.0,81.0,0.1,11.0,25.6,7260.0,48.0,51.0
BOM,2026-09-08 20:00:00,26.4,84.0,0.5,9.3,23.0,5220.0,55.0,53.0
BOM,2026-09-08 21:00:00,26.1,88.0,0.3,7.5,18.7,5780.0,58.0,51.0
BOM,2026-09-08 22:00:00,25.8,91.0,0.2,7.4,14.8,6960.0,55.0,51.0
BOM,2026-09-08 23:00:00,25.6,91.0,0.3,6.4,14.4,7160.0,39.0,51.0
BOM,2026-09-09 00:00:00,25.6,89.0,0.2,4.7,12.6,5220.0,60.0,51.0
BOM,2026-09-09 01:00:00,25.5,91.0,0.3,2.7,9.7,5020.0,65.0,51.0
BOM,2026-09-09 02:00:00,25.2,93.0,0.4,0.3,4.7,5300.0,41.0,51.0
BOM,2026-09-09 03:00:00,24.9,96.0,0.3,2.3,5.8,6260.0,62.0,51.0
BOM,2026-09-09 04:00:00,24.8,96.0,0.1,3.3,7.6,5120.0,47.0,51.0
BOM,2026-09-09 05:00:00,25.8,92.0,0.2,1.2,8.6,7160.0,29.0,51.0
BOM,2026-09-09 06:00:00,25.7,91.0,0.0,1.3,2.2,6880.0,24.0,1.0
BOM,2026-09-09 07:00:00,26.2,90.0,0.1,3.2,9.0,7880.0,38.0,51.0
BOM,2026-09-09 08:00:00,27.1,85.0,0.1,4.1,15.1,8840.0,36.0,51.0
BOM,2026-09-09 09:00:00,28.0,78.0,0.2,6.9,20.2,7180.0,34.0,51.0
BOM,2026-09-09 10:00:00,28.6,75.0,0.4,9.0,25.9,6060.0,35.0,51.0
BOM,2026-09-09 11:00:00,29.0,75.0,0.5,10.9,28.8,6740.0,41.0,53.0
BOM,2026-09-09 12:00:00,29.1,74.0,0.5,12.0,32.4,9040.0,36.0,53.0
BOM,2026-09-09 13:00:00,28.8,76.0,0.2,12.5,34.2,8040.0,28.0,51.0
BOM,2026-09-09 14:00:00,28.8,75.0,0.1,14.1,36.7,8060.0,26.0,51.0
BOM,2026-09-09 15:00:00,28.8,74.0,0.1,14.7,38.5,18480.0,15.0,51.0
BOM,2026-09-09 16:00:00,28.8,72.0,0.0,14.0,37.4,15340.0,13.0,0.0
BOM,2026-09-09 17:00:00,28.7,72.0,0.0,11.0,35.3,6240.0,38.0,1.0
BOM,2026-09-09 18:00:00,28.1,77.0,0.2,8.1,23.4,8900.0,28.0,51.0
BOM,2026-09-09 19:00:00,27.6,80.0,0.1,5.7,17.3,14380.0,15.0,51.0
BOM,2026-09-09 20:00:00,27.3,82.0,0.0,4.5,11.5,13780.0,18.0,0.0
BOM,2026-09-09 21:00:00,27.1,82.0,0.0,5.5,11.2,12360.0,52.0,2.0
BOM,2026-09-09 22:00:00,26.8,83.0,0.0,5.4,11.2,11220.0,95.0,3.0
BOM,2026-09-09 23:00:00,26.5,85.0,0.0,5.8,10.8,6860.0,98.0,3.0
BOM,2026-09-10 00:00:00,26.1,89.0,0.1,2.4,11.2,9740.0,98.0,51.0
BOM,2026-09-10 01:00:00,26.0,90.0,0.0,1.8,4.7,8080.0,99.0,3.0
BOM,2026-09-10 02:00:00,25.8,90.0,0.1,3.7,8.3,7180.0,100.0,51.0
BOM,2026-09-10 03:00:00,25.7,91.0,0.1,3.9,8.6,3040.0,100.0,51.0
BOM,2026-09-10 04:00:00,25.8,90.0,0.1,1.9,7.6,7080.0,89.0,51.0
BOM,2026-09-10 05:00:00,25.6,91.0,0.4,6.6,10.8,8240.0,97.0,51.0
BOM,2026-09-10 06:00:00,25.2,88.0,0.4,7.3,18.0,6380.0,78.0,51.0
BOM,2026-09-10 07:00:00,25.6,88.0,0.1,4.4,13.7,13940.0,54.0,51.0
BOM,2026-09-10 08:00:00,26.0,85.0,0.3,2.5,16.2,5900.0,75.0,51.0
BOM,2026-09-10 09:00:00,27.1,79.0,0.1,2.6,12.2,14160.0,95.0,51.0
BOM,2026-09-10 10:00:00,28.1,74.0,0.2,3.8,16.2,6620.0,100.0,51.0
BOM,2026-09-10 11:00:00,27.5,77.0,0.1,6.4,23.8,9140.0,97.0,51.0
BOM,2026-09-10 12:00:00,28.9,72.0,0.3,7.3,23.8,10840.0,88.0,51.0
BOM,2026-09-10 13:00:00,29.1,71.0,0.2,9.9,29.2,21220.0,99.0,51.0
BOM,2026-09-10 14:00:00,29.0,73.0,0.0,9.7,30.6,14820.0,100.0,3.0
BOM,2026-09-10 15:00:00,28.9,74.0,0.0,8.9,28.1,20380.0,100.0,3.0
BOM,2026-09-10 16:00:00,28.4,74.0,0.0,10.2,27.4,18780.0,100.0,3.0
BOM,2026-09-10 17:00:00,28.9,72.0,0.0,9.4,27.0,17440.0,98.0,3.0
BOM,2026-09-10 18:00:00,27.9,78.0,0.0,6.0,23.0,21500.0,91.0,3.0
BOM,2026-09-10 19:00:00,27.5,83.0,0.0,3.1,13.3,12260.0,77.0,2.0
BOM,2026-09-10 20:00:00,27.2,86.0,0.1,2.8,7.2,9360.0,100.0,51.0
BOM,2026-09-10 21:00:00,27.3,84.0,0.0,4.1,8.6,12940.0,48.0,1.0
BOM,2026-09-10 22:00:00,27.1,84.0,0.1,4.1,8.6,8600.0,45.0,51.0
BOM,2026-09-10 23:00:00,26.8,88.0,0.1,4.7,9.7,9980.0,18.0,51.0
BOM,2026-09-11 00:00:00,26.1,91.0,0.1,4.4,9.7,8120.0,91.0,51.0
BOM,2026-09-11 01:00:00,25.9,94.0,0.1,3.8,9.0,8420.0,64.0,51.0
BOM,2026-09-11 02:00:00,25.5,94.0,0.1,3.8,7.6,6560.0,59.0,51.0
BOM,2026-09-11 03:00:00,25.6,94.0,0.1,3.5,8.3,9280.0,73.0,51.0
BOM,2026-09-11 04:00:00,25.5,93.0,0.2,5.1,10.8,5180.0,95.0,51.0
BOM,2026-09-11 05:00:00,25.6,91.0,0.1,5.5,11.9,4140.0,78.0,51.0
BOM,2026-09-11 06:00:00,25.6,92.0,0.0,5.4,10.4,6920.0,96.0,3.0
BOM,2026-09-11 07:00:00,26.1,90.0,0.0,0.2,11.2,16900.0,97.0,3.0
BOM,2026-09-11 08:00:00,26.6,84.0,0.2,6.0,18.0,5860.0,79.0,51.0
BOM,2026-09-11 09:00:00,27.8,78.0,0.1,5.1,21.2,14240.0,69.0,51.0
BOM,2026-09-11 10:00:00,28.9,75.0,0.0,4.4,20.2,10760.0,67.0,2.0
BOM,2026-09-11 11:00:00,29.7,72.0,0.1,5.5,25.2,9540.0,33.0,51.0
BOM,2026-09-11 12:00:00,29.6,71.0,0.2,8.9,28.4,8980.0,30.0,51.0
BOM,2026-09-11 13:00:00,29.7,71.0,0.1,10.1,29.9,14020.0,20.0,51.0
BOM,2026-09-11 14:00:00,29.4,72.0,0.1,11.0,31.3,14700.0,35.0,51.0
BOM,2026-09-11 15:00:00,29.1,73.0,0.0,11.4,32.0,22580.0,58.0,2.0
BOM,2026-09-11 16:00:00,28.6,75.0,0.0,10.7,31.7,22580.0,69.0,2.0
BOM,2026-09-11 17:00:00,29.1,71.0,0.0,11.8,29.5,13920.0,91.0,3.0
BOM,2026-09-11 18:00:00,28.3,75.0,0.0,11.9,29.2,19200.0,52.0,2.0
BOM,2026-09-11 19:00:00,27.8,78.0,0.0,8.9,25.2,15780.0,31.0,1.0
BOM,2026-09-11 20:00:00,27.6,80.0,0.0,7.2,18.4,16760.0,41.0,1.0
BOM,2026-09-11 21:00:00,27.3,82.0,0.0,6.9,15.1,13620.0,51.0,2.0
BOM,2026-09-11 22:00:00,27.0,84.0,0.0,6.9,14.4,15020.0,91.0,3.0
BOM,2026-09-11 23:00:00,26.8,85.0,0.0,5.6,14.0,11800.0,89.0,3.0
BOM,2026-09-12 00:00:00,26.4,87.0,0.1,4.2,10.8,8620.0,97.0,51.0
BOM,2026-09-12 01:00:00,26.0,90.0,0.2,4.8,9.4,8400.0,99.0,51.0
BOM,2026-09-12 02:00:00,25.8,91.0,0.1,4.7,10.1,8000.0,100.0,51.0
BOM,2026-09-12 03:00:00,25.5,93.0,0.0,3.7,9.4,7820.0,100.0,3.0
BOM,2026-09-12 04:00:00,25.5,93.0,0.0,3.4,7.2,5680.0,84.0,3.0
BOM,2026-09-12 05:00:00,26.1,88.0,0.0,5.3,7.6,13640.0,88.0,3.0
BOM,2026-09-12 06:00:00,26.1,88.0,0.0,5.2,10.4,10740.0,83.0,3.0
BOM,2026-09-12 07:00:00,26.2,88.0,0.2,4.8,11.5,5760.0,77.0,51.0
BOM,2026-09-12 08:00:00,27.4,79.0,0.1,6.2,17.6,12560.0,16.0,51.0
BOM,2026-09-12 09:00:00,28.7,73.0,0.1,6.7,20.5,12080.0,32.0,51.0
BOM,2026-09-12 10:00:00,29.6,69.0,0.0,7.3,23.4,11140.0,41.0,1.0
BOM,2026-09-12 11:00:00,29.2,68.0,0.1,10.5,27.0,7160.0,27.0,51.0
BOM,2026-09-12 12:00:00,29.9,66.0,0.3,11.7,32.8,7620.0,48.0,51.0
BOM,2026-09-12 13:00:00,30.0,68.0,0.2,12.4,34.6,10840.0,59.0,51.0
BOM,2026-09-12 14:00:00,29.8,68.0,0.1,14.9,39.2,17520.0,68.0,51.0
BOM,2026-09-12 15:00:00,29.5,68.0,0.0,14.2,39.2,24800.0,100.0,3.0
BOM,2026-09-12 16:00:00,28.8,72.0,0.0,13.7,37.1,20060.0,88.0,3.0
BOM,2026-09-12 17:00:00,29.0,70.0,0.0,12.4,34.2,17360.0,85.0,3.0
BOM,2026-09-12 18:00:00,28.3,74.0,0.0,10.8,30.2,20120.0,94.0,3.0
BOM,2026-09-12 19:00:00,28.0,77.0,0.0,8.5,23.0,8520.0,99.0,3.0
BOM,2026-09-12 20:00:00,27.3,83.0,0.5,7.1,18.0,4960.0,100.0,53.0
BOM,2026-09-12 21:00:00,27.1,88.0,0.9,5.7,14.0,3540.0,98.0,53.0
BOM,2026-09-12 22:00:00,26.9,91.0,0.8,4.5,10.4,4660.0,100.0,53.0
BOM,2026-09-12 23:00:00,26.9,88.0,1.2,3.4,8.6,7760.0,100.0,55.0
BOM,2026-09-13 00:00:00,26.8,88.0,0.2,5.7,10.1,5300.0,99.0,51.0
BOM,2026-09-13 01:00:00,26.4,88.0,0.1,6.8,13.3,4800.0,100.0,51.0
BOM,2026-09-13 02:00:00,26.1,89.0,0.1,6.6,13.0,6860.0,100.0,51.0
BOM,2026-09-13 03:00:00,25.6,89.0,0.2,7.1,15.5,2780.0,100.0,51.0
BOM,2026-09-13 04:00:00,25.4,91.0,1.3,10.4,19.8,3500.0,100.0,80.0
BOM,2026-09-13 05:00:00,24.9,95.0,0.7,9.9,21.6,1840.0,100.0,53.0
BOM,2026-09-13 06:00:00,25.5,92.0,3.6,10.2,21.2,1840.0,100.0,81.0
BOM,2026-09-13 07:00:00,25.1,94.0,4.6,8.8,22.3,1500.0,100.0,95.0
BOM,2026-09-13 08:00:00,25.6,93.0,4.2,8.1,21.2,2440.0,100.0,95.0
BOM,2026-09-13 09:00:00,25.9,91.0,1.9,8.8,21.2,2540.0,100.0,80.0
BOM,2026-09-13 10:00:00,26.1,91.0,1.8,8.3,23.4,2980.0,100.0,80.0
BOM,2026-09-13 11:00:00,26.0,88.0,1.1,11.6,29.9,2660.0,100.0,55.0
BOM,2026-09-13 12:00:00,26.9,81.0,0.9,11.2,28.4,5780.0,100.0,53.0
BOM,2026-09-13 13:00:00,26.9,80.0,0.3,11.2,28.4,7300.0,100.0,51.0
BOM,2026-09-13 14:00:00,26.8,81.0,0.1,9.8,27.4,9080.0,100.0,51.0
BOM,2026-09-13 15:00:00,26.9,82.0,0.1,8.2,24.5,18960.0,98.0,51.0
BOM,2026-09-13 16:00:00,27.3,78.0,0.0,11.0,26.6,12840.0,98.0,3.0
BOM,2026-09-13 17:00:00,26.8,84.0,0.0,7.7,27.4,8280.0,100.0,3.0
BOM,2026-09-13 18:00:00,25.8,88.0,0.8,9.8,24.5,4780.0,100.0,53.0
BOM,2026-09-13 19:00:00,25.8,90.0,0.3,8.5,24.1,3140.0,99.0,51.0
BOM,2026-09-13 20:00:00,25.3,92.0,2.2,7.9,22.7,4720.0,100.0,80.0
BOM,2026-09-13 21:00:00,25.7,91.0,0.2,6.5,14.4,7320.0,98.0,51.0
BOM,2026-09-13 22:00:00,25.7,91.0,0.3,6.8,11.9,4840.0,100.0,51.0
BOM,2026-09-13 23:00:00,25.8,88.0,0.5,7.9,19.8,6500.0,100.0,53.0
BOM,2026-09-14 00:00:00,25.5,90.0,0.2,9.8,19.8,7060.0,99.0,51.0
BOM,2026-09-14 01:00:00,25.4,90.0,0.1,8.8,20.2,9340.0,99.0,51.0
BOM,2026-09-14 02:00:00,25.5,89.0,0.1,8.6,17.6,10560.0,99.0,51.0
BOM,2026-09-14 03:00:00,25.5,88.0,0.4,9.0,17.6,5280.0,100.0,51.0
BOM,2026-09-14 04:00:00,25.5,88.0,0.3,6.9,16.9,4500.0,100.0,51.0
BOM,2026-09-14 05:00:00,26.3,85.0,1.1,9.8,19.1,19280.0,100.0,55.0
BOM,2026-09-14 06:00:00,26.4,85.0,0.0,9.3,23.0,19280.0,100.0,3.0
BOM,2026-09-14 07:00:00,26.5,84.0,0.1,8.3,22.0,19100.0,100.0,51.0
BOM,2026-09-14 08:00:00,26.7,84.0,0.2,7.7,18.7,4160.0,100.0,51.0
BOM,2026-09-14 09:00:00,26.9,83.0,0.8,10.4,27.7,4240.0,98.0,53.0
BOM,2026-09-14 10:00:00,27.6,80.0,0.5,11.0,31.0,2960.0,97.0,53.0
BOM,2026-09-14 11:00:00,26.9,80.0,1.0,14.9,36.0,3240.0,98.0,55.0
BOM,2026-09-14 12:00:00,28.3,78.0,0.3,15.7,40.3,7680.0,84.0,51.0
BOM,2026-09-14 13:00:00,28.8,74.0,0.1,16.3,43.6,22080.0,95.0,51.0
BOM,2026-09-14 14:00:00,28.4,74.0,0.2,17.6,43.2,5180.0,65.0,51.0
BOM,2026-09-14 15:00:00,28.2,75.0,0.5,18.0,45.4,7980.0,64.0,53.0
BOM,2026-09-14 16:00:00,27.9,77.0,0.1,16.9,43.2,8320.0,95.0,51.0
BOM,2026-09-14 17:00:00,27.6,77.0,0.2,13.3,41.4,6200.0,79.0,51.0
BOM,2026-09-14 18:00:00,26.7,82.0,0.4,11.6,28.1,3340.0,87.0,51.0
BOM,2026-09-14 19:00:00,26.2,83.0,1.2,11.3,25.2,4560.0,94.0,55.0
BOM,2026-09-14 20:00:00,26.4,84.0,0.3,10.2,25.6,5780.0,86.0,51.0
BOM,2026-09-14 21:00:00,25.5,89.0,0.8,8.6,22.7,3740.0,97.0,53.0
BOM,2026-09-14 22:00:00,25.5,90.0,0.6,10.9,20.2,3440.0,100.0,53.0
BOM,2026-09-14 23:00:00,25.9,86.0,0.8,8.3,24.1,8300.0,98.0,53.0
BOM,2026-09-15 00:00:00,25.8,87.0,0.2,9.1,17.6,7060.0,100.0,51.0
BOM,2026-09-15 01:00:00,25.5,88.0,0.3,9.6,18.4,4460.0,99.0,51.0
BOM,2026-09-15 02:00:00,25.0,89.0,0.6,10.4,20.9,3700.0,99.0,53.0
BOM,2026-09-15 03:00:00,24.8,92.0,0.3,13.1,28.8,7360.0,91.0,51.0
BOM,2026-09-15 04:00:00,24.2,96.0,0.3,11.8,26.6,4020.0,97.0,51.0
BOM,2026-09-15 05:00:00,24.9,92.0,0.4,11.2,25.2,4340.0,100.0,51.0
BOM,2026-09-15 06:00:00,24.9,92.0,0.4,13.4,26.3,7480.0,99.0,51.0
BOM,2026-09-15 07:00:00,25.6,90.0,0.1,13.4,27.4,6020.0,99.0,51.0
BOM,2026-09-15 08:00:00,26.6,81.0,0.3,14.0,33.1,9160.0,84.0,51.0
BOM,2026-09-15 09:00:00,27.4,77.0,0.1,15.5,37.1,6020.0,46.0,51.0
BOM,2026-09-15 10:00:00,28.1,75.0,0.5,16.5,40.7,4840.0,76.0,53.0
BOM,2026-09-15 11:00:00,29.5,69.0,0.8,18.2,41.0,8000.0,88.0,53.0
BOM,2026-09-15 12:00:00,30.0,66.0,0.1,19.6,48.6,12040.0,95.0,51.0
BOM,2026-09-15 13:00:00,29.6,68.0,0.2,20.0,48.6,8280.0,91.0,51.0
BOM,2026-09-15 14:00:00,28.4,73.0,0.4,20.1,49.3,3980.0,80.0,51.0
BOM,2026-09-15 15:00:00,28.6,73.0,0.5,19.6,47.9,7580.0,32.0,53.0
BOM,2026-09-15 16:00:00,28.5,73.0,0.2,19.3,48.6,14220.0,13.0,51.0
BOM,2026-09-15 17:00:00,28.1,76.0,0.0,15.9,45.7,8340.0,41.0,1.0
BOM,2026-09-15 18:00:00,26.8,82.0,0.5,12.3,33.5,3700.0,80.0,53.0
BOM,2026-09-15 19:00:00,26.8,86.0,0.3,9.5,25.6,8600.0,27.0,51.0
BOM,2026-09-15 20:00:00,25.9,89.0,0.3,8.2,21.6,3880.0,68.0,51.0
BOM,2026-09-15 21:00:00,25.6,91.0,0.7,7.4,15.8,4000.0,63.0,53.0
BOM,2026-09-15 22:00:00,25.6,92.0,0.4,9.0,16.9,5020.0,54.0,51.0
BOM,2026-09-15 23:00:00,25.9,90.0,0.3,11.7,23.8,6140.0,100.0,51.0
BOM,2026-09-16 00:00:00,25.8,90.0,0.1,11.1,24.5,9340.0,27.0,51.0
BOM,2026-09-16 01:00:00,25.7,90.0,0.1,10.1,22.0,9640.0,34.0,51.0
BOM,2026-09-16 02:00:00,25.5,91.0,0.1,11.3,22.7,9240.0,17.0,51.0
BOM,2026-09-16 03:00:00,25.5,91.0,0.0,11.9,24.1,8900.0,24.0,1.0
BOM,2026-09-16 04:00:00,25.3,92.0,0.1,11.4,24.5,7220.0,43.0,51.0
BOM,2026-09-16 05:00:00,25.8,90.0,0.2,10.9,23.8,9680.0,38.0,51.0
BOM,2026-09-16 06:00:00,25.7,90.0,0.0,11.5,23.0,9980.0,52.0,2.0
BOM,2026-09-16 07:00:00,25.9,90.0,0.0,12.2,25.2,11680.0,50.0,2.0
BOM,2026-09-16 08:00:00,26.7,86.0,0.0,11.8,28.1,10500.0,32.0,1.0
BOM,2026-09-16 09:00:00,27.5,82.0,0.1,13.5,33.5,6200.0,59.0,51.0
BOM,2026-09-16 10:00:00,28.1,79.0,0.3,12.9,34.2,9100.0,44.0,51.0
BOM,2026-09-16 11:00:00,28.5,78.0,0.1,10.9,32.8,9960.0,29.0,51.0
BOM,2026-09-16 12:00:00,29.5,72.0,0.4,10.9,33.1,6320.0,33.0,51.0
BOM,2026-09-16 13:00:00,29.8,72.0,0.1,9.5,29.9,10180.0,60.0,51.0
BOM,2026-09-16 14:00:00,29.3,74.0,0.1,10.3,29.5,3620.0,46.0,51.0
BOM,2026-09-16 15:00:00,29.3,73.0,0.9,10.7,30.6,10160.0,35.0,53.0
BOM,2026-09-16 16:00:00,29.2,74.0,0.0,9.5,28.8,17200.0,33.0,1.0
BOM,2026-09-16 17:00:00,28.8,74.0,0.0,7.8,25.9,18820.0,57.0,2.0
BOM,2026-09-16 18:00:00,28.1,78.0,0.0,6.8,19.4,21420.0,93.0,3.0
BOM,2026-09-16 19:00:00,27.8,82.0,0.2,4.5,14.4,21380.0,100.0,51.0
BOM,2026-09-16 20:00:00,27.8,83.0,0.1,2.6,9.4,18620.0,100.0,51.0
BOM,2026-09-16 21:00:00,27.8,86.0,0.0,1.7,5.4,18600.0,100.0,3.0
BOM,2026-09-16 22:00:00,27.8,87.0,0.0,1.0,3.6,14080.0,100.0,3.0
BOM,2026-09-16 23:00:00,27.6,84.0,0.0,2.5,4.3,14400.0,99.0,3.0
BOM,2026-09-17 00:00:00,27.4,85.0,0.0,2.3,5.4,18520.0,98.0,3.0
BOM,2026-09-17 01:00:00,27.0,87.0,0.0,3.1,6.5,8460.0,67.0,2.0
BOM,2026-09-17 02:00:00,26.6,88.0,0.1,4.8,9.7,8740.0,97.0,51.0
BOM,2026-09-17 03:00:00,26.2,90.0,0.1,6.7,13.7,7940.0,98.0,51.0
BOM,2026-09-17 04:00:00,26.1,90.0,0.1,7.4,15.1,8960.0,98.0,51.0
BOM,2026-09-17 05:00:00,26.6,92.0,0.1,5.0,15.5,10980.0,20.0,51.0
BOM,2026-09-17 06:00:00,26.3,92.0,0.2,5.9,11.5,6860.0,68.0,51.0
BOM,2026-09-17 07:00:00,26.7,90.0,0.0,7.1,16.2,9500.0,34.0,1.0
BOM,2026-09-17 08:00:00,27.3,85.0,0.3,8.5,21.2,5720.0,55.0,51.0
BOM,2026-09-17 09:00:00,28.2,83.0,0.2,8.8,23.8,10160.0,39.0,51.0
BOM,2026-09-17 10:00:00,29.1,77.0,0.0,11.0,29.9,15660.0,82.0,3.0
BOM,2026-09-17 11:00:00,29.9,71.0,0.0,12.2,31.3,15880.0,36.0,1.0
BOM,2026-09-17 12:00:00,29.9,71.0,0.1,14.1,36.4,14680.0,43.0,51.0
BOM,2026-09-17 13:00:00,29.7,72.0,0.0,13.5,37.8,20900.0,41.0,1.0
BOM,2026-09-17 14:00:00,29.7,71.0,0.0,14.3,37.1,10580.0,28.0,1.0
BOM,2026-09-17 15:00:00,29.7,70.0,0.1,12.6,37.1,9320.0,32.0,51.0
BOM,2026-09-17 16:00:00,29.4,71.0,0.1,12.9,33.5,11140.0,23.0,51.0
BOM,2026-09-17 17:00:00,29.3,72.0,0.0,11.5,32.0,12380.0,84.0,3.0
BOM,2026-09-17 18:00:00,28.6,76.0,0.0,9.8,25.2,15180.0,71.0,2.0
BOM,2026-09-17 19:00:00,28.3,77.0,0.0,8.8,20.9,14660.0,73.0,2.0
BOM,2026-09-17 20:00:00,28.1,78.0,0.0,9.4,19.4,13560.0,72.0,2.0
BOM,2026-09-17 21:00:00,27.9,79.0,0.0,9.1,20.2,12000.0,38.0,1.0
BOM,2026-09-17 22:00:00,27.6,80.0,0.1,8.7,19.1,9260.0,52.0,51.0
BOM,2026-09-17 23:00:00,27.1,82.0,0.1,9.2,17.6,7360.0,48.0,51.0
BOM,2026-09-18 00:00:00,26.7,85.0,0.2,7.0,18.4,5240.0,52.0,51.0
BOM,2026-09-18 01:00:00,26.6,85.0,0.2,5.4,13.7,6300.0,38.0,51.0
BOM,2026-09-18 02:00:00,26.4,87.0,0.2,6.4,12.6,6400.0,91.0,51.0
BOM,2026-09-18 03:00:00,26.4,87.0,0.1,5.5,12.2,10260.0,34.0,51.0
BOM,2026-09-18 04:00:00,25.9,90.0,0.5,5.5,11.9,3080.0,97.0,53.0
BOM,2026-09-18 05:00:00,26.5,86.0,0.7,6.2,10.4,4280.0,90.0,53.0
BOM,2026-09-18 06:00:00,26.5,89.0,0.8,4.4,13.3,6680.0,63.0,53.0
BOM,2026-09-18 07:00:00,26.7,90.0,0.2,7.2,16.9,3280.0,89.0,51.0
BOM,2026-09-18 08:00:00,27.4,85.0,0.7,5.1,19.1,7220.0,86.0,53.0
BOM,2026-09-18 09:00:00,27.7,81.0,0.3,10.2,29.9,3320.0,96.0,51.0
BOM,2026-09-18 10:00:00,26.7,85.0,1.3,10.1,35.3,9020.0,55.0,80.0
BOM,2026-09-18 11:00:00,28.8,78.0,0.0,8.9,27.7,13900.0,24.0,1.0
BOM,2026-09-18 12:00:00,29.2,77.0,0.0,9.5,29.9,15180.0,26.0,1.0
BOM,2026-09-18 13:00:00,28.8,78.0,0.0,10.7,31.0,9620.0,19.0,0.0
BOM,2026-09-18 14:00:00,27.9,81.0,0.9,12.8,35.6,7320.0,32.0,53.0
BOM,2026-09-18 15:00:00,28.7,78.0,0.1,12.1,33.1,12520.0,24.0,51.0
BOM,2026-09-18 16:00:00,28.4,79.0,0.0,10.1,33.1,15760.0,15.0,0.0
BOM,2026-09-18 17:00:00,28.0,80.0,0.2,7.1,28.4,7020.0,60.0,51.0
BOM,2026-09-18 18:00:00,27.7,81.0,0.1,8.0,18.7,6180.0,40.0,51.0
BOM,2026-09-18 19:00:00,27.6,82.0,0.1,6.0,17.6,13240.0,14.0,51.0
BOM,2026-09-18 20:00:00,27.3,84.0,0.0,5.7,12.6,13660.0,16.0,0.0
BOM,2026-09-18 21:00:00,27.2,84.0,0.0,5.1,11.9,12860.0,20.0,1.0
BOM,2026-09-18 22:00:00,27.1,85.0,0.0,3.6,10.4,13600.0,20.0,1.0
BOM,2026-09-18 23:00:00,25.9,88.0,0.1,5.2,9.4,3940.0,56.0,51.0
BOM,2026-09-19 00:00:00,26.1,89.0,0.6,2.7,13.3,6780.0,24.0,53.0
BOM,2026-09-19 01:00:00,26.5,87.0,0.1,0.4,5.4,8640.0,45.0,51.0
BOM,2026-09-19 02:00:00,25.9,90.0,0.5,3.9,7.9,4500.0,97.0,53.0
BOM,2026-09-19 03:00:00,25.7,90.0,0.3,4.3,9.4,6040.0,77.0,51.0
BOM,2026-09-19 04:00:00,24.6,95.0,3.3,3.2,14.4,2540.0,46.0,81.0
BOM,2026-09-19 05:00:00,24.8,97.0,1.0,4.2,6.5,1700.0,78.0,55.0
BOM,2026-09-19 06:00:00,24.7,96.0,0.0,2.7,8.6,1980.0,73.0,2.0
BOM,2026-09-19 07:00:00,25.5,92.0,0.0,2.8,9.0,12420.0,46.0,1.0
BOM,2026-09-19 08:00:00,26.7,87.0,0.0,1.4,9.0,12020.0,24.0,1.0
BOM,2026-09-19 09:00:00,28.2,77.0,0.1,4.0,15.1,9540.0,36.0,51.0
BOM,2026-09-19 10:00:00,29.1,74.0,0.1,3.9,18.0,8820.0,29.0,51.0
BOM,2026-09-19 11:00:00,30.0,73.0,0.1,3.7,19.4,12720.0,36.0,51.0
BOM,2026-09-19 12:00:00,30.3,72.0,0.0,8.0,27.0,11840.0,93.0,3.0
BOM,2026-09-19 13:00:00,29.3,69.0,0.7,11.8,30.6,4200.0,69.0,53.0
BOM,2026-09-19 14:00:00,29.3,74.0,0.9,10.5,32.8,7780.0,34.0,53.0
BOM,2026-09-19 15:00:00,27.7,82.0,0.7,13.8,34.6,2920.0,43.0,53.0
BOM,2026-09-19 16:00:00,28.1,80.0,2.7,10.1,34.6,7060.0,30.0,81.0
BOM,2026-09-19 17:00:00,29.1,72.0,0.1,12.9,28.4,7980.0,62.0,51.0
BOM,2026-09-19 18:00:00,28.5,76.0,0.0,10.2,27.7,16260.0,69.0,2.0
BOM,2026-09-19 19:00:00,28.1,78.0,0.0,7.8,21.2,17060.0,69.0,2.0
BOM,2026-09-19 20:00:00,27.7,82.0,0.0,6.4,15.8,15660.0,72.0,2.0
BOM,2026-09-19 21:00:00,27.4,85.0,0.0,5.4,13.0,17000.0,59.0,2.0
BOM,2026-09-19 22:00:00,27.1,87.0,0.0,4.9,10.8,15080.0,74.0,2.0
BOM,2026-09-19 23:00:00,27.3,83.0,0.0,7.3,11.2,15320.0,25.0,1.0
BOM,2026-09-20 00:00:00,27.0,85.0,0.0,6.6,14.0,16380.0,5.0,0.0
BOM,2026-09-20 01:00:00,26.5,88.0,0.0,5.4,13.0,15020.0,1.0,0.0
BOM,2026-09-20 02:00:00,26.1,91.0,0.0,5.0,11.2,11920.0,7.0,0.0
BOM,2026-09-20 03:00:00,25.8,93.0,0.0,4.6,10.1,11400.0,10.0,0.0
BOM,2026-09-20 04:00:00,25.4,96.0,0.0,5.8,11.9,7160.0,15.0,0.0
BOM,2026-09-20 05:00:00,26.4,83.0,0.0,6.3,11.9,3080.0,80.0,3.0
BOM,2026-09-20 06:00:00,25.5,90.0,0.4,5.1,12.6,8000.0,56.0,51.0
BOM,2026-09-20 07:00:00,25.3,89.0,0.4,4.9,19.4,5080.0,15.0,51.0
BOM,2026-09-20 08:00:00,26.7,85.0,0.1,2.4,12.2,11460.0,22.0,51.0
BOM,2026-09-20 09:00:00,28.1,81.0,0.0,1.9,12.2,15120.0,9.0,0.0
BOM,2026-09-20 10:00:00,29.2,77.0,0.0,4.0,16.9,17460.0,9.0,0.0
BOM,2026-09-20 11:00:00,29.8,74.0,0.0,6.6,23.4,13980.0,28.0,1.0
BOM,2026-09-20 12:00:00,30.4,71.0,0.1,8.1,24.8,12280.0,23.0,51.0
BOM,2026-09-20 13:00:00,30.4,71.0,0.0,10.2,29.2,14600.0,13.0,0.0
BOM,2026-09-20 14:00:00,30.0,72.0,0.1,13.1,34.6,9800.0,16.0,51.0
BOM,2026-09-20 15:00:00,29.3,77.0,0.0,13.1,36.7,18740.0,9.0,0.0
BOM,2026-09-20 16:00:00,29.0,77.0,0.0,10.6,33.8,17000.0,5.0,0.0
BOM,2026-09-20 17:00:00,29.7,70.0,0.0,11.4,28.1,9320.0,43.0,1.0
BOM,2026-09-20 18:00:00,28.6,79.0,0.0,8.8,25.2,16820.0,50.0,2.0
BOM,2026-09-20 19:00:00,28.2,82.0,0.0,6.5,18.7,12960.0,28.0,1.0
BOM,2026-09-20 20:00:00,28.0,83.0,0.0,6.6,13.7,15320.0,14.0,0.0
BOM,2026-09-20 21:00:00,27.5,86.0,0.0,4.4,13.3,9540.0,34.0,1.0
BOM,2026-09-20 22:00:00,27.3,88.0,0.0,3.6,9.4,12500.0,38.0,1.0
BOM,2026-09-20 23:00:00,26.8,88.0,0.0,3.5,9.0,12940.0,34.0,1.0
BOM,2026-09-21 00:00:00,26.5,91.0,0.0,2.8,6.5,14020.0,35.0,1.0
BOM,2026-09-21 01:00:00,26.3,93.0,0.0,1.8,5.8,12100.0,51.0,2.0
BOM,2026-09-21 02:00:00,26.1,94.0,0.0,5.5,10.1,11240.0,57.0,2.0
BOM,2026-09-21 03:00:00,25.9,93.0,0.0,4.8,11.2,9340.0,25.0,1.0
BOM,2026-09-21 04:00:00,25.8,93.0,0.0,1.3,9.7,9980.0,13.0,0.0
BOM,2026-09-21 05:00:00,26.8,91.0,0.0,4.2,4.0,5580.0,37.0,1.0
BOM,2026-09-21 06:00:00,26.6,91.0,0.0,2.9,9.0,8980.0,100.0,3.0
BOM,2026-09-21 07:00:00,27.1,91.0,0.0,3.7,8.6,14500.0,100.0,3.0
BOM,2026-09-21 08:00:00,27.4,84.0,0.0,5.9,13.3,5420.0,43.0,1.0
BOM,2026-09-21 09:00:00,27.1,85.0,0.7,5.4,25.2,6220.0,34.0,53.0
BOM,2026-09-21 10:00:00,28.7,80.0,0.1,1.5,17.3,12300.0,8.0,51.0
BOM,2026-09-21 11:00:00,29.8,73.0,0.0,7.3,16.6,16620.0,16.0,0.0
BOM,2026-09-21 12:00:00,30.4,71.0,0.0,7.3,24.8,13600.0,16.0,0.0
BOM,2026-09-21 13:00:00,30.6,68.0,0.0,8.2,25.6,13160.0,21.0,1.0
BOM,2026-09-21 14:00:00,30.1,69.0,0.0,10.0,28.8,8520.0,29.0,1.0
BOM,2026-09-21 15:00:00,29.8,72.0,0.2,10.9,29.5,10420.0,70.0,51.0
BOM,2026-09-21 16:00:00,29.2,75.0,0.0,9.4,29.5,18600.0,95.0,3.0
BOM,2026-09-21 17:00:00,29.2,74.0,0.0,7.7,24.5,6460.0,93.0,3.0
BOM,2026-09-21 18:00:00,28.5,81.0,0.2,3.7,16.6,7140.0,90.0,51.0
BOM,2026-09-21 19:00:00,28.0,87.0,0.1,4.4,9.7,11500.0,100.0,51.0
BOM,2026-09-21 20:00:00,27.6,90.0,0.0,4.3,10.1,12440.0,100.0,3.0
BOM,2026-09-21 21:00:00,27.3,91.0,0.0,5.1,12.6,8840.0,100.0,3.0
BOM,2026-09-21 22:00:00,26.9,93.0,0.0,3.1,13.0,7500.0,97.0,3.0
BOM,2026-09-21 23:00:00,26.9,92.0,0.0,3.7,7.6,10620.0,99.0,3.0
BOM,2026-09-22 00:00:00,26.5,95.0,0.0,3.3,9.0,11780.0,99.0,3.0
BOM,2026-09-22 01:00:00,26.7,92.0,0.0,2.1,6.5,6560.0,88.0,3.0
BOM,2026-09-22 02:00:00,26.7,90.0,0.8,1.5,5.4,5360.0,72.0,53.0
BOM,2026-09-22 03:00:00,26.5,89.0,0.3,2.3,6.5,5080.0,58.0,51.0
BOM,2026-09-22 04:00:00,25.9,91.0,1.4,2.5,5.4,2640.0,95.0,80.0
BOM,2026-09-22 05:00:00,26.7,92.0,2.1,2.2,8.3,3700.0,49.0,80.0
BOM,2026-09-22 06:00:00,25.4,97.0,6.8,3.8,7.9,1640.0,98.0,95.0
BOM,2026-09-22 07:00:00,25.5,96.0,3.5,3.3,8.3,2460.0,80.0,95.0
BOM,2026-09-22 08:00:00,26.3,93.0,0.9,1.2,10.1,4280.0,63.0,53.0
BOM,2026-09-22 09:00:00,27.7,85.0,0.3,0.9,11.9,7260.0,40.0,51.0
BOM,2026-09-22 10:00:00,29.0,80.0,0.1,0.8,12.2,9180.0,25.0,51.0
BOM,2026-09-22 11:00:00,29.7,75.0,0.1,6.0,16.2,6820.0,26.0,51.0
BOM,2026-09-22 12:00:00,29.9,75.0,0.3,6.4,22.0,6720.0,31.0,51.0
BOM,2026-09-22 13:00:00,29.9,75.0,0.1,9.5,27.7,7740.0,20.0,51.0
BOM,2026-09-22 14:00:00,29.6,75.0,0.1,11.4,30.6,6920.0,28.0,51.0
BOM,2026-09-22 15:00:00,29.2,75.0,0.1,12.0,32.8,14360.0,45.0,51.0
BOM,2026-09-22 16:00:00,28.9,77.0,0.0,10.5,31.7,18120.0,66.0,2.0
BOM,2026-09-22 17:00:00,29.2,74.0,0.0,7.5,28.4,16180.0,98.0,3.0
BOM,2026-09-22 18:00:00,28.7,78.0,0.0,6.4,18.0,17960.0,98.0,3.0
BOM,2026-09-22 19:00:00,28.5,78.0,0.0,4.9,14.0,15600.0,97.0,3.0
BOM,2026-09-22 20:00:00,28.1,81.0,0.0,4.2,10.4,12340.0,96.0,3.0
BOM,2026-09-22 21:00:00,27.7,86.0,0.0,1.9,8.6,13120.0,98.0,3.0
BOM,2026-09-22 22:00:00,27.6,89.0,0.0,1.3,4.3,12780.0,94.0,3.0
BOM,2026-09-22 23:00:00,27.8,85.0,0.0,2.8,3.6,12520.0,96.0,3.0
BOM,2026-09-23 00:00:00,27.5,87.0,0.0,2.3,5.8,4580.0,96.0,3.0
BOM,2026-09-23 01:00:00,27.3,88.0,0.0,2.3,5.4,1800.0,95.0,3.0
BOM,2026-09-23 02:00:00,27.1,88.0,0.0,3.1,6.8,1280.0,97.0,3.0
BOM,2026-09-23 03:00:00,26.7,89.0,0.1,2.7,7.2,1280.0,97.0,51.0
BOM,2026-09-23 04:00:00,26.8,89.0,0.1,0.5,5.4,1720.0,88.0,51.0
BOM,2026-09-23 05:00:00,26.7,93.0,0.1,3.5,2.5,11000.0,95.0,51.0
BOM,2026-09-23 06:00:00,26.1,94.0,0.0,7.2,14.4,6600.0,91.0,3.0
BOM,2026-09-23 07:00:00,26.3,92.0,0.1,5.5,14.4,8700.0,65.0,51.0
BOM,2026-09-23 08:00:00,27.3,88.0,0.0,3.5,15.1,12740.0,47.0,1.0
BOM,2026-09-23 09:00:00,28.6,80.0,0.0,3.5,15.8,14560.0,49.0,1.0
BOM,2026-09-23 10:00:00,29.7,75.0,0.0,5.5,22.0,14180.0,53.0,2.0
BOM,2026-09-23 11:00:00,30.6,71.0,0.0,8.7,25.9,17740.0,85.0,3.0
BOM,2026-09-23 12:00:00,30.6,72.0,0.0,11.0,31.3,10060.0,38.0,1.0
BOM,2026-09-23 13:00:00,30.5,73.0,0.0,12.2,33.8,14240.0,11.0,0.0
BOM,2026-09-23 14:00:00,30.4,73.0,0.0,13.6,36.4,11540.0,70.0,2.0
BOM,2026-09-23 15:00:00,29.9,75.0,0.1,15.2,38.5,10620.0,88.0,51.0
BOM,2026-09-23 16:00:00,29.8,75.0,0.0,15.4,40.3,17660.0,92.0,3.0
BOM,2026-09-23 17:00:00,30.0,74.0,0.1,14.1,38.2,9920.0,65.0,51.0
BOM,2026-09-23 18:00:00,29.3,78.0,0.0,12.1,33.1,12800.0,60.0,2.0
BOM,2026-09-23 19:00:00,29.1,78.0,0.1,12.0,27.7,10900.0,27.0,51.0
BOM,2026-09-23 20:00:00,28.3,83.0,0.0,3.4,25.2,15140.0,64.0,2.0
BOM,2026-09-23 21:00:00,25.5,93.0,0.7,10.2,23.8,2960.0,100.0,53.0
BOM,2026-09-23 22:00:00,25.4,90.0,0.4,2.8,24.1,7220.0,87.0,51.0
BOM,2026-09-23 23:00:00,26.1,95.0,0.0,1.0,8.6,9940.0,95.0,3.0
BOM,2026-09-24 00:00:00,26.1,94.0,0.0,2.4,6.8,10740.0,98.0,3.0
BOM,2026-09-24 01:00:00,23.9,100.0,1.3,9.9,24.8,1660.0,100.0,80.0
BOM,2026-09-24 02:00:00,23.7,98.0,0.9,3.6,20.2,5760.0,98.0,53.0
BOM,2026-09-24 03:00:00,24.3,96.0,0.0,2.1,9.7,6500.0,98.0,3.0
BOM,2026-09-24 04:00:00,24.6,96.0,0.0,4.7,9.4,7780.0,90.0,3.0
BOM,2026-09-24 05:00:00,25.7,94.0,0.0,3.0,9.7,10940.0,40.0,1.0
BOM,2026-09-24 06:00:00,25.7,95.0,0.0,2.3,6.8,9540.0,23.0,1.0
BOM,2026-09-24 07:00:00,26.2,93.0,0.0,3.8,10.4,7680.0,72.0,2.0
BOM,2026-09-24 08:00:00,27.6,86.0,0.0,3.5,13.3,11460.0,94.0,3.0
BOM,2026-09-24 09:00:00,28.5,84.0,0.2,2.0,13.0,4360.0,93.0,51.0
BOM,2026-09-24 10:00:00,29.5,78.0,0.3,9.7,27.7,10800.0,67.0,95.0
BOM,2026-09-24 11:00:00,30.7,74.0,0.0,12.1,34.6,12020.0,19.0,0.0
BOM,2026-09-24 12:00:00,30.7,75.0,0.2,14.4,37.4,5980.0,34.0,51.0
BOM,2026-09-24 13:00:00,30.6,76.0,0.3,15.7,41.4,10080.0,20.0,51.0
BOM,2026-09-24 14:00:00,30.4,77.0,0.1,16.3,41.4,7880.0,39.0,51.0
BOM,2026-09-24 15:00:00,30.0,77.0,0.0,17.1,42.8,17240.0,16.0,0.0
BOM,2026-09-24 16:00:00,29.5,79.0,0.0,17.1,43.9,16900.0,78.0,2.0
BOM,2026-09-24 17:00:00,29.4,80.0,0.0,14.9,41.8,11000.0,28.0,1.0
BOM,2026-09-24 18:00:00,28.7,86.0,0.0,12.9,34.6,13000.0,10.0,0.0
BOM,2026-09-24 19:00:00,28.3,88.0,0.0,12.0,27.0,13180.0,34.0,1.0
BOM,2026-09-24 20:00:00,28.2,88.0,0.0,11.1,24.8,13160.0,67.0,2.0
BOM,2026-09-24 21:00:00,28.1,88.0,0.0,8.5,23.0,13140.0,95.0,3.0
BOM,2026-09-24 22:00:00,28.0,89.0,0.0,8.5,17.3,13140.0,59.0,2.0
BOM,2026-09-24 23:00:00,27.5,90.0,0.0,4.5,17.6,8020.0,55.0,2.0
BOM,2026-09-25 00:00:00,27.1,91.0,0.3,2.9,12.2,5920.0,44.0,51.0
BOM,2026-09-25 01:00:00,27.3,88.0,0.2,5.2,10.4,6080.0,30.0,51.0
BOM,2026-09-25 02:00:00,26.9,90.0,0.1,2.3,11.5,4420.0,91.0,51.0
BOM,2026-09-25 03:00:00,24.5,98.0,2.0,4.0,19.8,3440.0,98.0,80.0
BOM,2026-09-25 04:00:00,24.4,93.0,0.2,8.5,18.0,7540.0,96.0,51.0
BOM,2026-09-25 05:00:00,25.0,94.0,0.0,4.9,16.9,8660.0,99.0,3.0
BOM,2026-09-25 06:00:00,25.1,93.0,0.3,2.4,8.3,5040.0,100.0,51.0
BOM,2026-09-25 07:00:00,25.8,92.0,0.4,1.5,9.7,7360.0,99.0,51.0
BOM,2026-09-25 08:00:00,26.8,90.0,0.0,2.1,9.7,8760.0,100.0,3.0
BOM,2026-09-25 09:00:00,27.9,84.0,0.2,6.5,20.2,7580.0,100.0,51.0
BOM,2026-09-25 10:00:00,29.3,76.0,0.2,7.2,23.4,4620.0,98.0,51.0
BOM,2026-09-25 11:00:00,29.0,74.0,0.5,13.7,34.2,5640.0,90.0,53.0
BOM,2026-09-25 12:00:00,30.1,69.0,0.5,16.5,40.7,6860.0,70.0,53.0
BOM,2026-09-25 13:00:00,29.8,75.0,0.1,16.4,43.2,14720.0,32.0,51.0
BOM,2026-09-25 14:00:00,29.7,75.0,0.0,15.0,41.4,15780.0,30.0,1.0
BOM,2026-09-25 15:00:00,29.4,75.0,0.0,14.6,38.2,13160.0,33.0,1.0
BOM,2026-09-25 16:00:00,29.1,74.0,0.0,14.4,37.4,16800.0,47.0,1.0
BOM,2026-09-25 17:00:00,29.0,75.0,0.0,12.7,36.0,16620.0,58.0,2.0
BOM,2026-09-25 18:00:00,28.3,79.0,0.0,10.4,30.6,15200.0,88.0,3.0
BOM,2026-09-25 19:00:00,28.0,81.0,0.0,9.9,22.0,16380.0,100.0,3.0
BOM,2026-09-25 20:00:00,27.9,81.0,0.0,10.3,22.0,14240.0,98.0,3.0
BOM,2026-09-25 21:00:00,27.8,81.0,0.0,9.1,21.6,16720.0,100.0,3.0
BOM,2026-09-25 22:00:00,27.8,81.0,0.0,9.6,19.8,16560.0,100.0,3.0
BOM,2026-09-25 23:00:00,27.8,80.0,0.0,10.5,22.3,16680.0,100.0,3.0
BOM,2026-09-26 00:00:00,27.6,80.0,0.0,10.4,21.6,8960.0,100.0,3.0
BOM,2026-09-26 01:00:00,27.3,81.0,0.1,11.3,23.0,7780.0,99.0,51.0
BOM,2026-09-26 02:00:00,27.5,81.0,0.0,12.6,25.9,10640.0,91.0,3.0
BOM,2026-09-26 03:00:00,27.3,83.0,0.0,11.9,27.0,12580.0,50.0,2.0
BOM,2026-09-26 04:00:00,27.1,84.0,0.0,9.9,24.5,12160.0,100.0,3.0
BOM,2026-09-26 05:00:00,27.1,81.0,0.0,10.9,20.2,10660.0,97.0,3.0
BOM,2026-09-26 06:00:00,27.1,81.0,0.0,8.7,22.0,13120.0,90.0,3.0
BOM,2026-09-26 07:00:00,27.4,81.0,0.0,7.2,16.9,10680.0,80.0,3.0
BOM,2026-09-26 08:00:00,28.6,73.0,0.0,8.9,22.7,13400.0,100.0,3.0
BOM,2026-09-26 09:00:00,29.2,70.0,0.0,10.3,27.0,11040.0,100.0,3.0
BOM,2026-09-26 10:00:00,29.6,68.0,0.1,11.1,29.9,8760.0,100.0,51.0
BOM,2026-09-26 11:00:00,30.2,65.0,0.1,9.7,29.9,12440.0,98.0,51.0
BOM,2026-09-26 12:00:00,30.5,66.0,0.0,10.5,31.7,16740.0,98.0,3.0
BOM,2026-09-26 13:00:00,30.4,65.0,0.0,12.2,33.5,9120.0,100.0,3.0
BOM,2026-09-26 14:00:00,30.1,67.0,0.1,14.0,36.4,9420.0,92.0,51.0
BOM,2026-09-26 15:00:00,29.9,68.0,0.1,13.7,36.7,9600.0,35.0,51.0
BOM,2026-09-26 16:00:00,29.6,69.0,0.1,13.8,35.3,11800.0,59.0,51.0
BOM,2026-09-26 17:00:00,29.4,70.0,0.0,11.8,34.9,12220.0,18.0,0.0
BOM,2026-09-26 18:00:00,28.5,74.0,0.0,9.6,28.4,11900.0,31.0,1.0
BOM,2026-09-26 19:00:00,28.1,78.0,0.0,9.7,20.9,11360.0,51.0,2.0
BOM,2026-09-26 20:00:00,27.9,79.0,0.0,8.7,20.5,10260.0,92.0,3.0
BOM,2026-09-26 21:00:00,27.7,80.0,0.1,8.8,19.1,10140.0,99.0,51.0
BOM,2026-09-26 22:00:00,27.4,81.0,0.1,7.9,18.4,10380.0,98.0,51.0
BOM,2026-09-26 23:00:00,27.1,82.0,0.1,6.7,17.3,8460.0,77.0,51.0
BOM,2026-09-27 00:00:00,26.7,84.0,0.1,5.4,13.3,8880.0,80.0,51.0
BOM,2026-09-27 01:00:00,26.6,84.0,0.0,4.1,10.1,9400.0,95.0,3.0
BOM,2026-09-27 02:00:00,26.6,84.0,0.0,4.6,9.0,10380.0,99.0,3.0
BOM,2026-09-27 03:00:00,26.4,85.0,0.0,3.9,9.0,12660.0,98.0,3.0
BOM,2026-09-27 04:00:00,26.1,87.0,0.0,2.8,7.9,13740.0,95.0,3.0
BOM,2026-09-27 05:00:00,26.5,81.0,0.0,3.1,5.4,16200.0,24.0,1.0
BOM,2026-09-27 06:00:00,26.3,82.0,0.0,1.8,5.4,16180.0,30.0,1.0
BOM,2026-09-27 07:00:00,27.0,81.0,0.0,3.0,7.9,13980.0,34.0,1.0
BOM,2026-09-27 08:00:00,27.9,80.0,0.0,2.9,12.2,11840.0,31.0,1.0
BOM,2026-09-27 09:00:00,29.1,74.0,0.0,2.8,14.4,10140.0,27.0,1.0
BOM,2026-09-27 10:00:00,30.3,64.0,0.0,5.6,20.5,17960.0,22.0,1.0
BOM,2026-09-27 11:00:00,31.2,59.0,0.0,7.9,25.6,19660.0,13.0,0.0
BOM,2026-09-27 12:00:00,31.5,57.0,0.0,9.0,28.4,19640.0,25.0,1.0
BOM,2026-09-27 13:00:00,31.8,55.0,0.0,9.4,29.5,19620.0,55.0,2.0
BOM,2026-09-27 14:00:00,31.4,57.0,0.1,11.0,32.0,9140.0,45.0,51.0
BOM,2026-09-27 15:00:00,31.2,58.0,0.0,11.6,32.8,19580.0,54.0,2.0
BOM,2026-09-27 16:00:00,30.3,62.0,0.0,11.0,32.8,11920.0,40.0,1.0
BOM,2026-09-27 17:00:00,30.1,62.0,0.1,8.7,30.6,9760.0,24.0,51.0
BOM,2026-09-27 18:00:00,29.4,65.0,0.0,7.4,23.8,12800.0,12.0,0.0
BOM,2026-09-27 19:00:00,29.2,66.0,0.0,6.0,19.1,13100.0,23.0,1.0
BOM,2026-09-27 20:00:00,29.0,67.0,0.0,5.9,15.1,12780.0,9.0,0.0
BOM,2026-09-27 21:00:00,28.6,69.0,0.0,4.0,15.1,13980.0,11.0,0.0
BOM,2026-09-27 22:00:00,28.2,72.0,0.0,1.8,9.4,13260.0,13.0,0.0
BOM,2026-09-27 23:00:00,28.2,72.0,0.0,0.8,4.7,15920.0,4.0,0.0
BOM,2026-09-28 00:00:00,27.7,77.0,0.0,0.2,1.8,15900.0,9.0,0.0
BOM,2026-09-28 01:00:00,27.3,79.0,0.0,0.8,2.2,14740.0,19.0,0.0
BOM,2026-09-28 02:00:00,26.9,81.0,0.0,1.4,3.6,13800.0,27.0,1.0
BOM,2026-09-28 03:00:00,26.6,84.0,0.0,1.8,4.7,12180.0,33.0,1.0
BOM,2026-09-28 04:00:00,26.3,87.0,0.0,2.1,5.8,10600.0,28.0,1.0
BOM,2026-09-28 05:00:00,26.3,87.0,0.0,3.1,6.5,11600.0,35.0,1.0
BOM,2026-09-28 06:00:00,25.8,90.0,0.0,3.6,7.6,11480.0,22.0,1.0
BOM,2026-09-28 07:00:00,26.3,86.0,0.0,4.0,11.5,9740.0,27.0,1.0
BOM,2026-09-28 08:00:00,27.8,74.0,0.0,4.0,15.1,14880.0,16.0,0.0
BOM,2026-09-28 09:00:00,29.5,67.0,0.0,3.3,16.2,14600.0,9.0,0.0
BOM,2026-09-28 10:00:00,30.9,61.0,0.0,2.3,19.4,17560.0,57.0,2.0
BOM,2026-09-28 11:00:00,31.8,59.0,0.0,5.6,22.7,7140.0,41.0,1.0
BOM,2026-09-28 12:00:00,31.0,60.0,2.0,8.6,28.4,4900.0,69.0,80.0
BOM,2026-09-28 13:00:00,31.0,62.0,0.2,11.3,31.7,14340.0,25.0,51.0
BOM,2026-09-28 14:00:00,27.8,73.0,0.3,3.3,33.5,2360.0,100.0,51.0
BOM,2026-09-28 15:00:00,26.5,79.0,2.7,10.7,28.8,6780.0,51.0,81.0
BOM,2026-09-28 16:00:00,27.5,76.0,0.1,5.2,28.4,12600.0,9.0,51.0
BOM,2026-09-28 17:00:00,29.6,68.0,0.0,8.1,20.5,16280.0,12.0,0.0
BOM,2026-09-28 18:00:00,28.9,69.0,0.0,6.8,21.6,17420.0,7.0,0.0
BOM,2026-09-28 19:00:00,28.7,69.0,0.0,6.5,18.0,17420.0,2.0,0.0
BOM,2026-09-28 20:00:00,28.5,70.0,0.0,5.1,16.2,17400.0,3.0,0.0
BOM,2026-09-28 21:00:00,28.1,74.0,0.0,5.8,13.0,15600.0,2.0,0.0
BOM,2026-09-28 22:00:00,27.6,79.0,0.0,6.3,13.3,15580.0,2.0,0.0
BOM,2026-09-28 23:00:00,27.5,80.0,0.0,4.8,13.7,13500.0,2.0,0.0
BOM,2026-09-29 00:00:00,27.1,83.0,0.0,5.8,11.5,13480.0,3.0,0.0
BOM,2026-09-29 01:00:00,26.7,85.0,0.0,6.3,11.9,13480.0,3.0,0.0
BOM,2026-09-29 02:00:00,26.5,82.0,0.0,5.9,12.6,13460.0,63.0,2.0
BOM,2026-09-29 03:00:00,26.3,81.0,0.0,5.9,12.2,13440.0,77.0,2.0
BOM,2026-09-29 04:00:00,26.1,81.0,0.0,5.6,11.9,13440.0,52.0,2.0
BOM,2026-09-29 05:00:00,26.2,82.0,0.0,5.4,12.2,13420.0,1.0,0.0
BOM,2026-09-29 06:00:00,25.9,84.0,0.0,5.7,11.5,13400.0,4.0,0.0
BOM,2026-09-29 07:00:00,26.8,79.0,0.0,5.9,15.5,15440.0,2.0,0.0
BOM,2026-09-29 08:00:00,28.5,70.0,0.0,5.7,18.0,15440.0,2.0,0.0
BOM,2026-09-29 09:00:00,30.1,63.0,0.0,6.3,22.0,17200.0,2.0,0.0
BOM,2026-09-29 10:00:00,31.5,59.0,0.0,6.5,26.6,17180.0,5.0,0.0
BOM,2026-09-29 11:00:00,32.8,55.0,0.0,3.9,29.2,11340.0,10.0,0.0
BOM,2026-09-29 12:00:00,32.0,58.0,0.1,9.1,31.3,7500.0,32.0,51.0
BOM,2026-09-29 13:00:00,31.5,61.0,1.8,9.6,36.7,4880.0,42.0,80.0
BOM,2026-09-29 14:00:00,31.7,64.0,0.2,9.3,28.4,12420.0,2.0,51.0
BOM,2026-09-29 15:00:00,31.1,67.0,0.1,8.0,31.0,7000.0,39.0,51.0
BOM,2026-09-29 16:00:00,29.3,72.0,0.9,8.2,29.9,4720.0,19.0,53.0
BOM,2026-09-29 17:00:00,30.7,67.0,0.2,15.6,24.1,14980.0,8.0,51.0
BOM,2026-09-29 18:00:00,29.9,70.0,0.0,12.4,37.8,15300.0,4.0,0.0
BOM,2026-09-29 19:00:00,29.3,73.0,0.0,10.9,29.5,15280.0,16.0,0.0
BOM,2026-09-29 20:00:00,28.9,76.0,0.0,10.4,26.6,15260.0,9.0,0.0
BOM,2026-09-29 21:00:00,28.5,78.0,0.0,8.7,24.5,15240.0,22.0,1.0
BOM,2026-09-29 22:00:00,28.1,79.0,0.0,7.7,20.2,15240.0,19.0,0.0
BOM,2026-09-29 23:00:00,27.7,82.0,0.0,6.5,17.6,13200.0,24.0,1.0
BOM,2026-09-30 00:00:00,27.3,83.0,0.0,6.3,14.8,13180.0,13.0,0.0
BOM,2026-09-30 01:00:00,27.2,83.0,0.0,5.2,14.0,13180.0,16.0,0.0
BOM,2026-09-30 02:00:00,26.9,84.0,0.0,5.9,12.6,13160.0,12.0,0.0
BOM,2026-09-30 03:00:00,26.6,85.0,0.0,6.9,14.4,13140.0,12.0,0.0
BOM,2026-09-30 04:00:00,26.3,85.0,0.0,5.1,14.0,11560.0,45.0,1.0
BOM,2026-09-30 05:00:00,26.5,84.0,0.0,3.6,14.4,13120.0,92.0,3.0
BOM,2026-09-30 06:00:00,26.5,84.0,0.0,1.5,9.0,13120.0,70.0,2.0
BOM,2026-09-30 07:00:00,27.2,79.0,0.0,3.4,10.1,14800.0,80.0,3.0
BOM,2026-09-30 08:00:00,28.5,72.0,0.0,5.6,17.3,15100.0,99.0,3.0
BOM,2026-09-30 09:00:00,29.5,68.0,0.0,6.2,20.5,16820.0,22.0,1.0
BOM,2026-09-30 10:00:00,31.6,59.0,0.0,1.9,20.9,16820.0,67.0,2.0
BOM,2026-09-30 11:00:00,32.8,52.0,0.0,0.7,20.5,18420.0,46.0,1.0
BOM,2026-09-30 12:00:00,33.8,46.0,0.0,2.8,23.0,20720.0,28.0,1.0
BOM,2026-09-30 13:00:00,33.5,50.0,0.0,5.6,27.0,8820.0,23.0,1.0
BOM,2026-09-30 14:00:00,32.4,58.0,0.0,7.8,32.4,14060.0,11.0,0.0
BOM,2026-09-30 15:00:00,32.2,60.0,0.1,4.4,32.0,6180.0,20.0,51.0
BOM,2026-09-30 16:00:00,31.1,63.0,0.1,5.2,27.0,8900.0,54.0,51.0
BOM,2026-09-30 17:00:00,29.2,72.0,0.2,5.9,25.2,14980.0,9.0,51.0
BOM,2026-09-30 18:00:00,28.8,74.0,0.0,4.8,16.9,14960.0,3.0,0.0
BOM,2026-09-30 19:00:00,28.4,77.0,0.0,4.9,12.6,14940.0,2.0,0.0
BOM,2026-09-30 20:00:00,28.0,80.0,0.0,4.0,12.6,14940.0,2.0,0.0
BOM,2026-09-30 21:00:00,27.9,82.0,0.0,2.2,9.4,12940.0,2.0,0.0
BOM,2026-09-30 22:00:00,27.7,84.0,0.0,2.2,5.8,12920.0,1.0,0.0
BOM,2026-09-30 23:00:00,27.1,80.0,0.0,2.0,5.8,14900.0,2.0,0.0
BOM,2026-10-01 00:00:00,26.8,81.0,0.0,2.5,6.5,14880.0,40.0,1.0
BOM,2026-10-01 01:00:00,26.5,81.0,0.0,2.7,6.5,12880.0,35.0,1.0
BOM,2026-10-01 02:00:00,26.4,80.0,0.0,1.8,6.5,14860.0,15.0,0.0
BOM,2026-10-01 03:00:00,26.3,78.0,0.0,1.8,4.7,14840.0,8.0,0.0
BOM,2026-10-01 04:00:00,26.0,80.0,0.0,2.4,5.8,7960.0,2.0,0.0
BOM,2026-10-01 05:00:00,25.9,93.0,0.0,3.9,6.8,920.0,7.0,0.0
BOM,2026-10-01 06:00:00,25.4,95.0,0.0,4.8,9.7,620.0,12.0,0.0
BOM,2026-10-01 07:00:00,26.0,90.0,0.0,4.6,12.6,780.0,11.0,0.0
BOM,2026-10-01 08:00:00,28.4,77.0,0.0,4.6,15.5,7660.0,4.0,0.0
BOM,2026-10-01 09:00:00,30.6,65.0,0.0,4.6,18.4,10540.0,6.0,0.0
BOM,2026-10-01 10:00:00,32.4,55.0,0.0,4.3,19.4,10540.0,6.0,0.0
BOM,2026-10-01 11:00:00,33.7,51.0,0.0,6.9,22.0,18040.0,25.0,1.0
BOM,2026-10-01 12:00:00,34.4,49.0,0.0,6.5,25.6,9380.0,8.0,0.0
BOM,2026-10-01 13:00:00,34.9,48.0,0.0,7.2,28.1,9300.0,3.0,0.0
BOM,2026-10-01 14:00:00,34.3,55.0,0.0,9.6,32.4,10360.0,5.0,0.0
BOM,2026-10-01 15:00:00,33.1,64.0,0.2,10.1,33.1,3980.0,26.0,51.0
BOM,2026-10-01 16:00:00,32.2,71.0,0.3,12.2,32.4,7640.0,20.0,51.0
BOM,2026-10-01 17:00:00,32.3,55.0,0.0,5.5,32.8,17960.0,40.0,1.0
BOM,2026-10-01 18:00:00,31.7,66.0,0.0,8.8,20.5,16340.0,12.0,0.0
BOM,2026-10-01 19:00:00,31.0,68.0,0.0,8.7,20.9,16340.0,10.0,0.0
BOM,2026-10-01 20:00:00,30.4,68.0,0.0,8.6,20.2,16320.0,13.0,0.0
BOM,2026-10-01 21:00:00,29.8,71.0,0.0,7.9,17.6,14600.0,14.0,0.0
BOM,2026-10-01 22:00:00,29.5,73.0,0.0,7.3,14.8,14600.0,2.0,0.0
BOM,2026-10-01 23:00:00,29.6,75.0,0.0,6.9,15.5,14580.0,4.0,0.0
BOM,2026-10-02 00:00:00,28.9,77.0,0.0,6.0,14.4,14580.0,8.0,0.0
BOM,2026-10-02 01:00:00,28.5,79.0,0.0,5.7,12.2,14560.0,22.0,1.0
BOM,2026-10-02 02:00:00,28.3,79.0,0.0,5.6,11.9,14540.0,18.0,0.0
BOM,2026-10-02 03:00:00,28.0,79.0,0.0,4.6,11.5,14540.0,25.0,1.0
BOM,2026-10-02 04:00:00,27.7,80.0,0.0,3.6,9.4,14520.0,83.0,3.0
BOM,2026-10-02 05:00:00,27.8,77.0,0.0,6.3,9.4,14500.0,25.0,1.0
BOM,2026-10-02 06:00:00,27.5,76.0,0.0,6.5,13.3,14500.0,36.0,1.0
BOM,2026-10-02 07:00:00,28.1,73.0,0.0,7.9,16.2,14480.0,28.0,1.0
BOM,2026-10-02 08:00:00,30.1,63.0,0.0,8.4,21.6,16140.0,48.0,1.0
BOM,2026-10-02 09:00:00,32.9,50.0,0.0,7.9,23.8,19960.0,79.0,2.0
BOM,2026-10-02 10:00:00,35.3,39.0,0.0,8.4,26.3,22620.0,88.0,3.0
BOM,2026-10-02 11:00:00,36.2,34.0,0.0,6.9,26.6,14880.0,91.0,3.0
BOM,2026-10-02 12:00:00,36.6,33.0,0.2,4.8,23.0,4800.0,99.0,51.0
BOM,2026-10-02 13:00:00,36.6,32.0,0.4,3.6,20.2,5960.0,96.0,51.0
BOM,2026-10-02 14:00:00,36.5,32.0,0.9,4.6,20.2,3740.0,73.0,53.0
BOM,2026-10-02 15:00:00,35.7,36.0,0.9,7.2,22.7,5580.0,50.0,53.0
BOM,2026-10-02 16:00:00,35.4,36.0,0.1,6.7,22.3,22520.0,48.0,51.0
BOM,2026-10-02 17:00:00,34.7,43.0,0.0,7.8,19.4,19840.0,67.0,2.0
BOM,2026-10-02 18:00:00,32.7,58.0,0.0,7.3,16.6,17580.0,25.0,1.0
BOM,2026-10-02 19:00:00,32.2,58.0,0.0,7.5,15.1,17560.0,14.0,0.0
BOM,2026-10-02 20:00:00,31.1,62.0,0.0,10.0,21.6,15980.0,16.0,0.0
BOM,2026-10-02 21:00:00,30.5,60.0,0.0,10.7,22.7,17540.0,14.0,0.0
BOM,2026-10-02 22:00:00,30.1,58.0,0.0,10.3,22.7,17520.0,12.0,0.0
BOM,2026-10-02 23:00:00,29.5,64.0,0.0,7.7,21.2,15940.0,12.0,0.0
BOM,2026-10-03 00:00:00,28.6,69.0,0.0,7.6,15.1,15940.0,36.0,1.0
BOM,2026-10-03 01:00:00,28.3,70.0,0.0,9.1,18.0,15920.0,23.0,1.0
BOM,2026-10-03 02:00:00,28.2,68.0,0.0,8.8,18.7,15900.0,45.0,1.0
BOM,2026-10-03 03:00:00,27.4,72.0,0.0,5.1,17.6,15900.0,61.0,2.0
BOM,2026-10-03 04:00:00,26.7,76.0,0.0,3.8,10.8,14220.0,10.0,0.0
BOM,2026-10-03 05:00:00,27.0,75.0,0.0,6.9,9.4,14220.0,1.0,0.0
BOM,2026-10-03 06:00:00,26.4,75.0,0.0,6.6,14.0,14200.0,5.0,0.0
BOM,2026-10-03 07:00:00,27.1,70.0,0.0,8.4,16.6,15840.0,13.0,0.0
BOM,2026-10-03 08:00:00,29.0,65.0,0.0,6.9,17.3,15820.0,12.0,0.0
BOM,2026-10-03 09:00:00,31.4,55.0,0.0,6.1,18.7,17360.0,5.0,0.0
BOM,2026-10-03 10:00:00,34.0,42.0,0.0,5.1,18.7,19580.0,0.0,0.0
BOM,2026-10-03 11:00:00,36.4,28.0,0.0,6.0,18.4,22180.0,0.0,0.0
BOM,2026-10-03 12:00:00,36.9,23.0,0.0,7.4,23.8,22160.0,1.0,0.0
BOM,2026-10-03 13:00:00,36.9,23.0,0.0,6.8,24.1,22140.0,2.0,0.0
BOM,2026-10-03 14:00:00,36.8,25.0,0.0,5.8,23.4,22120.0,5.0,0.0
BOM,2026-10-03 15:00:00,35.8,35.0,0.0,8.9,26.3,22100.0,30.0,1.0
BOM,2026-10-03 16:00:00,33.7,53.0,0.0,11.3,31.3,17260.0,45.0,1.0
BOM,2026-10-03 17:00:00,34.3,51.0,0.0,7.1,29.5,17240.0,9.0,0.0
BOM,2026-10-03 18:00:00,33.0,58.0,0.0,5.9,18.4,17240.0,19.0,0.0
BOM,2026-10-03 19:00:00,32.2,59.0,0.0,6.5,13.3,17220.0,13.0,0.0
BOM,2026-10-03 20:00:00,31.6,50.0,0.0,6.4,15.5,19420.0,10.0,0.0
BOM,2026-10-03 21:00:00,30.8,49.0,0.0,5.9,14.0,19420.0,1.0,0.0
BOM,2026-10-03 22:00:00,30.1,47.0,0.0,5.8,13.3,19400.0,20.0,1.0
BOM,2026-10-03 23:00:00,29.6,53.0,0.0,9.0,12.6,17160.0,1.0,0.0
BOM,2026-10-04 00:00:00,28.4,63.0,0.0,8.5,18.4,15620.0,0.0,0.0
BOM,2026-10-04 01:00:00,27.8,62.0,0.0,7.6,16.9,15600.0,8.0,0.0
BOM,2026-10-04 02:00:00,27.0,61.0,0.0,6.2,15.5,17120.0,0.0,0.0
BOM,2026-10-04 03:00:00,26.2,64.0,0.0,5.0,12.6,15580.0,0.0,0.0
BOM,2026-10-04 04:00:00,25.6,66.0,0.0,4.6,10.4,15560.0,0.0,0.0
BOM,2026-10-04 05:00:00,26.5,58.0,0.0,7.0,11.2,17080.0,0.0,0.0
BOM,2026-10-04 06:00:00,25.5,65.0,0.0,4.9,13.7,15540.0,0.0,0.0
BOM,2026-10-04 07:00:00,26.3,63.0,0.0,5.9,11.5,15520.0,0.0,0.0
BOM,2026-10-04 08:00:00,28.6,56.0,0.0,3.9,13.3,17040.0,0.0,0.0
BOM,2026-10-04 09:00:00,31.5,44.0,0.0,4.4,16.2,19240.0,1.0,0.0
BOM,2026-10-04 10:00:00,33.5,36.0,0.0,7.2,23.0,21760.0,3.0,0.0
BOM,2026-10-04 11:00:00,34.8,33.0,0.0,11.2,29.5,21740.0,10.0,0.0
BOM,2026-10-04 12:00:00,34.8,36.0,0.0,11.2,32.4,21720.0,3.0,0.0
BOM,2026-10-04 13:00:00,35.0,37.0,0.0,11.4,32.8,21700.0,66.0,2.0
BOM,2026-10-04 14:00:00,34.5,40.0,0.1,12.2,34.2,7640.0,31.0,51.0
BOM,2026-10-04 15:00:00,33.8,46.0,0.0,13.2,35.6,19140.0,27.0,1.0
BOM,2026-10-04 16:00:00,33.2,48.0,0.0,13.2,35.6,19140.0,5.0,0.0
BOM,2026-10-04 17:00:00,33.4,44.0,0.0,12.0,34.6,19120.0,2.0,0.0
BOM,2026-10-04 18:00:00,32.1,47.0,0.0,10.1,29.5,19100.0,3.0,0.0
BOM,2026-10-04 19:00:00,31.1,52.0,0.0,9.4,22.7,16900.0,1.0,0.0
BOM,2026-10-04 20:00:00,30.6,54.0,0.0,8.6,21.2,16880.0,1.0,0.0
BOM,2026-10-04 21:00:00,30.1,56.0,0.0,8.1,19.4,16860.0,1.0,0.0
BOM,2026-10-04 22:00:00,29.7,54.0,0.0,7.2,18.4,16860.0,0.0,0.0
BOM,2026-10-04 23:00:00,29.6,50.0,0.0,7.6,16.2,19020.0,0.0,0.0
BOM,2026-10-05 00:00:00,28.3,55.0,0.0,5.8,16.6,16820.0,0.0,0.0
BOM,2026-10-05 01:00:00,27.8,57.0,0.0,4.9,12.2,16820.0,0.0,0.0
BOM,2026-10-05 02:00:00,27.4,58.0,0.0,3.8,10.1,16800.0,0.0,0.0
BOM,2026-10-05 03:00:00,27.0,60.0,0.0,4.1,9.0,16780.0,0.0,0.0
BOM,2026-10-05 04:00:00,26.6,62.0,0.0,6.3,12.6,15260.0,1.0,0.0
BOM,2026-10-05 05:00:00,27.1,67.0,0.0,8.4,15.5,15260.0,3.0,0.0
BOM,2026-10-05 06:00:00,26.8,70.0,0.0,8.5,16.9,15240.0,0.0,0.0
BOM,2026-10-05 07:00:00,27.4,69.0,0.0,8.0,17.6,15220.0,0.0,0.0
BOM,2026-10-05 08:00:00,29.3,65.0,0.0,7.3,19.1,15220.0,0.0,0.0
BOM,2026-10-05 09:00:00,31.3,56.0,0.0,9.4,26.3,16700.0,0.0,0.0
BOM,2026-10-05 10:00:00,32.7,49.0,0.0,8.1,27.0,18880.0,0.0,0.0
BOM,2026-10-05 11:00:00,34.4,43.0,0.0,7.3,25.9,18860.0,41.0,1.0
BOM,2026-10-05 12:00:00,34.3,46.0,0.0,9.3,28.8,13500.0,27.0,1.0
BOM,2026-10-05 13:00:00,32.0,56.0,0.0,12.8,36.0,2800.0,45.0,1.0
BOM,2026-10-05 14:00:00,32.4,64.0,1.1,13.7,37.4,8680.0,18.0,55.0
BOM,2026-10-05 15:00:00,32.3,61.0,0.0,13.9,38.9,15140.0,15.0,0.0
BOM,2026-10-05 16:00:00,31.9,61.0,0.0,10.9,37.1,15120.0,15.0,0.0
BOM,2026-10-05 17:00:00,31.6,62.0,0.0,14.0,29.5,16600.0,4.0,0.0
BOM,2026-10-05 18:00:00,30.9,65.0,0.0,12.8,33.8,15100.0,5.0,0.0
BOM,2026-10-05 19:00:00,30.3,70.0,0.0,10.7,30.6,15080.0,10.0,0.0
BOM,2026-10-05 20:00:00,30.0,72.0,0.0,10.6,25.6,13480.0,2.0,0.0
BOM,2026-10-05 21:00:00,29.5,74.0,0.0,9.0,24.5,13480.0,1.0,0.0
BOM,2026-10-05 22:00:00,29.0,77.0,0.0,7.0,20.9,13460.0,0.0,0.0
BOM,2026-10-05 23:00:00,28.8,76.0,0.0,7.2,16.6,13460.0,0.0,0.0
BOM,2026-10-06 00:00:00,28.2,79.0,0.0,6.8,16.2,13440.0,0.0,0.0
BOM,2026-10-06 01:00:00,27.9,80.0,0.0,7.1,15.8,13440.0,0.0,0.0
BOM,2026-10-06 02:00:00,27.7,79.0,0.0,7.6,15.8,13420.0,0.0,0.0
BOM,2026-10-06 03:00:00,27.7,78.0,0.0,8.0,16.6,13420.0,1.0,0.0
BOM,2026-10-06 04:00:00,27.4,79.0,0.0,7.2,16.6,13400.0,2.0,0.0
BOM,2026-10-06 05:00:00,27.4,77.0,0.0,6.9,14.8,13220.0,13.0,0.0
BOM,2026-10-06 06:00:00,27.1,79.0,0.0,6.5,14.0,13040.0,16.0,0.0
BOM,2026-10-06 07:00:00,27.6,76.0,0.0,5.2,13.7,13160.0,17.0,0.0
BOM,2026-10-06 08:00:00,29.1,67.0,0.0,5.9,18.0,14640.0,24.0,1.0
BOM,2026-10-06 09:00:00,30.9,59.0,0.0,6.5,22.0,14920.0,15.0,0.0
BOM,2026-10-06 10:00:00,32.3,54.0,0.0,6.2,23.8,16380.0,3.0,0.0
BOM,2026-10-06 11:00:00,33.5,51.0,0.0,8.7,23.8,16360.0,5.0,0.0
BOM,2026-10-06 12:00:00,33.6,53.0,0.0,9.7,33.8,16360.0,12.0,0.0
BOM,2026-10-06 13:00:00,33.3,56.0,0.0,10.8,34.2,15960.0,45.0,1.0
BOM,2026-10-06 14:00:00,32.5,58.0,0.3,11.6,34.6,6720.0,27.0,51.0
BOM,2026-10-06 15:00:00,31.8,63.0,0.1,12.7,36.0,12800.0,16.0,51.0
BOM,2026-10-06 16:00:00,31.3,64.0,0.0,12.1,35.6,11140.0,13.0,0.0
BOM,2026-10-06 17:00:00,30.8,68.0,0.0,13.3,33.1,14220.0,23.0,1.0
BOM,2026-10-06 18:00:00,29.9,73.0,0.0,11.3,32.4,13220.0,9.0,0.0
BOM,2026-10-06 19:00:00,29.6,74.0,0.0,9.2,27.0,13240.0,5.0,0.0
BOM,2026-10-06 20:00:00,29.2,77.0,0.0,9.6,23.4,13240.0,3.0,0.0
BOM,2026-10-06 21:00:00,28.8,79.0,0.0,7.4,22.3,13220.0,2.0,0.0
BOM,2026-10-06 22:00:00,28.3,82.0,0.0,5.2,16.6,11440.0,1.0,0.0
BOM,2026-10-06 23:00:00,28.2,84.0,0.0,6.4,12.2,11420.0,1.0,0.0
BOM,2026-10-07 00:00:00,27.8,85.0,0.0,5.9,13.7,10020.0,23.0,1.0
BOM,2026-10-07 01:00:00,27.6,85.0,0.0,4.7,12.2,11400.0,59.0,2.0
BOM,2026-10-07 02:00:00,27.6,83.0,0.0,6.3,13.3,11400.0,84.0,3.0
BOM,2026-10-07 03:00:00,27.5,82.0,0.0,6.6,15.5,11380.0,47.0,1.0
BOM,2026-10-07 04:00:00,27.3,83.0,0.0,6.2,13.7,11380.0,65.0,2.0
BOM,2026-10-07 05:00:00,27.1,84.0,0.0,3.7,14.0,11360.0,29.0,1.0
BOM,2026-10-07 06:00:00,26.9,86.0,0.0,5.1,10.8,9960.0,50.0,2.0
BOM,2026-10-07 07:00:00,27.4,83.0,0.0,5.4,13.7,11360.0,46.0,1.0
BOM,2026-10-07 08:00:00,29.0,76.0,0.0,5.3,16.9,13100.0,7.0,0.0
BOM,2026-10-07 09:00:00,31.4,65.0,0.0,5.6,20.2,14640.0,2.0,0.0
BOM,2026-10-07 10:00:00,33.8,50.0,0.0,3.7,20.2,18220.0,0.0,0.0
BOM,2026-10-07 11:00:00,36.2,35.0,0.0,4.9,19.4,8120.0,33.0,1.0
BOM,2026-10-07 12:00:00,36.0,33.0,0.0,5.2,21.2,11700.0,25.0,1.0
BOM,2026-10-07 13:00:00,35.6,32.0,0.3,6.9,23.8,4440.0,27.0,51.0
BOM,2026-10-07 14:00:00,34.7,41.0,0.5,7.9,26.3,6260.0,18.0,53.0
BOM,2026-10-07 15:00:00,34.2,47.0,0.2,7.2,25.9,11360.0,8.0,51.0
BOM,2026-10-07 16:00:00,33.3,53.0,0.0,9.5,26.3,16000.0,10.0,0.0
BOM,2026-10-07 17:00:00,33.5,50.0,0.0,10.1,27.0,18120.0,19.0,0.0
BOM,2026-10-07 18:00:00,32.2,58.0,0.0,7.8,24.8,15980.0,11.0,0.0
BOM,2026-10-07 19:00:00,31.5,64.0,0.0,6.9,18.0,14520.0,5.0,0.0
BOM,2026-10-07 20:00:00,30.9,67.0,0.0,6.9,15.1,14520.0,2.0,0.0
BOM,2026-10-07 21:00:00,30.3,70.0,0.0,6.3,14.8,14500.0,2.0,0.0
BOM,2026-10-07 22:00:00,29.6,70.0,0.0,5.7,15.1,14500.0,1.0,0.0
BOM,2026-10-07 23:00:00,29.4,70.0,0.0,4.8,11.9,14480.0,9.0,0.0
BOM,2026-10-08 00:00:00,28.8,73.0,0.0,3.6,9.0,12940.0,2.0,0.0
BOM,2026-10-08 01:00:00,28.2,74.0,0.0,5.0,10.4,12940.0,1.0,0.0
BOM,2026-10-08 02:00:00,27.7,77.0,0.0,3.3,10.4,12920.0,4.0,0.0
BOM,2026-10-08 03:00:00,27.6,77.0,0.0,4.4,8.6,12920.0,8.0,0.0
BOM,2026-10-08 04:00:00,27.6,77.0,0.0,5.1,10.4,12900.0,24.0,1.0
BOM,2026-10-08 05:00:00,27.6,81.0,0.0,5.0,11.9,11160.0,35.0,1.0
BOM,2026-10-08 06:00:00,27.3,81.0,0.0,5.6,11.9,12880.0,11.0,0.0
BOM,2026-10-08 07:00:00,27.8,77.0,0.0,5.7,13.7,12880.0,2.0,0.0
BOM,2026-10-08 08:00:00,29.7,63.0,0.0,5.9,17.6,14380.0,0.0,0.0
BOM,2026-10-08 09:00:00,32.1,52.0,0.0,6.8,21.6,15800.0,0.0,0.0
BOM,2026-10-08 10:00:00,34.7,41.0,0.0,7.1,23.4,17900.0,0.0,0.0
BOM,2026-10-08 11:00:00,37.0,31.0,0.0,6.1,23.8,20180.0,6.0,0.0
BOM,2026-10-08 12:00:00,37.0,29.0,0.0,5.4,22.0,20180.0,23.0,1.0
BOM,2026-10-08 13:00:00,36.8,28.0,0.1,3.2,21.2,7580.0,34.0,51.0
BOM,2026-10-08 14:00:00,36.4,31.0,0.1,3.6,17.6,15140.0,12.0,51.0
BOM,2026-10-08 15:00:00,35.9,36.0,0.0,8.2,24.8,10260.0,18.0,0.0
BOM,2026-10-08 16:00:00,34.7,44.0,0.0,11.1,30.6,15740.0,16.0,0.0
BOM,2026-10-08 17:00:00,33.4,57.0,0.0,12.1,30.6,15720.0,24.0,1.0
BOM,2026-10-08 18:00:00,32.3,61.0,0.0,9.9,28.4,15700.0,3.0,0.0
BOM,2026-10-08 19:00:00,31.6,65.0,0.0,10.2,23.4,14260.0,1.0,0.0
BOM,2026-10-08 20:00:00,31.2,62.0,0.0,9.7,22.3,14260.0,1.0,0.0
BOM,2026-10-08 21:00:00,31.0,57.0,0.0,10.3,22.0,15660.0,2.0,0.0
BOM,2026-10-08 22:00:00,30.8,54.0,0.0,8.6,21.6,15660.0,2.0,0.0
BOM,2026-10-08 23:00:00,30.6,57.0,0.0,7.3,18.0,15640.0,2.0,0.0
BOM,2026-10-09 00:00:00,29.9,61.0,0.0,7.0,14.8,15620.0,5.0,0.0
BOM,2026-10-09 01:00:00,29.5,63.0,0.0,6.2,14.4,14200.0,17.0,0.0
BOM,2026-10-09 02:00:00,29.0,65.0,0.0,4.2,12.6,14180.0,9.0,0.0
BOM,2026-10-09 03:00:00,28.7,66.0,0.0,4.6,9.7,14180.0,6.0,0.0
BOM,2026-10-09 04:00:00,28.4,65.0,0.0,6.4,13.3,14160.0,5.0,0.0
BOM,2026-10-09 05:00:00,28.3,70.0,0.0,6.5,14.4,14160.0,2.0,0.0
BOM,2026-10-09 06:00:00,28.0,69.0,0.0,7.3,15.1,14140.0,1.0,0.0
BOM,2026-10-09 07:00:00,28.5,66.0,0.0,8.1,16.9,14140.0,0.0,0.0
BOM,2026-10-09 08:00:00,30.2,60.0,0.0,6.5,18.4,15540.0,0.0,0.0
BOM,2026-10-09 09:00:00,32.6,49.0,0.0,7.1,22.0,17620.0,0.0,0.0
BOM,2026-10-09 10:00:00,34.8,40.0,0.0,7.2,24.1,17600.0,0.0,0.0
BOM,2026-10-09 11:00:00,37.1,30.0,0.0,6.5,23.8,19820.0,13.0,0.0
BOM,2026-10-09 12:00:00,37.8,26.0,0.0,6.0,24.1,19820.0,31.0,1.0
BOM,2026-10-09 13:00:00,37.2,28.0,0.0,6.3,24.1,19800.0,34.0,1.0
BOM,2026-10-09 14:00:00,37.0,31.0,0.0,5.5,23.4,19800.0,28.0,1.0
BOM,2026-10-09 15:00:00,36.3,35.0,0.0,8.8,27.0,19760.0,52.0,2.0
BOM,2026-10-09 16:00:00,34.9,43.0,0.0,11.2,31.0,17520.0,9.0,0.0
BOM,2026-10-09 17:00:00,33.6,50.0,0.0,10.9,30.2,17520.0,4.0,0.0
BOM,2026-10-09 18:00:00,32.6,53.0,0.0,9.3,28.8,15420.0,5.0,0.0
BOM,2026-10-09 19:00:00,31.6,66.0,0.0,10.9,24.5,14020.0,4.0,0.0
BOM,2026-10-09 20:00:00,31.2,69.0,0.0,9.0,24.8,14000.0,2.0,0.0
BOM,2026-10-09 21:00:00,30.8,67.0,0.0,8.3,20.2,13980.0,2.0,0.0
BOM,2026-10-09 22:00:00,30.2,66.0,0.0,8.6,18.7,13980.0,2.0,0.0
BOM,2026-10-09 23:00:00,29.9,66.0,0.0,7.5,18.0,13960.0,1.0,0.0
BOM,2026-10-10 00:00:00,29.8,63.0,0.0,6.5,15.5,13960.0,1.0,0.0
BOM,2026-10-10 01:00:00,29.3,63.0,0.0,6.6,14.0,13940.0,1.0,0.0
BOM,2026-10-10 02:00:00,28.9,64.0,0.0,7.0,14.0,13940.0,1.0,0.0
BOM,2026-10-10 03:00:00,28.7,63.0,0.0,6.7,14.0,13920.0,1.0,0.0
BOM,2026-10-10 04:00:00,28.2,64.0,0.0,5.9,13.3,13920.0,1.0,0.0
BOM,2026-10-10 05:00:00,27.6,65.0,0.0,5.7,12.2,13900.0,0.0,0.0
BOM,2026-10-10 06:00:00,27.2,66.0,0.0,6.6,13.7,13900.0,0.0,0.0
BOM,2026-10-10 07:00:00,28.0,63.0,0.0,7.1,15.1,13880.0,0.0,0.0
BOM,2026-10-10 08:00:00,30.3,52.0,0.0,6.8,19.1,15260.0,0.0,0.0
BOM,2026-10-10 09:00:00,33.0,43.0,0.0,7.7,23.4,17320.0,0.0,0.0
BOM,2026-10-10 10:00:00,34.9,36.0,0.0,7.8,25.9,19480.0,0.0,0.0
BOM,2026-10-10 11:00:00,36.6,29.0,0.0,4.6,25.6,19500.0,0.0,0.0
BOM,2026-10-10 12:00:00,37.4,27.0,0.0,1.2,21.2,19480.0,10.0,0.0
BOM,2026-10-10 13:00:00,37.8,25.0,0.0,2.5,16.9,19460.0,16.0,0.0
BOM,2026-10-10 14:00:00,37.0,29.0,0.0,6.3,23.0,19460.0,56.0,2.0
BOM,2026-10-10 15:00:00,35.1,40.0,0.2,9.2,28.4,4260.0,80.0,51.0
BOM,2026-10-10 16:00:00,33.8,51.0,0.7,10.8,29.9,4360.0,21.0,53.0
BOM,2026-10-10 17:00:00,33.0,55.0,0.2,10.6,29.9,15180.0,16.0,51.0
BOM,2026-10-10 18:00:00,31.8,66.0,0.0,8.0,26.3,13780.0,12.0,0.0
BOM,2026-10-10 19:00:00,31.0,79.0,0.0,9.0,19.4,12300.0,13.0,0.0
BOM,2026-10-10 20:00:00,30.7,76.0,0.0,9.6,23.0,12300.0,1.0,0.0
BOM,2026-10-10 21:00:00,31.0,64.0,0.0,7.8,20.9,13740.0,0.0,0.0
BOM,2026-10-10 22:00:00,30.6,61.0,0.0,4.9,18.4,15120.0,1.0,0.0
BOM,2026-10-10 23:00:00,29.9,62.0,0.0,3.6,11.2,15100.0,1.0,0.0
BOM,2026-10-11 00:00:00,29.3,63.0,0.0,4.4,9.7,13720.0,0.0,0.0
BOM,2026-10-11 01:00:00,28.7,63.0,0.0,4.9,10.4,13700.0,2.0,0.0
BOM,2026-10-11 02:00:00,28.4,62.0,0.0,6.5,13.3,13700.0,4.0,0.0
BOM,2026-10-11 03:00:00,28.2,60.0,0.0,6.4,14.4,15060.0,2.0,0.0
BOM,2026-10-11 04:00:00,27.8,60.0,0.0,5.9,13.7,15060.0,8.0,0.0
BOM,2026-10-11 05:00:00,27.5,60.0,0.0,6.7,14.0,15040.0,7.0,0.0
BOM,2026-10-11 06:00:00,27.1,61.0,0.0,6.5,14.4,15040.0,0.0,0.0
BOM,2026-10-11 07:00:00,27.6,60.0,0.0,6.2,14.4,15020.0,2.0,0.0
BOM,2026-10-11 08:00:00,29.4,54.0,0.0,5.1,15.8,15000.0,8.0,0.0
BOM,2026-10-11 09:00:00,32.0,46.0,0.0,4.2,16.9,17040.0,13.0,0.0
BOM,2026-10-11 10:00:00,34.2,39.0,0.0,5.1,19.8,19160.0,18.0,0.0
BOM,2026-10-11 11:00:00,36.2,31.0,0.0,6.4,23.4,19140.0,9.0,0.0
BOM,2026-10-11 12:00:00,37.3,27.0,0.0,6.3,24.1,19140.0,45.0,1.0
BOM,2026-10-11 13:00:00,37.8,24.0,0.0,6.4,24.1,11800.0,28.0,1.0
BOM,2026-10-11 14:00:00,37.5,25.0,0.1,9.1,28.8,7560.0,18.0,51.0
BOM,2026-10-11 15:00:00,37.1,27.0,0.1,9.8,29.9,19100.0,9.0,51.0
BOM,2026-10-11 16:00:00,36.8,27.0,0.0,7.5,28.8,19100.0,4.0,0.0
BOM,2026-10-11 17:00:00,36.0,29.0,0.0,5.4,22.3,19080.0,3.0,0.0
BOM,2026-10-11 18:00:00,33.2,52.0,0.0,10.6,24.5,14900.0,5.0,0.0
BOM,2026-10-11 19:00:00,31.8,65.0,0.0,9.2,25.6,13540.0,2.0,0.0
BOM,2026-10-11 20:00:00,31.5,64.0,0.0,8.9,20.9,13520.0,2.0,0.0
BOM,2026-10-11 21:00:00,31.4,59.0,0.0,9.2,20.9,14880.0,1.0,0.0
BOM,2026-10-11 22:00:00,31.0,54.0,0.0,10.6,23.0,14860.0,1.0,0.0
BOM,2026-10-11 23:00:00,30.4,53.0,0.0,9.9,23.0,14860.0,1.0,0.0
HYD,2026-07-29 04:00:00,22.4,92.0,1.4,29.2,55.4,23600.0,100.0,80.0
HYD,2026-07-29 05:00:00,22.6,89.0,0.0,28.3,55.8,24140.0,100.0,3.0
HYD,2026-07-29 06:00:00,22.8,87.0,0.0,29.2,56.2,24140.0,100.0,3.0
HYD,2026-07-29 07:00:00,23.2,85.0,0.0,29.9,55.4,24140.0,100.0,3.0
HYD,2026-07-29 08:00:00,23.5,84.0,0.0,31.5,54.4,24140.0,100.0,3.0
HYD,2026-07-29 09:00:00,24.0,83.0,0.0,28.1,50.4,24140.0,100.0,3.0
HYD,2026-07-29 10:00:00,24.4,81.0,0.0,30.3,51.8,24140.0,100.0,3.0
HYD,2026-07-29 11:00:00,25.1,77.0,0.0,29.3,49.3,24140.0,100.0,3.0
HYD,2026-07-29 12:00:00,24.3,81.0,0.2,27.4,50.4,24140.0,100.0,51.0
HYD,2026-07-29 13:00:00,23.8,84.0,0.3,27.4,51.5,23260.0,100.0,51.0
HYD,2026-07-29 14:00:00,23.9,84.0,0.1,27.4,51.8,24140.0,100.0,51.0
HYD,2026-07-29 15:00:00,24.2,82.0,0.0,24.6,49.3,24140.0,100.0,3.0
HYD,2026-07-29 16:00:00,24.0,83.0,0.2,21.3,48.6,23340.0,100.0,51.0
HYD,2026-07-29 17:00:00,24.1,83.0,0.2,24.0,50.0,24140.0,100.0,51.0
HYD,2026-07-29 18:00:00,23.5,86.0,0.0,25.4,53.6,24140.0,100.0,3.0
HYD,2026-07-29 19:00:00,23.4,86.0,0.0,29.4,57.6,24140.0,100.0,3.0
HYD,2026-07-29 20:00:00,23.6,85.0,0.0,27.6,58.0,24140.0,100.0,3.0
HYD,2026-07-29 21:00:00,23.5,86.0,0.1,29.4,56.5,24140.0,100.0,51.0
HYD,2026-07-29 22:00:00,22.9,90.0,0.5,27.3,55.1,16240.0,100.0,53.0
HYD,2026-07-29 23:00:00,23.0,89.0,0.4,27.2,54.4,19620.0,100.0,51.0
HYD,2026-07-30 00:00:00,23.0,89.0,0.3,27.6,54.0,19140.0,100.0,51.0
HYD,2026-07-30 01:00:00,22.9,89.0,0.4,27.4,54.4,21040.0,100.0,51.0
HYD,2026-07-30 02:00:00,22.7,89.0,0.4,28.6,54.4,20720.0,100.0,51.0
HYD,2026-07-30 03:00:00,22.4,90.0,0.3,29.3,56.9,24140.0,100.0,51.0
HYD,2026-07-30 04:00:00,22.4,89.0,0.7,30.3,58.0,13400.0,100.0,53.0
HYD,2026-07-30 05:00:00,22.9,93.0,0.0,25.9,46.1,10040.0,100.0,3.0
HYD,2026-07-30 06:00:00,22.8,93.0,0.1,27.0,45.4,8280.0,100.0,51.0
HYD,2026-07-30 07:00:00,23.0,93.0,0.1,27.0,45.7,8760.0,100.0,51.0
HYD,2026-07-30 08:00:00,23.3,92.0,0.2,28.7,48.6,6100.0,100.0,51.0
HYD,2026-07-30 09:00:00,23.7,91.0,0.4,29.1,49.3,3280.0,100.0,51.0
HYD,2026-07-30 10:00:00,23.9,93.0,1.7,26.4,49.7,3460.0,100.0,80.0
HYD,2026-07-30 11:00:00,23.7,92.0,0.7,26.7,50.0,3680.0,100.0,53.0
HYD,2026-07-30 12:00:00,23.7,88.0,1.0,28.7,50.4,3500.0,100.0,55.0
HYD,2026-07-30 13:00:00,24.4,90.0,0.7,24.3,48.2,5580.0,100.0,53.0
HYD,2026-07-30 14:00:00,25.1,86.0,0.4,24.7,43.9,5500.0,100.0,51.0
HYD,2026-07-30 15:00:00,25.0,85.0,0.5,23.8,44.3,5220.0,100.0,53.0
HYD,2026-07-30 16:00:00,24.7,87.0,0.4,24.4,41.0,5960.0,100.0,51.0
HYD,2026-07-30 17:00:00,24.9,85.0,0.3,20.3,41.0,7460.0,100.0,51.0
HYD,2026-07-30 18:00:00,24.6,86.0,0.2,22.0,37.8,8440.0,100.0,51.0
HYD,2026-07-30 19:00:00,24.3,86.0,0.1,21.1,36.7,10580.0,100.0,51.0
HYD,2026-07-30 20:00:00,24.1,87.0,0.1,19.9,35.3,13340.0,100.0,51.0
HYD,2026-07-30 21:00:00,24.2,86.0,0.0,23.1,39.2,12660.0,100.0,3.0
HYD,2026-07-30 22:00:00,24.0,86.0,0.0,22.0,38.9,17200.0,100.0,3.0
HYD,2026-07-30 23:00:00,23.5,90.0,0.1,21.6,37.8,6360.0,100.0,51.0
HYD,2026-07-31 00:00:00,23.3,90.0,0.2,25.0,41.8,9360.0,100.0,51.0
HYD,2026-07-31 01:00:00,23.1,92.0,0.1,24.7,42.8,9300.0,100.0,51.0
HYD,2026-07-31 02:00:00,23.1,91.0,0.1,24.4,41.4,8280.0,100.0,51.0
HYD,2026-07-31 03:00:00,23.0,92.0,0.3,25.9,43.2,5160.0,100.0,51.0
HYD,2026-07-31 04:00:00,22.8,93.0,0.4,25.5,43.6,6280.0,100.0,51.0
HYD,2026-07-31 05:00:00,23.4,86.0,0.1,26.7,43.9,24140.0,98.0,51.0
HYD,2026-07-31 06:00:00,23.6,84.0,0.0,26.2,45.4,26980.0,100.0,3.0
HYD,2026-07-31 07:00:00,24.2,83.0,0.0,22.4,44.3,22120.0,92.0,3.0
HYD,2026-07-31 08:00:00,25.8,77.0,0.0,25.7,45.0,27720.0,85.0,3.0
HYD,2026-07-31 09:00:00,27.7,68.0,0.0,33.1,58.0,32480.0,75.0,2.0
HYD,2026-07-31 10:00:00,28.8,63.0,0.0,31.2,58.7,32480.0,83.0,3.0
HYD,2026-07-31 11:00:00,28.3,64.0,0.0,30.9,55.1,8260.0,66.0,2.0
HYD,2026-07-31 12:00:00,27.4,69.0,0.2,29.3,54.0,7820.0,84.0,51.0
HYD,2026-07-31 13:00:00,27.8,68.0,0.2,25.3,53.3,12160.0,84.0,51.0
HYD,2026-07-31 14:00:00,28.9,63.0,0.1,26.7,47.9,10400.0,97.0,51.0
HYD,2026-07-31 15:00:00,29.6,60.0,0.1,26.3,47.9,10960.0,95.0,51.0
HYD,2026-07-31 16:00:00,28.9,63.0,0.0,21.7,46.4,25980.0,96.0,3.0
HYD,2026-07-31 17:00:00,27.1,74.0,0.0,22.8,37.4,5820.0,91.0,3.0
HYD,2026-07-31 18:00:00,25.7,80.0,0.2,18.7,38.9,20020.0,75.0,51.0
HYD,2026-07-31 19:00:00,25.4,82.0,0.0,19.9,34.6,15880.0,76.0,2.0
HYD,2026-07-31 20:00:00,24.8,84.0,0.0,14.4,33.1,20080.0,83.0,3.0
HYD,2026-07-31 21:00:00,24.5,86.0,0.0,14.7,24.5,24240.0,73.0,2.0
HYD,2026-07-31 22:00:00,24.4,87.0,0.0,16.2,27.0,15560.0,74.0,2.0
HYD,2026-07-31 23:00:00,24.3,87.0,0.0,17.1,27.4,23980.0,100.0,3.0
HYD,2026-08-01 00:00:00,24.5,83.0,0.0,19.6,32.8,26600.0,100.0,3.0
HYD,2026-08-01 01:00:00,24.4,82.0,0.0,20.7,34.9,25340.0,99.0,3.0
HYD,2026-08-01 02:00:00,24.0,84.0,0.0,19.5,34.9,25360.0,99.0,3.0
HYD,2026-08-01 03:00:00,24.0,84.0,0.0,17.2,32.8,25820.0,92.0,3.0
HYD,2026-08-01 04:00:00,23.6,86.0,0.0,16.2,28.8,25360.0,45.0,1.0
HYD,2026-08-01 05:00:00,23.9,85.0,0.0,18.6,27.0,22700.0,99.0,3.0
HYD,2026-08-01 06:00:00,23.9,85.0,0.0,18.1,31.3,22820.0,100.0,3.0
HYD,2026-08-01 07:00:00,24.5,84.0,0.0,16.3,31.3,22480.0,86.0,3.0
HYD,2026-08-01 08:00:00,25.9,76.0,0.0,23.9,42.1,21400.0,99.0,3.0
HYD,2026-08-01 09:00:00,27.0,72.0,0.0,22.8,43.2,15100.0,98.0,3.0
HYD,2026-08-01 10:00:00,28.2,68.0,0.1,21.5,41.0,10020.0,88.0,51.0
HYD,2026-08-01 11:00:00,28.7,65.0,0.2,23.1,40.3,9960.0,96.0,51.0
HYD,2026-08-01 12:00:00,29.6,61.0,0.1,22.0,42.1,9020.0,93.0,51.0
HYD,2026-08-01 13:00:00,30.2,58.0,0.2,21.9,40.7,7760.0,98.0,51.0
HYD,2026-08-01 14:00:00,30.2,58.0,0.1,20.5,40.3,19360.0,100.0,51.0
HYD,2026-08-01 15:00:00,30.2,58.0,0.0,19.8,37.1,34500.0,100.0,3.0
HYD,2026-08-01 16:00:00,29.8,59.0,0.0,17.7,35.6,34540.0,99.0,3.0
HYD,2026-08-01 17:00:00,28.6,68.0,0.0,13.0,30.6,17360.0,99.0,3.0
HYD,2026-08-01 18:00:00,27.6,72.0,0.0,11.2,22.0,23420.0,100.0,3.0
HYD,2026-08-01 19:00:00,26.9,74.0,0.0,10.7,18.4,29420.0,100.0,3.0
HYD,2026-08-01 20:00:00,26.6,72.0,0.0,18.0,30.6,29300.0,97.0,3.0
HYD,2026-08-01 21:00:00,25.6,75.0,0.0,14.1,29.9,29180.0,94.0,3.0
HYD,2026-08-01 22:00:00,25.1,78.0,0.0,12.6,23.4,29120.0,100.0,3.0
HYD,2026-08-01 23:00:00,25.5,79.0,0.0,14.6,24.5,26920.0,99.0,3.0
HYD,2026-08-02 00:00:00,25.1,81.0,0.0,17.2,28.4,29180.0,100.0,3.0
HYD,2026-08-02 01:00:00,25.5,76.0,0.0,19.1,32.4,29240.0,100.0,3.0
HYD,2026-08-02 02:00:00,25.3,75.0,0.0,19.5,32.8,29260.0,98.0,3.0
HYD,2026-08-02 03:00:00,24.7,78.0,0.0,17.5,32.8,29200.0,97.0,3.0
HYD,2026-08-02 04:00:00,24.4,80.0,0.0,16.1,29.5,29200.0,92.0,3.0
HYD,2026-08-02 05:00:00,24.0,81.0,0.0,16.9,27.0,26120.0,98.0,3.0
HYD,2026-08-02 06:00:00,23.9,82.0,0.0,16.5,28.4,26080.0,91.0,3.0
HYD,2026-08-02 07:00:00,24.6,81.0,0.0,16.1,28.1,26020.0,97.0,3.0
HYD,2026-08-02 08:00:00,25.6,76.0,0.0,22.7,39.6,29020.0,86.0,3.0
HYD,2026-08-02 09:00:00,27.7,67.0,0.0,23.6,42.8,31460.0,88.0,3.0
HYD,2026-08-02 10:00:00,28.7,63.0,0.0,24.0,44.6,7760.0,92.0,3.0
HYD,2026-08-02 11:00:00,28.9,61.0,0.1,21.6,43.6,8840.0,95.0,51.0
HYD,2026-08-02 12:00:00,29.9,57.0,0.2,20.6,39.6,5980.0,97.0,51.0
HYD,2026-08-02 13:00:00,29.7,60.0,0.6,21.8,39.6,6260.0,82.0,53.0
HYD,2026-08-02 14:00:00,30.1,57.0,0.1,17.9,39.6,10140.0,97.0,51.0
HYD,2026-08-02 15:00:00,30.5,55.0,0.2,17.7,33.5,8200.0,55.0,51.0
HYD,2026-08-02 16:00:00,29.9,58.0,0.1,16.8,32.4,10760.0,80.0,51.0
HYD,2026-08-02 17:00:00,28.7,67.0,0.0,13.1,29.5,7140.0,88.0,3.0
HYD,2026-08-02 18:00:00,26.9,77.0,0.2,12.2,23.8,16680.0,93.0,51.0
HYD,2026-08-02 19:00:00,25.9,82.0,0.0,8.6,19.8,20340.0,90.0,3.0
HYD,2026-08-02 20:00:00,25.6,84.0,0.0,9.1,14.8,23860.0,98.0,3.0
HYD,2026-08-02 21:00:00,25.2,85.0,0.0,10.4,16.2,25900.0,85.0,3.0
HYD,2026-08-02 22:00:00,25.2,80.0,0.0,14.4,23.4,27900.0,51.0,2.0
HYD,2026-08-02 23:00:00,24.8,81.0,0.0,14.9,26.6,23720.0,45.0,1.0
HYD,2026-08-03 00:00:00,24.3,83.0,0.0,16.5,27.7,24040.0,69.0,2.0
HYD,2026-08-03 01:00:00,23.9,86.0,0.0,14.2,27.4,23880.0,87.0,3.0
HYD,2026-08-03 02:00:00,23.6,89.0,0.0,14.2,23.8,18640.0,92.0,3.0
HYD,2026-08-03 03:00:00,23.4,90.0,0.0,16.4,27.7,20120.0,92.0,3.0
HYD,2026-08-03 04:00:00,23.1,90.0,0.0,16.2,28.4,12080.0,93.0,3.0
HYD,2026-08-03 05:00:00,23.5,89.0,0.6,13.7,27.4,23400.0,97.0,53.0
HYD,2026-08-03 06:00:00,23.6,90.0,0.1,14.4,24.1,11800.0,98.0,51.0
HYD,2026-08-03 07:00:00,24.3,88.0,0.1,14.9,26.6,10220.0,96.0,51.0
HYD,2026-08-03 08:00:00,25.3,82.0,0.1,18.5,33.5,13380.0,95.0,51.0
HYD,2026-08-03 09:00:00,26.7,75.0,0.0,20.4,37.4,28680.0,79.0,2.0
HYD,2026-08-03 10:00:00,27.8,70.0,0.0,19.9,38.2,21840.0,83.0,3.0
HYD,2026-08-03 11:00:00,28.7,63.0,0.0,20.4,39.2,10660.0,68.0,2.0
HYD,2026-08-03 12:00:00,29.8,58.0,0.1,18.8,37.8,8220.0,100.0,51.0
HYD,2026-08-03 13:00:00,30.2,57.0,0.3,16.6,35.6,4800.0,98.0,51.0
HYD,2026-08-03 14:00:00,30.1,58.0,0.6,17.9,31.7,4840.0,95.0,53.0
HYD,2026-08-03 15:00:00,28.7,68.0,0.4,18.0,37.4,16360.0,84.0,51.0
HYD,2026-08-03 16:00:00,28.4,70.0,0.4,17.3,33.1,8900.0,81.0,51.0
HYD,2026-08-03 17:00:00,27.8,78.0,0.1,9.7,31.0,4860.0,95.0,51.0
HYD,2026-08-03 18:00:00,25.6,88.0,0.6,12.9,22.0,7280.0,91.0,53.0
HYD,2026-08-03 19:00:00,24.8,92.0,0.1,11.8,21.6,11420.0,94.0,51.0
HYD,2026-08-03 20:00:00,24.7,93.0,0.0,8.6,19.1,14020.0,90.0,3.0
HYD,2026-08-03 21:00:00,24.5,95.0,0.0,10.8,17.3,13680.0,43.0,1.0
HYD,2026-08-03 22:00:00,24.2,94.0,0.0,13.0,22.3,16600.0,71.0,2.0
HYD,2026-08-03 23:00:00,23.3,95.0,0.1,13.2,22.0,1800.0,100.0,51.0
HYD,2026-08-04 00:00:00,23.6,94.0,3.2,14.9,25.2,2600.0,100.0,81.0
HYD,2026-08-04 01:00:00,23.4,94.0,1.0,15.5,25.6,5500.0,100.0,55.0
HYD,2026-08-04 02:00:00,23.0,94.0,0.2,17.1,28.4,9020.0,100.0,51.0
HYD,2026-08-04 03:00:00,22.8,94.0,0.0,17.1,28.8,15540.0,100.0,3.0
HYD,2026-08-04 04:00:00,22.7,94.0,0.0,16.2,28.4,18720.0,99.0,3.0
HYD,2026-08-04 05:00:00,23.0,96.0,0.0,16.6,27.0,3620.0,100.0,3.0
HYD,2026-08-04 06:00:00,23.2,96.0,0.8,16.0,27.7,5420.0,100.0,53.0
HYD,2026-08-04 07:00:00,23.5,95.0,0.2,17.1,28.8,6700.0,100.0,51.0
HYD,2026-08-04 08:00:00,24.1,92.0,0.1,16.8,30.2,9220.0,100.0,51.0
HYD,2026-08-04 09:00:00,25.8,82.0,0.2,19.4,35.6,7300.0,99.0,51.0
HYD,2026-08-04 10:00:00,27.0,74.0,0.2,19.1,36.0,13800.0,100.0,51.0
HYD,2026-08-04 11:00:00,27.4,70.0,0.0,19.3,35.6,16280.0,100.0,3.0
HYD,2026-08-04 12:00:00,27.5,69.0,0.0,18.7,35.6,30960.0,100.0,3.0
HYD,2026-08-04 13:00:00,28.0,68.0,0.0,17.9,34.9,31060.0,100.0,3.0
HYD,2026-08-04 14:00:00,27.9,68.0,0.0,16.4,33.5,12340.0,100.0,3.0
HYD,2026-08-04 15:00:00,28.3,66.0,0.1,15.0,31.0,11900.0,99.0,51.0
HYD,2026-08-04 16:00:00,28.6,65.0,0.1,13.8,28.8,12820.0,100.0,51.0
HYD,2026-08-04 17:00:00,27.5,72.0,0.0,10.0,26.6,12520.0,99.0,3.0
HYD,2026-08-04 18:00:00,25.7,84.0,0.2,9.2,16.6,6280.0,100.0,51.0
HYD,2026-08-04 19:00:00,25.0,90.0,0.1,3.4,14.0,15100.0,100.0,51.0
HYD,2026-08-04 20:00:00,25.1,91.0,0.0,2.6,5.4,22720.0,100.0,3.0
HYD,2026-08-04 21:00:00,24.9,91.0,0.0,5.3,8.6,15440.0,99.0,3.0
HYD,2026-08-04 22:00:00,24.3,94.0,0.0,5.2,8.6,19700.0,100.0,3.0
HYD,2026-08-04 23:00:00,24.1,93.0,0.0,9.0,11.2,19960.0,99.0,3.0
HYD,2026-08-05 00:00:00,23.8,94.0,0.4,10.8,17.3,8420.0,100.0,51.0
HYD,2026-08-05 01:00:00,23.6,94.0,1.1,11.8,19.1,5500.0,100.0,55.0
HYD,2026-08-05 02:00:00,23.4,94.0,1.6,12.8,21.2,4620.0,100.0,80.0
HYD,2026-08-05 03:00:00,23.3,94.0,0.8,14.6,24.5,5700.0,97.0,53.0
HYD,2026-08-05 04:00:00,23.2,94.0,0.4,14.9,24.8,6160.0,100.0,51.0
HYD,2026-08-05 05:00:00,23.4,89.0,0.3,14.7,25.6,19560.0,100.0,51.0
HYD,2026-08-05 06:00:00,23.5,89.0,0.0,13.7,24.8,20040.0,99.0,3.0
HYD,2026-08-05 07:00:00,24.4,86.0,0.0,14.2,25.9,16020.0,98.0,3.0
HYD,2026-08-05 08:00:00,25.3,81.0,0.0,20.6,36.7,17620.0,100.0,3.0
HYD,2026-08-05 09:00:00,26.4,76.0,0.0,20.7,38.2,12540.0,100.0,3.0
HYD,2026-08-05 10:00:00,27.5,72.0,0.2,21.0,38.9,10080.0,98.0,51.0
HYD,2026-08-05 11:00:00,28.4,67.0,0.1,19.4,38.5,17340.0,98.0,51.0
HYD,2026-08-05 12:00:00,28.6,68.0,0.1,18.7,38.2,12000.0,100.0,51.0
HYD,2026-08-05 13:00:00,29.7,65.0,0.0,18.6,38.5,17580.0,95.0,3.0
HYD,2026-08-05 14:00:00,29.8,64.0,0.0,19.8,39.6,31360.0,100.0,3.0
HYD,2026-08-05 15:00:00,27.6,73.0,0.8,19.8,38.9,5240.0,100.0,53.0
HYD,2026-08-05 16:00:00,27.2,76.0,0.5,19.1,34.9,8720.0,100.0,53.0
HYD,2026-08-05 17:00:00,25.1,92.0,0.0,11.5,33.5,3980.0,95.0,3.0
HYD,2026-08-05 18:00:00,25.4,92.0,0.4,11.9,19.1,10000.0,99.0,51.0
HYD,2026-08-05 19:00:00,24.9,89.0,0.0,12.8,22.0,19880.0,100.0,3.0
HYD,2026-08-05 20:00:00,24.8,88.0,0.0,12.5,20.9,21760.0,100.0,3.0
HYD,2026-08-05 21:00:00,24.6,88.0,0.0,12.5,20.2,22580.0,100.0,3.0
HYD,2026-08-05 22:00:00,24.5,88.0,0.0,12.2,20.5,22260.0,100.0,3.0
HYD,2026-08-05 23:00:00,24.8,85.0,0.0,14.8,22.3,24320.0,100.0,3.0
HYD,2026-08-06 00:00:00,24.7,84.0,0.0,15.3,26.3,25600.0,99.0,3.0
HYD,2026-08-06 01:00:00,24.3,84.0,0.0,15.2,25.6,9880.0,99.0,3.0
HYD,2026-08-06 02:00:00,24.0,86.0,0.1,14.6,25.6,18480.0,97.0,51.0
HYD,2026-08-06 03:00:00,23.7,87.0,0.0,14.7,24.5,22400.0,98.0,3.0
HYD,2026-08-06 04:00:00,23.7,87.0,0.0,15.7,26.3,21020.0,99.0,3.0
HYD,2026-08-06 05:00:00,23.5,87.0,0.0,16.1,26.3,20980.0,97.0,3.0
HYD,2026-08-06 06:00:00,23.4,88.0,0.0,16.7,28.1,20620.0,88.0,3.0
HYD,2026-08-06 07:00:00,24.3,84.0,0.0,17.1,29.5,23620.0,98.0,3.0
HYD,2026-08-06 08:00:00,25.6,78.0,0.0,21.1,37.8,28460.0,100.0,3.0
HYD,2026-08-06 09:00:00,26.9,71.0,0.0,22.0,40.0,28480.0,100.0,3.0
HYD,2026-08-06 10:00:00,27.6,69.0,0.0,20.1,40.0,30940.0,100.0,3.0
HYD,2026-08-06 11:00:00,27.8,65.0,0.1,18.7,36.7,9040.0,100.0,51.0
HYD,2026-08-06 12:00:00,29.0,61.0,0.4,20.8,38.2,4660.0,100.0,51.0
HYD,2026-08-06 13:00:00,28.8,66.0,0.3,21.3,39.6,30460.0,99.0,51.0
HYD,2026-08-06 14:00:00,29.3,64.0,0.0,20.5,40.0,31260.0,99.0,3.0
HYD,2026-08-06 15:00:00,29.2,64.0,0.0,19.3,42.1,20900.0,99.0,3.0
HYD,2026-08-06 16:00:00,28.7,64.0,0.0,18.9,34.9,19020.0,100.0,3.0
HYD,2026-08-06 17:00:00,27.8,68.0,0.0,17.5,32.8,4380.0,99.0,3.0
HYD,2026-08-06 18:00:00,25.7,80.0,0.4,15.0,29.9,15880.0,99.0,51.0
HYD,2026-08-06 19:00:00,25.1,82.0,0.0,14.3,24.5,24620.0,99.0,3.0
HYD,2026-08-06 20:00:00,24.8,85.0,0.0,14.9,24.8,21620.0,99.0,3.0
HYD,2026-08-06 21:00:00,24.2,87.0,0.0,16.9,27.7,18640.0,100.0,3.0
HYD,2026-08-06 22:00:00,23.8,90.0,0.0,16.8,29.2,16380.0,98.0,3.0
HYD,2026-08-06 23:00:00,23.8,89.0,0.0,16.8,28.4,9700.0,100.0,3.0
HYD,2026-08-07 00:00:00,23.5,90.0,0.2,16.8,28.8,11420.0,99.0,51.0
HYD,2026-08-07 01:00:00,23.4,91.0,0.1,16.6,28.4,8200.0,100.0,51.0
HYD,2026-08-07 02:00:00,23.2,93.0,0.1,18.3,31.0,12300.0,96.0,51.0
HYD,2026-08-07 03:00:00,22.9,93.0,0.0,18.5,31.3,17160.0,99.0,3.0
HYD,2026-08-07 04:00:00,22.9,93.0,0.1,19.1,32.0,5600.0,100.0,51.0
HYD,2026-08-07 05:00:00,22.8,94.0,0.2,20.2,32.8,10760.0,93.0,51.0
HYD,2026-08-07 06:00:00,22.8,93.0,0.0,20.2,34.2,17440.0,93.0,3.0
HYD,2026-08-07 07:00:00,23.6,90.0,0.0,17.6,33.8,17140.0,98.0,3.0
HYD,2026-08-07 08:00:00,24.9,81.0,0.0,22.9,39.2,18920.0,99.0,3.0
HYD,2026-08-07 09:00:00,26.3,72.0,0.0,26.5,47.5,23480.0,100.0,3.0
HYD,2026-08-07 10:00:00,27.8,65.0,0.0,27.1,48.6,23320.0,100.0,3.0
HYD,2026-08-07 11:00:00,27.3,65.0,0.0,26.0,48.6,10460.0,100.0,3.0
HYD,2026-08-07 12:00:00,27.5,64.0,0.1,23.7,45.0,12320.0,100.0,51.0
HYD,2026-08-07 13:00:00,28.3,61.0,0.0,23.7,42.1,33280.0,100.0,3.0
HYD,2026-08-07 14:00:00,28.5,60.0,0.0,22.1,42.1,33400.0,99.0,3.0
HYD,2026-08-07 15:00:00,28.8,60.0,0.0,19.9,39.2,33440.0,94.0,3.0
HYD,2026-08-07 16:00:00,28.5,61.0,0.0,17.2,35.6,33580.0,100.0,3.0
HYD,2026-08-07 17:00:00,27.7,67.0,0.0,12.3,29.9,22680.0,99.0,3.0
HYD,2026-08-07 18:00:00,26.7,71.0,0.0,11.4,20.5,31120.0,100.0,3.0
HYD,2026-08-07 19:00:00,26.3,70.0,0.0,14.4,23.8,31020.0,100.0,3.0
HYD,2026-08-07 20:00:00,25.7,74.0,0.0,11.9,23.8,11940.0,100.0,3.0
HYD,2026-08-07 21:00:00,25.2,78.0,0.1,12.1,22.3,28340.0,99.0,51.0
HYD,2026-08-07 22:00:00,24.6,79.0,0.1,13.8,22.7,10720.0,100.0,51.0
HYD,2026-08-07 23:00:00,24.7,79.0,0.0,15.3,28.8,20020.0,100.0,3.0
HYD,2026-08-08 00:00:00,24.2,83.0,0.1,13.4,25.6,8680.0,100.0,51.0
HYD,2026-08-08 01:00:00,23.9,86.0,0.1,15.3,25.2,11440.0,100.0,51.0
HYD,2026-08-08 02:00:00,23.1,88.0,0.1,17.4,31.0,8060.0,100.0,51.0
HYD,2026-08-08 03:00:00,22.8,90.0,0.1,14.9,28.8,10520.0,100.0,51.0
HYD,2026-08-08 04:00:00,23.0,88.0,0.0,15.8,26.6,10740.0,100.0,3.0
HYD,2026-08-08 05:00:00,23.5,85.0,0.1,19.8,26.3,23400.0,100.0,51.0
HYD,2026-08-08 06:00:00,23.4,85.0,0.0,20.4,34.6,25040.0,100.0,3.0
HYD,2026-08-08 07:00:00,24.0,84.0,0.0,18.7,34.9,24660.0,100.0,3.0
HYD,2026-08-08 08:00:00,24.8,79.0,0.0,22.9,39.6,28280.0,100.0,3.0
HYD,2026-08-08 09:00:00,25.8,73.0,0.0,23.8,41.0,28220.0,100.0,3.0
HYD,2026-08-08 10:00:00,26.9,67.0,0.0,23.7,43.9,24880.0,100.0,3.0
HYD,2026-08-08 11:00:00,28.0,62.0,0.3,22.3,42.1,13320.0,89.0,51.0
HYD,2026-08-08 12:00:00,28.5,60.0,0.1,22.1,41.4,12480.0,80.0,51.0
HYD,2026-08-08 13:00:00,29.1,57.0,0.1,20.7,40.7,7640.0,95.0,51.0
HYD,2026-08-08 14:00:00,29.3,58.0,0.5,19.6,37.4,3760.0,84.0,53.0
HYD,2026-08-08 15:00:00,27.5,73.0,1.2,17.3,34.9,6220.0,96.0,55.0
HYD,2026-08-08 16:00:00,27.7,69.0,0.2,16.5,29.9,6940.0,97.0,51.0
HYD,2026-08-08 17:00:00,27.4,69.0,0.1,11.6,28.4,22540.0,97.0,51.0
HYD,2026-08-08 18:00:00,26.4,77.0,0.0,5.8,19.4,22720.0,97.0,3.0
HYD,2026-08-08 19:00:00,25.6,78.0,0.0,8.5,13.3,28280.0,99.0,3.0
HYD,2026-08-08 20:00:00,25.0,78.0,0.0,10.6,16.2,27400.0,100.0,3.0
HYD,2026-08-08 21:00:00,24.7,78.0,0.0,9.6,19.8,22480.0,98.0,3.0
HYD,2026-08-08 22:00:00,24.5,79.0,0.0,12.8,20.2,15520.0,95.0,3.0
HYD,2026-08-08 23:00:00,24.4,85.0,0.0,10.0,27.0,25180.0,98.0,3.0
HYD,2026-08-09 00:00:00,24.0,86.0,0.0,10.7,18.0,25200.0,95.0,3.0
HYD,2026-08-09 01:00:00,23.6,86.0,0.0,12.4,19.1,22480.0,100.0,3.0
HYD,2026-08-09 02:00:00,23.5,84.0,0.0,15.2,25.2,24180.0,100.0,3.0
HYD,2026-08-09 03:00:00,23.8,83.0,0.0,17.3,28.4,25320.0,95.0,3.0
HYD,2026-08-09 04:00:00,23.8,84.0,0.0,18.3,30.6,25280.0,89.0,3.0
HYD,2026-08-09 05:00:00,23.6,85.0,0.0,19.8,31.0,25240.0,70.0,2.0
HYD,2026-08-09 06:00:00,23.3,85.0,0.0,19.5,33.5,25160.0,97.0,3.0
HYD,2026-08-09 07:00:00,24.2,82.0,0.0,19.6,35.3,25080.0,98.0,3.0
HYD,2026-08-09 08:00:00,25.4,76.0,0.0,25.5,45.0,27060.0,99.0,3.0
HYD,2026-08-09 09:00:00,26.6,69.0,0.0,25.7,46.1,30380.0,98.0,3.0
HYD,2026-08-09 10:00:00,27.7,64.0,0.0,25.4,46.1,30440.0,99.0,3.0
HYD,2026-08-09 11:00:00,28.4,61.0,0.0,25.5,46.4,30440.0,100.0,3.0
HYD,2026-08-09 12:00:00,29.1,57.0,0.0,23.9,44.6,32760.0,98.0,3.0
HYD,2026-08-09 13:00:00,29.7,55.0,0.0,23.8,45.7,32860.0,99.0,3.0
HYD,2026-08-09 14:00:00,29.9,52.0,0.0,23.9,44.6,36220.0,100.0,3.0
HYD,2026-08-09 15:00:00,30.1,52.0,0.0,21.7,43.9,36300.0,100.0,3.0
HYD,2026-08-09 16:00:00,29.8,55.0,0.0,20.1,38.5,33080.0,97.0,3.0
HYD,2026-08-09 17:00:00,28.6,63.0,0.0,14.0,33.8,16420.0,81.0,3.0
HYD,2026-08-09 18:00:00,27.2,70.0,0.0,8.0,23.4,30640.0,56.0,2.0
HYD,2026-08-09 19:00:00,26.1,74.0,0.0,7.1,13.0,28100.0,94.0,3.0
HYD,2026-08-09 20:00:00,25.3,77.0,0.0,6.2,11.2,28000.0,97.0,3.0
HYD,2026-08-09 21:00:00,25.2,77.0,0.0,7.0,11.2,27880.0,98.0,3.0
HYD,2026-08-09 22:00:00,25.2,77.0,0.0,8.6,13.3,21960.0,100.0,3.0
HYD,2026-08-09 23:00:00,24.8,84.0,0.0,6.5,14.0,16220.0,98.0,3.0
HYD,2026-08-10 00:00:00,24.3,87.0,0.1,5.3,10.1,11960.0,93.0,51.0
HYD,2026-08-10 01:00:00,24.0,87.0,0.0,8.3,13.3,16980.0,100.0,3.0
HYD,2026-08-10 02:00:00,23.7,87.0,0.0,9.9,15.5,24940.0,92.0,3.0
HYD,2026-08-10 03:00:00,23.6,86.0,0.0,12.6,20.2,25160.0,53.0,2.0
HYD,2026-08-10 04:00:00,23.5,85.0,0.0,16.2,26.6,25180.0,25.0,1.0
HYD,2026-08-10 05:00:00,23.7,82.0,0.0,16.2,27.7,25120.0,74.0,2.0
HYD,2026-08-10 06:00:00,23.6,83.0,0.0,17.2,28.4,25060.0,62.0,2.0
HYD,2026-08-10 07:00:00,24.4,81.0,0.0,17.3,29.9,25040.0,27.0,1.0
HYD,2026-08-10 08:00:00,25.6,77.0,0.0,18.5,33.8,27920.0,49.0,1.0
HYD,2026-08-10 09:00:00,27.0,72.0,0.0,18.0,34.2,27860.0,70.0,2.0
HYD,2026-08-10 10:00:00,28.4,65.0,0.0,20.0,37.4,30320.0,64.0,2.0
HYD,2026-08-10 11:00:00,28.9,62.0,0.0,20.1,38.5,30320.0,46.0,1.0
HYD,2026-08-10 12:00:00,29.6,58.0,0.0,20.2,38.2,32580.0,26.0,1.0
HYD,2026-08-10 13:00:00,29.9,56.0,0.0,18.8,38.2,16420.0,15.0,0.0
HYD,2026-08-10 14:00:00,30.2,54.0,0.1,18.6,35.6,16900.0,44.0,51.0
HYD,2026-08-10 15:00:00,30.1,55.0,0.0,17.7,34.9,16220.0,31.0,1.0
HYD,2026-08-10 16:00:00,29.7,57.0,0.0,15.4,32.8,33040.0,30.0,1.0
HYD,2026-08-10 17:00:00,29.0,62.0,0.0,12.2,27.4,25820.0,63.0,2.0
HYD,2026-08-10 18:00:00,27.5,70.0,0.0,6.0,20.2,30600.0,12.0,0.0
HYD,2026-08-10 19:00:00,26.5,73.0,0.0,7.2,10.4,16960.0,46.0,1.0
HYD,2026-08-10 20:00:00,25.8,74.0,0.2,19.0,29.5,8300.0,43.0,51.0
HYD,2026-08-10 21:00:00,24.7,79.0,0.0,13.2,32.0,25720.0,19.0,0.0
HYD,2026-08-10 22:00:00,24.3,83.0,0.0,13.1,22.0,12840.0,43.0,1.0
HYD,2026-08-10 23:00:00,24.3,80.0,0.0,14.7,21.6,27160.0,81.0,3.0
HYD,2026-08-11 00:00:00,24.3,82.0,0.0,13.7,24.5,25020.0,100.0,3.0
HYD,2026-08-11 01:00:00,24.6,81.0,0.0,14.4,24.1,25040.0,100.0,3.0
HYD,2026-08-11 02:00:00,24.3,82.0,0.0,14.8,24.8,25080.0,99.0,3.0
HYD,2026-08-11 03:00:00,23.9,83.0,0.0,14.8,24.8,25100.0,96.0,3.0
HYD,2026-08-11 04:00:00,23.4,83.0,0.0,14.4,24.8,25100.0,93.0,3.0
HYD,2026-08-11 05:00:00,23.3,85.0,0.0,15.1,24.1,25080.0,88.0,3.0
HYD,2026-08-11 06:00:00,23.2,85.0,0.0,15.5,25.6,25040.0,30.0,1.0
HYD,2026-08-11 07:00:00,24.3,83.0,0.0,16.4,28.4,24980.0,67.0,2.0
HYD,2026-08-11 08:00:00,25.5,77.0,0.0,17.8,33.1,27280.0,16.0,0.0
HYD,2026-08-11 09:00:00,27.0,70.0,0.0,19.7,36.7,27780.0,27.0,1.0
HYD,2026-08-11 10:00:00,28.1,64.0,0.0,20.7,38.9,30240.0,32.0,1.0
HYD,2026-08-11 11:00:00,27.8,65.0,0.0,19.9,39.2,6160.0,31.0,1.0
HYD,2026-08-11 12:00:00,28.2,63.0,0.4,20.7,39.6,6400.0,37.0,51.0
HYD,2026-08-11 13:00:00,28.6,62.0,0.2,19.2,39.2,7080.0,29.0,51.0
HYD,2026-08-11 14:00:00,29.2,60.0,0.3,19.3,37.8,9560.0,27.0,51.0
HYD,2026-08-11 15:00:00,29.6,59.0,0.2,19.6,37.1,7900.0,26.0,51.0
HYD,2026-08-11 16:00:00,29.1,62.0,0.2,19.8,36.0,11780.0,17.0,51.0
HYD,2026-08-11 17:00:00,28.4,64.0,0.0,15.5,35.3,13740.0,16.0,0.0
HYD,2026-08-11 18:00:00,27.3,69.0,0.0,9.5,25.9,30580.0,4.0,0.0
HYD,2026-08-11 19:00:00,26.6,71.0,0.0,11.3,18.4,30460.0,26.0,1.0
HYD,2026-08-11 20:00:00,25.9,74.0,0.0,10.6,18.7,27900.0,68.0,2.0
HYD,2026-08-11 21:00:00,25.6,74.0,0.0,16.5,25.6,17140.0,39.0,1.0
HYD,2026-08-11 22:00:00,24.9,78.0,0.0,17.2,31.7,23020.0,32.0,1.0
HYD,2026-08-11 23:00:00,24.1,82.0,0.0,17.7,33.1,19640.0,88.0,3.0
HYD,2026-08-12 00:00:00,24.1,82.0,0.0,17.0,29.5,22260.0,94.0,3.0
HYD,2026-08-12 01:00:00,23.9,83.0,0.0,17.1,28.4,22580.0,99.0,3.0
HYD,2026-08-12 02:00:00,23.9,83.0,0.0,18.7,31.7,24220.0,99.0,3.0
HYD,2026-08-12 03:00:00,23.5,86.0,0.2,19.0,32.0,7260.0,99.0,51.0
HYD,2026-08-12 04:00:00,23.2,89.0,0.3,19.5,33.1,5360.0,96.0,51.0
HYD,2026-08-12 05:00:00,23.6,86.0,0.1,19.7,32.8,22440.0,100.0,51.0
HYD,2026-08-12 06:00:00,23.8,85.0,0.0,19.4,33.5,22920.0,100.0,3.0
HYD,2026-08-12 07:00:00,24.1,85.0,0.0,16.8,33.5,23140.0,92.0,3.0
HYD,2026-08-12 08:00:00,25.5,77.0,0.0,25.4,45.0,27660.0,99.0,3.0
HYD,2026-08-12 09:00:00,27.1,70.0,0.0,25.6,47.2,9000.0,93.0,3.0
HYD,2026-08-12 10:00:00,27.7,67.0,0.1,25.3,45.7,12120.0,96.0,51.0
HYD,2026-08-12 11:00:00,28.1,66.0,0.0,25.0,46.4,11780.0,98.0,3.0
HYD,2026-08-12 12:00:00,28.4,65.0,0.1,24.7,45.4,11040.0,100.0,51.0
HYD,2026-08-12 13:00:00,28.9,66.0,0.1,22.8,45.7,30180.0,99.0,51.0
HYD,2026-08-12 14:00:00,28.8,65.0,0.0,20.7,44.3,30280.0,99.0,3.0
HYD,2026-08-12 15:00:00,28.9,64.0,0.0,18.8,37.8,9080.0,93.0,3.0
HYD,2026-08-12 16:00:00,28.8,66.0,0.1,18.9,34.2,18860.0,99.0,51.0
HYD,2026-08-12 17:00:00,27.9,69.0,0.0,16.1,34.2,30180.0,98.0,3.0
HYD,2026-08-12 18:00:00,27.0,74.0,0.0,13.4,27.0,12100.0,100.0,3.0
HYD,2026-08-12 19:00:00,25.3,82.0,0.1,17.9,31.0,8460.0,100.0,51.0
HYD,2026-08-12 20:00:00,24.3,89.0,0.1,11.9,29.9,13280.0,99.0,51.0
HYD,2026-08-12 21:00:00,24.1,92.0,0.0,11.9,20.2,15020.0,82.0,3.0
HYD,2026-08-12 22:00:00,24.2,92.0,0.0,14.7,24.5,17820.0,98.0,3.0
HYD,2026-08-12 23:00:00,24.8,88.0,0.0,15.7,27.0,20400.0,100.0,3.0
HYD,2026-08-13 00:00:00,24.4,88.0,0.0,15.5,26.3,21780.0,100.0,3.0
HYD,2026-08-13 01:00:00,24.0,89.0,0.0,14.1,25.9,21880.0,97.0,3.0
HYD,2026-08-13 02:00:00,23.8,89.0,0.0,15.3,25.6,15960.0,98.0,3.0
HYD,2026-08-13 03:00:00,23.6,89.0,0.0,15.6,26.3,19060.0,88.0,3.0
HYD,2026-08-13 04:00:00,23.3,90.0,0.0,15.5,26.6,14220.0,79.0,2.0
HYD,2026-08-13 05:00:00,22.8,96.0,0.0,14.9,25.9,11240.0,91.0,3.0
HYD,2026-08-13 06:00:00,22.8,96.0,0.0,15.9,26.3,17860.0,98.0,3.0
HYD,2026-08-13 07:00:00,23.8,90.0,0.0,17.4,33.5,20060.0,95.0,3.0
HYD,2026-08-13 08:00:00,25.1,82.0,0.0,20.9,37.8,21020.0,96.0,3.0
HYD,2026-08-13 09:00:00,26.6,73.0,0.0,21.8,40.3,18020.0,98.0,3.0
HYD,2026-08-13 10:00:00,27.2,70.0,0.2,20.8,40.3,8280.0,100.0,51.0
HYD,2026-08-13 11:00:00,27.5,66.0,0.1,23.1,41.8,26960.0,100.0,51.0
HYD,2026-08-13 12:00:00,28.4,61.0,0.0,23.0,42.8,29740.0,99.0,3.0
HYD,2026-08-13 13:00:00,29.1,57.0,0.0,22.3,42.5,32080.0,99.0,3.0
HYD,2026-08-13 14:00:00,30.1,52.0,0.0,21.4,41.4,32240.0,100.0,3.0
HYD,2026-08-13 15:00:00,30.1,55.0,0.0,22.0,42.1,32280.0,97.0,3.0
HYD,2026-08-13 16:00:00,29.5,58.0,0.1,17.9,38.9,6260.0,100.0,51.0
HYD,2026-08-13 17:00:00,28.0,66.0,0.1,15.3,30.6,29960.0,100.0,51.0
HYD,2026-08-13 18:00:00,26.9,71.0,0.0,13.7,25.9,29900.0,100.0,3.0
HYD,2026-08-13 19:00:00,26.4,72.0,0.0,12.3,22.7,27380.0,100.0,3.0
HYD,2026-08-13 20:00:00,26.2,72.0,0.0,14.5,23.4,16640.0,100.0,3.0
HYD,2026-08-13 21:00:00,25.8,76.0,0.0,14.8,26.6,22620.0,99.0,3.0
HYD,2026-08-13 22:00:00,25.1,79.0,0.0,12.0,24.8,27200.0,99.0,3.0
HYD,2026-08-13 23:00:00,24.9,78.0,0.0,15.5,21.6,26940.0,70.0,2.0
HYD,2026-08-14 00:00:00,24.5,81.0,0.0,15.7,26.6,27220.0,84.0,3.0
HYD,2026-08-14 01:00:00,24.2,83.0,0.0,15.1,26.6,24300.0,70.0,2.0
HYD,2026-08-14 02:00:00,23.9,84.0,0.0,14.9,25.2,23640.0,93.0,3.0
HYD,2026-08-14 03:00:00,23.6,84.0,0.0,15.3,25.9,23720.0,98.0,3.0
HYD,2026-08-14 04:00:00,23.4,86.0,0.0,15.5,26.3,22060.0,100.0,3.0
HYD,2026-08-14 05:00:00,23.1,85.0,0.0,17.5,27.7,23840.0,85.0,3.0
HYD,2026-08-14 06:00:00,23.1,85.0,0.0,18.1,30.6,23980.0,81.0,3.0
HYD,2026-08-14 07:00:00,23.9,83.0,0.0,17.7,31.0,24320.0,85.0,3.0
HYD,2026-08-14 08:00:00,25.3,76.0,0.0,22.8,41.0,26280.0,96.0,3.0
HYD,2026-08-14 09:00:00,26.9,67.0,0.0,25.0,45.0,29580.0,96.0,3.0
HYD,2026-08-14 10:00:00,28.0,64.0,0.0,25.3,46.8,29600.0,100.0,3.0
HYD,2026-08-14 11:00:00,27.8,65.0,0.0,25.8,46.1,29560.0,100.0,3.0
HYD,2026-08-14 12:00:00,27.8,63.0,0.0,24.6,45.0,29620.0,100.0,3.0
HYD,2026-08-14 13:00:00,28.8,59.0,0.0,24.5,45.0,14940.0,100.0,3.0
HYD,2026-08-14 14:00:00,29.1,59.0,0.1,24.4,46.4,11100.0,100.0,51.0
HYD,2026-08-14 15:00:00,28.7,63.0,0.0,20.5,43.9,18940.0,100.0,3.0
HYD,2026-08-14 16:00:00,28.6,65.0,0.0,18.6,36.4,29140.0,100.0,3.0
HYD,2026-08-14 17:00:00,27.9,69.0,0.0,16.2,32.8,15640.0,100.0,3.0
HYD,2026-08-14 18:00:00,26.7,76.0,0.0,11.3,27.0,17540.0,100.0,3.0
HYD,2026-08-14 19:00:00,24.8,85.0,0.4,15.4,31.3,9200.0,100.0,51.0
HYD,2026-08-14 20:00:00,24.3,89.0,0.1,10.7,24.8,16560.0,99.0,51.0
HYD,2026-08-14 21:00:00,24.1,89.0,0.0,12.9,20.9,12440.0,98.0,3.0
HYD,2026-08-14 22:00:00,23.7,91.0,0.0,13.5,23.0,12440.0,98.0,3.0
HYD,2026-08-14 23:00:00,24.0,89.0,0.0,15.7,22.7,13520.0,89.0,3.0
HYD,2026-08-15 00:00:00,24.2,87.0,0.0,16.4,27.7,21260.0,98.0,3.0
HYD,2026-08-15 01:00:00,24.1,86.0,0.0,16.2,27.4,21480.0,99.0,3.0
HYD,2026-08-15 02:00:00,24.0,86.0,0.0,17.6,29.2,22440.0,100.0,3.0
HYD,2026-08-15 03:00:00,23.8,85.0,0.0,18.9,32.4,23900.0,96.0,3.0
HYD,2026-08-15 04:00:00,23.4,86.0,0.0,18.4,32.0,24020.0,97.0,3.0
HYD,2026-08-15 05:00:00,23.5,83.0,0.0,19.8,31.0,19100.0,98.0,3.0
HYD,2026-08-15 06:00:00,23.4,84.0,0.0,19.3,33.5,22140.0,100.0,3.0
HYD,2026-08-15 07:00:00,24.1,82.0,0.0,19.9,34.2,16980.0,100.0,3.0
HYD,2026-08-15 08:00:00,25.1,77.0,0.0,22.7,42.5,20000.0,100.0,3.0
HYD,2026-08-15 09:00:00,26.7,69.0,0.0,26.2,46.8,29380.0,99.0,3.0
HYD,2026-08-15 10:00:00,27.8,65.0,0.0,25.2,47.2,29420.0,94.0,3.0
HYD,2026-08-15 11:00:00,27.8,62.0,0.0,25.8,48.2,13280.0,95.0,3.0
HYD,2026-08-15 12:00:00,28.6,60.0,0.1,25.0,46.1,7740.0,95.0,51.0
HYD,2026-08-15 13:00:00,29.5,56.0,0.3,25.8,46.4,5520.0,100.0,51.0
HYD,2026-08-15 14:00:00,29.7,56.0,0.3,24.7,46.8,7440.0,97.0,51.0
HYD,2026-08-15 15:00:00,29.6,57.0,0.1,23.5,44.6,14660.0,81.0,51.0
HYD,2026-08-15 16:00:00,29.4,58.0,0.0,21.2,41.8,32160.0,63.0,2.0
HYD,2026-08-15 17:00:00,28.6,63.0,0.0,17.3,37.1,29800.0,67.0,2.0
HYD,2026-08-15 18:00:00,27.4,67.0,0.0,12.8,29.5,29700.0,80.0,3.0
HYD,2026-08-15 19:00:00,26.5,71.0,0.1,15.9,25.2,13260.0,90.0,51.0
HYD,2026-08-15 20:00:00,25.4,74.0,0.0,14.8,27.0,9040.0,97.0,3.0
HYD,2026-08-15 21:00:00,24.8,77.0,0.0,14.5,24.5,27000.0,95.0,3.0
HYD,2026-08-15 22:00:00,24.4,81.0,0.0,13.9,23.8,26980.0,98.0,3.0
HYD,2026-08-15 23:00:00,25.0,80.0,0.0,18.1,27.0,26660.0,91.0,3.0
HYD,2026-08-16 00:00:00,24.6,82.0,0.0,19.0,32.4,21860.0,99.0,3.0
HYD,2026-08-16 01:00:00,24.3,83.0,0.0,19.2,32.8,22800.0,79.0,2.0
HYD,2026-08-16 02:00:00,23.9,83.0,0.0,20.8,35.3,22060.0,91.0,3.0
HYD,2026-08-16 03:00:00,23.5,84.0,0.0,18.9,35.3,19560.0,94.0,3.0
HYD,2026-08-16 04:00:00,23.4,86.0,0.0,17.3,31.7,21860.0,94.0,3.0
HYD,2026-08-16 05:00:00,23.3,87.0,0.0,18.0,32.4,21460.0,98.0,3.0
HYD,2026-08-16 06:00:00,23.3,87.0,0.0,18.0,30.6,20620.0,100.0,3.0
HYD,2026-08-16 07:00:00,24.1,84.0,0.0,17.5,30.6,24120.0,100.0,3.0
HYD,2026-08-16 08:00:00,24.8,81.0,0.0,20.4,36.0,22760.0,100.0,3.0
HYD,2026-08-16 09:00:00,25.7,76.0,0.0,19.7,36.0,25260.0,100.0,3.0
HYD,2026-08-16 10:00:00,26.6,72.0,0.1,21.1,37.8,26940.0,99.0,51.0
HYD,2026-08-16 11:00:00,27.9,65.0,0.0,20.7,38.5,29360.0,99.0,3.0
HYD,2026-08-16 12:00:00,28.3,62.0,0.0,21.0,38.5,29420.0,97.0,3.0
HYD,2026-08-16 13:00:00,28.3,61.0,0.1,23.1,41.4,5180.0,99.0,51.0
HYD,2026-08-16 14:00:00,26.6,78.0,0.7,17.5,41.4,5900.0,82.0,53.0
HYD,2026-08-16 15:00:00,27.5,74.0,0.3,16.9,36.7,9480.0,74.0,51.0
HYD,2026-08-16 16:00:00,28.3,68.0,0.1,16.6,37.1,15180.0,71.0,51.0
HYD,2026-08-16 17:00:00,28.0,66.0,0.0,13.6,29.9,29600.0,96.0,3.0
HYD,2026-08-16 18:00:00,26.9,71.0,0.0,8.5,22.7,29500.0,97.0,3.0
HYD,2026-08-16 19:00:00,26.2,72.0,0.0,8.0,13.7,27000.0,96.0,3.0
HYD,2026-08-16 20:00:00,25.8,73.0,0.0,8.4,13.7,26920.0,100.0,3.0
HYD,2026-08-16 21:00:00,25.7,71.0,0.0,10.0,15.8,29180.0,99.0,3.0
HYD,2026-08-16 22:00:00,25.3,74.0,0.0,9.7,16.6,26720.0,98.0,3.0
HYD,2026-08-16 23:00:00,26.1,74.0,0.0,17.4,17.3,22440.0,98.0,3.0
HYD,2026-08-17 00:00:00,25.4,75.0,0.0,18.4,30.6,21080.0,98.0,3.0
HYD,2026-08-17 01:00:00,25.0,77.0,0.0,20.3,34.6,21440.0,100.0,3.0
HYD,2026-08-17 02:00:00,24.4,80.0,0.0,17.1,34.2,24000.0,100.0,3.0
HYD,2026-08-17 03:00:00,24.3,81.0,0.0,17.5,29.5,22280.0,93.0,3.0
HYD,2026-08-17 04:00:00,23.9,82.0,0.0,17.1,29.5,20960.0,73.0,2.0
HYD,2026-08-17 05:00:00,23.5,84.0,0.0,18.8,28.8,23140.0,95.0,3.0
HYD,2026-08-17 06:00:00,23.2,86.0,0.0,18.8,32.0,23000.0,59.0,2.0
HYD,2026-08-17 07:00:00,24.2,82.0,0.0,19.6,34.2,22860.0,87.0,3.0
HYD,2026-08-17 08:00:00,25.8,75.0,0.0,24.4,43.9,26460.0,99.0,3.0
HYD,2026-08-17 09:00:00,27.2,68.0,0.0,24.2,43.9,28720.0,95.0,3.0
HYD,2026-08-17 10:00:00,28.2,64.0,0.0,23.4,45.7,26760.0,97.0,3.0
HYD,2026-08-17 11:00:00,28.7,60.0,0.0,25.0,46.1,9080.0,71.0,2.0
HYD,2026-08-17 12:00:00,28.8,61.0,0.2,23.9,45.4,28740.0,99.0,51.0
HYD,2026-08-17 13:00:00,28.3,63.0,0.0,22.5,44.3,17740.0,80.0,3.0
HYD,2026-08-17 14:00:00,29.2,61.0,0.1,23.2,45.7,28960.0,66.0,51.0
HYD,2026-08-17 15:00:00,29.2,62.0,0.0,20.2,42.5,29000.0,73.0,2.0
HYD,2026-08-17 16:00:00,29.3,63.0,0.0,18.7,41.0,29000.0,95.0,3.0
HYD,2026-08-17 17:00:00,27.9,70.0,0.2,17.1,39.6,7880.0,96.0,51.0
HYD,2026-08-17 18:00:00,26.2,72.0,0.0,17.5,35.3,26360.0,99.0,3.0
HYD,2026-08-17 19:00:00,25.7,75.0,0.0,14.8,28.8,26240.0,100.0,3.0
HYD,2026-08-17 20:00:00,26.0,73.0,0.0,14.6,24.5,26160.0,100.0,3.0
HYD,2026-08-17 21:00:00,25.9,71.0,0.0,15.5,25.9,26080.0,100.0,3.0
HYD,2026-08-17 22:00:00,25.5,73.0,0.0,16.2,26.6,26060.0,100.0,3.0
HYD,2026-08-17 23:00:00,25.4,71.0,0.0,19.6,29.5,26080.0,100.0,3.0
HYD,2026-08-18 00:00:00,25.0,73.0,0.0,17.7,33.5,26100.0,100.0,3.0
HYD,2026-08-18 01:00:00,24.4,76.0,0.0,16.8,29.5,26120.0,98.0,3.0
HYD,2026-08-18 02:00:00,24.1,77.0,0.0,15.7,28.1,26140.0,100.0,3.0
HYD,2026-08-18 03:00:00,24.3,77.0,0.0,15.8,26.6,25840.0,100.0,3.0
HYD,2026-08-18 04:00:00,24.1,78.0,0.0,16.0,27.4,26080.0,100.0,3.0
HYD,2026-08-18 05:00:00,23.8,80.0,0.0,17.8,27.0,25660.0,100.0,3.0
HYD,2026-08-18 06:00:00,23.6,81.0,0.0,19.1,32.0,23200.0,100.0,3.0
HYD,2026-08-18 07:00:00,24.0,80.0,0.0,21.3,36.4,25040.0,100.0,3.0
HYD,2026-08-18 08:00:00,25.0,76.0,0.0,22.8,41.8,23800.0,100.0,3.0
HYD,2026-08-18 09:00:00,26.3,69.0,0.0,24.4,44.3,28120.0,100.0,3.0
HYD,2026-08-18 10:00:00,27.2,66.0,0.0,22.7,43.6,7840.0,98.0,3.0
HYD,2026-08-18 11:00:00,28.2,60.0,0.4,21.6,41.8,8020.0,97.0,51.0
HYD,2026-08-18 12:00:00,29.3,56.0,0.2,21.5,40.7,6280.0,96.0,51.0
HYD,2026-08-18 13:00:00,29.7,54.0,0.4,21.3,40.3,5320.0,96.0,51.0
HYD,2026-08-18 14:00:00,29.0,59.0,0.5,20.7,39.6,9040.0,95.0,53.0
HYD,2026-08-18 15:00:00,29.1,61.0,0.1,17.9,37.4,7760.0,84.0,51.0
HYD,2026-08-18 16:00:00,26.3,83.0,1.4,15.3,36.4,8760.0,97.0,80.0
HYD,2026-08-18 17:00:00,25.8,84.0,0.1,11.2,27.7,17760.0,100.0,51.0
HYD,2026-08-18 18:00:00,25.5,86.0,0.0,11.8,19.4,14020.0,100.0,3.0
HYD,2026-08-18 19:00:00,25.1,86.0,0.0,15.3,25.9,10560.0,100.0,3.0
HYD,2026-08-18 20:00:00,24.3,89.0,0.0,10.9,25.2,20320.0,100.0,3.0
HYD,2026-08-18 21:00:00,24.3,89.0,0.0,12.3,19.8,20580.0,100.0,3.0
HYD,2026-08-18 22:00:00,24.4,85.0,0.0,13.8,23.0,22540.0,100.0,3.0
HYD,2026-08-18 23:00:00,24.6,83.0,0.0,17.7,28.4,15460.0,100.0,3.0
HYD,2026-08-19 00:00:00,24.0,85.0,0.0,15.4,29.5,10300.0,100.0,3.0
HYD,2026-08-19 01:00:00,23.7,85.0,0.1,16.2,27.0,17580.0,100.0,51.0
HYD,2026-08-19 02:00:00,23.7,85.0,0.0,17.0,28.4,23000.0,100.0,3.0
HYD,2026-08-19 03:00:00,23.7,86.0,0.0,17.5,29.2,20320.0,95.0,3.0
HYD,2026-08-19 04:00:00,23.4,87.0,0.0,18.1,30.2,19900.0,95.0,3.0
HYD,2026-08-19 05:00:00,23.6,84.0,0.0,18.5,30.6,22900.0,97.0,3.0
HYD,2026-08-19 06:00:00,23.6,84.0,0.0,17.8,31.0,19820.0,99.0,3.0
HYD,2026-08-19 07:00:00,24.2,82.0,0.0,17.9,31.3,14840.0,100.0,3.0
HYD,2026-08-19 08:00:00,25.4,75.0,0.0,22.7,40.3,14380.0,100.0,3.0
HYD,2026-08-19 09:00:00,26.6,69.0,0.0,22.0,40.7,9700.0,100.0,3.0
HYD,2026-08-19 10:00:00,27.4,66.0,0.1,21.2,40.3,11260.0,100.0,51.0
HYD,2026-08-19 11:00:00,27.5,63.0,0.1,20.3,39.2,9480.0,100.0,51.0
HYD,2026-08-19 12:00:00,27.6,62.0,0.1,19.8,37.8,7560.0,99.0,51.0
HYD,2026-08-19 13:00:00,28.2,59.0,0.2,20.3,37.4,7360.0,98.0,51.0
HYD,2026-08-19 14:00:00,28.4,59.0,0.2,21.8,39.6,6400.0,90.0,51.0
HYD,2026-08-19 15:00:00,27.6,63.0,0.3,18.5,39.6,10780.0,82.0,51.0
HYD,2026-08-19 16:00:00,27.4,65.0,0.3,16.1,32.8,15100.0,97.0,51.0
HYD,2026-08-19 17:00:00,27.2,65.0,0.3,18.5,27.7,27860.0,100.0,51.0
HYD,2026-08-19 18:00:00,26.3,69.0,0.0,15.1,31.3,27740.0,100.0,3.0
HYD,2026-08-19 19:00:00,25.3,74.0,0.0,13.5,25.6,25180.0,100.0,3.0
HYD,2026-08-19 20:00:00,24.8,78.0,0.0,9.6,22.3,25240.0,98.0,3.0
HYD,2026-08-19 21:00:00,24.5,81.0,0.0,9.6,15.8,22480.0,100.0,3.0
HYD,2026-08-19 22:00:00,24.3,82.0,0.0,10.7,17.6,22460.0,100.0,3.0
HYD,2026-08-19 23:00:00,24.4,86.0,0.0,8.0,17.6,20360.0,100.0,3.0
HYD,2026-08-20 00:00:00,24.5,86.0,0.0,8.7,13.7,22340.0,98.0,3.0
HYD,2026-08-20 01:00:00,23.8,87.0,0.3,10.2,15.8,2640.0,99.0,51.0
HYD,2026-08-20 02:00:00,22.6,94.0,1.9,8.3,21.6,6860.0,100.0,80.0
HYD,2026-08-20 03:00:00,23.2,92.0,0.0,10.9,16.2,12740.0,84.0,3.0
HYD,2026-08-20 04:00:00,23.2,91.0,0.0,13.9,23.0,17760.0,37.0,1.0
HYD,2026-08-20 05:00:00,23.1,89.0,0.0,17.9,23.0,19200.0,34.0,1.0
HYD,2026-08-20 06:00:00,23.1,87.0,0.0,18.9,31.7,20000.0,60.0,2.0
HYD,2026-08-20 07:00:00,24.0,84.0,0.0,16.7,32.0,22360.0,58.0,2.0
HYD,2026-08-20 08:00:00,25.2,77.0,0.0,24.1,42.5,18120.0,73.0,2.0
HYD,2026-08-20 09:00:00,26.8,69.0,0.0,23.5,43.2,22500.0,77.0,2.0
HYD,2026-08-20 10:00:00,28.1,63.0,0.0,22.3,42.8,27260.0,32.0,1.0
HYD,2026-08-20 11:00:00,28.3,60.0,0.0,20.6,41.8,29360.0,30.0,1.0
HYD,2026-08-20 12:00:00,29.0,56.0,0.0,20.9,39.6,15900.0,43.0,1.0
HYD,2026-08-20 13:00:00,29.3,54.0,0.0,20.6,39.6,29560.0,66.0,2.0
HYD,2026-08-20 14:00:00,29.3,55.0,0.0,20.3,38.9,29660.0,55.0,2.0
HYD,2026-08-20 15:00:00,29.6,53.0,0.0,19.5,37.8,29680.0,62.0,2.0
HYD,2026-08-20 16:00:00,28.9,59.0,0.0,20.4,36.4,29180.0,72.0,2.0
HYD,2026-08-20 17:00:00,27.6,68.0,0.0,15.2,36.4,17220.0,38.0,1.0
HYD,2026-08-20 18:00:00,26.4,74.0,0.0,12.8,25.6,12180.0,92.0,3.0
HYD,2026-08-20 19:00:00,26.0,77.0,0.0,10.0,20.9,19700.0,95.0,3.0
HYD,2026-08-20 20:00:00,25.4,80.0,0.0,5.8,16.2,23640.0,14.0,0.0
HYD,2026-08-20 21:00:00,24.9,82.0,0.0,6.7,10.8,22140.0,14.0,0.0
HYD,2026-08-20 22:00:00,24.6,83.0,0.0,8.2,13.0,22100.0,5.0,0.0
HYD,2026-08-20 23:00:00,24.9,83.0,0.0,7.8,14.0,22100.0,16.0,0.0
HYD,2026-08-21 00:00:00,24.6,82.0,0.0,9.7,15.5,22120.0,36.0,1.0
HYD,2026-08-21 01:00:00,24.8,79.0,0.0,13.2,21.2,21220.0,18.0,0.0
HYD,2026-08-21 02:00:00,24.6,78.0,0.0,15.5,25.6,23960.0,14.0,0.0
HYD,2026-08-21 03:00:00,24.2,80.0,0.0,17.3,28.4,22740.0,6.0,0.0
HYD,2026-08-21 04:00:00,23.9,80.0,0.0,18.2,30.6,24000.0,3.0,0.0
HYD,2026-08-21 05:00:00,23.7,80.0,0.0,20.3,30.6,24780.0,5.0,0.0
HYD,2026-08-21 06:00:00,23.5,81.0,0.0,18.7,34.6,22000.0,2.0,0.0
HYD,2026-08-21 07:00:00,24.2,79.0,0.0,18.8,32.8,24660.0,0.0,0.0
HYD,2026-08-21 08:00:00,25.4,74.0,0.0,20.8,38.2,24620.0,34.0,1.0
HYD,2026-08-21 09:00:00,26.7,68.0,0.0,20.5,38.2,26820.0,13.0,0.0
HYD,2026-08-21 10:00:00,28.0,63.0,0.0,21.9,41.0,26860.0,40.0,1.0
HYD,2026-08-21 11:00:00,28.9,58.0,0.0,21.7,43.6,28980.0,47.0,1.0
HYD,2026-08-21 12:00:00,29.5,54.0,0.0,22.1,41.4,29060.0,59.0,2.0
HYD,2026-08-21 13:00:00,29.9,51.0,0.0,22.9,42.5,29180.0,60.0,2.0
HYD,2026-08-21 14:00:00,29.8,53.0,0.0,21.6,42.1,29260.0,62.0,2.0
HYD,2026-08-21 15:00:00,29.9,53.0,0.0,20.0,39.2,29300.0,58.0,2.0
HYD,2026-08-21 16:00:00,29.6,54.0,0.0,18.4,36.0,29340.0,27.0,1.0
HYD,2026-08-21 17:00:00,29.5,58.0,0.0,10.6,32.4,29300.0,27.0,1.0
HYD,2026-08-21 18:00:00,27.6,69.0,0.0,5.1,17.3,27040.0,29.0,1.0
HYD,2026-08-21 19:00:00,26.6,74.0,0.0,4.8,7.2,26920.0,92.0,3.0
HYD,2026-08-21 20:00:00,26.3,76.0,0.1,5.7,9.7,24520.0,86.0,51.0
HYD,2026-08-21 21:00:00,25.8,76.0,0.0,6.9,10.8,24440.0,95.0,3.0
HYD,2026-08-21 22:00:00,25.4,76.0,0.0,7.6,11.9,24400.0,99.0,3.0
HYD,2026-08-21 23:00:00,25.5,74.0,0.0,14.2,14.0,24440.0,98.0,3.0
HYD,2026-08-22 00:00:00,25.3,72.0,0.0,20.8,33.5,26760.0,78.0,2.0
HYD,2026-08-22 01:00:00,25.0,72.0,0.0,23.1,38.9,24500.0,58.0,2.0
HYD,2026-08-22 02:00:00,24.6,74.0,0.0,22.6,39.2,24500.0,61.0,2.0
HYD,2026-08-22 03:00:00,24.0,77.0,0.0,20.1,37.8,24480.0,40.0,1.0
HYD,2026-08-22 04:00:00,23.6,80.0,0.0,18.2,33.8,24420.0,67.0,2.0
HYD,2026-08-22 05:00:00,23.6,81.0,0.0,18.1,30.6,19500.0,62.0,2.0
HYD,2026-08-22 06:00:00,23.5,83.0,0.0,17.8,30.6,19360.0,46.0,1.0
HYD,2026-08-22 07:00:00,24.3,81.0,0.0,20.4,35.3,20760.0,58.0,2.0
HYD,2026-08-22 08:00:00,25.7,74.0,0.0,25.1,45.0,24200.0,89.0,3.0
HYD,2026-08-22 09:00:00,26.8,69.0,0.0,23.8,45.0,26460.0,92.0,3.0
HYD,2026-08-22 10:00:00,28.1,64.0,0.0,23.2,43.6,26460.0,86.0,3.0
HYD,2026-08-22 11:00:00,28.7,60.0,0.0,22.8,44.6,11980.0,97.0,3.0
HYD,2026-08-22 12:00:00,29.5,57.0,0.1,22.1,42.5,14020.0,97.0,51.0
HYD,2026-08-22 13:00:00,30.0,54.0,0.0,21.8,41.4,13720.0,93.0,3.0
HYD,2026-08-22 14:00:00,30.3,52.0,0.0,20.8,40.7,12520.0,85.0,3.0
HYD,2026-08-22 15:00:00,30.2,53.0,0.1,19.5,38.5,28940.0,20.0,51.0
HYD,2026-08-22 16:00:00,30.0,52.0,0.0,17.6,35.6,28980.0,54.0,2.0
HYD,2026-08-22 17:00:00,29.1,61.0,0.0,10.7,31.3,28900.0,39.0,1.0
HYD,2026-08-22 18:00:00,27.6,69.0,0.1,5.3,17.6,14040.0,64.0,51.0
HYD,2026-08-22 19:00:00,26.6,75.0,0.2,11.4,17.3,6140.0,91.0,51.0
HYD,2026-08-22 20:00:00,25.7,77.0,0.1,12.3,21.2,22100.0,95.0,51.0
HYD,2026-08-22 21:00:00,25.1,78.0,0.0,11.9,19.4,24040.0,95.0,3.0
HYD,2026-08-22 22:00:00,24.9,80.0,0.0,14.3,22.3,11400.0,82.0,3.0
HYD,2026-08-22 23:00:00,24.4,85.0,0.1,16.0,30.6,13780.0,22.0,51.0
HYD,2026-08-23 00:00:00,23.8,88.0,0.0,15.7,28.4,16960.0,55.0,2.0
HYD,2026-08-23 01:00:00,23.4,90.0,0.0,14.2,25.9,18660.0,85.0,3.0
HYD,2026-08-23 02:00:00,23.2,90.0,0.0,14.1,23.8,18940.0,86.0,3.0
HYD,2026-08-23 03:00:00,23.0,90.0,0.0,13.8,23.8,16220.0,85.0,3.0
HYD,2026-08-23 04:00:00,22.9,91.0,0.0,14.2,23.8,16340.0,100.0,3.0
HYD,2026-08-23 05:00:00,23.0,92.0,0.0,15.4,25.9,9940.0,99.0,3.0
HYD,2026-08-23 06:00:00,23.2,92.0,0.1,17.0,28.1,6980.0,99.0,51.0
HYD,2026-08-23 07:00:00,23.8,89.0,0.1,19.8,32.4,11660.0,100.0,51.0
HYD,2026-08-23 08:00:00,25.0,82.0,0.0,22.9,41.0,21240.0,99.0,3.0
HYD,2026-08-23 09:00:00,26.3,75.0,0.1,21.4,41.4,23800.0,100.0,51.0
HYD,2026-08-23 10:00:00,26.9,71.0,0.0,20.8,39.2,8700.0,100.0,3.0
HYD,2026-08-23 11:00:00,27.1,69.0,0.2,20.3,38.5,9340.0,100.0,51.0
HYD,2026-08-23 12:00:00,27.0,68.0,0.2,19.5,36.4,5500.0,100.0,51.0
HYD,2026-08-23 13:00:00,26.6,75.0,0.7,18.0,35.6,3820.0,100.0,53.0
HYD,2026-08-23 14:00:00,26.2,81.0,0.8,13.5,34.6,4200.0,100.0,53.0
HYD,2026-08-23 15:00:00,25.7,86.0,0.6,9.7,27.4,5380.0,100.0,53.0
HYD,2026-08-23 16:00:00,25.9,86.0,0.3,7.1,18.4,5060.0,100.0,51.0
HYD,2026-08-23 17:00:00,24.5,90.0,1.6,11.5,17.6,4960.0,100.0,80.0
HYD,2026-08-23 18:00:00,24.5,91.0,0.3,8.9,19.4,6720.0,100.0,51.0
HYD,2026-08-23 19:00:00,24.4,94.0,0.3,7.8,14.0,5460.0,100.0,51.0
HYD,2026-08-23 20:00:00,24.2,94.0,0.6,7.3,14.8,4800.0,100.0,53.0
HYD,2026-08-23 21:00:00,24.1,95.0,1.2,8.8,14.4,3380.0,100.0,55.0
HYD,2026-08-23 22:00:00,24.0,95.0,1.2,9.6,15.5,2880.0,100.0,55.0
HYD,2026-08-23 23:00:00,23.7,94.0,1.2,10.6,16.9,4340.0,100.0,55.0
HYD,2026-08-24 00:00:00,23.4,94.0,0.5,11.8,19.1,5480.0,100.0,53.0
HYD,2026-08-24 01:00:00,23.3,95.0,0.2,14.6,23.8,9180.0,100.0,51.0
HYD,2026-08-24 02:00:00,23.1,94.0,0.0,16.0,26.3,11320.0,100.0,3.0
HYD,2026-08-24 03:00:00,22.9,95.0,0.1,15.8,26.6,3780.0,100.0,51.0
HYD,2026-08-24 04:00:00,22.8,95.0,0.6,16.2,27.0,4960.0,100.0,53.0
HYD,2026-08-24 05:00:00,22.8,94.0,0.5,19.5,28.1,7480.0,100.0,53.0
HYD,2026-08-24 06:00:00,22.9,94.0,0.1,18.4,32.8,7020.0,100.0,51.0
HYD,2026-08-24 07:00:00,23.2,93.0,0.1,18.7,32.4,7160.0,100.0,51.0
HYD,2026-08-24 08:00:00,23.5,92.0,0.2,18.0,31.3,6300.0,100.0,51.0
HYD,2026-08-24 09:00:00,24.3,87.0,0.2,21.0,36.4,8060.0,100.0,51.0
HYD,2026-08-24 10:00:00,25.0,82.0,0.1,21.8,38.5,9280.0,100.0,51.0
HYD,2026-08-24 11:00:00,23.8,89.0,0.1,17.0,38.5,5120.0,100.0,51.0
HYD,2026-08-24 12:00:00,24.2,88.0,0.4,16.8,32.0,6220.0,100.0,51.0
HYD,2026-08-24 13:00:00,25.4,82.0,0.3,15.6,31.3,10740.0,100.0,51.0
HYD,2026-08-24 14:00:00,26.5,75.0,0.0,14.5,30.2,23380.0,100.0,3.0
HYD,2026-08-24 15:00:00,26.9,73.0,0.0,13.5,27.7,23600.0,100.0,3.0
HYD,2026-08-24 16:00:00,26.8,73.0,0.0,12.8,24.8,20480.0,100.0,3.0
HYD,2026-08-24 17:00:00,26.5,75.0,0.0,11.0,22.7,23580.0,100.0,3.0
HYD,2026-08-24 18:00:00,25.4,81.0,0.0,6.1,18.4,22340.0,100.0,3.0
HYD,2026-08-24 19:00:00,24.8,84.0,0.0,6.5,10.8,20420.0,100.0,3.0
HYD,2026-08-24 20:00:00,24.6,84.0,0.0,8.3,12.6,18760.0,100.0,3.0
HYD,2026-08-24 21:00:00,24.7,83.0,0.0,10.8,18.0,19460.0,100.0,3.0
HYD,2026-08-24 22:00:00,24.7,81.0,0.0,13.0,20.9,23020.0,100.0,3.0
HYD,2026-08-24 23:00:00,25.3,78.0,0.0,16.9,21.6,22900.0,100.0,3.0
HYD,2026-08-25 00:00:00,24.9,79.0,0.0,16.7,29.5,9500.0,100.0,3.0
HYD,2026-08-25 01:00:00,24.5,81.0,0.1,16.6,28.1,18120.0,100.0,51.0
HYD,2026-08-25 02:00:00,24.2,83.0,0.0,15.9,27.7,15700.0,100.0,3.0
HYD,2026-08-25 03:00:00,23.9,85.0,0.0,16.5,27.7,18860.0,100.0,3.0
HYD,2026-08-25 04:00:00,23.8,85.0,0.0,17.3,28.8,19320.0,100.0,3.0
HYD,2026-08-25 05:00:00,23.5,86.0,0.0,18.1,29.2,18700.0,99.0,3.0
HYD,2026-08-25 06:00:00,23.5,86.0,0.0,16.6,30.6,17660.0,100.0,3.0
HYD,2026-08-25 07:00:00,24.5,82.0,0.0,17.3,29.9,12340.0,98.0,3.0
HYD,2026-08-25 08:00:00,25.5,77.0,0.1,21.9,39.2,11600.0,99.0,51.0
HYD,2026-08-25 09:00:00,26.7,74.0,0.0,20.6,40.0,22960.0,93.0,3.0
HYD,2026-08-25 10:00:00,28.0,69.0,0.0,19.2,40.0,14120.0,91.0,3.0
HYD,2026-08-25 11:00:00,28.0,67.0,0.0,19.7,40.0,4740.0,100.0,3.0
HYD,2026-08-25 12:00:00,26.5,78.0,1.6,14.7,36.7,6660.0,83.0,80.0
HYD,2026-08-25 13:00:00,28.1,68.0,0.3,18.4,38.2,6360.0,63.0,51.0
HYD,2026-08-25 14:00:00,28.9,65.0,0.1,19.5,39.6,9800.0,66.0,51.0
HYD,2026-08-25 15:00:00,29.0,62.0,0.0,20.5,40.3,16380.0,16.0,0.0
HYD,2026-08-25 16:00:00,28.8,62.0,0.0,19.5,37.8,11120.0,17.0,0.0
HYD,2026-08-25 17:00:00,27.8,67.0,0.1,16.8,34.6,16680.0,19.0,51.0
HYD,2026-08-25 18:00:00,26.6,72.0,0.0,13.9,28.4,17960.0,32.0,1.0
HYD,2026-08-25 19:00:00,25.8,75.0,0.0,13.9,23.4,20820.0,47.0,1.0
HYD,2026-08-25 20:00:00,25.3,78.0,0.0,11.5,23.0,22700.0,21.0,1.0
HYD,2026-08-25 21:00:00,25.1,78.0,0.0,10.8,18.7,22760.0,30.0,1.0
HYD,2026-08-25 22:00:00,25.0,77.0,0.0,12.3,20.2,22720.0,44.0,1.0
HYD,2026-08-25 23:00:00,25.1,76.0,0.0,14.6,21.6,20980.0,7.0,0.0
HYD,2026-08-26 00:00:00,25.0,75.0,0.0,16.7,27.4,18140.0,11.0,0.0
HYD,2026-08-26 01:00:00,24.5,76.0,0.0,17.1,29.2,22300.0,14.0,0.0
HYD,2026-08-26 02:00:00,24.1,78.0,0.0,18.7,31.3,22800.0,5.0,0.0
HYD,2026-08-26 03:00:00,23.5,82.0,0.0,18.5,31.7,19380.0,13.0,0.0
HYD,2026-08-26 04:00:00,23.0,84.0,0.0,18.0,31.3,20220.0,22.0,1.0
HYD,2026-08-26 05:00:00,23.3,86.0,0.0,18.8,31.0,18560.0,100.0,3.0
HYD,2026-08-26 06:00:00,23.5,84.0,0.0,20.4,34.2,19760.0,100.0,3.0
HYD,2026-08-26 07:00:00,24.0,84.0,0.0,18.4,34.9,18800.0,41.0,1.0
HYD,2026-08-26 08:00:00,25.2,78.0,0.0,22.2,40.3,20320.0,26.0,1.0
HYD,2026-08-26 09:00:00,27.1,68.0,0.0,24.9,45.0,20120.0,33.0,1.0
HYD,2026-08-26 10:00:00,28.0,64.0,0.1,23.4,45.0,8660.0,30.0,51.0
HYD,2026-08-26 11:00:00,28.4,61.0,0.2,22.6,43.6,9700.0,31.0,51.0
HYD,2026-08-26 12:00:00,29.1,58.0,0.2,21.8,41.4,9100.0,32.0,51.0
HYD,2026-08-26 13:00:00,29.5,56.0,0.1,22.3,41.4,7660.0,27.0,51.0
HYD,2026-08-26 14:00:00,29.7,55.0,0.2,23.8,43.2,6500.0,39.0,51.0
HYD,2026-08-26 15:00:00,29.7,55.0,0.2,22.8,43.2,9460.0,38.0,51.0
HYD,2026-08-26 16:00:00,29.0,59.0,0.1,22.7,41.4,27120.0,20.0,51.0
HYD,2026-08-26 17:00:00,27.9,65.0,0.0,18.1,39.2,19480.0,12.0,0.0
HYD,2026-08-26 18:00:00,27.1,69.0,0.0,12.9,30.2,18020.0,27.0,1.0
HYD,2026-08-26 19:00:00,26.4,72.0,0.0,8.7,21.2,24720.0,45.0,1.0
HYD,2026-08-26 20:00:00,26.1,73.0,0.0,9.2,15.1,22460.0,70.0,2.0
HYD,2026-08-26 21:00:00,25.8,74.0,0.0,9.4,15.1,22360.0,100.0,3.0
HYD,2026-08-26 22:00:00,25.8,74.0,0.0,10.5,17.3,22300.0,100.0,3.0
HYD,2026-08-26 23:00:00,26.3,70.0,0.0,12.2,18.4,24520.0,100.0,3.0
HYD,2026-08-27 00:00:00,25.9,72.0,0.1,16.2,26.6,22380.0,94.0,51.0
HYD,2026-08-27 01:00:00,25.6,71.0,0.0,20.5,33.5,24580.0,100.0,3.0
HYD,2026-08-27 02:00:00,25.1,74.0,0.0,19.6,35.6,22440.0,79.0,2.0
HYD,2026-08-27 03:00:00,24.9,74.0,0.0,20.0,33.5,21840.0,73.0,2.0
HYD,2026-08-27 04:00:00,24.5,75.0,0.0,20.2,34.6,22420.0,99.0,3.0
HYD,2026-08-27 05:00:00,23.9,80.0,0.0,19.9,34.2,22340.0,35.0,1.0
HYD,2026-08-27 06:00:00,23.5,82.0,0.0,19.6,33.8,19800.0,100.0,3.0
HYD,2026-08-27 07:00:00,24.3,80.0,0.0,19.4,33.5,21820.0,98.0,3.0
HYD,2026-08-27 08:00:00,25.5,74.0,0.0,25.2,45.0,22200.0,80.0,3.0
HYD,2026-08-27 09:00:00,27.0,67.0,0.0,26.2,47.2,24300.0,99.0,3.0
HYD,2026-08-27 10:00:00,27.4,64.0,0.0,26.4,47.5,14300.0,99.0,3.0
HYD,2026-08-27 11:00:00,27.9,62.0,0.0,27.1,47.2,24300.0,95.0,3.0
HYD,2026-08-27 12:00:00,28.4,59.0,0.0,26.0,47.9,14940.0,74.0,2.0
HYD,2026-08-27 13:00:00,28.9,59.0,0.0,24.1,46.8,7300.0,70.0,2.0
HYD,2026-08-27 14:00:00,29.2,57.0,0.2,24.2,44.3,9700.0,75.0,51.0
HYD,2026-08-27 15:00:00,29.2,57.0,0.1,21.9,43.6,20760.0,48.0,51.0
HYD,2026-08-27 16:00:00,28.9,59.0,0.0,21.7,38.9,26700.0,33.0,1.0
HYD,2026-08-27 17:00:00,28.8,61.0,0.0,14.2,37.8,26580.0,27.0,1.0
HYD,2026-08-27 18:00:00,27.3,67.0,0.0,8.6,23.8,24420.0,32.0,1.0
HYD,2026-08-27 19:00:00,26.2,73.0,0.0,6.5,13.7,24320.0,41.0,1.0
HYD,2026-08-27 20:00:00,25.6,75.0,0.0,7.2,11.5,22080.0,34.0,1.0
HYD,2026-08-27 21:00:00,25.3,76.0,0.0,8.5,13.7,22000.0,30.0,1.0
HYD,2026-08-27 22:00:00,25.3,75.0,0.0,10.5,16.9,21960.0,95.0,3.0
HYD,2026-08-27 23:00:00,25.7,73.0,0.0,13.7,20.9,9820.0,91.0,3.0
HYD,2026-08-28 00:00:00,25.2,74.0,0.0,14.3,22.7,22040.0,87.0,3.0
HYD,2026-08-28 01:00:00,24.8,75.0,0.0,18.6,31.0,18040.0,54.0,2.0
HYD,2026-08-28 02:00:00,24.3,76.0,0.0,18.4,31.0,19820.0,86.0,3.0
HYD,2026-08-28 03:00:00,24.0,78.0,0.0,18.8,31.3,21960.0,97.0,3.0
HYD,2026-08-28 04:00:00,23.5,81.0,0.0,18.7,31.7,22120.0,94.0,3.0
HYD,2026-08-28 05:00:00,23.4,80.0,0.0,18.3,31.3,22000.0,13.0,0.0
HYD,2026-08-28 06:00:00,23.1,82.0,0.0,18.2,31.0,19440.0,5.0,0.0
HYD,2026-08-28 07:00:00,23.9,81.0,0.0,19.3,33.1,19060.0,40.0,1.0
HYD,2026-08-28 08:00:00,25.4,73.0,0.0,25.7,45.7,21820.0,83.0,3.0
HYD,2026-08-28 09:00:00,26.5,67.0,0.0,25.0,46.1,23960.0,87.0,3.0
HYD,2026-08-28 10:00:00,27.4,64.0,0.1,24.5,45.0,9500.0,66.0,51.0
HYD,2026-08-28 11:00:00,27.8,62.0,0.2,23.3,45.4,9540.0,43.0,51.0
HYD,2026-08-28 12:00:00,28.2,59.0,0.3,22.8,42.5,6980.0,53.0,51.0
HYD,2026-08-28 13:00:00,29.1,56.0,0.2,23.6,43.6,7840.0,32.0,51.0
HYD,2026-08-28 14:00:00,29.6,54.0,0.2,22.7,43.2,9060.0,37.0,51.0
HYD,2026-08-28 15:00:00,29.8,53.0,0.1,22.1,41.4,7880.0,44.0,51.0
HYD,2026-08-28 16:00:00,29.2,55.0,0.2,21.2,39.6,8500.0,75.0,51.0
HYD,2026-08-28 17:00:00,28.4,61.0,0.1,13.1,36.7,26200.0,50.0,51.0
HYD,2026-08-28 18:00:00,27.2,66.0,0.0,9.1,22.0,24100.0,48.0,1.0
HYD,2026-08-28 19:00:00,26.3,70.0,0.0,7.5,14.8,24000.0,73.0,2.0
HYD,2026-08-28 20:00:00,25.9,71.0,0.0,12.0,18.7,10580.0,100.0,3.0
HYD,2026-08-28 21:00:00,25.5,74.0,0.1,14.9,26.3,19920.0,96.0,51.0
HYD,2026-08-28 22:00:00,25.3,74.0,0.0,17.6,28.8,17220.0,99.0,3.0
HYD,2026-08-28 23:00:00,24.8,78.0,0.0,17.9,29.5,20400.0,99.0,3.0
HYD,2026-08-29 00:00:00,24.5,78.0,0.0,20.2,33.8,20980.0,99.0,3.0
HYD,2026-08-29 01:00:00,24.4,78.0,0.0,19.8,34.2,21720.0,97.0,3.0
HYD,2026-08-29 02:00:00,24.1,78.0,0.0,18.2,33.1,21740.0,100.0,3.0
HYD,2026-08-29 03:00:00,23.8,79.0,0.0,18.1,30.6,21760.0,94.0,3.0
HYD,2026-08-29 04:00:00,23.5,80.0,0.0,18.5,31.3,21740.0,97.0,3.0
HYD,2026-08-29 05:00:00,23.3,82.0,0.0,20.3,31.3,14800.0,99.0,3.0
HYD,2026-08-29 06:00:00,23.2,82.0,0.0,22.0,37.1,14720.0,100.0,3.0
HYD,2026-08-29 07:00:00,23.7,81.0,0.0,21.2,37.4,17300.0,100.0,3.0
HYD,2026-08-29 08:00:00,24.8,76.0,0.0,24.0,42.1,19240.0,99.0,3.0
HYD,2026-08-29 09:00:00,26.2,70.0,0.0,26.2,47.9,22160.0,98.0,3.0
HYD,2026-08-29 10:00:00,27.8,61.0,0.0,29.0,51.8,23600.0,100.0,3.0
HYD,2026-08-29 11:00:00,28.0,59.0,0.0,28.1,52.2,8440.0,99.0,3.0
HYD,2026-08-29 12:00:00,27.8,60.0,0.2,27.2,49.7,7320.0,97.0,51.0
HYD,2026-08-29 13:00:00,28.6,57.0,0.2,25.2,49.3,6680.0,93.0,51.0
HYD,2026-08-29 14:00:00,28.9,55.0,0.3,25.6,46.4,5100.0,99.0,51.0
HYD,2026-08-29 15:00:00,28.8,56.0,0.3,25.8,46.1,9420.0,84.0,51.0
HYD,2026-08-29 16:00:00,28.4,57.0,0.1,24.5,45.7,8820.0,77.0,51.0
HYD,2026-08-29 17:00:00,27.2,67.0,0.0,18.7,42.1,10620.0,99.0,3.0
HYD,2026-08-29 18:00:00,25.9,74.0,0.0,16.4,32.0,15260.0,97.0,3.0
HYD,2026-08-29 19:00:00,25.5,75.0,0.0,17.5,29.2,20620.0,99.0,3.0
HYD,2026-08-29 20:00:00,25.0,75.0,0.0,21.8,36.7,14840.0,100.0,3.0
HYD,2026-08-29 21:00:00,24.2,79.0,0.0,20.1,37.1,19500.0,100.0,3.0
HYD,2026-08-29 22:00:00,24.3,78.0,0.0,20.3,33.8,20860.0,100.0,3.0
HYD,2026-08-29 23:00:00,24.0,81.0,0.0,24.4,36.7,21220.0,100.0,3.0
HYD,2026-08-30 00:00:00,23.6,81.0,0.0,22.7,41.8,18860.0,100.0,3.0
HYD,2026-08-30 01:00:00,23.5,80.0,0.0,22.0,38.2,21420.0,100.0,3.0
HYD,2026-08-30 02:00:00,23.2,81.0,0.0,21.5,37.1,21460.0,100.0,3.0
HYD,2026-08-30 03:00:00,23.1,81.0,0.0,20.5,36.4,19000.0,100.0,3.0
HYD,2026-08-30 04:00:00,23.1,81.0,0.0,20.5,35.3,18360.0,98.0,3.0
HYD,2026-08-30 05:00:00,23.3,80.0,0.0,23.8,34.9,17860.0,100.0,3.0
HYD,2026-08-30 06:00:00,23.2,80.0,0.0,23.4,40.7,18140.0,100.0,3.0
HYD,2026-08-30 07:00:00,23.4,80.0,0.0,21.2,40.0,21240.0,100.0,3.0
HYD,2026-08-30 08:00:00,24.2,76.0,0.0,26.6,46.1,19560.0,100.0,3.0
HYD,2026-08-30 09:00:00,25.3,70.0,0.0,26.8,47.9,21160.0,100.0,3.0
HYD,2026-08-30 10:00:00,26.5,64.0,0.0,27.5,49.7,23220.0,100.0,3.0
HYD,2026-08-30 11:00:00,26.9,61.0,0.0,25.6,49.3,23180.0,100.0,3.0
HYD,2026-08-30 12:00:00,27.2,58.0,0.0,25.2,45.0,25140.0,96.0,3.0
HYD,2026-08-30 13:00:00,26.5,64.0,0.2,22.8,44.6,16240.0,97.0,51.0
HYD,2026-08-30 14:00:00,27.0,61.0,0.1,21.6,42.5,25300.0,98.0,51.0
HYD,2026-08-30 15:00:00,27.4,59.0,0.0,22.2,40.0,25300.0,100.0,3.0
HYD,2026-08-30 16:00:00,26.5,63.0,0.0,18.8,39.6,23360.0,100.0,3.0
HYD,2026-08-30 17:00:00,24.5,81.0,0.0,12.8,31.3,5120.0,100.0,3.0
HYD,2026-08-30 18:00:00,23.6,87.0,0.3,14.2,23.4,5720.0,100.0,51.0
HYD,2026-08-30 19:00:00,23.4,90.0,0.3,11.2,22.3,4640.0,100.0,51.0
HYD,2026-08-30 20:00:00,23.3,91.0,0.6,9.8,17.6,6920.0,100.0,53.0
HYD,2026-08-30 21:00:00,23.5,90.0,0.0,9.7,16.2,16300.0,100.0,3.0
HYD,2026-08-30 22:00:00,23.7,89.0,0.0,10.5,16.6,16040.0,100.0,3.0
HYD,2026-08-30 23:00:00,24.0,88.0,0.1,11.5,18.4,14760.0,100.0,51.0
HYD,2026-08-31 00:00:00,23.7,88.0,0.4,12.7,21.2,16520.0,100.0,51.0
HYD,2026-08-31 01:00:00,23.8,85.0,0.0,16.6,26.3,16780.0,100.0,3.0
HYD,2026-08-31 02:00:00,23.7,81.0,0.0,19.6,32.4,20960.0,100.0,3.0
HYD,2026-08-31 03:00:00,23.7,78.0,0.0,18.9,32.4,20940.0,100.0,3.0
HYD,2026-08-31 04:00:00,23.5,78.0,0.0,18.9,32.0,21000.0,100.0,3.0
HYD,2026-08-31 05:00:00,23.3,78.0,0.0,19.8,31.7,20920.0,100.0,3.0
HYD,2026-08-31 06:00:00,22.9,80.0,0.0,20.7,34.9,20900.0,100.0,3.0
HYD,2026-08-31 07:00:00,23.3,81.0,0.0,19.4,36.0,17620.0,100.0,3.0
HYD,2026-08-31 08:00:00,23.5,80.0,0.0,20.5,36.0,18020.0,100.0,3.0
HYD,2026-08-31 09:00:00,24.2,78.0,0.0,23.2,37.8,16800.0,100.0,3.0
HYD,2026-08-31 10:00:00,25.3,73.0,0.0,25.4,44.6,14780.0,100.0,3.0
HYD,2026-08-31 11:00:00,25.8,72.0,0.0,23.9,46.8,19460.0,100.0,3.0
HYD,2026-08-31 12:00:00,26.5,68.0,0.0,24.0,44.3,18640.0,100.0,3.0
HYD,2026-08-31 13:00:00,26.5,66.0,0.0,23.6,43.6,22960.0,100.0,3.0
HYD,2026-08-31 14:00:00,27.5,62.0,0.0,23.2,43.6,23040.0,100.0,3.0
HYD,2026-08-31 15:00:00,26.6,65.0,0.0,19.4,42.1,23060.0,100.0,3.0
HYD,2026-08-31 16:00:00,26.7,65.0,0.0,16.2,33.1,23120.0,100.0,3.0
HYD,2026-08-31 17:00:00,27.3,66.0,0.0,11.0,27.0,20440.0,100.0,3.0
HYD,2026-08-31 18:00:00,25.8,73.0,0.0,9.0,18.7,18280.0,100.0,3.0
HYD,2026-08-31 19:00:00,25.0,78.0,0.0,10.0,16.6,20720.0,100.0,3.0
HYD,2026-08-31 20:00:00,25.2,77.0,0.0,10.8,17.3,20760.0,100.0,3.0
HYD,2026-08-31 21:00:00,25.1,76.0,0.0,10.4,18.4,20700.0,100.0,3.0
HYD,2026-08-31 22:00:00,24.8,77.0,0.0,9.5,16.6,20680.0,98.0,3.0
HYD,2026-08-31 23:00:00,25.3,79.0,0.0,14.7,17.3,9340.0,100.0,3.0
HYD,2026-09-01 00:00:00,24.6,82.0,0.1,16.1,26.3,9000.0,100.0,51.0
HYD,2026-09-01 01:00:00,24.5,82.0,0.0,16.6,27.4,16560.0,100.0,3.0
HYD,2026-09-01 02:00:00,24.1,81.0,0.0,18.6,31.0,20580.0,100.0,3.0
HYD,2026-09-01 03:00:00,23.5,81.0,0.0,16.7,31.0,20800.0,95.0,3.0
HYD,2026-09-01 04:00:00,23.5,81.0,0.0,15.8,27.7,20760.0,98.0,3.0
HYD,2026-09-01 05:00:00,23.3,81.0,0.0,12.1,26.3,20660.0,99.0,3.0
HYD,2026-09-01 06:00:00,23.2,83.0,0.0,13.2,21.2,17360.0,98.0,3.0
HYD,2026-09-01 07:00:00,24.1,80.0,0.0,16.1,28.8,20160.0,99.0,3.0
HYD,2026-09-01 08:00:00,25.1,75.0,0.0,21.2,38.2,15300.0,100.0,3.0
HYD,2026-09-01 09:00:00,26.1,70.0,0.0,20.5,38.5,15120.0,99.0,3.0
HYD,2026-09-01 10:00:00,27.3,65.0,0.1,20.4,38.9,11420.0,97.0,51.0
HYD,2026-09-01 11:00:00,28.0,61.0,0.0,18.2,39.2,9980.0,99.0,3.0
HYD,2026-09-01 12:00:00,28.6,58.0,0.1,17.5,34.9,10960.0,91.0,51.0
HYD,2026-09-01 13:00:00,29.3,55.0,0.1,18.1,34.9,10460.0,95.0,51.0
HYD,2026-09-01 14:00:00,29.2,55.0,0.1,17.7,34.9,12120.0,97.0,51.0
HYD,2026-09-01 15:00:00,29.1,56.0,0.0,17.5,34.2,24660.0,95.0,3.0
HYD,2026-09-01 16:00:00,28.8,57.0,0.0,14.4,32.8,24640.0,88.0,3.0
HYD,2026-09-01 17:00:00,28.3,61.0,0.0,9.9,25.9,24560.0,90.0,3.0
HYD,2026-09-01 18:00:00,26.7,69.0,0.0,5.3,16.6,22540.0,96.0,3.0
HYD,2026-09-01 19:00:00,25.9,75.0,0.0,3.6,7.9,22440.0,98.0,3.0
HYD,2026-09-01 20:00:00,25.1,78.0,0.0,3.9,6.1,20320.0,98.0,3.0
HYD,2026-09-01 21:00:00,24.5,81.0,0.0,5.9,9.0,20260.0,98.0,3.0
HYD,2026-09-01 22:00:00,24.4,82.0,0.0,6.6,10.8,17760.0,99.0,3.0
HYD,2026-09-01 23:00:00,24.7,81.0,0.0,6.1,10.4,20280.0,100.0,3.0
HYD,2026-09-02 00:00:00,24.0,85.0,0.0,4.1,9.7,19620.0,99.0,3.0
HYD,2026-09-02 01:00:00,23.8,84.0,0.0,4.2,6.5,17960.0,100.0,3.0
HYD,2026-09-02 02:00:00,23.7,82.0,0.0,8.4,13.7,17980.0,100.0,3.0
HYD,2026-09-02 03:00:00,23.6,82.0,0.0,6.4,13.3,16540.0,79.0,2.0
HYD,2026-09-02 04:00:00,23.4,83.0,0.0,7.1,11.2,17920.0,97.0,3.0
HYD,2026-09-02 05:00:00,23.6,80.0,0.0,8.3,13.0,20280.0,100.0,3.0
HYD,2026-09-02 06:00:00,23.7,81.0,0.0,10.6,16.6,20240.0,100.0,3.0
HYD,2026-09-02 07:00:00,24.0,85.0,0.1,13.2,22.0,9380.0,100.0,51.0
HYD,2026-09-02 08:00:00,25.0,80.0,0.0,16.9,30.2,14080.0,100.0,3.0
HYD,2026-09-02 09:00:00,26.7,71.0,0.0,18.5,34.9,17080.0,99.0,3.0
HYD,2026-09-02 10:00:00,28.0,63.0,0.0,19.2,36.4,11400.0,98.0,3.0
HYD,2026-09-02 11:00:00,28.6,59.0,0.1,17.9,36.7,10420.0,78.0,51.0
HYD,2026-09-02 12:00:00,29.2,57.0,0.1,18.9,37.8,9440.0,52.0,51.0
HYD,2026-09-02 13:00:00,29.2,56.0,0.1,19.8,37.8,9860.0,95.0,51.0
HYD,2026-09-02 14:00:00,29.5,54.0,0.1,18.3,37.1,9060.0,100.0,51.0
HYD,2026-09-02 15:00:00,29.2,55.0,0.1,17.4,34.2,18060.0,67.0,51.0
HYD,2026-09-02 16:00:00,28.9,56.0,0.0,15.2,31.7,24340.0,56.0,2.0
HYD,2026-09-02 17:00:00,28.7,59.0,0.0,13.1,26.3,16620.0,98.0,3.0
HYD,2026-09-02 18:00:00,27.1,66.0,0.0,9.0,22.0,22240.0,98.0,3.0
HYD,2026-09-02 19:00:00,26.2,71.0,0.0,7.4,14.4,22140.0,96.0,3.0
HYD,2026-09-02 20:00:00,25.6,75.0,0.0,5.3,12.2,20040.0,97.0,3.0
HYD,2026-09-02 21:00:00,24.7,80.0,0.0,5.6,9.0,11080.0,99.0,3.0
HYD,2026-09-02 22:00:00,24.3,83.0,0.0,6.2,10.8,17420.0,99.0,3.0
HYD,2026-09-02 23:00:00,24.1,87.0,0.0,9.4,13.3,14980.0,100.0,3.0
HYD,2026-09-03 00:00:00,24.0,88.0,0.0,10.9,17.3,15200.0,100.0,3.0
HYD,2026-09-03 01:00:00,23.6,85.0,0.0,12.9,21.2,17140.0,99.0,3.0
HYD,2026-09-03 02:00:00,23.1,85.0,0.0,12.4,21.2,17620.0,99.0,3.0
HYD,2026-09-03 03:00:00,22.9,87.0,0.0,12.6,20.9,15700.0,100.0,3.0
HYD,2026-09-03 04:00:00,22.8,89.0,0.0,12.6,21.6,15700.0,100.0,3.0
HYD,2026-09-03 05:00:00,23.0,88.0,0.0,15.1,22.3,15260.0,100.0,3.0
HYD,2026-09-03 06:00:00,23.0,88.0,0.0,15.0,25.9,15160.0,100.0,3.0
HYD,2026-09-03 07:00:00,23.8,85.0,0.0,14.5,25.9,13400.0,100.0,3.0
HYD,2026-09-03 08:00:00,25.1,78.0,0.1,17.6,32.4,7400.0,100.0,51.0
HYD,2026-09-03 09:00:00,26.2,75.0,0.1,15.2,33.1,11320.0,100.0,51.0
HYD,2026-09-03 10:00:00,27.2,71.0,0.1,14.8,32.4,19840.0,100.0,51.0
HYD,2026-09-03 11:00:00,27.1,68.0,0.0,15.6,34.2,21840.0,100.0,3.0
HYD,2026-09-03 12:00:00,27.5,65.0,0.0,17.0,32.4,12680.0,100.0,3.0
HYD,2026-09-03 13:00:00,27.0,65.0,0.0,17.5,32.4,21960.0,100.0,3.0
HYD,2026-09-03 14:00:00,26.6,68.0,0.0,16.5,31.7,11420.0,100.0,3.0
HYD,2026-09-03 15:00:00,26.1,71.0,0.0,13.8,30.2,22100.0,100.0,3.0
HYD,2026-09-03 16:00:00,25.9,72.0,0.0,11.9,25.6,19880.0,100.0,3.0
HYD,2026-09-03 17:00:00,26.6,66.0,0.0,15.0,21.2,22060.0,99.0,3.0
HYD,2026-09-03 18:00:00,25.7,70.0,0.0,10.8,24.8,21960.0,100.0,3.0
HYD,2026-09-03 19:00:00,25.4,72.0,0.0,8.8,17.6,19880.0,100.0,3.0
HYD,2026-09-03 20:00:00,25.1,74.0,0.0,10.0,15.8,19660.0,99.0,3.0
HYD,2026-09-03 21:00:00,24.7,77.0,0.0,12.1,19.4,19780.0,98.0,3.0
HYD,2026-09-03 22:00:00,24.4,80.0,0.0,11.6,20.2,16840.0,98.0,3.0
HYD,2026-09-03 23:00:00,24.5,85.0,0.0,11.2,19.1,12600.0,100.0,3.0
HYD,2026-09-04 00:00:00,24.4,85.0,0.0,12.3,20.2,15540.0,100.0,3.0
HYD,2026-09-04 01:00:00,24.3,84.0,0.0,13.0,21.6,17240.0,98.0,3.0
HYD,2026-09-04 02:00:00,24.1,84.0,0.0,12.6,21.6,17480.0,93.0,3.0
HYD,2026-09-04 03:00:00,23.8,85.0,0.0,12.9,21.2,17180.0,92.0,3.0
HYD,2026-09-04 04:00:00,23.6,86.0,0.0,13.0,22.0,14920.0,70.0,2.0
HYD,2026-09-04 05:00:00,23.8,84.0,0.0,13.4,21.6,16080.0,39.0,1.0
HYD,2026-09-04 06:00:00,23.6,85.0,0.0,13.4,22.7,16600.0,62.0,2.0
HYD,2026-09-04 07:00:00,24.7,79.0,0.0,14.7,26.6,19460.0,91.0,3.0
HYD,2026-09-04 08:00:00,25.8,74.0,0.0,15.7,29.5,19480.0,80.0,3.0
HYD,2026-09-04 09:00:00,26.9,70.0,0.0,15.6,31.0,9600.0,73.0,2.0
HYD,2026-09-04 10:00:00,28.0,65.0,0.1,15.9,32.0,13000.0,68.0,51.0
HYD,2026-09-04 11:00:00,28.7,60.0,0.0,14.9,32.0,12500.0,95.0,3.0
HYD,2026-09-04 12:00:00,29.5,56.0,0.0,15.6,32.0,10840.0,100.0,3.0
HYD,2026-09-04 13:00:00,29.7,54.0,0.1,16.5,32.4,9100.0,99.0,51.0
HYD,2026-09-04 14:00:00,29.5,54.0,0.1,15.2,32.4,23540.0,100.0,51.0
HYD,2026-09-04 15:00:00,29.3,56.0,0.1,14.4,29.5,13020.0,99.0,51.0
HYD,2026-09-04 16:00:00,28.8,57.0,0.0,13.2,27.7,23600.0,98.0,3.0
HYD,2026-09-04 17:00:00,28.4,59.0,0.0,11.0,24.1,23540.0,48.0,1.0
HYD,2026-09-04 18:00:00,27.0,65.0,0.0,7.6,18.4,21580.0,51.0,2.0
HYD,2026-09-04 19:00:00,25.9,71.0,0.0,4.9,12.2,21480.0,99.0,3.0
HYD,2026-09-04 20:00:00,25.3,74.0,0.0,4.9,7.6,21420.0,73.0,2.0
HYD,2026-09-04 21:00:00,24.6,78.0,0.0,4.0,7.2,19360.0,90.0,3.0
HYD,2026-09-04 22:00:00,24.2,80.0,0.0,5.3,8.3,19320.0,81.0,3.0
HYD,2026-09-04 23:00:00,24.9,74.0,0.0,9.4,18.0,19360.0,24.0,1.0
HYD,2026-09-05 00:00:00,24.3,76.0,0.0,7.7,15.1,17840.0,9.0,0.0
HYD,2026-09-05 01:00:00,24.0,80.0,0.0,7.1,12.2,19380.0,13.0,0.0
HYD,2026-09-05 02:00:00,23.8,82.0,0.0,9.2,14.8,19420.0,21.0,1.0
HYD,2026-09-05 03:00:00,23.8,81.0,0.0,9.9,16.2,19420.0,12.0,0.0
HYD,2026-09-05 04:00:00,23.5,81.0,0.0,9.9,16.6,16820.0,4.0,0.0
HYD,2026-09-05 05:00:00,23.6,83.0,0.0,11.3,16.2,16020.0,12.0,0.0
HYD,2026-09-05 06:00:00,23.5,84.0,0.0,11.9,19.4,16380.0,1.0,0.0
HYD,2026-09-05 07:00:00,24.7,80.0,0.0,12.4,22.3,18580.0,5.0,0.0
HYD,2026-09-05 08:00:00,26.1,72.0,0.0,15.2,29.2,12660.0,21.0,1.0
HYD,2026-09-05 09:00:00,27.3,67.0,0.0,14.7,29.5,10800.0,28.0,1.0
HYD,2026-09-05 10:00:00,28.4,62.0,0.1,14.5,29.9,8740.0,26.0,51.0
HYD,2026-09-05 11:00:00,28.6,61.0,0.2,12.0,30.2,8420.0,28.0,51.0
HYD,2026-09-05 12:00:00,29.3,58.0,0.2,13.2,28.1,6620.0,33.0,51.0
HYD,2026-09-05 13:00:00,29.7,56.0,0.2,14.8,30.2,6700.0,25.0,51.0
HYD,2026-09-05 14:00:00,30.0,55.0,0.2,14.5,30.2,7240.0,27.0,51.0
HYD,2026-09-05 15:00:00,30.0,55.0,0.1,14.4,29.2,13000.0,23.0,51.0
HYD,2026-09-05 16:00:00,29.7,55.0,0.0,14.2,28.1,23200.0,18.0,0.0
HYD,2026-09-05 17:00:00,29.2,58.0,0.0,7.8,26.3,23160.0,15.0,0.0
HYD,2026-09-05 18:00:00,27.5,69.0,0.0,4.4,12.6,21220.0,9.0,0.0
HYD,2026-09-05 19:00:00,26.8,72.0,0.0,4.2,6.1,21160.0,3.0,0.0
HYD,2026-09-05 20:00:00,25.9,75.0,0.0,5.2,7.9,19140.0,4.0,0.0
HYD,2026-09-05 21:00:00,25.3,77.0,0.0,5.6,9.4,19060.0,5.0,0.0
HYD,2026-09-05 22:00:00,24.8,78.0,0.0,6.2,9.7,19020.0,11.0,0.0
HYD,2026-09-05 23:00:00,25.3,77.0,0.0,8.9,11.2,19040.0,30.0,1.0
HYD,2026-09-06 00:00:00,23.9,85.0,0.7,10.1,14.8,2480.0,78.0,53.0
HYD,2026-09-06 01:00:00,23.1,91.0,0.9,5.1,20.9,9540.0,55.0,53.0
HYD,2026-09-06 02:00:00,23.3,91.0,0.0,5.8,10.1,10200.0,26.0,1.0
HYD,2026-09-06 03:00:00,23.1,93.0,0.0,5.6,9.4,11180.0,36.0,1.0
HYD,2026-09-06 04:00:00,22.9,93.0,0.0,6.5,10.4,11880.0,44.0,1.0
HYD,2026-09-06 05:00:00,23.4,88.0,0.0,7.3,13.3,14680.0,2.0,0.0
HYD,2026-09-06 06:00:00,23.4,89.0,0.0,10.1,15.5,14520.0,2.0,0.0
HYD,2026-09-06 07:00:00,24.8,83.0,0.0,11.2,20.2,16440.0,1.0,0.0
HYD,2026-09-06 08:00:00,26.3,74.0,0.0,12.8,25.2,18800.0,1.0,0.0
HYD,2026-09-06 09:00:00,27.7,67.0,0.0,12.5,27.4,15920.0,11.0,0.0
HYD,2026-09-06 10:00:00,28.8,64.0,0.0,12.5,29.5,17700.0,9.0,0.0
HYD,2026-09-06 11:00:00,29.4,63.0,0.0,11.4,30.2,9980.0,16.0,0.0
HYD,2026-09-06 12:00:00,30.1,61.0,0.0,11.8,29.5,11440.0,30.0,1.0
HYD,2026-09-06 13:00:00,30.6,60.0,0.1,13.0,30.2,14000.0,45.0,51.0
HYD,2026-09-06 14:00:00,30.8,59.0,0.1,14.1,31.0,13360.0,38.0,51.0
HYD,2026-09-06 15:00:00,30.3,60.0,0.0,14.8,31.0,12400.0,45.0,1.0
HYD,2026-09-06 16:00:00,29.8,59.0,0.0,14.4,30.2,14440.0,31.0,1.0
HYD,2026-09-06 17:00:00,29.3,59.0,0.0,11.0,27.4,15400.0,32.0,1.0
HYD,2026-09-06 18:00:00,28.0,67.0,0.0,5.3,18.0,20860.0,6.0,0.0
HYD,2026-09-06 19:00:00,27.1,76.0,0.0,2.8,8.3,20760.0,20.0,1.0
HYD,2026-09-06 20:00:00,26.6,75.0,0.0,3.3,4.7,18760.0,31.0,1.0
HYD,2026-09-06 21:00:00,24.8,85.0,0.3,10.6,22.0,10020.0,62.0,51.0
HYD,2026-09-06 22:00:00,25.0,86.0,0.0,4.8,16.2,13140.0,27.0,1.0
HYD,2026-09-06 23:00:00,24.4,90.0,0.0,5.6,11.2,14180.0,43.0,1.0
HYD,2026-09-07 00:00:00,24.5,91.0,0.0,4.7,9.7,10600.0,63.0,2.0
HYD,2026-09-07 01:00:00,24.2,91.0,0.0,6.3,10.1,12280.0,94.0,3.0
HYD,2026-09-07 02:00:00,22.5,91.0,0.1,12.9,23.0,5900.0,100.0,51.0
HYD,2026-09-07 03:00:00,22.3,91.0,0.1,1.1,20.9,14520.0,98.0,51.0
HYD,2026-09-07 04:00:00,23.0,87.0,0.0,7.3,11.5,13140.0,86.0,3.0
HYD,2026-09-07 05:00:00,22.6,95.0,0.0,5.0,13.0,12260.0,14.0,0.0
HYD,2026-09-07 06:00:00,23.0,94.0,0.0,7.7,11.5,12060.0,12.0,0.0
HYD,2026-09-07 07:00:00,24.4,87.0,0.0,12.0,21.2,14300.0,11.0,0.0
HYD,2026-09-07 08:00:00,25.8,78.0,0.0,14.5,27.7,11520.0,23.0,1.0
HYD,2026-09-07 09:00:00,26.9,74.0,0.0,13.6,27.7,13500.0,57.0,2.0
HYD,2026-09-07 10:00:00,27.2,73.0,0.0,12.0,27.4,18540.0,72.0,2.0
HYD,2026-09-07 11:00:00,26.9,71.0,0.0,11.1,27.0,20460.0,66.0,2.0
HYD,2026-09-07 12:00:00,28.4,67.0,0.0,11.0,27.4,15500.0,25.0,1.0
HYD,2026-09-07 13:00:00,29.5,64.0,0.0,12.7,29.9,20660.0,52.0,2.0
HYD,2026-09-07 14:00:00,29.5,64.0,0.0,12.7,30.6,10700.0,23.0,1.0
HYD,2026-09-07 15:00:00,29.6,62.0,0.0,13.3,30.2,10960.0,23.0,1.0
HYD,2026-09-07 16:00:00,29.1,63.0,0.1,12.8,30.6,8260.0,21.0,51.0
HYD,2026-09-07 17:00:00,27.0,75.0,0.1,12.3,27.4,13100.0,19.0,51.0
HYD,2026-09-07 18:00:00,25.9,79.0,0.0,5.3,20.9,18680.0,20.0,1.0
HYD,2026-09-07 19:00:00,25.5,81.0,0.0,4.6,8.6,18600.0,22.0,1.0
HYD,2026-09-07 20:00:00,25.5,82.0,0.0,2.3,6.5,18560.0,34.0,1.0
HYD,2026-09-07 21:00:00,25.1,83.0,0.0,3.7,5.8,18500.0,32.0,1.0
HYD,2026-09-07 22:00:00,24.6,85.0,0.0,4.4,6.8,16300.0,29.0,1.0
HYD,2026-09-07 23:00:00,24.7,87.0,0.0,4.3,7.9,16320.0,31.0,1.0
HYD,2026-09-08 00:00:00,24.2,89.0,0.0,5.0,7.6,14360.0,47.0,1.0
HYD,2026-09-08 01:00:00,24.2,86.0,0.0,8.0,12.2,11000.0,25.0,1.0
HYD,2026-09-08 02:00:00,24.3,80.0,0.0,12.6,20.2,18420.0,14.0,0.0
HYD,2026-09-08 03:00:00,23.9,77.0,0.0,13.5,22.3,18620.0,11.0,0.0
HYD,2026-09-08 04:00:00,23.4,80.0,0.0,12.1,22.3,18600.0,4.0,0.0
HYD,2026-09-08 05:00:00,24.3,80.0,0.0,11.3,20.2,18520.0,29.0,1.0
HYD,2026-09-08 06:00:00,24.1,82.0,0.0,10.6,18.7,16840.0,37.0,1.0
HYD,2026-09-08 07:00:00,25.4,76.0,0.0,13.7,23.8,17120.0,20.0,1.0
HYD,2026-09-08 08:00:00,26.4,72.0,0.0,16.5,31.0,11060.0,31.0,1.0
HYD,2026-09-08 09:00:00,27.2,70.0,0.0,15.0,31.0,10940.0,30.0,1.0
HYD,2026-09-08 10:00:00,28.3,68.0,0.0,13.9,30.2,11320.0,24.0,1.0
HYD,2026-09-08 11:00:00,28.2,67.0,0.1,14.9,30.6,7320.0,45.0,51.0
HYD,2026-09-08 12:00:00,28.7,66.0,0.5,15.8,33.5,8040.0,77.0,53.0
HYD,2026-09-08 13:00:00,29.0,64.0,0.2,15.3,33.1,8140.0,92.0,51.0
HYD,2026-09-08 14:00:00,29.6,59.0,0.1,15.0,31.3,10400.0,96.0,51.0
HYD,2026-09-08 15:00:00,29.9,56.0,0.0,15.3,29.9,18880.0,98.0,3.0
HYD,2026-09-08 16:00:00,29.5,55.0,0.0,15.9,29.9,22380.0,92.0,3.0
HYD,2026-09-08 17:00:00,28.7,61.0,0.0,11.1,28.4,22360.0,88.0,3.0
HYD,2026-09-08 18:00:00,27.3,67.0,0.0,7.6,18.0,20480.0,46.0,1.0
HYD,2026-09-08 19:00:00,26.4,70.0,0.0,6.5,12.2,20400.0,11.0,0.0
HYD,2026-09-08 20:00:00,25.6,74.0,0.0,5.5,10.1,20280.0,16.0,0.0
HYD,2026-09-08 21:00:00,25.2,77.0,0.0,4.7,7.9,18260.0,33.0,1.0
HYD,2026-09-08 22:00:00,25.0,78.0,0.0,6.7,10.4,18260.0,21.0,1.0
HYD,2026-09-08 23:00:00,25.1,76.0,0.0,8.0,12.2,12500.0,88.0,3.0
HYD,2026-09-09 00:00:00,24.5,79.0,0.0,9.1,14.0,15760.0,99.0,3.0
HYD,2026-09-09 01:00:00,24.0,81.0,0.0,9.9,17.6,9700.0,100.0,3.0
HYD,2026-09-09 02:00:00,23.7,83.0,0.0,10.5,16.9,13640.0,98.0,3.0
HYD,2026-09-09 03:00:00,23.5,85.0,0.0,9.5,17.3,15380.0,70.0,2.0
HYD,2026-09-09 04:00:00,23.4,86.0,0.0,8.8,15.5,16060.0,77.0,2.0
HYD,2026-09-09 05:00:00,23.9,81.0,0.0,11.1,16.2,18020.0,48.0,1.0
HYD,2026-09-09 06:00:00,23.8,83.0,0.0,12.7,20.5,15960.0,52.0,2.0
HYD,2026-09-09 07:00:00,24.9,78.0,0.0,14.9,25.6,18120.0,52.0,2.0
HYD,2026-09-09 08:00:00,26.2,72.0,0.0,18.5,34.2,17860.0,24.0,1.0
HYD,2026-09-09 09:00:00,27.4,68.0,0.0,16.8,34.6,13220.0,66.0,2.0
HYD,2026-09-09 10:00:00,28.2,65.0,0.1,14.8,32.4,8140.0,94.0,51.0
HYD,2026-09-09 11:00:00,28.2,64.0,0.1,14.9,30.6,8120.0,96.0,51.0
HYD,2026-09-09 12:00:00,29.1,63.0,0.2,13.8,31.0,11080.0,95.0,51.0
HYD,2026-09-09 13:00:00,29.2,61.0,0.2,16.0,32.8,5800.0,95.0,51.0
HYD,2026-09-09 14:00:00,29.1,62.0,0.4,16.3,32.4,6260.0,97.0,51.0
HYD,2026-09-09 15:00:00,29.3,62.0,0.1,16.5,32.0,7840.0,92.0,51.0
HYD,2026-09-09 16:00:00,28.7,65.0,0.2,13.8,31.7,8200.0,96.0,51.0
HYD,2026-09-09 17:00:00,27.2,71.0,0.2,10.1,27.0,16500.0,100.0,51.0
HYD,2026-09-09 18:00:00,26.3,77.0,0.0,6.7,17.3,16960.0,99.0,3.0
HYD,2026-09-09 19:00:00,25.9,80.0,0.0,6.8,11.5,17040.0,99.0,3.0
HYD,2026-09-09 20:00:00,25.6,82.0,0.0,5.3,11.2,18180.0,99.0,3.0
HYD,2026-09-09 21:00:00,25.3,83.0,0.0,5.1,8.3,18100.0,100.0,3.0
HYD,2026-09-09 22:00:00,25.1,83.0,0.0,6.4,10.1,15960.0,100.0,3.0
HYD,2026-09-09 23:00:00,25.0,85.0,0.0,5.1,10.4,15980.0,99.0,3.0
HYD,2026-09-10 00:00:00,24.5,86.0,0.0,6.1,9.7,16020.0,98.0,3.0
HYD,2026-09-10 01:00:00,24.2,87.0,0.0,5.8,9.7,16040.0,95.0,3.0
HYD,2026-09-10 02:00:00,23.8,88.0,0.0,6.6,10.4,14140.0,97.0,3.0
HYD,2026-09-10 03:00:00,23.5,88.0,0.0,7.5,12.2,14140.0,88.0,3.0
HYD,2026-09-10 04:00:00,23.3,88.0,0.0,8.9,14.4,14140.0,78.0,2.0
HYD,2026-09-10 05:00:00,23.6,87.0,0.0,8.2,14.8,14100.0,68.0,2.0
HYD,2026-09-10 06:00:00,23.6,87.0,0.0,10.3,16.2,13620.0,83.0,3.0
HYD,2026-09-10 07:00:00,25.1,81.0,0.0,11.5,20.2,15640.0,99.0,3.0
HYD,2026-09-10 08:00:00,26.2,73.0,0.1,18.2,32.0,6180.0,100.0,51.0
HYD,2026-09-10 09:00:00,27.3,68.0,0.1,20.5,38.2,11980.0,99.0,51.0
HYD,2026-09-10 10:00:00,28.1,64.0,0.1,19.3,38.2,8100.0,100.0,51.0
HYD,2026-09-10 11:00:00,28.4,63.0,0.2,18.6,36.4,13440.0,100.0,51.0
HYD,2026-09-10 12:00:00,29.1,60.0,0.1,18.1,35.6,8280.0,98.0,51.0
HYD,2026-09-10 13:00:00,29.2,60.0,0.2,18.2,35.3,8640.0,97.0,51.0
HYD,2026-09-10 14:00:00,29.3,61.0,0.1,18.2,35.6,15400.0,72.0,51.0
HYD,2026-09-10 15:00:00,29.2,60.0,0.0,19.3,36.4,14400.0,41.0,1.0
HYD,2026-09-10 16:00:00,28.8,61.0,0.0,19.0,35.6,21980.0,77.0,2.0
HYD,2026-09-10 17:00:00,28.0,65.0,0.0,13.6,33.8,20100.0,68.0,2.0
HYD,2026-09-10 18:00:00,27.2,69.0,0.0,9.4,22.3,20040.0,84.0,3.0
HYD,2026-09-10 19:00:00,26.9,70.0,0.0,9.4,15.1,19960.0,99.0,3.0
HYD,2026-09-10 20:00:00,26.6,70.0,0.0,11.1,18.0,19920.0,99.0,3.0
HYD,2026-09-10 21:00:00,26.0,72.0,0.0,10.9,18.4,17960.0,100.0,3.0
HYD,2026-09-10 22:00:00,25.7,74.0,0.0,8.7,17.6,17960.0,100.0,3.0
HYD,2026-09-10 23:00:00,25.8,76.0,0.0,8.3,14.0,17980.0,100.0,3.0
HYD,2026-09-11 00:00:00,25.1,79.0,0.0,8.3,13.3,18040.0,99.0,3.0
HYD,2026-09-11 01:00:00,24.6,82.0,0.0,7.7,13.3,15900.0,100.0,3.0
HYD,2026-09-11 02:00:00,24.5,82.0,0.0,7.6,12.6,15920.0,100.0,3.0
HYD,2026-09-11 03:00:00,24.6,79.0,0.0,9.4,15.1,18100.0,100.0,3.0
HYD,2026-09-11 04:00:00,24.6,77.0,0.0,11.3,18.4,18080.0,71.0,2.0
HYD,2026-09-11 05:00:00,24.8,74.0,0.0,12.6,19.1,18000.0,93.0,3.0
HYD,2026-09-11 06:00:00,24.6,76.0,0.0,15.2,24.8,18000.0,84.0,3.0
HYD,2026-09-11 07:00:00,25.3,76.0,0.0,16.2,27.7,17920.0,99.0,3.0
HYD,2026-09-11 08:00:00,26.0,73.0,0.0,19.8,34.9,17880.0,100.0,3.0
HYD,2026-09-11 09:00:00,26.2,73.0,0.0,18.6,35.6,17860.0,95.0,3.0
HYD,2026-09-11 10:00:00,27.1,70.0,0.0,17.8,33.5,17520.0,95.0,3.0
HYD,2026-09-11 11:00:00,28.5,63.0,0.0,17.9,34.2,11940.0,100.0,3.0
HYD,2026-09-11 12:00:00,28.6,62.0,0.0,16.2,34.2,12100.0,99.0,3.0
HYD,2026-09-11 13:00:00,28.7,60.0,0.0,15.5,31.3,21680.0,91.0,3.0
HYD,2026-09-11 14:00:00,28.7,60.0,0.0,15.4,31.0,16160.0,95.0,3.0
HYD,2026-09-11 15:00:00,28.8,57.0,0.1,16.8,30.6,6700.0,98.0,51.0
HYD,2026-09-11 16:00:00,27.7,65.0,0.2,17.2,31.3,18000.0,100.0,51.0
HYD,2026-09-11 17:00:00,26.6,70.0,0.0,9.4,30.2,20000.0,100.0,3.0
HYD,2026-09-11 18:00:00,25.9,76.0,0.1,6.4,15.8,18040.0,100.0,51.0
HYD,2026-09-11 19:00:00,25.8,77.0,0.0,5.7,12.2,17980.0,100.0,3.0
HYD,2026-09-11 20:00:00,25.7,77.0,0.0,6.2,10.1,17940.0,100.0,3.0
HYD,2026-09-11 21:00:00,25.7,77.0,0.0,4.7,10.8,17900.0,100.0,3.0
HYD,2026-09-11 22:00:00,25.5,78.0,0.0,4.3,7.6,17880.0,100.0,3.0
HYD,2026-09-11 23:00:00,25.8,83.0,0.0,0.3,7.2,17900.0,100.0,3.0
HYD,2026-09-12 00:00:00,25.2,88.0,0.2,2.1,3.2,5080.0,100.0,51.0
HYD,2026-09-12 01:00:00,25.0,88.0,0.3,0.7,4.3,5380.0,100.0,51.0
HYD,2026-09-12 02:00:00,22.8,93.0,0.9,10.1,24.1,3880.0,100.0,53.0
HYD,2026-09-12 03:00:00,22.8,94.0,0.3,6.9,16.6,5220.0,100.0,51.0
HYD,2026-09-12 04:00:00,23.0,94.0,0.4,4.0,11.2,9260.0,97.0,51.0
HYD,2026-09-12 05:00:00,22.6,96.0,0.0,4.6,9.0,7560.0,100.0,3.0
HYD,2026-09-12 06:00:00,22.8,95.0,0.0,5.6,9.7,6040.0,98.0,3.0
HYD,2026-09-12 07:00:00,23.5,93.0,0.1,7.4,14.8,8280.0,95.0,51.0
HYD,2026-09-12 08:00:00,24.9,83.0,0.0,10.7,20.5,14400.0,99.0,3.0
HYD,2026-09-12 09:00:00,26.2,76.0,0.0,11.5,27.0,17240.0,95.0,3.0
HYD,2026-09-12 10:00:00,27.9,66.0,0.0,14.6,29.9,11540.0,78.0,2.0
HYD,2026-09-12 11:00:00,27.6,65.0,0.1,16.2,32.4,18640.0,100.0,51.0
HYD,2026-09-12 12:00:00,27.7,64.0,0.0,17.2,32.8,13540.0,99.0,3.0
HYD,2026-09-12 13:00:00,28.4,61.0,0.1,19.8,37.8,19700.0,99.0,51.0
HYD,2026-09-12 14:00:00,28.8,59.0,0.0,18.4,37.1,21520.0,100.0,3.0
HYD,2026-09-12 15:00:00,28.8,58.0,0.0,16.8,33.8,21560.0,99.0,3.0
HYD,2026-09-12 16:00:00,28.1,61.0,0.0,13.2,30.2,21560.0,100.0,3.0
HYD,2026-09-12 17:00:00,26.9,70.0,0.0,6.7,23.0,19720.0,100.0,3.0
HYD,2026-09-12 18:00:00,25.6,77.0,0.1,8.2,13.0,17720.0,100.0,51.0
HYD,2026-09-12 19:00:00,25.2,80.0,0.1,4.7,13.3,10120.0,100.0,51.0
HYD,2026-09-12 20:00:00,24.9,82.0,0.0,6.0,9.4,15460.0,100.0,3.0
HYD,2026-09-12 21:00:00,24.7,83.0,0.0,4.6,10.1,15400.0,100.0,3.0
HYD,2026-09-12 22:00:00,24.6,83.0,0.0,8.4,13.0,15400.0,100.0,3.0
HYD,2026-09-12 23:00:00,24.3,84.0,0.0,9.7,14.0,10340.0,91.0,3.0
HYD,2026-09-13 00:00:00,24.0,86.0,0.0,9.7,16.2,10760.0,97.0,3.0
HYD,2026-09-13 01:00:00,23.7,88.0,0.0,14.1,22.7,12800.0,98.0,3.0
HYD,2026-09-13 02:00:00,23.2,91.0,0.0,14.8,25.6,11280.0,99.0,3.0
HYD,2026-09-13 03:00:00,23.2,92.0,0.0,14.0,24.5,11340.0,100.0,3.0
HYD,2026-09-13 04:00:00,23.3,92.0,0.0,12.2,23.4,11340.0,97.0,3.0
HYD,2026-09-13 05:00:00,22.9,96.0,0.0,6.6,20.5,10400.0,100.0,3.0
HYD,2026-09-13 06:00:00,22.8,96.0,0.2,2.7,13.7,6940.0,100.0,51.0
HYD,2026-09-13 07:00:00,23.0,94.0,0.0,4.3,9.7,9720.0,100.0,3.0
HYD,2026-09-13 08:00:00,23.5,91.0,0.1,4.9,11.5,13280.0,100.0,51.0
HYD,2026-09-13 09:00:00,24.3,85.0,0.1,4.1,13.0,14720.0,100.0,51.0
HYD,2026-09-13 10:00:00,25.4,77.0,0.0,4.4,14.4,13580.0,98.0,3.0
HYD,2026-09-13 11:00:00,27.4,66.0,0.0,5.2,16.6,8480.0,100.0,3.0
HYD,2026-09-13 12:00:00,27.7,64.0,0.2,7.3,18.4,8060.0,100.0,51.0
HYD,2026-09-13 13:00:00,28.5,61.0,0.1,8.9,20.2,8940.0,100.0,51.0
HYD,2026-09-13 14:00:00,28.9,59.0,0.1,9.8,20.9,14020.0,91.0,51.0
HYD,2026-09-13 15:00:00,29.3,57.0,0.0,11.2,22.7,11060.0,87.0,3.0
HYD,2026-09-13 16:00:00,28.8,57.0,0.0,12.1,23.0,17120.0,98.0,3.0
HYD,2026-09-13 17:00:00,27.6,64.0,0.0,9.3,22.7,19240.0,99.0,3.0
HYD,2026-09-13 18:00:00,26.7,68.0,0.0,5.3,15.5,19160.0,93.0,3.0
HYD,2026-09-13 19:00:00,25.6,75.0,0.0,3.9,8.3,17220.0,87.0,3.0
HYD,2026-09-13 20:00:00,24.4,85.0,0.0,11.9,19.1,13260.0,99.0,3.0
HYD,2026-09-13 21:00:00,23.7,90.0,0.0,9.2,20.5,10340.0,88.0,3.0
HYD,2026-09-13 22:00:00,23.7,90.0,0.0,7.7,15.5,12720.0,74.0,2.0
HYD,2026-09-13 23:00:00,24.1,89.0,0.0,9.7,13.0,13220.0,86.0,3.0
HYD,2026-09-14 00:00:00,24.1,88.0,0.0,9.9,17.6,13240.0,92.0,3.0
HYD,2026-09-14 01:00:00,24.1,89.0,0.0,9.1,16.2,13260.0,99.0,3.0
HYD,2026-09-14 02:00:00,23.8,91.0,0.0,6.4,15.1,11100.0,97.0,3.0
HYD,2026-09-14 03:00:00,23.7,91.0,0.1,8.1,13.0,4580.0,100.0,51.0
HYD,2026-09-14 04:00:00,23.2,96.0,1.5,5.9,18.7,2820.0,95.0,80.0
HYD,2026-09-14 05:00:00,23.5,94.0,1.4,2.9,16.6,3520.0,100.0,80.0
HYD,2026-09-14 06:00:00,23.3,95.0,1.0,4.8,10.4,3300.0,100.0,55.0
HYD,2026-09-14 07:00:00,23.5,94.0,0.4,6.7,13.0,6200.0,94.0,51.0
HYD,2026-09-14 08:00:00,24.4,87.0,0.0,4.9,14.4,11640.0,96.0,3.0
HYD,2026-09-14 09:00:00,25.1,82.0,0.0,4.4,12.2,13860.0,98.0,3.0
HYD,2026-09-14 10:00:00,26.2,76.0,0.2,7.0,18.0,7320.0,97.0,51.0
HYD,2026-09-14 11:00:00,25.7,75.0,0.2,8.3,19.4,10720.0,100.0,51.0
HYD,2026-09-14 12:00:00,26.3,72.0,0.1,8.0,19.8,11080.0,100.0,51.0
HYD,2026-09-14 13:00:00,26.8,69.0,0.1,8.4,20.5,8020.0,100.0,51.0
HYD,2026-09-14 14:00:00,27.4,68.0,0.1,8.2,20.5,14840.0,97.0,51.0
HYD,2026-09-14 15:00:00,28.0,65.0,0.0,8.3,19.8,18960.0,98.0,3.0
HYD,2026-09-14 16:00:00,27.8,65.0,0.0,7.4,18.7,18960.0,94.0,3.0
HYD,2026-09-14 17:00:00,26.5,70.0,0.0,8.5,15.5,18900.0,45.0,1.0
HYD,2026-09-14 18:00:00,25.3,78.0,0.0,3.8,15.1,17020.0,100.0,3.0
HYD,2026-09-14 19:00:00,25.2,80.0,0.0,0.8,5.4,16960.0,100.0,3.0
HYD,2026-09-14 20:00:00,25.2,80.0,0.0,1.6,2.5,16900.0,100.0,3.0
HYD,2026-09-14 21:00:00,25.1,81.0,0.0,2.9,4.3,16820.0,100.0,3.0
HYD,2026-09-14 22:00:00,25.0,80.0,0.0,3.6,5.4,16780.0,98.0,3.0
HYD,2026-09-14 23:00:00,24.6,82.0,0.0,9.9,6.8,7840.0,100.0,3.0
HYD,2026-09-15 00:00:00,23.1,89.0,0.9,15.5,32.0,3220.0,100.0,53.0
HYD,2026-09-15 01:00:00,22.6,95.0,0.3,13.4,26.6,10300.0,100.0,51.0
HYD,2026-09-15 02:00:00,23.0,95.0,0.0,7.0,21.6,10900.0,100.0,3.0
HYD,2026-09-15 03:00:00,23.1,96.0,0.0,6.2,11.9,10900.0,100.0,3.0
HYD,2026-09-15 04:00:00,23.3,96.0,0.0,4.4,10.1,10880.0,93.0,3.0
HYD,2026-09-15 05:00:00,23.7,92.0,0.0,5.8,7.2,10860.0,50.0,2.0
HYD,2026-09-15 06:00:00,23.5,93.0,0.0,8.0,11.9,10240.0,13.0,0.0
HYD,2026-09-15 07:00:00,24.6,88.0,0.0,8.5,16.6,12800.0,14.0,0.0
HYD,2026-09-15 08:00:00,26.2,73.0,0.0,11.1,22.3,13580.0,25.0,1.0
HYD,2026-09-15 09:00:00,27.4,66.0,0.0,9.9,22.3,10560.0,19.0,0.0
HYD,2026-09-15 10:00:00,28.5,62.0,0.1,9.4,22.3,7520.0,23.0,51.0
HYD,2026-09-15 11:00:00,28.8,61.0,0.2,7.9,22.3,8780.0,17.0,51.0
HYD,2026-09-15 12:00:00,29.5,58.0,0.1,8.4,21.2,8200.0,16.0,51.0
HYD,2026-09-15 13:00:00,30.1,56.0,0.1,8.5,21.2,7600.0,20.0,51.0
HYD,2026-09-15 14:00:00,30.4,54.0,0.1,8.5,20.9,7620.0,21.0,51.0
HYD,2026-09-15 15:00:00,30.5,52.0,0.2,8.5,20.5,7720.0,23.0,51.0
HYD,2026-09-15 16:00:00,29.7,56.0,0.5,10.4,20.2,4180.0,60.0,53.0
HYD,2026-09-15 17:00:00,29.0,60.0,0.3,6.6,19.4,15500.0,7.0,51.0
HYD,2026-09-15 18:00:00,27.5,70.0,0.0,4.1,11.2,18640.0,4.0,0.0
HYD,2026-09-15 19:00:00,26.9,73.0,0.0,1.8,5.8,18560.0,9.0,0.0
HYD,2026-09-15 20:00:00,26.4,75.0,0.0,0.3,2.2,18460.0,9.0,0.0
HYD,2026-09-15 21:00:00,25.6,78.0,0.0,0.6,1.1,16620.0,5.0,0.0
HYD,2026-09-15 22:00:00,24.9,79.0,0.0,3.4,5.4,16600.0,2.0,0.0
HYD,2026-09-15 23:00:00,25.1,74.0,0.0,7.4,8.3,16640.0,2.0,0.0
HYD,2026-09-16 00:00:00,24.5,77.0,0.0,7.7,12.2,16660.0,5.0,0.0
HYD,2026-09-16 01:00:00,24.1,80.0,0.0,7.0,12.2,16680.0,2.0,0.0
HYD,2026-09-16 02:00:00,23.7,83.0,0.0,7.5,12.6,16700.0,7.0,0.0
HYD,2026-09-16 03:00:00,23.5,83.0,0.0,7.5,11.9,14680.0,5.0,0.0
HYD,2026-09-16 04:00:00,23.3,85.0,0.0,6.6,11.9,14660.0,12.0,0.0
HYD,2026-09-16 05:00:00,23.6,86.0,0.0,6.6,10.1,14580.0,15.0,0.0
HYD,2026-09-16 06:00:00,23.7,86.0,0.0,8.2,12.6,14540.0,42.0,1.0
HYD,2026-09-16 07:00:00,25.2,81.0,0.0,10.3,18.4,14500.0,12.0,0.0
HYD,2026-09-16 08:00:00,26.8,73.0,0.0,10.3,21.6,16460.0,5.0,0.0
HYD,2026-09-16 09:00:00,28.4,64.0,0.0,10.7,23.4,18200.0,5.0,0.0
HYD,2026-09-16 10:00:00,29.6,57.0,0.0,9.0,23.4,12140.0,5.0,0.0
HYD,2026-09-16 11:00:00,29.9,54.0,0.0,7.0,22.0,10100.0,9.0,0.0
HYD,2026-09-16 12:00:00,30.6,51.0,0.1,7.1,19.4,6740.0,22.0,51.0
HYD,2026-09-16 13:00:00,31.2,49.0,0.3,8.5,20.9,4920.0,34.0,51.0
HYD,2026-09-16 14:00:00,31.1,50.0,0.6,9.4,20.9,5380.0,44.0,53.0
HYD,2026-09-16 15:00:00,30.9,51.0,0.5,9.9,20.5,5040.0,39.0,53.0
HYD,2026-09-16 16:00:00,30.4,53.0,0.3,10.5,20.2,8500.0,23.0,51.0
HYD,2026-09-16 17:00:00,29.7,59.0,0.0,4.7,18.7,20160.0,12.0,0.0
HYD,2026-09-16 18:00:00,28.3,67.0,0.0,1.5,7.2,20080.0,31.0,1.0
HYD,2026-09-16 19:00:00,27.3,71.0,0.0,3.8,5.0,18320.0,26.0,1.0
HYD,2026-09-16 20:00:00,26.6,75.0,0.0,3.5,5.0,10920.0,20.0,1.0
HYD,2026-09-16 21:00:00,26.1,77.0,0.0,2.3,4.3,18220.0,20.0,1.0
HYD,2026-09-16 22:00:00,25.8,76.0,0.0,1.5,3.2,18220.0,30.0,1.0
HYD,2026-09-16 23:00:00,25.4,77.0,0.0,4.9,2.2,16500.0,50.0,2.0
HYD,2026-09-17 00:00:00,25.0,78.0,0.0,5.5,8.3,16540.0,25.0,1.0
HYD,2026-09-17 01:00:00,24.9,76.0,0.0,7.3,10.8,16540.0,1.0,0.0
HYD,2026-09-17 02:00:00,24.7,76.0,0.0,9.0,14.4,16560.0,3.0,0.0
HYD,2026-09-17 03:00:00,24.5,77.0,0.0,7.8,14.4,16560.0,3.0,0.0
HYD,2026-09-17 04:00:00,24.3,79.0,0.0,7.1,12.6,16540.0,3.0,0.0
HYD,2026-09-17 05:00:00,24.6,81.0,0.0,5.7,11.2,16480.0,97.0,3.0
HYD,2026-09-17 06:00:00,24.5,82.0,0.1,7.7,13.0,5380.0,23.0,51.0
HYD,2026-09-17 07:00:00,25.5,81.0,0.1,5.4,11.9,15000.0,5.0,51.0
HYD,2026-09-17 08:00:00,27.1,74.0,0.0,8.7,19.1,16320.0,2.0,0.0
HYD,2026-09-17 09:00:00,28.7,66.0,0.0,8.3,20.2,18040.0,0.0,0.0
HYD,2026-09-17 10:00:00,30.0,59.0,0.1,8.1,20.5,9580.0,10.0,51.0
HYD,2026-09-17 11:00:00,30.4,54.0,0.1,10.2,21.2,7800.0,24.0,51.0
HYD,2026-09-17 12:00:00,30.8,52.0,0.2,11.5,24.8,6400.0,29.0,51.0
HYD,2026-09-17 13:00:00,31.3,51.0,0.2,11.9,25.9,7940.0,36.0,51.0
HYD,2026-09-17 14:00:00,31.2,52.0,0.1,12.1,25.9,9680.0,32.0,51.0
HYD,2026-09-17 15:00:00,31.0,53.0,0.1,12.2,25.2,7640.0,51.0,51.0
HYD,2026-09-17 16:00:00,30.6,55.0,0.1,10.4,24.1,8280.0,88.0,51.0
HYD,2026-09-17 17:00:00,30.3,59.0,0.1,8.1,19.4,19980.0,12.0,51.0
HYD,2026-09-17 18:00:00,28.8,63.0,0.0,7.0,13.3,19840.0,16.0,0.0
HYD,2026-09-17 19:00:00,27.9,67.0,0.0,5.5,11.2,18080.0,69.0,2.0
HYD,2026-09-17 20:00:00,27.3,72.0,0.0,3.9,7.9,18000.0,37.0,1.0
HYD,2026-09-17 21:00:00,26.7,74.0,0.0,4.0,5.4,17960.0,27.0,1.0
HYD,2026-09-17 22:00:00,26.3,77.0,0.0,2.1,5.8,16200.0,25.0,1.0
HYD,2026-09-17 23:00:00,26.6,77.0,0.0,1.0,5.8,16260.0,95.0,3.0
HYD,2026-09-18 00:00:00,25.8,81.0,0.0,5.3,9.4,11340.0,88.0,3.0
HYD,2026-09-18 01:00:00,23.2,91.0,1.8,8.0,23.0,2580.0,98.0,80.0
HYD,2026-09-18 02:00:00,23.5,92.0,0.7,4.9,10.8,5820.0,85.0,53.0
HYD,2026-09-18 03:00:00,23.5,93.0,0.1,1.5,9.0,9540.0,77.0,51.0
HYD,2026-09-18 04:00:00,23.4,96.0,0.0,4.1,6.8,7180.0,51.0,2.0
HYD,2026-09-18 05:00:00,23.4,94.0,0.0,2.1,11.5,10100.0,45.0,1.0
HYD,2026-09-18 06:00:00,23.5,94.0,0.0,3.8,5.8,10200.0,73.0,2.0
HYD,2026-09-18 07:00:00,24.4,90.0,0.0,8.0,16.2,12280.0,26.0,1.0
HYD,2026-09-18 08:00:00,26.1,80.0,0.0,10.0,21.2,16040.0,26.0,1.0
HYD,2026-09-18 09:00:00,27.9,70.0,0.0,11.2,24.5,16040.0,80.0,3.0
HYD,2026-09-18 10:00:00,29.2,64.0,0.0,11.7,25.2,17780.0,96.0,3.0
HYD,2026-09-18 11:00:00,29.3,63.0,0.0,11.5,28.8,17780.0,100.0,3.0
HYD,2026-09-18 12:00:00,29.8,61.0,0.1,12.8,27.7,17840.0,80.0,51.0
HYD,2026-09-18 13:00:00,30.2,58.0,0.0,11.2,27.4,8280.0,35.0,1.0
HYD,2026-09-18 14:00:00,30.3,57.0,0.2,11.6,25.2,6220.0,27.0,51.0
HYD,2026-09-18 15:00:00,30.2,58.0,0.2,10.9,25.2,8200.0,28.0,51.0
HYD,2026-09-18 16:00:00,29.2,64.0,0.7,11.1,23.0,6120.0,47.0,53.0
HYD,2026-09-18 17:00:00,28.3,70.0,0.1,10.9,21.2,7120.0,27.0,51.0
HYD,2026-09-18 18:00:00,27.1,76.0,0.1,7.4,19.1,13000.0,32.0,51.0
HYD,2026-09-18 19:00:00,26.7,81.0,0.0,3.8,11.5,15820.0,27.0,1.0
HYD,2026-09-18 20:00:00,26.0,84.0,0.0,4.2,6.1,13620.0,17.0,0.0
HYD,2026-09-18 21:00:00,25.4,87.0,0.0,3.8,10.4,13840.0,34.0,1.0
HYD,2026-09-18 22:00:00,25.1,88.0,0.0,6.1,10.4,11020.0,45.0,1.0
HYD,2026-09-18 23:00:00,23.7,92.0,0.0,8.3,10.1,3420.0,97.0,3.0
HYD,2026-09-19 00:00:00,23.7,94.0,0.4,5.4,13.0,8360.0,98.0,51.0
HYD,2026-09-19 01:00:00,23.5,94.0,0.0,3.5,9.0,10220.0,92.0,3.0
HYD,2026-09-19 02:00:00,23.4,95.0,0.0,3.1,6.1,10240.0,79.0,2.0
HYD,2026-09-19 03:00:00,23.2,97.0,0.0,1.9,5.0,7060.0,74.0,2.0
HYD,2026-09-19 04:00:00,23.1,97.0,0.0,3.5,5.4,7040.0,84.0,3.0
HYD,2026-09-19 05:00:00,23.8,94.0,0.0,4.4,9.0,10200.0,96.0,3.0
HYD,2026-09-19 06:00:00,23.9,94.0,0.0,5.1,7.2,6760.0,70.0,2.0
HYD,2026-09-19 07:00:00,25.4,87.0,0.0,6.2,12.6,9200.0,52.0,2.0
HYD,2026-09-19 08:00:00,27.3,74.0,0.0,9.9,20.2,14000.0,45.0,1.0
HYD,2026-09-19 09:00:00,28.2,67.0,0.2,10.5,22.7,6820.0,57.0,51.0
HYD,2026-09-19 10:00:00,29.3,63.0,0.1,8.6,22.7,7420.0,52.0,51.0
HYD,2026-09-19 11:00:00,30.0,63.0,0.1,8.7,21.2,11400.0,11.0,51.0
HYD,2026-09-19 12:00:00,30.8,60.0,0.0,10.3,24.1,19140.0,100.0,3.0
HYD,2026-09-19 13:00:00,30.1,60.0,0.0,9.4,24.1,13420.0,33.0,1.0
HYD,2026-09-19 14:00:00,30.8,59.0,0.0,9.3,22.0,11760.0,37.0,1.0
HYD,2026-09-19 15:00:00,30.0,61.0,0.3,10.1,21.6,6940.0,33.0,51.0
HYD,2026-09-19 16:00:00,30.2,59.0,0.1,8.6,20.9,8400.0,23.0,51.0
HYD,2026-09-19 17:00:00,29.3,62.0,0.2,5.1,17.3,16560.0,27.0,51.0
HYD,2026-09-19 18:00:00,27.6,74.0,0.0,1.5,8.3,17600.0,69.0,2.0
HYD,2026-09-19 19:00:00,27.0,77.0,0.0,0.5,2.2,15780.0,98.0,3.0
HYD,2026-09-19 20:00:00,26.6,79.0,0.0,1.0,1.4,15660.0,95.0,3.0
HYD,2026-09-19 21:00:00,26.2,82.0,0.0,3.3,4.7,15620.0,73.0,2.0
HYD,2026-09-19 22:00:00,25.8,84.0,0.0,3.5,5.4,15620.0,23.0,1.0
HYD,2026-09-19 23:00:00,25.5,85.0,0.0,4.4,5.4,13720.0,99.0,3.0
HYD,2026-09-20 00:00:00,25.4,83.0,0.0,5.7,9.0,13760.0,99.0,3.0
HYD,2026-09-20 01:00:00,25.1,85.0,0.0,4.9,9.4,13780.0,100.0,3.0
HYD,2026-09-20 02:00:00,25.0,85.0,0.0,5.1,8.6,13780.0,100.0,3.0
HYD,2026-09-20 03:00:00,24.8,86.0,0.0,4.5,8.3,13780.0,99.0,3.0
HYD,2026-09-20 04:00:00,24.3,86.0,0.0,7.5,11.5,13740.0,99.0,3.0
HYD,2026-09-20 05:00:00,24.1,86.0,1.4,12.0,23.0,11840.0,88.0,80.0
HYD,2026-09-20 06:00:00,23.4,87.0,0.0,5.2,20.2,11880.0,70.0,2.0
HYD,2026-09-20 07:00:00,24.9,81.0,0.0,10.2,18.4,13600.0,31.0,1.0
HYD,2026-09-20 08:00:00,26.1,75.0,0.0,11.4,23.8,12780.0,58.0,2.0
HYD,2026-09-20 09:00:00,27.1,71.0,0.2,3.8,23.0,6500.0,61.0,51.0
HYD,2026-09-20 10:00:00,28.0,68.0,0.4,0.6,13.7,7820.0,86.0,51.0
HYD,2026-09-20 11:00:00,27.6,69.0,0.1,2.7,12.6,17120.0,83.0,51.0
HYD,2026-09-20 12:00:00,28.4,66.0,0.1,1.0,12.6,9200.0,46.0,51.0
HYD,2026-09-20 13:00:00,29.1,63.0,0.0,1.5,12.6,11460.0,52.0,2.0
HYD,2026-09-20 14:00:00,29.6,60.0,0.0,3.1,13.3,8200.0,39.0,1.0
HYD,2026-09-20 15:00:00,29.8,57.0,0.1,1.8,13.3,7500.0,76.0,51.0
HYD,2026-09-20 16:00:00,29.6,58.0,0.1,1.0,10.4,19060.0,99.0,51.0
HYD,2026-09-20 17:00:00,28.6,64.0,0.0,7.0,8.6,16360.0,98.0,3.0
HYD,2026-09-20 18:00:00,27.3,74.0,0.1,4.2,11.5,7240.0,100.0,51.0
HYD,2026-09-20 19:00:00,27.0,75.0,0.0,5.8,8.6,15500.0,100.0,3.0
HYD,2026-09-20 20:00:00,26.7,77.0,0.0,6.5,11.9,15280.0,99.0,3.0
HYD,2026-09-20 21:00:00,26.1,81.0,0.0,4.3,10.8,15380.0,49.0,1.0
HYD,2026-09-20 22:00:00,25.6,85.0,0.0,3.7,6.5,13460.0,90.0,3.0
HYD,2026-09-20 23:00:00,25.7,76.0,0.0,5.2,5.8,15380.0,79.0,2.0
HYD,2026-09-21 00:00:00,25.0,81.0,0.0,4.0,8.3,13800.0,63.0,2.0
HYD,2026-09-21 01:00:00,24.7,83.0,0.0,1.9,5.8,14400.0,52.0,2.0
HYD,2026-09-21 02:00:00,24.4,84.0,0.0,1.6,2.9,14820.0,66.0,2.0
HYD,2026-09-21 03:00:00,24.1,85.0,0.0,2.4,3.2,13200.0,79.0,2.0
HYD,2026-09-21 04:00:00,23.8,87.0,0.0,3.5,5.0,13240.0,77.0,2.0
HYD,2026-09-21 05:00:00,23.6,93.0,0.0,3.5,5.0,9640.0,97.0,3.0
HYD,2026-09-21 06:00:00,23.7,93.0,0.0,4.4,6.1,9660.0,60.0,2.0
HYD,2026-09-21 07:00:00,25.0,85.0,0.0,5.4,12.2,13280.0,66.0,2.0
HYD,2026-09-21 08:00:00,26.5,75.0,0.0,5.6,15.1,10840.0,59.0,2.0
HYD,2026-09-21 09:00:00,27.7,68.0,0.2,6.6,17.6,8940.0,100.0,51.0
HYD,2026-09-21 10:00:00,28.8,63.0,0.1,7.3,19.4,7560.0,80.0,51.0
HYD,2026-09-21 11:00:00,28.9,61.0,0.1,8.1,20.2,7500.0,63.0,51.0
HYD,2026-09-21 12:00:00,29.8,60.0,0.1,8.0,21.2,9580.0,63.0,51.0
HYD,2026-09-21 13:00:00,30.5,59.0,0.1,9.9,24.1,5480.0,63.0,51.0
HYD,2026-09-21 14:00:00,30.8,57.0,0.1,9.2,24.1,18960.0,100.0,51.0
HYD,2026-09-21 15:00:00,28.2,66.0,0.2,18.1,29.2,4040.0,84.0,51.0
HYD,2026-09-21 16:00:00,26.5,81.0,0.5,8.2,37.1,6260.0,28.0,53.0
HYD,2026-09-21 17:00:00,27.8,69.0,0.1,8.6,16.9,17320.0,88.0,51.0
HYD,2026-09-21 18:00:00,26.6,75.0,0.0,4.4,14.0,15480.0,98.0,3.0
HYD,2026-09-21 19:00:00,26.4,77.0,0.0,7.5,11.9,14900.0,98.0,3.0
HYD,2026-09-21 20:00:00,26.1,79.0,0.0,7.0,13.7,14980.0,95.0,3.0
HYD,2026-09-21 21:00:00,25.6,83.0,0.0,4.5,11.5,15060.0,100.0,3.0
HYD,2026-09-21 22:00:00,25.3,84.0,0.0,5.2,7.9,13240.0,91.0,3.0
HYD,2026-09-21 23:00:00,25.2,86.0,0.0,6.5,12.6,13380.0,87.0,3.0
HYD,2026-09-22 00:00:00,24.9,88.0,0.0,6.0,11.2,11740.0,98.0,3.0
HYD,2026-09-22 01:00:00,24.6,90.0,0.0,6.0,10.1,11760.0,88.0,3.0
HYD,2026-09-22 02:00:00,24.4,92.0,0.0,7.8,12.6,9780.0,86.0,3.0
HYD,2026-09-22 03:00:00,24.0,93.0,0.0,8.6,14.4,9800.0,85.0,3.0
HYD,2026-09-22 04:00:00,23.8,92.0,0.0,9.1,14.8,9760.0,98.0,3.0
HYD,2026-09-22 05:00:00,23.9,93.0,0.0,11.0,16.2,9140.0,98.0,3.0
HYD,2026-09-22 06:00:00,23.8,92.0,0.0,11.3,18.4,9580.0,64.0,2.0
HYD,2026-09-22 07:00:00,25.1,84.0,0.0,12.2,22.0,10940.0,45.0,1.0
HYD,2026-09-22 08:00:00,26.6,76.0,0.0,14.7,28.4,12660.0,67.0,2.0
HYD,2026-09-22 09:00:00,28.0,68.0,0.0,14.2,28.8,14180.0,100.0,3.0
HYD,2026-09-22 10:00:00,28.7,64.0,0.0,14.3,28.8,16920.0,99.0,3.0
HYD,2026-09-22 11:00:00,29.2,61.0,0.0,15.5,30.2,16960.0,99.0,3.0
HYD,2026-09-22 12:00:00,30.2,57.0,0.0,16.0,34.2,10300.0,100.0,3.0
HYD,2026-09-22 13:00:00,30.5,56.0,0.0,15.7,33.8,14160.0,94.0,3.0
HYD,2026-09-22 14:00:00,31.0,54.0,0.0,16.5,32.0,18880.0,99.0,3.0
HYD,2026-09-22 15:00:00,30.0,56.0,0.1,18.1,34.2,7300.0,100.0,51.0
HYD,2026-09-22 16:00:00,29.0,62.0,0.1,14.8,33.5,17260.0,100.0,51.0
HYD,2026-09-22 17:00:00,26.6,79.0,0.1,11.7,26.6,3180.0,100.0,51.0
HYD,2026-09-22 18:00:00,25.5,88.0,0.4,6.5,19.8,6700.0,100.0,51.0
HYD,2026-09-22 19:00:00,25.3,91.0,0.1,7.4,10.8,4920.0,100.0,51.0
HYD,2026-09-22 20:00:00,24.5,92.0,0.3,11.0,18.0,6720.0,100.0,51.0
HYD,2026-09-22 21:00:00,23.9,94.0,0.0,13.7,22.3,9380.0,100.0,3.0
HYD,2026-09-22 22:00:00,23.4,94.0,0.0,13.7,22.3,8820.0,100.0,3.0
HYD,2026-09-22 23:00:00,23.7,92.0,0.0,13.7,24.1,9660.0,98.0,3.0
HYD,2026-09-23 00:00:00,23.5,92.0,0.0,13.6,23.0,9620.0,99.0,3.0
HYD,2026-09-23 01:00:00,23.6,92.0,0.0,11.7,22.3,8380.0,100.0,3.0
HYD,2026-09-23 02:00:00,23.5,93.0,0.0,14.8,24.5,8440.0,100.0,3.0
HYD,2026-09-23 03:00:00,23.3,93.0,0.0,17.0,28.4,9060.0,100.0,3.0
HYD,2026-09-23 04:00:00,23.1,91.0,0.0,18.8,32.0,6300.0,91.0,3.0
HYD,2026-09-23 05:00:00,22.9,94.0,0.1,17.8,31.3,9420.0,98.0,51.0
HYD,2026-09-23 06:00:00,22.9,93.0,0.0,17.3,30.2,7220.0,99.0,3.0
HYD,2026-09-23 07:00:00,24.1,87.0,0.0,17.5,33.5,9720.0,100.0,3.0
HYD,2026-09-23 08:00:00,25.2,82.0,0.0,22.5,37.4,8580.0,100.0,3.0
HYD,2026-09-23 09:00:00,26.5,76.0,0.0,25.2,45.0,8220.0,98.0,3.0
HYD,2026-09-23 10:00:00,27.2,73.0,0.1,23.5,45.4,7980.0,100.0,51.0
HYD,2026-09-23 11:00:00,28.3,67.0,0.1,22.8,42.8,16880.0,99.0,51.0
HYD,2026-09-23 12:00:00,28.0,70.0,0.2,23.5,46.4,7320.0,100.0,51.0
HYD,2026-09-23 13:00:00,28.8,65.0,0.1,23.0,46.8,11140.0,100.0,51.0
HYD,2026-09-23 14:00:00,28.9,63.0,0.1,24.1,45.7,6480.0,99.0,51.0
HYD,2026-09-23 15:00:00,28.3,67.0,0.1,21.9,43.6,17140.0,100.0,51.0
HYD,2026-09-23 16:00:00,27.6,69.0,0.1,20.4,42.1,9060.0,100.0,51.0
HYD,2026-09-23 17:00:00,25.9,84.0,0.0,15.0,35.6,13380.0,100.0,3.0
HYD,2026-09-23 18:00:00,25.7,86.0,0.3,16.0,27.0,4080.0,100.0,51.0
HYD,2026-09-23 19:00:00,25.5,87.0,0.5,16.0,26.3,4200.0,100.0,53.0
HYD,2026-09-23 20:00:00,25.2,88.0,0.6,15.9,26.6,3860.0,100.0,53.0
HYD,2026-09-23 21:00:00,24.9,89.0,0.3,15.8,27.0,7080.0,100.0,51.0
HYD,2026-09-23 22:00:00,22.7,96.0,0.5,23.9,48.6,3000.0,100.0,53.0
HYD,2026-09-23 23:00:00,22.6,94.0,0.9,20.2,46.4,2320.0,100.0,53.0
HYD,2026-09-24 00:00:00,23.0,94.0,1.1,13.7,33.5,4100.0,100.0,55.0
HYD,2026-09-24 01:00:00,23.3,94.0,0.5,15.2,24.8,3180.0,100.0,53.0
HYD,2026-09-24 02:00:00,23.2,93.0,0.9,18.0,29.9,3060.0,100.0,53.0
HYD,2026-09-24 03:00:00,22.9,93.0,1.0,19.1,32.0,3360.0,100.0,55.0
HYD,2026-09-24 04:00:00,22.6,93.0,1.0,19.8,34.2,2720.0,100.0,55.0
HYD,2026-09-24 05:00:00,22.7,93.0,0.6,19.0,33.1,4680.0,100.0,53.0
HYD,2026-09-24 06:00:00,22.8,92.0,0.2,19.1,32.0,6080.0,100.0,51.0
HYD,2026-09-24 07:00:00,23.3,92.0,0.5,15.4,31.3,4400.0,100.0,53.0
HYD,2026-09-24 08:00:00,23.8,91.0,0.1,17.4,29.5,7980.0,98.0,51.0
HYD,2026-09-24 09:00:00,25.1,83.0,0.2,23.1,41.4,4080.0,100.0,51.0
HYD,2026-09-24 10:00:00,25.7,81.0,0.2,22.5,40.7,10120.0,100.0,51.0
HYD,2026-09-24 11:00:00,27.0,73.0,0.0,22.0,50.0,15160.0,100.0,3.0
HYD,2026-09-24 12:00:00,27.4,73.0,0.1,25.1,47.5,6980.0,100.0,51.0
HYD,2026-09-24 13:00:00,27.9,71.0,0.2,23.6,50.0,11880.0,100.0,51.0
HYD,2026-09-24 14:00:00,29.0,67.0,0.1,25.6,53.3,17000.0,100.0,51.0
HYD,2026-09-24 15:00:00,28.8,67.0,0.1,23.5,53.3,9280.0,100.0,51.0
HYD,2026-09-24 16:00:00,27.8,72.0,0.0,17.3,40.7,12880.0,100.0,3.0
HYD,2026-09-24 17:00:00,27.2,75.0,0.0,20.2,29.9,12700.0,100.0,3.0
HYD,2026-09-24 18:00:00,26.0,77.0,0.0,17.1,34.2,15160.0,100.0,3.0
HYD,2026-09-24 19:00:00,25.8,76.0,0.0,17.6,29.2,14100.0,100.0,3.0
HYD,2026-09-24 20:00:00,26.0,77.0,0.0,18.0,31.0,14260.0,100.0,3.0
HYD,2026-09-24 21:00:00,25.6,83.0,0.0,18.6,31.0,12460.0,100.0,3.0
HYD,2026-09-24 22:00:00,25.7,81.0,0.0,19.8,33.1,15000.0,100.0,3.0
HYD,2026-09-24 23:00:00,26.5,67.0,0.0,23.3,33.1,16760.0,100.0,3.0
HYD,2026-09-25 00:00:00,26.0,66.0,0.0,23.0,39.6,16780.0,100.0,3.0
HYD,2026-09-25 01:00:00,25.8,65.0,0.0,22.0,38.9,16780.0,100.0,3.0
HYD,2026-09-25 02:00:00,25.7,64.0,0.0,23.2,39.2,16800.0,100.0,3.0
HYD,2026-09-25 03:00:00,25.4,65.0,0.0,22.9,39.6,16800.0,100.0,3.0
HYD,2026-09-25 04:00:00,24.9,66.0,0.0,23.2,39.2,16780.0,100.0,3.0
HYD,2026-09-25 05:00:00,25.0,68.0,0.0,24.7,40.0,16740.0,100.0,3.0
HYD,2026-09-25 06:00:00,24.6,70.0,0.0,24.4,42.1,16700.0,99.0,3.0
HYD,2026-09-25 07:00:00,24.9,71.0,0.0,24.5,41.4,16640.0,100.0,3.0
HYD,2026-09-25 08:00:00,25.8,71.0,0.0,22.8,42.8,14880.0,99.0,3.0
HYD,2026-09-25 09:00:00,26.8,70.0,0.0,25.7,45.4,16540.0,99.0,3.0
HYD,2026-09-25 10:00:00,27.7,65.0,0.0,27.0,47.5,16500.0,100.0,3.0
HYD,2026-09-25 11:00:00,28.0,60.0,0.0,26.0,48.2,18100.0,100.0,3.0
HYD,2026-09-25 12:00:00,29.0,55.0,0.0,26.2,47.2,10600.0,100.0,3.0
HYD,2026-09-25 13:00:00,29.6,52.0,0.0,26.4,47.9,18220.0,94.0,3.0
HYD,2026-09-25 14:00:00,30.2,49.0,0.0,25.9,47.2,20680.0,93.0,3.0
HYD,2026-09-25 15:00:00,30.0,50.0,0.0,25.6,46.1,20700.0,100.0,3.0
HYD,2026-09-25 16:00:00,29.4,53.0,0.0,21.2,44.6,18240.0,100.0,3.0
HYD,2026-09-25 17:00:00,28.3,59.0,0.0,16.6,36.0,18220.0,100.0,3.0
HYD,2026-09-25 18:00:00,27.9,58.0,0.0,19.0,31.7,18160.0,100.0,3.0
HYD,2026-09-25 19:00:00,27.5,59.0,0.0,19.2,31.7,18100.0,100.0,3.0
HYD,2026-09-25 20:00:00,27.2,61.0,0.0,20.8,34.9,18040.0,100.0,3.0
HYD,2026-09-25 21:00:00,27.1,60.0,0.0,21.6,36.4,17940.0,100.0,3.0
HYD,2026-09-25 22:00:00,26.6,61.0,0.0,20.6,36.4,17900.0,99.0,3.0
HYD,2026-09-25 23:00:00,26.3,62.0,0.0,21.6,36.4,16320.0,98.0,3.0
HYD,2026-09-26 00:00:00,25.6,64.0,0.0,20.9,37.1,16340.0,99.0,3.0
HYD,2026-09-26 01:00:00,25.1,67.0,0.0,21.0,35.3,16340.0,98.0,3.0
HYD,2026-09-26 02:00:00,24.5,69.0,0.0,20.5,35.6,16360.0,93.0,3.0
HYD,2026-09-26 03:00:00,24.0,71.0,0.0,19.8,34.6,16300.0,98.0,3.0
HYD,2026-09-26 04:00:00,23.6,73.0,0.0,19.9,33.5,14580.0,100.0,3.0
HYD,2026-09-26 05:00:00,23.5,75.0,0.0,20.2,33.8,14520.0,100.0,3.0
HYD,2026-09-26 06:00:00,23.1,75.0,0.0,19.1,34.2,14480.0,68.0,2.0
HYD,2026-09-26 07:00:00,23.8,74.0,0.0,18.5,33.5,14400.0,89.0,3.0
HYD,2026-09-26 08:00:00,25.1,69.0,0.0,21.4,38.5,15960.0,99.0,3.0
HYD,2026-09-26 09:00:00,26.6,65.0,0.0,21.7,40.0,15920.0,85.0,3.0
HYD,2026-09-26 10:00:00,27.9,62.0,0.0,22.7,42.5,15960.0,98.0,3.0
HYD,2026-09-26 11:00:00,28.7,59.0,0.0,19.5,42.5,17480.0,83.0,3.0
HYD,2026-09-26 12:00:00,29.4,58.0,0.1,20.1,38.5,6900.0,96.0,51.0
HYD,2026-09-26 13:00:00,29.8,58.0,0.1,18.5,39.6,13600.0,82.0,51.0
HYD,2026-09-26 14:00:00,30.1,57.0,0.0,18.6,38.9,15600.0,97.0,3.0
HYD,2026-09-26 15:00:00,29.8,58.0,0.1,18.3,38.9,11600.0,73.0,51.0
HYD,2026-09-26 16:00:00,29.3,60.0,0.0,16.1,38.5,7660.0,71.0,2.0
HYD,2026-09-26 17:00:00,27.5,74.0,0.1,8.3,28.8,5220.0,100.0,51.0
HYD,2026-09-26 18:00:00,24.1,86.0,0.4,21.4,36.0,3600.0,100.0,51.0
HYD,2026-09-26 19:00:00,22.7,91.0,0.4,12.5,35.3,7560.0,20.0,51.0
HYD,2026-09-26 20:00:00,22.9,87.0,0.0,12.0,22.0,12040.0,75.0,2.0
HYD,2026-09-26 21:00:00,23.0,84.0,0.0,10.0,19.4,12340.0,45.0,1.0
HYD,2026-09-26 22:00:00,23.1,83.0,0.0,11.2,18.0,12340.0,27.0,1.0
HYD,2026-09-26 23:00:00,22.8,85.0,0.0,9.6,18.7,12340.0,5.0,0.0
HYD,2026-09-27 00:00:00,22.5,84.0,0.0,8.6,15.5,12360.0,4.0,0.0
HYD,2026-09-27 01:00:00,22.5,83.0,0.0,9.1,14.4,12360.0,2.0,0.0
HYD,2026-09-27 02:00:00,22.5,84.0,0.0,9.6,15.5,12380.0,3.0,0.0
HYD,2026-09-27 03:00:00,22.6,84.0,0.0,9.6,15.5,12380.0,3.0,0.0
HYD,2026-09-27 04:00:00,22.4,84.0,0.0,9.0,15.5,12360.0,2.0,0.0
HYD,2026-09-27 05:00:00,22.8,79.0,0.0,9.6,14.4,14120.0,3.0,0.0
HYD,2026-09-27 06:00:00,22.6,81.0,0.0,9.5,15.5,14060.0,0.0,0.0
HYD,2026-09-27 07:00:00,24.0,78.0,0.0,9.0,16.6,14000.0,0.0,0.0
HYD,2026-09-27 08:00:00,25.6,73.0,0.0,10.7,22.0,13980.0,0.0,0.0
HYD,2026-09-27 09:00:00,27.2,68.0,0.0,11.5,24.8,15520.0,3.0,0.0
HYD,2026-09-27 10:00:00,28.6,62.0,0.0,11.8,25.9,15540.0,8.0,0.0
HYD,2026-09-27 11:00:00,29.6,56.0,0.0,10.2,25.9,17040.0,18.0,0.0
HYD,2026-09-27 12:00:00,30.3,49.0,0.0,10.2,23.8,19440.0,13.0,0.0
HYD,2026-09-27 13:00:00,30.8,45.0,0.0,10.7,23.8,19520.0,17.0,0.0
HYD,2026-09-27 14:00:00,30.8,45.0,0.0,9.3,23.8,19640.0,59.0,2.0
HYD,2026-09-27 15:00:00,30.6,45.0,0.0,9.0,20.9,19680.0,67.0,2.0
HYD,2026-09-27 16:00:00,30.0,48.0,0.0,9.9,19.1,19680.0,61.0,2.0
HYD,2026-09-27 17:00:00,28.9,59.0,0.0,5.2,17.6,17280.0,14.0,0.0
HYD,2026-09-27 18:00:00,27.2,61.0,0.0,5.9,8.6,17200.0,9.0,0.0
HYD,2026-09-27 19:00:00,26.7,61.0,0.0,7.4,11.2,17140.0,13.0,0.0
HYD,2026-09-27 20:00:00,26.0,64.0,0.0,6.6,11.9,17080.0,15.0,0.0
HYD,2026-09-27 21:00:00,25.4,67.0,0.0,6.1,10.1,17040.0,11.0,0.0
HYD,2026-09-27 22:00:00,25.1,69.0,0.0,4.3,8.3,17040.0,6.0,0.0
HYD,2026-09-27 23:00:00,25.1,70.0,0.0,2.3,5.8,15560.0,5.0,0.0
HYD,2026-09-28 00:00:00,24.6,72.0,0.0,1.8,3.2,15580.0,5.0,0.0
HYD,2026-09-28 01:00:00,24.1,73.0,0.0,0.6,2.5,15600.0,11.0,0.0
HYD,2026-09-28 02:00:00,23.4,76.0,0.0,0.5,1.1,15620.0,20.0,1.0
HYD,2026-09-28 03:00:00,23.0,77.0,0.0,0.7,1.4,14040.0,29.0,1.0
HYD,2026-09-28 04:00:00,22.9,77.0,0.0,0.4,1.4,14040.0,5.0,0.0
HYD,2026-09-28 05:00:00,22.2,81.0,0.0,4.4,1.8,13960.0,1.0,0.0
HYD,2026-09-28 06:00:00,22.1,81.0,0.0,5.9,9.0,13900.0,1.0,0.0
HYD,2026-09-28 07:00:00,24.5,75.0,0.0,4.9,11.9,13840.0,0.0,0.0
HYD,2026-09-28 08:00:00,27.4,62.0,0.0,1.5,11.2,15360.0,0.0,0.0
HYD,2026-09-28 09:00:00,29.1,54.0,0.0,2.8,11.9,16820.0,0.0,0.0
HYD,2026-09-28 10:00:00,30.2,48.0,0.0,6.2,17.3,19120.0,17.0,0.0
HYD,2026-09-28 11:00:00,30.7,47.0,0.0,7.6,20.2,19120.0,23.0,1.0
HYD,2026-09-28 12:00:00,31.1,45.0,0.0,9.2,22.0,19220.0,17.0,0.0
HYD,2026-09-28 13:00:00,31.3,43.0,0.0,10.2,23.0,19300.0,18.0,0.0
HYD,2026-09-28 14:00:00,31.1,44.0,0.0,10.2,23.0,11500.0,36.0,1.0
HYD,2026-09-28 15:00:00,30.7,44.0,0.0,12.1,23.4,15240.0,26.0,1.0
HYD,2026-09-28 16:00:00,30.1,46.0,0.0,13.3,25.2,19340.0,33.0,1.0
HYD,2026-09-28 17:00:00,29.2,51.0,0.0,7.7,23.8,19260.0,48.0,1.0
HYD,2026-09-28 18:00:00,27.5,56.0,0.0,7.0,13.0,16860.0,43.0,1.0
HYD,2026-09-28 19:00:00,26.5,61.0,0.0,6.1,10.8,16800.0,5.0,0.0
HYD,2026-09-28 20:00:00,26.2,65.0,0.0,4.1,8.3,16700.0,7.0,0.0
HYD,2026-09-28 21:00:00,25.4,68.0,0.0,5.0,6.5,16640.0,5.0,0.0
HYD,2026-09-28 22:00:00,24.7,71.0,0.0,5.7,7.9,15180.0,10.0,0.0
HYD,2026-09-28 23:00:00,24.4,74.0,0.0,4.9,7.9,15160.0,20.0,1.0
HYD,2026-09-29 00:00:00,24.1,76.0,0.0,3.5,6.5,15180.0,14.0,0.0
HYD,2026-09-29 01:00:00,23.4,79.0,0.0,3.9,5.4,13660.0,8.0,0.0
HYD,2026-09-29 02:00:00,22.9,82.0,0.0,3.0,5.4,13680.0,2.0,0.0
HYD,2026-09-29 03:00:00,22.4,83.0,0.0,2.2,4.0,13680.0,0.0,0.0
HYD,2026-09-29 04:00:00,22.1,84.0,0.0,1.5,3.2,13660.0,1.0,0.0
HYD,2026-09-29 05:00:00,22.7,86.0,0.0,3.8,2.9,11840.0,1.0,0.0
HYD,2026-09-29 06:00:00,22.8,86.0,0.0,4.5,6.1,11800.0,30.0,1.0
HYD,2026-09-29 07:00:00,25.0,77.0,0.0,4.3,10.1,13460.0,16.0,0.0
HYD,2026-09-29 08:00:00,26.7,68.0,0.0,5.4,14.4,14960.0,41.0,1.0
HYD,2026-09-29 09:00:00,28.4,54.0,0.0,7.1,18.4,16380.0,92.0,3.0
HYD,2026-09-29 10:00:00,29.7,47.0,0.0,5.4,18.7,18640.0,97.0,3.0
HYD,2026-09-29 11:00:00,30.5,43.0,0.0,6.8,16.9,18640.0,91.0,3.0
HYD,2026-09-29 12:00:00,31.1,42.0,0.0,8.7,21.6,18740.0,78.0,2.0
HYD,2026-09-29 13:00:00,31.4,42.0,0.0,10.7,23.8,18840.0,86.0,3.0
HYD,2026-09-29 14:00:00,31.3,41.0,0.0,11.9,24.8,20940.0,79.0,2.0
HYD,2026-09-29 15:00:00,31.0,42.0,0.0,12.9,25.9,20960.0,70.0,2.0
HYD,2026-09-29 16:00:00,30.5,43.0,0.0,11.4,25.2,18960.0,76.0,2.0
HYD,2026-09-29 17:00:00,29.1,53.0,0.0,6.3,20.5,18880.0,63.0,2.0
HYD,2026-09-29 18:00:00,27.2,59.0,0.0,5.8,10.4,16560.0,69.0,2.0
HYD,2026-09-29 19:00:00,26.2,65.0,0.0,5.3,8.6,16460.0,96.0,3.0
HYD,2026-09-29 20:00:00,25.8,68.0,0.0,3.6,7.2,14920.0,95.0,3.0
HYD,2026-09-29 21:00:00,25.3,71.0,0.0,2.5,4.7,14860.0,61.0,2.0
HYD,2026-09-29 22:00:00,24.8,74.0,0.0,1.6,3.6,14880.0,59.0,2.0
HYD,2026-09-29 23:00:00,24.6,73.0,0.0,1.5,2.2,14900.0,65.0,2.0
HYD,2026-09-30 00:00:00,23.9,75.0,0.0,0.5,2.2,14920.0,49.0,1.0
HYD,2026-09-30 01:00:00,23.0,77.0,0.0,1.1,1.8,13400.0,62.0,2.0
HYD,2026-09-30 02:00:00,22.4,79.0,0.0,1.4,2.2,13440.0,52.0,2.0
HYD,2026-09-30 03:00:00,21.9,81.0,0.0,1.5,2.2,13420.0,17.0,0.0
HYD,2026-09-30 04:00:00,21.7,82.0,0.0,1.4,2.5,13400.0,40.0,1.0
HYD,2026-09-30 05:00:00,22.1,77.0,0.0,2.3,2.9,13340.0,35.0,1.0
HYD,2026-09-30 06:00:00,22.3,79.0,0.0,1.2,3.2,13280.0,48.0,1.0
HYD,2026-09-30 07:00:00,24.6,71.0,0.0,2.3,7.6,13220.0,52.0,2.0
HYD,2026-09-30 08:00:00,26.8,63.0,0.0,2.7,10.4,14680.0,6.0,0.0
HYD,2026-09-30 09:00:00,28.5,53.0,0.0,5.3,15.1,16080.0,3.0,0.0
HYD,2026-09-30 10:00:00,30.0,45.0,0.0,6.6,18.4,18340.0,0.0,0.0
HYD,2026-09-30 11:00:00,30.8,43.0,0.0,6.3,18.4,18380.0,0.0,0.0
HYD,2026-09-30 12:00:00,31.6,41.0,0.0,7.4,19.8,20400.0,30.0,1.0
HYD,2026-09-30 13:00:00,32.2,39.0,0.0,10.4,23.4,20520.0,34.0,1.0
HYD,2026-09-30 14:00:00,32.0,38.0,0.0,12.3,25.2,20620.0,41.0,1.0
HYD,2026-09-30 15:00:00,31.6,40.0,0.0,13.1,25.6,20640.0,37.0,1.0
HYD,2026-09-30 16:00:00,30.8,43.0,0.0,12.1,25.2,18680.0,87.0,3.0
HYD,2026-09-30 17:00:00,29.5,49.0,0.0,8.0,21.6,18620.0,76.0,2.0
HYD,2026-09-30 18:00:00,27.8,55.0,0.0,5.8,13.3,18520.0,12.0,0.0
HYD,2026-09-30 19:00:00,27.0,56.0,0.0,6.1,9.0,16200.0,6.0,0.0
HYD,2026-09-30 20:00:00,26.5,56.0,0.0,6.6,9.4,18360.0,3.0,0.0
HYD,2026-09-30 21:00:00,26.1,57.0,0.0,7.0,10.4,16100.0,2.0,0.0
HYD,2026-09-30 22:00:00,25.2,62.0,0.0,6.3,10.4,16100.0,3.0,0.0
HYD,2026-09-30 23:00:00,24.5,69.0,0.0,5.4,9.7,14680.0,2.0,0.0
HYD,2026-10-01 00:00:00,23.7,74.0,0.0,4.9,7.2,14700.0,3.0,0.0
HYD,2026-10-01 01:00:00,23.3,78.0,0.0,4.0,6.8,13200.0,18.0,0.0
HYD,2026-10-01 02:00:00,22.9,79.0,0.0,3.4,5.4,13220.0,43.0,1.0
HYD,2026-10-01 03:00:00,22.7,80.0,0.0,2.0,4.3,13240.0,59.0,2.0
HYD,2026-10-01 04:00:00,22.4,81.0,0.0,1.3,2.9,13220.0,66.0,2.0
HYD,2026-10-01 05:00:00,22.6,82.0,0.0,2.4,1.8,13160.0,92.0,3.0
HYD,2026-10-01 06:00:00,22.9,82.0,0.0,1.3,3.2,13100.0,97.0,3.0
HYD,2026-10-01 07:00:00,24.9,76.0,0.0,1.7,6.8,13020.0,88.0,3.0
HYD,2026-10-01 08:00:00,26.9,67.0,0.0,4.3,12.6,14460.0,96.0,3.0
HYD,2026-10-01 09:00:00,28.5,60.0,0.0,7.1,18.0,15840.0,97.0,3.0
HYD,2026-10-01 10:00:00,30.0,51.0,0.0,8.3,20.5,18060.0,100.0,3.0
HYD,2026-10-01 11:00:00,30.9,45.0,0.0,10.4,22.3,18080.0,59.0,2.0
HYD,2026-10-01 12:00:00,31.7,42.0,0.0,10.7,24.5,18200.0,38.0,1.0
HYD,2026-10-01 13:00:00,32.1,40.0,0.0,10.5,24.5,20140.0,48.0,1.0
HYD,2026-10-01 14:00:00,32.4,39.0,0.0,11.8,24.8,20280.0,44.0,1.0
HYD,2026-10-01 15:00:00,32.0,39.0,0.0,13.0,25.6,20320.0,51.0,2.0
HYD,2026-10-01 16:00:00,31.2,42.0,0.0,12.9,25.2,20280.0,49.0,1.0
HYD,2026-10-01 17:00:00,29.0,56.0,0.0,8.8,22.7,9820.0,30.0,1.0
HYD,2026-10-01 18:00:00,27.9,58.0,0.0,8.0,15.1,15980.0,98.0,3.0
HYD,2026-10-01 19:00:00,27.3,59.0,0.0,7.9,12.6,15880.0,97.0,3.0
HYD,2026-10-01 20:00:00,26.8,60.0,0.0,8.7,14.0,15800.0,98.0,3.0
HYD,2026-10-01 21:00:00,26.2,63.0,0.0,6.8,13.7,15740.0,91.0,3.0
HYD,2026-10-01 22:00:00,25.5,67.0,0.0,5.9,10.8,14380.0,64.0,2.0
HYD,2026-10-01 23:00:00,25.0,71.0,0.0,5.3,8.6,14400.0,62.0,2.0
HYD,2026-10-02 00:00:00,24.7,72.0,0.0,5.6,7.6,14400.0,40.0,1.0
HYD,2026-10-02 01:00:00,24.4,72.0,0.0,5.8,8.3,14420.0,38.0,1.0
HYD,2026-10-02 02:00:00,24.0,74.0,0.0,5.1,7.6,14440.0,2.0,0.0
HYD,2026-10-02 03:00:00,23.6,76.0,0.0,4.4,6.5,14420.0,14.0,0.0
HYD,2026-10-02 04:00:00,23.2,78.0,0.0,3.6,5.8,12900.0,45.0,1.0
HYD,2026-10-02 05:00:00,23.1,80.0,0.0,4.4,5.8,12860.0,64.0,2.0
HYD,2026-10-02 06:00:00,23.0,82.0,0.0,3.9,6.5,12800.0,64.0,2.0
HYD,2026-10-02 07:00:00,24.9,75.0,0.0,3.9,10.1,12740.0,98.0,3.0
HYD,2026-10-02 08:00:00,26.9,67.0,0.0,4.9,13.3,14140.0,93.0,3.0
HYD,2026-10-02 09:00:00,28.5,58.0,0.0,8.2,19.4,15500.0,95.0,3.0
HYD,2026-10-02 10:00:00,29.7,51.0,0.0,10.5,23.8,15520.0,98.0,3.0
HYD,2026-10-02 11:00:00,30.4,47.0,0.0,11.8,25.9,9120.0,96.0,3.0
HYD,2026-10-02 12:00:00,31.4,43.0,0.0,11.8,26.3,17840.0,85.0,3.0
HYD,2026-10-02 13:00:00,31.9,40.0,0.0,13.9,28.8,19740.0,95.0,3.0
HYD,2026-10-02 14:00:00,31.9,38.0,0.0,13.3,29.2,19860.0,93.0,3.0
HYD,2026-10-02 15:00:00,31.7,38.0,0.0,12.8,26.6,19860.0,78.0,2.0
HYD,2026-10-02 16:00:00,31.0,40.0,0.0,14.3,25.6,19820.0,77.0,2.0
HYD,2026-10-02 17:00:00,29.8,44.0,0.0,10.6,25.2,17880.0,22.0,1.0
HYD,2026-10-02 18:00:00,28.2,47.0,0.0,9.0,18.0,17800.0,41.0,1.0
HYD,2026-10-02 19:00:00,27.3,51.0,0.0,7.9,14.8,17720.0,72.0,2.0
HYD,2026-10-02 20:00:00,26.7,54.0,0.0,8.9,14.0,15480.0,54.0,2.0
HYD,2026-10-02 21:00:00,26.0,58.0,0.0,9.0,14.8,15460.0,66.0,2.0
HYD,2026-10-02 22:00:00,25.2,64.0,0.0,8.1,14.4,14100.0,91.0,3.0
HYD,2026-10-02 23:00:00,24.6,69.0,0.0,6.9,13.0,14100.0,65.0,2.0
HYD,2026-10-03 00:00:00,23.5,75.0,0.0,5.6,10.8,12700.0,8.0,0.0
HYD,2026-10-03 01:00:00,22.7,79.0,0.0,4.7,8.6,12720.0,5.0,0.0
HYD,2026-10-03 02:00:00,22.4,80.0,0.0,4.8,6.8,12740.0,13.0,0.0
HYD,2026-10-03 03:00:00,22.3,80.0,0.0,4.8,7.2,12740.0,11.0,0.0
HYD,2026-10-03 04:00:00,22.2,81.0,0.0,4.7,7.6,12720.0,11.0,0.0
HYD,2026-10-03 05:00:00,22.4,84.0,0.0,3.7,7.2,12640.0,99.0,3.0
HYD,2026-10-03 06:00:00,22.3,87.0,0.0,2.7,5.0,10960.0,70.0,2.0
HYD,2026-10-03 07:00:00,24.4,79.0,0.0,2.7,8.6,12560.0,1.0,0.0
HYD,2026-10-03 08:00:00,26.4,72.0,0.0,4.7,13.7,12520.0,1.0,0.0
HYD,2026-10-03 09:00:00,28.0,62.0,0.0,6.9,18.4,13940.0,13.0,0.0
HYD,2026-10-03 10:00:00,29.1,55.0,0.0,7.1,19.8,9620.0,14.0,0.0
HYD,2026-10-03 11:00:00,29.8,48.0,0.1,7.8,19.4,10840.0,31.0,51.0
HYD,2026-10-03 12:00:00,30.4,45.0,0.1,7.1,20.5,6680.0,24.0,51.0
HYD,2026-10-03 13:00:00,30.7,45.0,0.1,6.9,19.8,9980.0,16.0,51.0
HYD,2026-10-03 14:00:00,30.7,45.0,0.0,7.5,19.4,9200.0,15.0,0.0
HYD,2026-10-03 15:00:00,30.4,46.0,0.2,5.5,19.1,5980.0,39.0,51.0
HYD,2026-10-03 16:00:00,30.0,48.0,0.3,4.7,14.8,5720.0,30.0,51.0
HYD,2026-10-03 17:00:00,28.6,59.0,0.1,7.6,11.5,6480.0,31.0,51.0
HYD,2026-10-03 18:00:00,27.1,67.0,0.1,6.9,13.3,11700.0,16.0,51.0
HYD,2026-10-03 19:00:00,26.4,70.0,0.0,4.9,11.2,14020.0,11.0,0.0
HYD,2026-10-03 20:00:00,25.9,71.0,0.0,5.3,7.9,13960.0,16.0,0.0
HYD,2026-10-03 21:00:00,25.5,70.0,0.0,6.4,10.1,13940.0,23.0,1.0
HYD,2026-10-03 22:00:00,25.0,73.0,0.0,5.7,10.4,13960.0,2.0,0.0
HYD,2026-10-03 23:00:00,24.9,78.0,0.0,7.0,9.0,12540.0,2.0,0.0
HYD,2026-10-04 00:00:00,24.3,81.0,0.0,6.2,11.2,12580.0,2.0,0.0
HYD,2026-10-04 01:00:00,23.9,83.0,0.0,5.5,9.7,10960.0,2.0,0.0
HYD,2026-10-04 02:00:00,23.4,86.0,0.0,5.2,8.6,10980.0,1.0,0.0
HYD,2026-10-04 03:00:00,23.0,88.0,0.0,4.9,7.9,9580.0,1.0,0.0
HYD,2026-10-04 04:00:00,22.6,91.0,0.0,4.3,7.6,9560.0,2.0,0.0
HYD,2026-10-04 05:00:00,22.8,89.0,0.0,4.2,6.1,9520.0,0.0,0.0
HYD,2026-10-04 06:00:00,22.9,89.0,0.0,4.1,6.1,9500.0,0.0,0.0
HYD,2026-10-04 07:00:00,24.8,82.0,0.0,5.0,11.5,10840.0,0.0,0.0
HYD,2026-10-04 08:00:00,26.6,73.0,0.0,6.7,16.6,12420.0,0.0,0.0
HYD,2026-10-04 09:00:00,28.0,64.0,0.0,6.4,18.0,13840.0,7.0,0.0
HYD,2026-10-04 10:00:00,29.4,53.0,0.0,5.6,18.4,13460.0,9.0,0.0
HYD,2026-10-04 11:00:00,30.3,47.0,0.0,4.8,17.6,17400.0,27.0,1.0
HYD,2026-10-04 12:00:00,31.4,44.0,0.0,3.5,16.6,17500.0,32.0,1.0
HYD,2026-10-04 13:00:00,32.1,40.0,0.0,1.0,15.1,19480.0,19.0,0.0
HYD,2026-10-04 14:00:00,32.3,38.0,0.0,2.8,11.9,19620.0,33.0,1.0
HYD,2026-10-04 15:00:00,31.8,37.0,0.0,9.6,19.4,19620.0,41.0,1.0
HYD,2026-10-04 16:00:00,31.1,39.0,0.0,11.7,23.0,19600.0,98.0,3.0
HYD,2026-10-04 17:00:00,29.9,44.0,0.0,7.0,21.2,17620.0,16.0,0.0
HYD,2026-10-04 18:00:00,28.4,48.0,0.0,6.0,12.2,17540.0,15.0,0.0
HYD,2026-10-04 19:00:00,27.4,53.0,0.0,5.4,9.4,17460.0,16.0,0.0
HYD,2026-10-04 20:00:00,26.8,56.0,0.0,4.8,7.2,17380.0,4.0,0.0
HYD,2026-10-04 21:00:00,26.0,60.0,0.0,6.9,10.8,15240.0,2.0,0.0
HYD,2026-10-04 22:00:00,25.3,66.0,0.0,7.9,13.3,13880.0,0.0,0.0
HYD,2026-10-04 23:00:00,24.9,71.0,0.0,7.8,13.0,13900.0,0.0,0.0
HYD,2026-10-05 00:00:00,24.1,76.0,0.0,6.9,12.6,12480.0,0.0,0.0
HYD,2026-10-05 01:00:00,23.6,80.0,0.0,6.2,11.2,12500.0,0.0,0.0
HYD,2026-10-05 02:00:00,23.1,83.0,0.0,5.4,10.1,12560.0,0.0,0.0
HYD,2026-10-05 03:00:00,22.7,85.0,0.0,5.0,8.3,10900.0,0.0,0.0
HYD,2026-10-05 04:00:00,22.5,86.0,0.0,5.6,8.6,10880.0,0.0,0.0
HYD,2026-10-05 05:00:00,22.5,90.0,0.0,5.2,8.6,9460.0,0.0,0.0
HYD,2026-10-05 06:00:00,22.5,91.0,0.0,4.2,7.6,9420.0,0.0,0.0
HYD,2026-10-05 07:00:00,24.5,82.0,0.0,2.9,10.1,10740.0,0.0,0.0
HYD,2026-10-05 08:00:00,26.7,67.0,0.0,1.5,10.1,13760.0,0.0,0.0
HYD,2026-10-05 09:00:00,28.5,55.0,0.0,1.2,11.5,15080.0,11.0,0.0
HYD,2026-10-05 10:00:00,29.9,43.0,0.0,3.9,15.1,17200.0,4.0,0.0
HYD,2026-10-05 11:00:00,30.8,38.0,0.0,4.4,19.1,19080.0,6.0,0.0
HYD,2026-10-05 12:00:00,31.7,34.0,0.0,9.1,22.0,19240.0,3.0,0.0
HYD,2026-10-05 13:00:00,32.1,31.0,0.0,14.7,29.9,19420.0,3.0,0.0
HYD,2026-10-05 14:00:00,31.6,29.0,0.0,17.9,34.6,19520.0,1.0,0.0
HYD,2026-10-05 15:00:00,31.1,29.0,0.0,17.6,34.6,19540.0,0.0,0.0
HYD,2026-10-05 16:00:00,30.1,31.0,0.0,16.5,32.8,19500.0,1.0,0.0
HYD,2026-10-05 17:00:00,28.8,42.0,0.0,9.5,29.2,17460.0,0.0,0.0
HYD,2026-10-05 18:00:00,27.4,49.0,0.0,6.9,15.8,17400.0,0.0,0.0
HYD,2026-10-05 19:00:00,26.4,56.0,0.0,5.2,10.8,17340.0,1.0,0.0
HYD,2026-10-05 20:00:00,25.8,53.0,0.0,6.2,9.4,17260.0,1.0,0.0
HYD,2026-10-05 21:00:00,25.1,53.0,0.0,5.8,9.0,17180.0,1.0,0.0
HYD,2026-10-05 22:00:00,24.8,54.0,0.0,4.2,7.9,17200.0,0.0,0.0
HYD,2026-10-05 23:00:00,24.1,52.0,0.0,6.1,5.4,17240.0,0.0,0.0
HYD,2026-10-06 00:00:00,22.9,56.0,0.0,6.4,9.0,17280.0,0.0,0.0
HYD,2026-10-06 01:00:00,22.0,60.0,0.0,6.6,10.1,15180.0,0.0,0.0
HYD,2026-10-06 02:00:00,21.3,65.0,0.0,6.1,10.1,15200.0,0.0,0.0
HYD,2026-10-06 03:00:00,20.9,69.0,0.0,5.6,9.0,13800.0,0.0,0.0
HYD,2026-10-06 04:00:00,20.8,71.0,0.0,4.7,7.9,13760.0,0.0,0.0
HYD,2026-10-06 05:00:00,21.1,84.0,0.0,5.7,6.8,12280.0,0.0,0.0
HYD,2026-10-06 06:00:00,21.0,90.0,0.0,5.4,8.3,9260.0,0.0,0.0
HYD,2026-10-06 07:00:00,23.8,82.0,0.0,5.9,13.7,10580.0,3.0,0.0
HYD,2026-10-06 08:00:00,26.5,63.0,0.0,3.6,12.6,13540.0,14.0,0.0
HYD,2026-10-06 09:00:00,28.2,51.0,0.0,5.8,16.9,16960.0,27.0,1.0
HYD,2026-10-06 10:00:00,29.8,43.0,0.0,8.2,20.5,17000.0,8.0,0.0
HYD,2026-10-06 11:00:00,30.8,38.0,0.0,14.5,25.6,18840.0,9.0,0.0
HYD,2026-10-06 12:00:00,31.5,35.0,0.0,14.7,31.3,19020.0,9.0,0.0
HYD,2026-10-06 13:00:00,32.0,33.0,0.0,15.3,31.0,19140.0,17.0,0.0
HYD,2026-10-06 14:00:00,31.8,33.0,0.0,15.4,31.3,19260.0,42.0,1.0
HYD,2026-10-06 15:00:00,31.3,33.0,0.0,14.8,30.6,19280.0,89.0,3.0
HYD,2026-10-06 16:00:00,30.4,37.0,0.0,15.4,28.1,19220.0,86.0,3.0
HYD,2026-10-06 17:00:00,29.4,43.0,0.0,13.0,27.4,17280.0,38.0,1.0
HYD,2026-10-06 18:00:00,28.6,44.0,0.0,11.4,21.6,17160.0,32.0,1.0
HYD,2026-10-06 19:00:00,27.7,47.0,0.0,9.9,18.7,17060.0,9.0,0.0
HYD,2026-10-06 20:00:00,26.6,52.0,0.0,7.1,16.2,16960.0,2.0,0.0
HYD,2026-10-06 21:00:00,25.6,59.0,0.0,4.9,11.2,14820.0,2.0,0.0
HYD,2026-10-06 22:00:00,25.3,60.0,0.0,5.4,6.5,14820.0,1.0,0.0
HYD,2026-10-06 23:00:00,25.4,58.0,0.0,7.4,10.8,14840.0,2.0,0.0
HYD,2026-10-07 00:00:00,24.7,59.0,0.0,8.1,13.0,14860.0,3.0,0.0
HYD,2026-10-07 01:00:00,23.9,63.0,0.0,6.6,13.0,13540.0,2.0,0.0
HYD,2026-10-07 02:00:00,23.0,70.0,0.0,5.2,10.4,13560.0,2.0,0.0
HYD,2026-10-07 03:00:00,22.5,74.0,0.0,5.1,8.3,13520.0,1.0,0.0
HYD,2026-10-07 04:00:00,22.2,79.0,0.0,3.4,7.6,12080.0,0.0,0.0
HYD,2026-10-07 05:00:00,21.9,86.0,0.0,4.2,5.0,10460.0,0.0,0.0
HYD,2026-10-07 06:00:00,21.9,89.0,0.0,3.7,5.8,9080.0,0.0,0.0
HYD,2026-10-07 07:00:00,24.0,82.0,0.0,4.3,11.2,10360.0,0.0,0.0
HYD,2026-10-07 08:00:00,26.3,71.0,0.0,6.6,16.2,11880.0,0.0,0.0
HYD,2026-10-07 09:00:00,28.3,58.0,0.0,10.0,25.6,14540.0,35.0,1.0
HYD,2026-10-07 10:00:00,29.5,51.0,0.0,12.3,29.2,12800.0,44.0,1.0
HYD,2026-10-07 11:00:00,30.5,43.0,0.0,14.0,29.2,16660.0,39.0,1.0
HYD,2026-10-07 12:00:00,31.0,40.0,0.0,14.1,30.2,9160.0,32.0,1.0
HYD,2026-10-07 13:00:00,30.9,40.0,0.1,14.5,30.2,8580.0,22.0,51.0
HYD,2026-10-07 14:00:00,30.4,42.0,0.1,13.8,29.9,9400.0,31.0,51.0
HYD,2026-10-07 15:00:00,30.0,44.0,0.1,12.4,28.4,9440.0,16.0,51.0
HYD,2026-10-07 16:00:00,29.5,46.0,0.0,10.8,25.2,15060.0,31.0,1.0
HYD,2026-10-07 17:00:00,29.2,46.0,0.0,12.7,20.5,16860.0,17.0,0.0
HYD,2026-10-07 18:00:00,27.9,51.0,0.0,10.4,21.2,14700.0,4.0,0.0
HYD,2026-10-07 19:00:00,27.0,56.0,0.0,8.2,16.9,14640.0,2.0,0.0
HYD,2026-10-07 20:00:00,26.0,62.0,0.0,6.2,13.3,14540.0,2.0,0.0
HYD,2026-10-07 21:00:00,25.2,66.0,0.0,5.2,9.7,13200.0,1.0,0.0
HYD,2026-10-07 22:00:00,24.7,70.0,0.0,5.0,7.9,13180.0,1.0,0.0
HYD,2026-10-07 23:00:00,24.6,72.0,0.0,6.2,6.8,13180.0,1.0,0.0
HYD,2026-10-08 00:00:00,23.7,77.0,0.0,4.7,9.4,11840.0,2.0,0.0
HYD,2026-10-08 01:00:00,23.1,81.0,0.0,4.3,6.5,11880.0,1.0,0.0
HYD,2026-10-08 02:00:00,22.6,84.0,0.0,4.5,6.8,10340.0,0.0,0.0
HYD,2026-10-08 03:00:00,22.2,88.0,0.0,4.8,6.8,10340.0,0.0,0.0
HYD,2026-10-08 04:00:00,21.8,92.0,0.0,4.4,7.2,9000.0,0.0,0.0
HYD,2026-10-08 05:00:00,22.2,90.0,0.0,5.0,6.1,8980.0,0.0,0.0
HYD,2026-10-08 06:00:00,22.3,90.0,0.0,5.5,8.3,8940.0,0.0,0.0
HYD,2026-10-08 07:00:00,24.4,81.0,0.0,5.1,12.2,10220.0,0.0,0.0
HYD,2026-10-08 08:00:00,26.7,67.0,0.0,6.8,16.6,13080.0,0.0,0.0
HYD,2026-10-08 09:00:00,28.5,59.0,0.0,7.7,19.8,14340.0,0.0,0.0
HYD,2026-10-08 10:00:00,29.9,50.0,0.0,8.3,21.6,16420.0,13.0,0.0
HYD,2026-10-08 11:00:00,31.1,40.0,0.0,9.4,22.3,10080.0,22.0,1.0
HYD,2026-10-08 12:00:00,31.7,37.0,0.0,9.4,23.0,18320.0,20.0,1.0
HYD,2026-10-08 13:00:00,32.0,36.0,0.0,10.6,24.5,18480.0,10.0,0.0
HYD,2026-10-08 14:00:00,31.8,37.0,0.0,11.2,24.8,18600.0,11.0,0.0
HYD,2026-10-08 15:00:00,31.4,38.0,0.0,10.6,24.8,18660.0,5.0,0.0
HYD,2026-10-08 16:00:00,30.7,40.0,0.0,10.2,22.7,18640.0,4.0,0.0
HYD,2026-10-08 17:00:00,29.6,47.0,0.0,10.5,19.8,16780.0,5.0,0.0
HYD,2026-10-08 18:00:00,28.6,49.0,0.0,8.9,17.6,16700.0,2.0,0.0
HYD,2026-10-08 19:00:00,27.9,54.0,0.0,6.9,14.4,14560.0,3.0,0.0
HYD,2026-10-08 20:00:00,27.1,59.0,0.0,6.1,11.2,14480.0,3.0,0.0
HYD,2026-10-08 21:00:00,26.3,64.0,0.0,5.4,9.7,13140.0,2.0,0.0
HYD,2026-10-08 22:00:00,25.7,68.0,0.0,5.1,8.3,13120.0,1.0,0.0
HYD,2026-10-08 23:00:00,25.5,69.0,0.0,6.0,7.9,13140.0,0.0,0.0
HYD,2026-10-09 00:00:00,24.6,73.0,0.0,5.7,9.4,13200.0,1.0,0.0
HYD,2026-10-09 01:00:00,24.0,76.0,0.0,5.1,8.6,11840.0,0.0,0.0
HYD,2026-10-09 02:00:00,23.5,79.0,0.0,4.3,7.2,11880.0,0.0,0.0
HYD,2026-10-09 03:00:00,23.2,80.0,0.0,3.3,5.8,11880.0,0.0,0.0
HYD,2026-10-09 04:00:00,23.0,81.0,0.0,2.3,4.3,11860.0,9.0,0.0
HYD,2026-10-09 05:00:00,22.7,83.0,0.0,3.4,3.2,11820.0,15.0,0.0
HYD,2026-10-09 06:00:00,22.8,84.0,0.0,1.9,4.3,11780.0,0.0,0.0
HYD,2026-10-09 07:00:00,24.9,74.0,0.0,2.0,7.9,11720.0,0.0,0.0
HYD,2026-10-09 08:00:00,27.0,65.0,0.0,5.1,13.7,13040.0,0.0,0.0
HYD,2026-10-09 09:00:00,28.7,56.0,0.0,7.4,19.4,14320.0,0.0,0.0
HYD,2026-10-09 10:00:00,30.2,48.0,0.0,8.5,21.6,16380.0,48.0,1.0
HYD,2026-10-09 11:00:00,31.8,38.0,0.0,11.8,24.1,18180.0,16.0,0.0
HYD,2026-10-09 12:00:00,32.4,34.0,0.0,12.9,28.1,18340.0,25.0,1.0
HYD,2026-10-09 13:00:00,32.8,32.0,0.0,12.9,28.1,18500.0,16.0,0.0
HYD,2026-10-09 14:00:00,32.8,32.0,0.0,13.5,27.7,18640.0,9.0,0.0
HYD,2026-10-09 15:00:00,32.4,32.0,0.0,13.7,27.7,18660.0,10.0,0.0
HYD,2026-10-09 16:00:00,31.7,34.0,0.0,13.8,27.0,18660.0,2.0,0.0
HYD,2026-10-09 17:00:00,30.0,40.0,0.0,9.3,24.8,18620.0,3.0,0.0
HYD,2026-10-09 18:00:00,28.2,45.0,0.0,7.6,15.8,16660.0,3.0,0.0
HYD,2026-10-09 19:00:00,27.3,49.0,0.0,6.8,12.6,16580.0,3.0,0.0
HYD,2026-10-09 20:00:00,26.5,53.0,0.0,6.5,10.4,16460.0,1.0,0.0
HYD,2026-10-09 21:00:00,25.5,57.0,0.0,6.1,10.1,14360.0,0.0,0.0
HYD,2026-10-09 22:00:00,24.7,61.0,0.0,5.9,9.0,14380.0,0.0,0.0
HYD,2026-10-09 23:00:00,24.0,65.0,0.0,5.6,9.0,14420.0,0.0,0.0
HYD,2026-10-10 00:00:00,23.4,68.0,0.0,4.7,7.6,13140.0,0.0,0.0
HYD,2026-10-10 01:00:00,23.0,68.0,0.0,4.8,6.8,13180.0,0.0,0.0
HYD,2026-10-10 02:00:00,23.0,68.0,0.0,3.5,6.5,13220.0,0.0,0.0
HYD,2026-10-10 03:00:00,22.6,68.0,0.0,3.8,5.0,13240.0,0.0,0.0
HYD,2026-10-10 04:00:00,22.6,68.0,0.0,2.4,5.0,13240.0,0.0,0.0
HYD,2026-10-10 05:00:00,22.6,68.0,0.0,1.1,3.2,13180.0,0.0,0.0
HYD,2026-10-10 06:00:00,22.4,71.0,0.0,1.0,1.8,13120.0,0.0,0.0
HYD,2026-10-10 07:00:00,24.6,63.0,0.0,3.4,8.6,13040.0,0.0,0.0
HYD,2026-10-10 08:00:00,27.3,54.0,0.0,1.9,10.1,14300.0,0.0,0.0
HYD,2026-10-10 09:00:00,29.5,46.0,0.0,5.8,15.8,16320.0,0.0,0.0
HYD,2026-10-10 10:00:00,31.2,38.0,0.0,11.2,24.5,18100.0,0.0,0.0
HYD,2026-10-10 11:00:00,32.2,34.0,0.0,14.5,30.2,18220.0,0.0,0.0
HYD,2026-10-10 12:00:00,32.8,32.0,0.0,15.0,31.3,18380.0,1.0,0.0
HYD,2026-10-10 13:00:00,33.1,31.0,0.0,15.2,31.3,18500.0,18.0,0.0
HYD,2026-10-10 14:00:00,33.1,30.0,0.0,15.1,31.3,18640.0,33.0,1.0
HYD,2026-10-10 15:00:00,32.7,30.0,0.0,15.1,30.2,18680.0,50.0,2.0
HYD,2026-10-10 16:00:00,31.8,32.0,0.0,15.5,29.2,18600.0,15.0,0.0
HYD,2026-10-10 17:00:00,29.9,42.0,0.0,13.0,27.7,16640.0,2.0,0.0
HYD,2026-10-10 18:00:00,28.4,46.0,0.0,10.5,21.6,16540.0,2.0,0.0
HYD,2026-10-10 19:00:00,27.6,49.0,0.0,8.9,17.3,16440.0,2.0,0.0
HYD,2026-10-10 20:00:00,26.9,52.0,0.0,8.3,14.4,14300.0,3.0,0.0
HYD,2026-10-10 21:00:00,26.2,56.0,0.0,7.2,13.3,14260.0,2.0,0.0
HYD,2026-10-10 22:00:00,25.3,61.0,0.0,6.2,11.5,14240.0,2.0,0.0
HYD,2026-10-10 23:00:00,24.6,64.0,0.0,5.6,9.4,14260.0,1.0,0.0
HYD,2026-10-11 00:00:00,24.3,65.0,0.0,5.2,7.9,14300.0,1.0,0.0
HYD,2026-10-11 01:00:00,24.0,66.0,0.0,4.8,7.2,14360.0,1.0,0.0
HYD,2026-10-11 02:00:00,23.7,67.0,0.0,5.1,6.5,13060.0,1.0,0.0
HYD,2026-10-11 03:00:00,23.3,68.0,0.0,5.2,7.9,13060.0,0.0,0.0
HYD,2026-10-11 04:00:00,22.9,70.0,0.0,4.7,7.6,13060.0,0.0,0.0
HYD,2026-10-11 05:00:00,22.6,71.0,0.0,4.6,6.5,13000.0,0.0,0.0
HYD,2026-10-11 06:00:00,22.6,72.0,0.0,4.9,6.8,12940.0,0.0,0.0
HYD,2026-10-11 07:00:00,25.1,63.0,0.0,6.2,12.2,12840.0,0.0,0.0
HYD,2026-10-11 08:00:00,27.7,54.0,0.0,6.4,15.1,14060.0,0.0,0.0
HYD,2026-10-11 09:00:00,29.6,45.0,0.0,12.1,24.8,16040.0,0.0,0.0
HYD,2026-10-11 10:00:00,30.8,41.0,0.0,14.3,30.2,16080.0,0.0,0.0
HYD,2026-10-11 11:00:00,31.6,39.0,0.0,14.7,31.3,17900.0,0.0,0.0
HYD,2026-10-11 12:00:00,32.2,36.0,0.0,15.6,32.4,18060.0,13.0,0.0
HYD,2026-10-11 13:00:00,32.2,35.0,0.0,16.3,33.1,9940.0,13.0,0.0
HYD,2026-10-11 14:00:00,32.0,36.0,0.0,15.1,32.8,13740.0,22.0,1.0
HYD,2026-10-11 15:00:00,31.9,36.0,0.0,14.7,30.6,18280.0,20.0,1.0
HYD,2026-10-11 16:00:00,31.0,37.0,0.0,15.2,29.2,18240.0,21.0,1.0
HYD,2026-10-11 17:00:00,29.6,41.0,0.0,12.0,27.7,16340.0,2.0,0.0
HYD,2026-10-11 18:00:00,28.2,45.0,0.0,9.5,20.2,16260.0,0.0,0.0
HYD,2026-10-11 19:00:00,27.5,48.0,0.0,9.8,16.2,16160.0,0.0,0.0
HYD,2026-10-11 20:00:00,26.7,52.0,0.0,8.7,15.8,14080.0,0.0,0.0
HYD,2026-10-11 21:00:00,25.9,56.0,0.0,6.9,14.0,14040.0,0.0,0.0
HYD,2026-10-11 22:00:00,25.1,61.0,0.0,5.8,10.8,14020.0,0.0,0.0
HYD,2026-10-11 23:00:00,24.9,62.0,0.0,5.5,7.9,14040.0,0.0,0.0
