flight_id,flight_date,origin,flight_number,airline,airline_name,dest,dest_name,is_international,aircraft_reg,aircraft_model,terminal,sched_dep,took_off,sched_arr,landed,minutes_after_schedule,arrival_delay_min,status,dep_hour,prev_flight_number,prev_origin,prev_arrival_delay_min,temperature_c,precipitation_mm,wind_gusts_kmh,visibility_m,weather_condition
241,2026-10-05,HYD,6E 1273,6E,IndiGo,MCT,Muscat,t,VT-IWN,Airbus A321 NEO,,2026-10-05 00:05:00,2026-10-05 00:15:00,2026-10-05 01:50:00,,10,,on time,0,,,,24.1,0.00,12.6,12480.0,dry and calm
242,2026-10-05,BLR,AI 2758,AI,Air India,DEL,New Delhi,f,VT-EXU,Airbus A320 (Sharklets),2,2026-10-05 00:15:00,2026-10-05 00:23:00,2026-10-05 02:42:00,,8,,on time,0,,,,22.9,0.00,13.0,16000.0,dry and calm
243,2026-10-05,BOM,VJ 884,VJ,VietJetAir,SGN,Ho Chi Minh City,t,VN-A580,Airbus A321,2,2026-10-05 00:15:00,2026-10-05 00:40:00,2026-10-05 07:15:00,,25,,on time,0,,,,28.3,0.00,16.6,16820.0,dry and calm
244,2026-10-05,BLR,ET 3433,ET,Ethiopian,ADD,Addis Ababa,t,ET-AVX,Boeing 737-800,2,2026-10-05 00:20:00,,,,,,no actual time,0,,,,22.9,0.00,13.0,16000.0,dry and calm
245,2026-10-05,BOM,6E 91,6E,IndiGo,JED,Jeddah,t,VT-IRW,Airbus A320,2,2026-10-05 00:25:00,2026-10-05 00:54:00,2026-10-05 03:10:00,,29,,on time,0,,,,28.3,0.00,16.6,16820.0,dry and calm
246,2026-10-05,HYD,MH 199,MH,Malaysia,KUL,Kuala Lumpur,t,9M-MXV,Boeing 737-800,,2026-10-05 00:25:00,2026-10-05 01:03:00,2026-10-05 07:40:00,,38,,late,0,,,,24.1,0.00,12.6,12480.0,dry and calm
247,2026-10-05,BOM,6E 6187,6E,IndiGo,HYD,Hyderabad,f,VT-IQS,Airbus A320,2,2026-10-05 00:30:00,2026-10-05 00:37:00,2026-10-05 02:10:00,2026-10-05 01:38:00,7,-32,on time,0,,,,28.3,0.00,16.6,16820.0,dry and calm
248,2026-10-05,BOM,QP 1135,QP,Akasa Air,CCU,Kolkata,f,,Boeing 737,2,2026-10-05 00:35:00,2026-10-05 01:01:00,2026-10-05 03:20:00,,26,,on time,0,,,,28.3,0.00,16.6,16820.0,dry and calm
249,2026-10-05,BLR,MH 193,MH,Malaysia,KUL,Kuala Lumpur,t,9M-MLU,Boeing 737-800,2,2026-10-05 00:40:00,2026-10-05 01:27:00,2026-10-05 07:50:00,,47,,late,0,,,,22.9,0.00,13.0,16000.0,dry and calm
250,2026-10-05,BOM,LX 155,LX,SWISS,ZRH,Zurich,t,HB-JHD,Airbus A330,2,2026-10-05 00:40:00,2026-10-05 00:58:00,2026-10-05 06:20:00,2026-10-05 06:22:00,18,2,on time,0,,,,28.3,0.00,16.6,16820.0,dry and calm
251,2026-10-05,BOM,QP 1516,QP,Akasa Air,BLR,Bangalore,f,VT-YAC,Boeing 737,2,2026-10-05 00:40:00,2026-10-05 00:51:00,2026-10-05 02:35:00,,11,,on time,0,,,,28.3,0.00,16.6,16820.0,dry and calm
252,2026-10-05,BOM,6E 1049,6E,IndiGo,BKK,Bangkok,t,VT-NCH,Airbus A320,2,2026-10-05 00:45:00,2026-10-05 01:04:00,2026-10-05 06:55:00,2026-10-05 06:29:00,19,-26,on time,0,,,,28.3,0.00,16.6,16820.0,dry and calm
253,2026-10-05,BLR,6E 1605,6E,IndiGo,DPS,Denpasar-Bali Island,t,VT-IXF,Airbus A320 NEO,2,2026-10-05 00:50:00,2026-10-05 01:04:00,2026-10-05 10:20:00,,14,,on time,0,,,,22.9,0.00,13.0,16000.0,dry and calm
254,2026-10-05,BLR,TG 326,TG,Thai  International,BKK,Bangkok,t,HS-THU,Airbus A350-900,2,2026-10-05 00:55:00,2026-10-05 01:40:00,2026-10-05 06:20:00,2026-10-05 06:16:00,45,-4,late,0,,,,22.9,0.00,13.0,16000.0,dry and calm
255,2026-10-05,BOM,VZ 761,VZ,Thai Vietjet Air,BKK,Bangkok,t,HS-VZF,Boeing 737,2,2026-10-05 00:55:00,2026-10-05 01:40:00,2026-10-05 06:50:00,2026-10-05 07:04:00,45,14,late,0,,,,28.3,0.00,16.6,16820.0,dry and calm
256,2026-10-05,BLR,6E 5293,6E,IndiGo,BOM,Mumbai,f,VT-NOT,Airbus A321 NEO,1,2026-10-05 01:00:00,2026-10-05 01:07:00,2026-10-05 02:50:00,,7,,on time,1,,,,22.5,0.00,13.0,15620.0,dry and calm
257,2026-10-05,BLR,6E 839,6E,IndiGo,DEL,New Delhi,f,VT-NOB,Airbus A321 NEO,1,2026-10-05 01:00:00,2026-10-05 01:09:00,2026-10-05 03:32:00,,9,,on time,1,,,,22.5,0.00,13.0,15620.0,dry and calm
258,2026-10-05,BOM,AI 2422,AI,Air India,DEL,New Delhi,f,VT-TYC,Airbus A320 NEO,2,2026-10-05 01:00:00,2026-10-05 01:07:00,2026-10-05 02:47:00,,7,,on time,1,,,,27.8,0.00,12.2,16820.0,dry and calm
259,2026-10-05,BLR,6E 6563,6E,IndiGo,PNQ,Pune,f,VT-ILP,Airbus A321 NEO,1,2026-10-05 01:05:00,2026-10-05 01:13:00,2026-10-05 02:35:00,2026-10-05 02:15:00,8,-20,on time,1,,,,22.5,0.00,13.0,15620.0,dry and calm
260,2026-10-05,BOM,6E 1413,6E,IndiGo,AUH,Abu Dhabi,t,,Airbus A320 NEO,2,2026-10-05 01:05:00,2026-10-05 01:38:00,2026-10-05 02:45:00,,33,,late,1,,,,27.8,0.00,12.2,16820.0,dry and calm
261,2026-10-05,BLR,6E 6779,6E,IndiGo,AMD,Ahmedabad,f,VT-IWZ,Airbus A320,1,2026-10-05 01:10:00,2026-10-05 01:05:00,2026-10-05 03:20:00,,-5,,on time,1,,,,22.5,0.00,13.0,15620.0,dry and calm
262,2026-10-05,BOM,6E 5323,6E,IndiGo,BLR,Bangalore,f,VT-NOJ,Airbus A320,1,2026-10-05 01:10:00,2026-10-05 01:18:00,2026-10-05 03:05:00,2026-10-05 02:32:00,8,-33,on time,1,,,,27.8,0.00,12.2,16820.0,dry and calm
263,2026-10-05,HYD,6E 337,6E,IndiGo,PNQ,Pune,f,VT-ILC,Airbus A321 NEO,,2026-10-05 01:10:00,2026-10-05 01:06:00,2026-10-05 02:20:00,2026-10-05 01:51:00,-4,-29,on time,1,,,,23.6,0.00,11.2,12500.0,dry and calm
264,2026-10-05,HYD,TG 330,TG,Thai  International,BKK,Bangkok,t,HS-TXC,Airbus A320,,2026-10-05 01:10:00,2026-10-05 01:26:00,2026-10-05 06:15:00,,16,,on time,1,,,,23.6,0.00,11.2,12500.0,dry and calm
265,2026-10-05,BLR,CX 624,CX,Cathay Pacific,HKG,Hong Kong,t,B-LRL,Airbus A350-900,2,2026-10-05 01:15:00,2026-10-05 01:30:00,2026-10-05 09:50:00,2026-10-05 08:51:00,15,-59,on time,1,,,,22.5,0.00,13.0,15620.0,dry and calm
266,2026-10-05,BLR,IX 5976,IX,Air India Express,DEL,New Delhi,f,VT-BXB,Boeing 737 MAX 8,2,2026-10-05 01:15:00,2026-10-05 01:29:00,2026-10-05 03:47:00,,14,,on time,1,,,,22.5,0.00,13.0,15620.0,dry and calm
267,2026-10-05,BLR,6E 1419,6E,IndiGo,AUH,Abu Dhabi,t,VT-IIG,Airbus A320 NEO,2,2026-10-05 01:20:00,2026-10-05 01:37:00,2026-10-05 03:50:00,,17,,on time,1,,,,22.5,0.00,13.0,15620.0,dry and calm
268,2026-10-05,BOM,6E 1339,6E,IndiGo,SIN,Singapore,t,VT-NHL,Airbus A320,2,2026-10-05 01:20:00,2026-10-05 01:51:00,2026-10-05 09:45:00,,31,,late,1,,,,27.8,0.00,12.2,16820.0,dry and calm
269,2026-10-05,BOM,AF 217,AF,Air France,CDG,Paris,t,F-HTYG,Boeing 777-200,2,2026-10-05 01:20:00,2026-10-05 02:00:00,2026-10-05 07:25:00,2026-10-05 07:50:00,40,25,late,1,,,,27.8,0.00,12.2,16820.0,dry and calm
270,2026-10-05,BLR,AF 191,AF,Air France,CDG,Paris,t,F-GZCM,Airbus A330-200,2,2026-10-05 01:25:00,2026-10-05 01:56:00,2026-10-05 08:45:00,2026-10-05 08:48:00,31,3,late,1,,,,22.5,0.00,13.0,15620.0,dry and calm
271,2026-10-05,BOM,6E 911,6E,IndiGo,AMD,Ahmedabad,f,VT-IMG,Airbus A320,2,2026-10-05 01:30:00,2026-10-05 01:35:00,2026-10-05 02:50:00,,5,,on time,1,,,,27.8,0.00,12.2,16820.0,dry and calm
272,2026-10-05,BLR,6E 77,6E,IndiGo,JED,Jeddah,t,VT-NOG,Airbus A321 NEO,2,2026-10-05 01:35:00,2026-10-05 01:46:00,2026-10-05 04:50:00,,11,,on time,1,,,,22.5,0.00,13.0,15620.0,dry and calm
273,2026-10-05,BLR,6E 1213,6E,IndiGo,BKK,Bangkok,t,VT-NCR,Airbus A321 NEO,2,2026-10-05 01:40:00,2026-10-05 01:58:00,2026-10-05 07:00:00,2026-10-05 06:46:00,18,-14,on time,1,,,,22.5,0.00,13.0,15620.0,dry and calm
274,2026-10-05,BOM,BA 138,BA,British,LHR,London,t,G-YMMH,Boeing 777,2,2026-10-05 01:40:00,2026-10-05 02:03:00,2026-10-05 07:00:00,2026-10-05 07:13:00,23,13,on time,1,,,,27.8,0.00,12.2,16820.0,dry and calm
275,2026-10-05,BOM,CX 660,CX,Cathay Pacific,HKG,Hong Kong,t,B-KQO,Boeing 777-300ER,2,2026-10-05 01:40:00,2026-10-05 02:55:00,2026-10-05 10:10:00,2026-10-05 10:28:00,75,18,late,1,,,,27.8,0.00,12.2,16820.0,dry and calm
276,2026-10-05,BOM,LH 767,LH,Lufthansa,MUC,Munich,t,D-AIMN,Airbus A380-800,2,2026-10-05 01:45:00,2026-10-05 03:02:00,2026-10-05 06:45:00,2026-10-05 08:00:00,77,75,late,1,,,,27.8,0.00,12.2,16820.0,dry and calm
277,2026-10-05,BOM,SG 2803,SG,SpiceJet,DEL,New Delhi,f,,Bombardier Dash 8 Q400 / DHC-8-400,1,2026-10-05 01:50:00,2026-10-05 05:37:00,2026-10-05 07:25:00,,227,,late,1,,,,27.8,0.00,12.2,16820.0,dry and calm
278,2026-10-05,BOM,6E 1853,6E,IndiGo,NBO,Nairobi,t,VT-IOM,Airbus A320 NEO,2,2026-10-05 01:55:00,2026-10-05 02:09:00,2026-10-05 05:40:00,2026-10-05 05:19:00,14,-21,on time,1,,,,27.8,0.00,12.2,16820.0,dry and calm
279,2026-10-05,BOM,AI 2241,AI,Air India,MRU,Port Louis,t,VT-TVJ,Airbus A321,2,2026-10-05 02:00:00,2026-10-05 02:20:00,2026-10-05 06:30:00,,20,,on time,2,,,,27.4,0.00,10.1,16800.0,dry and calm
280,2026-10-05,BOM,KL 878,KL,KLM,AMS,Amsterdam,t,PH-BKC,Boeing 777-200,2,2026-10-05 02:00:00,2026-10-05 02:23:00,2026-10-05 07:50:00,2026-10-05 07:36:00,23,-14,on time,2,,,,27.4,0.00,10.1,16800.0,dry and calm
281,2026-10-05,BOM,AI 2812,AI,Air India,BLR,Bangalore,f,VT-TQG,Airbus A320 NEO,2,2026-10-05 02:05:00,2026-10-05 01:55:00,2026-10-05 04:10:00,2026-10-05 03:09:00,-10,-61,on time,2,,,,27.4,0.00,10.1,16800.0,dry and calm
282,2026-10-05,BLR,LH 765,LH,Lufthansa,MUC,Munich,t,D-AIXU,Airbus A350-900,2,2026-10-05 02:10:00,2026-10-05 02:13:00,2026-10-05 07:55:00,2026-10-05 07:52:00,3,-3,on time,2,,,,22.2,0.00,13.7,13460.0,dry and calm
283,2026-10-05,HYD,KL 874,KL,KLM,AMS,Amsterdam,t,,Boeing 787-9,,2026-10-05 02:10:00,,2026-10-05 08:40:00,,,,canceled,2,,,,23.1,0.00,10.1,12560.0,dry and calm
284,2026-10-05,HYD,6E 706,6E,IndiGo,DEL,New Delhi,f,VT-NCF,Airbus A321 NEO,,2026-10-05 02:15:00,2026-10-05 02:19:00,2026-10-05 04:07:00,,4,,on time,2,,,,23.1,0.00,10.1,12560.0,dry and calm
285,2026-10-05,BLR,AI 2858,AI,Air India,BOM,Mumbai,f,VT-EXJ,Airbus A321 (Sharklets),2,2026-10-05 02:20:00,2026-10-05 02:26:00,2026-10-05 04:10:00,,6,,on time,2,,,,22.2,0.00,13.7,13460.0,dry and calm
286,2026-10-05,BLR,AI 3306,AI,Air India,BOM,Mumbai,f,VT-PPH,Airbus A321,2,2026-10-05 02:25:00,2026-10-05 02:20:00,2026-10-05 04:35:00,,-5,,on time,2,,,,22.2,0.00,13.7,13460.0,dry and calm
287,2026-10-05,BOM,J9 402,J9,Jazeera,KWI,Kuwait City,t,9K-CBE,Airbus A320 NEO,2,2026-10-05 02:30:00,2026-10-05 02:48:00,2026-10-05 04:10:00,,18,,on time,2,,,,27.4,0.00,10.1,16800.0,dry and calm
288,2026-10-05,BOM,SV 773,SV,Saudi Arabian,JED,Jeddah,t,,Airbus A330-300,2,2026-10-05 02:30:00,2026-10-05 02:34:00,2026-10-05 04:50:00,,4,,on time,2,,,,27.4,0.00,10.1,16800.0,dry and calm
289,2026-10-05,BLR,6E 6876,6E,IndiGo,PNQ,Pune,f,VT-ICZ,Airbus A321 NEO,1,2026-10-05 02:40:00,2026-10-05 02:36:00,2026-10-05 04:05:00,2026-10-05 03:43:00,-4,-22,on time,2,,,,22.2,0.00,13.7,13460.0,dry and calm
290,2026-10-05,BOM,KQ 203,KQ,Kenya,NBO,Nairobi,t,5Y-CYB,Boeing 737-800,2,2026-10-05 02:40:00,2026-10-05 03:05:00,2026-10-05 06:25:00,,25,,on time,2,,,,27.4,0.00,10.1,16800.0,dry and calm
291,2026-10-05,BOM,LH 757,LH,Lufthansa,FRA,Frankfurt-am-Main,t,D-ABPK,Boeing 787-9,2,2026-10-05 02:40:00,2026-10-05 03:17:00,2026-10-05 08:05:00,2026-10-05 08:15:00,37,10,late,2,,,,27.4,0.00,10.1,16800.0,dry and calm
292,2026-10-05,BOM,TG 352,TG,Thai  International,BKK,Bangkok,t,HS-TOE,Airbus A321 NEO,2,2026-10-05 02:40:00,,2026-10-05 08:40:00,2026-10-05 07:55:00,,-45,no actual time,2,,,,27.4,0.00,10.1,16800.0,dry and calm
293,2026-10-05,HYD,CX 672,CX,Cathay Pacific,HKG,Hong Kong,t,B-LAN,Airbus A330-300,,2026-10-05 02:40:00,2026-10-05 02:59:00,2026-10-05 11:00:00,2026-10-05 10:08:00,19,-52,on time,2,,,,23.1,0.00,10.1,12560.0,dry and calm
294,2026-10-05,BOM,6E 5179,6E,IndiGo,HYD,Hyderabad,f,VT-NOU,Airbus A320,1,2026-10-05 02:45:00,2026-10-05 02:44:00,2026-10-05 04:20:00,2026-10-05 03:41:00,-1,-39,on time,2,,,,27.4,0.00,10.1,16800.0,dry and calm
295,2026-10-05,BOM,KU 302,KU,Kuwait,KWI,Kuwait City,t,9K-APO,Airbus A330,2,2026-10-05 02:45:00,,2026-10-05 04:25:00,,,,no actual time,2,,,,27.4,0.00,10.1,16800.0,dry and calm
296,2026-10-05,BLR,BA 130,BA,British,LHR,London,t,G-ZBJA,Boeing 787-8,2,2026-10-05 02:50:00,2026-10-05 03:05:00,2026-10-05 09:10:00,2026-10-05 08:55:00,15,-15,on time,2,,,,22.2,0.00,13.7,13460.0,dry and calm
297,2026-10-05,BLR,JL 754,JL,Japan Airlines,NRT,Tokyo,t,JA845J,Boeing 787-8,2,2026-10-05 02:55:00,2026-10-05 03:12:00,2026-10-05 14:35:00,2026-10-05 14:04:00,17,-31,on time,2,,,,22.2,0.00,13.7,13460.0,dry and calm
298,2026-10-05,BLR,6E 804,6E,IndiGo,DEL,New Delhi,f,VT-NCP,Airbus A321 NEO,1,2026-10-05 03:00:00,2026-10-05 03:19:00,2026-10-05 05:39:00,,19,,on time,3,,,,21.9,0.00,14.0,12320.0,dry and calm
299,2026-10-05,BLR,LH 755,LH,Lufthansa,FRA,Frankfurt-am-Main,t,D-ABTL,Boeing 747,2,2026-10-05 03:00:00,,2026-10-05 09:05:00,2026-10-05 09:14:00,,9,no actual time,3,,,,21.9,0.00,14.0,12320.0,dry and calm
300,2026-10-05,BOM,6E 6045,6E,IndiGo,DEL,New Delhi,f,,Airbus A320,2,2026-10-05 03:00:00,2026-10-05 03:15:00,2026-10-05 04:55:00,,15,,on time,3,,,,27.0,0.00,9.0,16780.0,dry and calm
301,2026-10-05,HYD,6E 5143,6E,IndiGo,BOM,Mumbai,f,VT-IPY,Airbus A320 NEO,,2026-10-05 03:00:00,2026-10-05 03:04:00,2026-10-05 04:35:00,,4,,on time,3,,,,22.7,0.00,8.3,10900.0,dry and calm
302,2026-10-05,HYD,FZ 436,FZ,flydubai,DXB,Dubai,t,A6-FGA,Boeing 737-800,,2026-10-05 03:05:00,2026-10-05 03:51:00,2026-10-05 05:25:00,2026-10-05 05:33:00,46,8,late,3,,,,22.7,0.00,8.3,10900.0,dry and calm
303,2026-10-05,BOM,UL 142,UL,SriLankan,CMB,Colombo,t,4R-MRE,Airbus A320,2,2026-10-05 03:10:00,2026-10-05 03:22:00,2026-10-05 05:40:00,,12,,on time,3,,,,27.0,0.00,9.0,16780.0,dry and calm
304,2026-10-05,HYD,LH 753,LH,Lufthansa,FRA,Frankfurt-am-Main,t,D-ABPH,Boeing 787-9,,2026-10-05 03:10:00,2026-10-05 03:38:00,2026-10-05 09:05:00,2026-10-05 09:07:00,28,2,on time,3,,,,22.7,0.00,8.3,10900.0,dry and calm
305,2026-10-05,HYD,QR 501,QR,Qatar,DOH,Doha,t,A7-BCG,Boeing 787-8,,2026-10-05 03:30:00,,2026-10-05 05:25:00,2026-10-05 05:00:00,,-25,no actual time,3,,,,22.7,0.00,8.3,10900.0,dry and calm
306,2026-10-05,BLR,6E 5205,6E,IndiGo,BOM,Mumbai,f,VT-NOJ,Airbus A321 NEO,1,2026-10-05 03:45:00,2026-10-05 03:46:00,2026-10-05 05:30:00,,1,,on time,3,6E 5323,BOM,-33,21.9,0.00,14.0,12320.0,dry and calm
307,2026-10-05,HYD,6E 1448,6E,IndiGo,AUH,Abu Dhabi,t,VT-IQC,Airbus A320 NEO,,2026-10-05 03:45:00,2026-10-05 03:44:00,2026-10-05 05:55:00,,-1,,on time,3,,,,22.7,0.00,8.3,10900.0,dry and calm
308,2026-10-05,BLR,KU 354,KU,Kuwait,KWI,Kuwait City,t,9K-AKO,Airbus A320 (Sharklets),2,2026-10-05 03:50:00,2026-10-05 03:53:00,2026-10-05 06:30:00,,3,,on time,3,,,,21.9,0.00,14.0,12320.0,dry and calm
309,2026-10-05,BOM,6E 1071,6E,IndiGo,HKT,Phuket,t,VT-NHE,Airbus A320,2,2026-10-05 03:55:00,2026-10-05 04:27:00,2026-10-05 10:05:00,,32,,late,3,,,,27.0,0.00,9.0,16780.0,dry and calm
310,2026-10-05,BOM,XY 322,XY,flynas,RUH,Riyadh,t,HZ-NS43,Airbus A320 NEO,2,2026-10-05 03:55:00,2026-10-05 04:07:00,2026-10-05 05:30:00,,12,,on time,3,,,,27.0,0.00,9.0,16780.0,dry and calm
311,2026-10-05,HYD,KU 374,KU,Kuwait,KWI,Kuwait City,t,9K-AKS,Airbus A320 NEO,,2026-10-05 03:55:00,2026-10-05 03:56:00,2026-10-05 06:30:00,,1,,on time,3,,,,22.7,0.00,8.3,10900.0,dry and calm
312,2026-10-05,BLR,IX 2873,IX,Air India Express,PNQ,Pune,f,VT-BWL,Boeing 737 MAX 8,2,2026-10-05 04:00:00,2026-10-05 04:10:00,2026-10-05 05:35:00,2026-10-05 05:15:00,10,-20,on time,4,,,,21.5,0.00,12.6,10500.0,dry and calm
313,2026-10-05,BLR,QO 378,QO,Quikjet,DEL,New Delhi,f,VT-AAZ,,1,2026-10-05 04:00:00,2026-10-05 03:48:00,,,-12,,on time,4,,,,21.5,0.00,12.6,10500.0,dry and calm
314,2026-10-05,BLR,QR 573,QR,Qatar,DOH,Doha,t,A7-ANN,Airbus A350-1000,2,2026-10-05 04:00:00,,2026-10-05 05:50:00,2026-10-05 05:29:00,,-21,no actual time,4,,,,21.5,0.00,12.6,10500.0,dry and calm
315,2026-10-05,BOM,6E 632,6E,IndiGo,AMD,Ahmedabad,f,VT-IPO,Airbus A320 NEO,2,2026-10-05 04:00:00,2026-10-05 04:14:00,2026-10-05 05:20:00,,14,,on time,4,,,,26.6,0.00,12.6,15260.0,dry and calm
316,2026-10-05,BOM,6E 136,6E,IndiGo,MAA,Chennai,f,VT-ICM,Airbus A320,2,2026-10-05 04:05:00,2026-10-05 04:06:00,2026-10-05 06:05:00,,1,,on time,4,,,,26.6,0.00,12.6,15260.0,dry and calm
317,2026-10-05,BOM,ET 611,ET,Ethiopian,ADD,Addis Ababa,t,,Boeing 777-200LR,2,2026-10-05 04:05:00,2026-10-05 05:53:00,2026-10-05 06:35:00,,108,,late,4,,,,26.6,0.00,12.6,15260.0,dry and calm
318,2026-10-05,BLR,QP 1811,QP,Akasa Air,DEL,New Delhi,f,VT-YBA,Boeing 737 MAX 8,1,2026-10-05 04:10:00,,2026-10-05 06:32:00,,,,no actual time,4,,,,21.5,0.00,12.6,10500.0,dry and calm
319,2026-10-05,BOM,J2 60,J2,AZAL Azerbaijan,GYD,Baku,t,VP-BCK,Airbus A320 NEO,2,2026-10-05 04:10:00,2026-10-05 04:29:00,2026-10-05 08:00:00,,19,,on time,4,,,,26.6,0.00,12.6,15260.0,dry and calm
320,2026-10-05,BOM,QR 557,QR,Qatar,DOH,Doha,t,,Airbus A350-1000,2,2026-10-05 04:10:00,2026-10-05 04:52:00,2026-10-05 05:15:00,2026-10-05 05:15:00,42,0,late,4,,,,26.6,0.00,12.6,15260.0,dry and calm
321,2026-10-05,BLR,6E 1861,6E,IndiGo,MRU,Port Louis,t,VT-NHD,Airbus A321 NEO,2,2026-10-05 04:15:00,2026-10-05 04:26:00,2026-10-05 08:30:00,,11,,on time,4,,,,21.5,0.00,12.6,10500.0,dry and calm
322,2026-10-05,BOM,AI 4249,AI,Air India,DMM,Ad Dammam,t,VT-EXQ,Airbus A320 NEO,2,2026-10-05 04:15:00,2026-10-05 04:24:00,,,9,,on time,4,,,,26.6,0.00,12.6,15260.0,dry and calm
323,2026-10-05,HYD,OV 736,OV,SalamAir,MCT,Muscat,t,A4O-OVI,Airbus A320 NEO,,2026-10-05 04:15:00,2026-10-05 04:20:00,2026-10-05 06:05:00,,5,,on time,4,,,,22.5,0.00,8.6,10880.0,dry and calm
324,2026-10-05,BLR,G9 497,G9,Air Arabia,SHJ,Sharjah,t,A6-AOT,Airbus A320,2,2026-10-05 04:20:00,2026-10-05 04:48:00,2026-10-05 06:40:00,2026-10-05 06:42:00,28,2,on time,4,,,,21.5,0.00,12.6,10500.0,dry and calm
325,2026-10-05,BOM,AI 2213,AI,Air India,RUH,Riyadh,t,VT-CIO,Airbus A320 NEO,2,2026-10-05 04:20:00,,2026-10-05 06:15:00,,,,no actual time,4,,,,26.6,0.00,12.6,15260.0,dry and calm
326,2026-10-05,BOM,QP 561,QP,Akasa Air,JED,Jeddah,t,,Boeing 737,2,2026-10-05 04:20:00,2026-10-05 04:47:00,2026-10-05 07:45:00,,27,,on time,4,,,,26.6,0.00,12.6,15260.0,dry and calm
327,2026-10-05,HYD,G9 468,G9,Air Arabia,SHJ,Sharjah,t,A6-AOA,Airbus A320 (Sharklets),,2026-10-05 04:20:00,2026-10-05 06:01:00,2026-10-05 06:30:00,2026-10-05 07:43:00,101,73,late,4,,,,22.5,0.00,8.6,10880.0,dry and calm
328,2026-10-05,BOM,6E 1303,6E,IndiGo,DOH,Doha,t,,Airbus A320,2,2026-10-05 04:25:00,2026-10-05 04:40:00,2026-10-05 05:30:00,2026-10-05 05:14:00,15,-16,on time,4,,,,26.6,0.00,12.6,15260.0,dry and calm
329,2026-10-05,BOM,EK 501,EK,Emirates,DXB,Dubai,t,A6-EOV,Airbus A380,2,2026-10-05 04:25:00,2026-10-05 04:43:00,2026-10-05 06:00:00,2026-10-05 05:40:00,18,-20,on time,4,,,,26.6,0.00,12.6,15260.0,dry and calm
330,2026-10-05,BOM,VS 359,VS,Virgin Atlantic,LHR,London,t,G-VBEL,Boeing 787-9,2,2026-10-05 04:25:00,2026-10-05 05:02:00,2026-10-05 10:00:00,2026-10-05 10:01:00,37,1,late,4,,,,26.6,0.00,12.6,15260.0,dry and calm
331,2026-10-05,BLR,6E 408,6E,IndiGo,PNQ,Pune,f,VT-IKU,Airbus A321 NEO,1,2026-10-05 04:30:00,2026-10-05 04:33:00,2026-10-05 06:00:00,2026-10-05 05:36:00,3,-24,on time,4,,,,21.5,0.00,12.6,10500.0,dry and calm
332,2026-10-05,BLR,QR 536,QR,Qatar,CCJ,Calicut,f,A7-AHC,Airbus A320,2,2026-10-05 04:30:00,,,,,,no actual time,4,,,,21.5,0.00,12.6,10500.0,dry and calm
333,2026-10-05,BOM,6E 5294,6E,IndiGo,BLR,Bangalore,f,VT-NOH,Airbus A320,1,2026-10-05 04:30:00,2026-10-05 04:34:00,2026-10-05 06:25:00,2026-10-05 05:46:00,4,-39,on time,4,,,,26.6,0.00,12.6,15260.0,dry and calm
334,2026-10-05,BOM,6E 643,6E,IndiGo,LKO,Lucknow,f,VT-IAN,Airbus A320 (Sharklets),2,2026-10-05 04:30:00,2026-10-05 04:37:00,2026-10-05 06:30:00,2026-10-05 06:54:00,7,24,on time,4,,,,26.6,0.00,12.6,15260.0,dry and calm
335,2026-10-05,HYD,6E 1313,6E,IndiGo,DOH,Doha,t,VT-ICI,Airbus A321 NEO,,2026-10-05 04:30:00,2026-10-05 04:46:00,2026-10-05 06:25:00,2026-10-05 06:10:00,16,-15,on time,4,,,,22.5,0.00,8.6,10880.0,dry and calm
336,2026-10-05,HYD,EY 353,EY,Etihad,AUH,Abu Dhabi,t,A6-AEN,Airbus A321 NEO,,2026-10-05 04:30:00,2026-10-05 05:42:00,2026-10-05 06:40:00,,72,,late,4,,,,22.5,0.00,8.6,10880.0,dry and calm
337,2026-10-05,BLR,EY 233,EY,Etihad,AUH,Abu Dhabi,t,A6-AEO,Airbus A321 NEO,2,2026-10-05 04:35:00,2026-10-05 05:25:00,2026-10-05 07:00:00,,50,,late,4,,,,21.5,0.00,12.6,10500.0,dry and calm
338,2026-10-05,BOM,AI 129,AI,Air India,LHR,London,t,VT-AWA,Boeing 787-9,2,2026-10-05 04:35:00,2026-10-05 05:09:00,2026-10-05 10:15:00,2026-10-05 09:51:00,34,-24,late,4,,,,26.6,0.00,12.6,15260.0,dry and calm
339,2026-10-05,HYD,6E 351,6E,IndiGo,PNQ,Pune,f,VT-ICV,Airbus A321 NEO,,2026-10-05 04:35:00,2026-10-05 04:33:00,2026-10-05 05:45:00,2026-10-05 05:22:00,-2,-23,on time,4,,,,22.5,0.00,8.6,10880.0,dry and calm
340,2026-10-05,BLR,6E 6633,6E,IndiGo,IXC,Chandigarh,f,VT-ITR,Airbus A320 (Sharklets),1,2026-10-05 04:40:00,2026-10-05 04:44:00,2026-10-05 07:40:00,,4,,on time,4,,,,21.5,0.00,12.6,10500.0,dry and calm
341,2026-10-05,BOM,6E 1603,6E,IndiGo,BKK,Bangkok,t,VT-NCW,Airbus A321 NEO,2,2026-10-05 04:40:00,2026-10-05 04:50:00,2026-10-05 10:40:00,2026-10-05 10:10:00,10,-30,on time,4,,,,26.6,0.00,12.6,15260.0,dry and calm
342,2026-10-05,HYD,EK 525,EK,Emirates,DXB,Dubai,t,A6-EPE,Boeing 777,,2026-10-05 04:40:00,2026-10-05 05:14:00,2026-10-05 06:45:00,2026-10-05 06:52:00,34,7,late,4,,,,22.5,0.00,8.6,10880.0,dry and calm
343,2026-10-05,BLR,EK 569,EK,Emirates,DXB,Dubai,t,A6-EUG,Airbus A380,2,2026-10-05 04:45:00,2026-10-05 05:00:00,2026-10-05 07:05:00,2026-10-05 06:49:00,15,-16,on time,4,,,,21.5,0.00,12.6,10500.0,dry and calm
344,2026-10-05,BOM,6E 73,6E,IndiGo,RUH,Riyadh,t,VT-ICQ,Airbus A320,2,2026-10-05 04:45:00,2026-10-05 05:12:00,2026-10-05 06:45:00,,27,,on time,4,,,,26.6,0.00,12.6,15260.0,dry and calm
345,2026-10-05,BOM,G9 406,G9,Air Arabia,SHJ,Sharjah,t,A6-AOC,Airbus A320,2,2026-10-05 04:55:00,2026-10-05 06:23:00,2026-10-05 06:25:00,2026-10-05 07:21:00,88,56,late,4,,,,26.6,0.00,12.6,15260.0,dry and calm
346,2026-10-05,BLR,OV 784,OV,SalamAir,MCT,Muscat,t,A4O-OVJ,Airbus A320 NEO,2,2026-10-05 05:00:00,2026-10-05 05:24:00,2026-10-05 07:10:00,,24,,on time,5,,,,21.5,0.00,11.9,11640.0,dry and calm
347,2026-10-05,BLR,QP 1359,QP,Akasa Air,DEL,New Delhi,f,VT-YAV,Boeing 737 MAX 8,1,2026-10-05 05:00:00,,2026-10-05 07:42:00,,,,no actual time,5,,,,21.5,0.00,11.9,11640.0,dry and calm
348,2026-10-05,BOM,6E 5243,6E,IndiGo,GAU,Guwahati,f,VT-ISS,Airbus A320 NEO,1,2026-10-05 05:00:00,2026-10-05 04:56:00,2026-10-05 08:10:00,,-4,,on time,5,,,,27.1,0.00,15.5,15260.0,dry and calm
349,2026-10-05,BOM,6E 6361,6E,IndiGo,GOI,Vasco da Gama,f,VT-ILR,Airbus A320 NEO,2,2026-10-05 05:00:00,2026-10-05 04:59:00,2026-10-05 06:05:00,,-1,,on time,5,,,,27.1,0.00,15.5,15260.0,dry and calm
350,2026-10-05,BOM,6E 656,6E,IndiGo,DEL,New Delhi,f,VT-NCZ,Airbus A321 NEO,2,2026-10-05 05:00:00,,2026-10-05 06:41:00,,,,no actual time,5,,,,27.1,0.00,15.5,15260.0,dry and calm
351,2026-10-05,BOM,EY 207,EY,Etihad,AUH,Abu Dhabi,t,,Boeing 777-300ER,2,2026-10-05 05:00:00,2026-10-05 05:27:00,2026-10-05 06:30:00,,27,,on time,5,,,,27.1,0.00,15.5,15260.0,dry and calm
352,2026-10-05,BOM,QP 1145,QP,Akasa Air,MAA,Chennai,f,,Boeing 737,2,2026-10-05 05:00:00,2026-10-05 05:08:00,2026-10-05 07:00:00,,8,,on time,5,,,,27.1,0.00,15.5,15260.0,dry and calm
353,2026-10-05,HYD,6E 5245,6E,IndiGo,BOM,Mumbai,f,VT-NOU,Airbus A321 NEO,,2026-10-05 05:00:00,2026-10-05 04:56:00,2026-10-05 06:25:00,,-4,,on time,5,6E 5179,BOM,-39,22.5,0.00,8.6,9460.0,dry and calm
354,2026-10-05,BLR,6E 836,6E,IndiGo,DEL,New Delhi,f,VT-NHB,Airbus A321 NEO,1,2026-10-05 05:05:00,2026-10-05 05:04:00,2026-10-05 07:17:00,,-1,,on time,5,,,,21.5,0.00,11.9,11640.0,dry and calm
355,2026-10-05,BLR,QP 1517,QP,Akasa Air,BOM,Mumbai,f,VT-YBJ,Boeing 737 MAX 8,1,2026-10-05 05:05:00,,2026-10-05 06:50:00,,,,no actual time,5,,,,21.5,0.00,11.9,11640.0,dry and calm
356,2026-10-05,BOM,IX 1797,IX,Air India Express,COK,Kochi,f,VT-BWX,Boeing 737,2,2026-10-05 05:05:00,2026-10-05 05:15:00,2026-10-05 07:05:00,,10,,on time,5,,,,27.1,0.00,15.5,15260.0,dry and calm
357,2026-10-05,HYD,6E 815,6E,IndiGo,JAI,Jaipur,f,VT-IIE,Airbus A320 NEO,,2026-10-05 05:05:00,2026-10-05 05:12:00,2026-10-05 07:05:00,,7,,on time,5,,,,22.5,0.00,8.6,9460.0,dry and calm
358,2026-10-05,BLR,6E 586,6E,IndiGo,AMD,Ahmedabad,f,VT-IPT,Airbus A320 NEO,1,2026-10-05 05:10:00,2026-10-05 05:10:00,2026-10-05 07:20:00,,0,,on time,5,,,,21.5,0.00,11.9,11640.0,dry and calm
359,2026-10-05,BLR,QP 1311,QP,Akasa Air,PNQ,Pune,f,VT-YBM,Boeing 737 MAX 8,1,2026-10-05 05:10:00,,2026-10-05 06:50:00,,,,no actual time,5,,,,21.5,0.00,11.9,11640.0,dry and calm
360,2026-10-05,BOM,AI 603,AI,Air India,GOI,Vasco da Gama,f,VT-EXF,Airbus A320 NEO,2,2026-10-05 05:10:00,2026-10-05 05:16:00,2026-10-05 06:30:00,,6,,on time,5,,,,27.1,0.00,15.5,15260.0,dry and calm
361,2026-10-05,BLR,6E 457,6E,IndiGo,GAU,Guwahati,f,VT-ICL,Airbus A321 NEO,1,2026-10-05 05:15:00,2026-10-05 05:20:00,2026-10-05 08:20:00,,5,,on time,5,,,,21.5,0.00,11.9,11640.0,dry and calm
362,2026-10-05,BOM,6E 1607,6E,IndiGo,MAA,Chennai,f,,Airbus A320,2,2026-10-05 05:15:00,2026-10-05 05:17:00,2026-10-05 07:15:00,,2,,on time,5,,,,27.1,0.00,15.5,15260.0,dry and calm
363,2026-10-05,BOM,6E 6118,6E,IndiGo,ATQ,Amritsar,f,VT-IBK,Airbus A320,2,2026-10-05 05:15:00,2026-10-05 05:29:00,2026-10-05 07:45:00,,14,,on time,5,,,,27.1,0.00,15.5,15260.0,dry and calm
364,2026-10-05,BLR,6E 6032,6E,IndiGo,JDH,Jodhpur,f,VT-ILZ,Airbus A321 NEO,1,2026-10-05 05:20:00,2026-10-05 05:42:00,2026-10-05 07:50:00,,22,,on time,5,,,,21.5,0.00,11.9,11640.0,dry and calm
365,2026-10-05,BLR,IX 1539,IX,Air India Express,GOI,Vasco da Gama,f,VT-BWE,Boeing 737 MAX 8,2,2026-10-05 05:20:00,2026-10-05 05:29:00,2026-10-05 06:30:00,,9,,on time,5,,,,21.5,0.00,11.9,11640.0,dry and calm
366,2026-10-05,BOM,FZ 446,FZ,flydubai,DXB,Dubai,t,A6-FGD,Boeing 737-800,2,2026-10-05 05:20:00,2026-10-05 05:49:00,2026-10-05 07:05:00,2026-10-05 06:47:00,29,-18,on time,5,,,,27.1,0.00,15.5,15260.0,dry and calm
367,2026-10-05,HYD,6E 709,6E,IndiGo,DEL,New Delhi,f,VT-NHT,Airbus A321 NEO,,2026-10-05 05:20:00,2026-10-05 05:21:00,2026-10-05 07:10:00,,1,,on time,5,,,,22.5,0.00,8.6,9460.0,dry and calm
368,2026-10-05,HYD,6E 7549,6E,IndiGo,IXE,Mangalore,f,VT-IRK,ATR 72,,2026-10-05 05:20:00,2026-10-05 05:26:00,2026-10-05 07:05:00,,6,,on time,5,,,,22.5,0.00,8.6,9460.0,dry and calm
369,2026-10-05,BOM,OV 762,OV,SalamAir,MCT,Muscat,t,A4O-OVD,Airbus A320 NEO,2,2026-10-05 05:25:00,2026-10-05 05:51:00,2026-10-05 06:50:00,,26,,on time,5,,,,27.1,0.00,15.5,15260.0,dry and calm
370,2026-10-05,BOM,QP 625,QP,Akasa Air,HAN,Hanoi,t,,Boeing 737,2,2026-10-05 05:25:00,,2026-10-05 12:00:00,,,,no actual time,5,,,,27.1,0.00,15.5,15260.0,dry and calm
371,2026-10-05,BLR,6E 5089,6E,IndiGo,BOM,Mumbai,f,VT-IWS,Airbus A321 NEO,1,2026-10-05 05:30:00,2026-10-05 05:44:00,2026-10-05 07:15:00,,14,,on time,5,,,,21.5,0.00,11.9,11640.0,dry and calm
372,2026-10-05,BLR,QP 1571,QP,Akasa Air,DEL,New Delhi,f,VT-YAX,Boeing 737 MAX 8,1,2026-10-05 05:30:00,,2026-10-05 08:12:00,,,,no actual time,5,,,,21.5,0.00,11.9,11640.0,dry and calm
373,2026-10-05,BOM,6E 6367,6E,IndiGo,CCU,Kolkata,f,VT-NCD,Airbus A320,2,2026-10-05 05:30:00,2026-10-05 05:43:00,2026-10-05 08:15:00,2026-10-05 07:57:00,13,-18,on time,5,,,,27.1,0.00,15.5,15260.0,dry and calm
374,2026-10-05,BOM,AI 2845,AI,Air India,BLR,Bangalore,f,VT-TVE,Airbus A321,2,2026-10-05 05:30:00,2026-10-05 05:35:00,2026-10-05 07:35:00,2026-10-05 06:47:00,5,-48,on time,5,,,,27.1,0.00,15.5,15260.0,dry and calm
375,2026-10-05,HYD,6E 972,6E,IndiGo,GAU,Guwahati,f,VT-IME,Airbus A321 NEO,,2026-10-05 05:30:00,2026-10-05 05:40:00,2026-10-05 08:10:00,,10,,on time,5,,,,22.5,0.00,8.6,9460.0,dry and calm
376,2026-10-05,HYD,AI 1806,AI,Air India,DEL,New Delhi,f,VT-RTJ,Airbus A320 NEO,,2026-10-05 05:30:00,2026-10-05 05:41:00,2026-10-05 07:27:00,,11,,on time,5,,,,22.5,0.00,8.6,9460.0,dry and calm
377,2026-10-05,BOM,6E 5081,6E,IndiGo,IXU,Aurangabad,f,,Airbus A320 NEO,1,2026-10-05 05:35:00,2026-10-05 06:24:00,2026-10-05 06:40:00,,49,,late,5,,,,27.1,0.00,15.5,15260.0,dry and calm
378,2026-10-05,BOM,6E 6701,6E,IndiGo,COK,Kochi,f,VT-IAZ,Airbus A320,2,2026-10-05 05:35:00,2026-10-05 05:32:00,2026-10-05 07:30:00,,-3,,on time,5,,,,27.1,0.00,15.5,15260.0,dry and calm
379,2026-10-05,BOM,IX 1793,IX,Air India Express,CJB,Coimbatore,f,,Airbus A320 NEO,2,2026-10-05 05:35:00,2026-10-05 05:44:00,2026-10-05 07:20:00,,9,,on time,5,,,,27.1,0.00,15.5,15260.0,dry and calm
380,2026-10-05,BLR,6E 194,6E,IndiGo,GOI,Vasco da Gama,f,VT-IQD,Airbus A320 NEO,1,2026-10-05 05:40:00,2026-10-05 05:57:00,2026-10-05 06:45:00,,17,,on time,5,,,,21.5,0.00,11.9,11640.0,dry and calm
381,2026-10-05,BLR,QP 1511,QP,Akasa Air,BBI,Bhubaneswar,f,VT-YAQ,Boeing 737 MAX 8,1,2026-10-05 05:40:00,,2026-10-05 07:40:00,,,,no actual time,5,,,,21.5,0.00,11.9,11640.0,dry and calm
382,2026-10-05,HYD,6E 1509,6E,IndiGo,BKK,Bangkok,t,VT-IXG,Airbus A320 NEO,,2026-10-05 05:40:00,2026-10-05 05:38:00,2026-10-05 10:55:00,2026-10-05 10:20:00,-2,-35,on time,5,,,,22.5,0.00,8.6,9460.0,dry and calm
383,2026-10-05,BLR,GF 283,GF,Gulf Air,BAH,Manama,t,A9C-XH,Airbus A321 NEO,2,2026-10-05 05:45:00,2026-10-05 05:47:00,2026-10-05 07:55:00,,2,,on time,5,,,,21.5,0.00,11.9,11640.0,dry and calm
384,2026-10-05,BOM,6E 5059,6E,IndiGo,BDQ,Vadodara,f,VT-IBV,Airbus A320,1,2026-10-05 05:45:00,2026-10-05 05:59:00,2026-10-05 06:55:00,,14,,on time,5,,,,27.1,0.00,15.5,15260.0,dry and calm
385,2026-10-05,BOM,6E 6362,6E,IndiGo,HYD,Hyderabad,f,VT-NCV,Airbus A320,2,2026-10-05 05:45:00,2026-10-05 05:46:00,2026-10-05 07:20:00,2026-10-05 06:44:00,1,-36,on time,5,,,,27.1,0.00,15.5,15260.0,dry and calm
386,2026-10-05,HYD,6E 6207,6E,IndiGo,PAT,Patna,f,VT-IIY,Airbus A320 NEO,,2026-10-05 05:45:00,2026-10-05 05:52:00,2026-10-05 07:45:00,,7,,on time,5,,,,22.5,0.00,8.6,9460.0,dry and calm
387,2026-10-05,BLR,IX 2881,IX,Air India Express,GAU,Guwahati,f,VT-BWC,Boeing 737 MAX 8,2,2026-10-05 05:50:00,2026-10-05 06:11:00,2026-10-05 09:15:00,,21,,on time,5,,,,21.5,0.00,11.9,11640.0,dry and calm
388,2026-10-05,BLR,QP 1515,QP,Akasa Air,BOM,Mumbai,f,VT-YAC,Boeing 737,1,2026-10-05 05:50:00,,2026-10-05 07:35:00,,,,no actual time,5,QP 1516,BOM,,21.5,0.00,11.9,11640.0,dry and calm
389,2026-10-05,BOM,AI 2581,AI,Air India,NAG,Naqpur,f,,Airbus A320 NEO,2,2026-10-05 05:50:00,2026-10-05 05:54:00,2026-10-05 07:20:00,,4,,on time,5,,,,27.1,0.00,15.5,15260.0,dry and calm
390,2026-10-05,BOM,IX 1026,IX,Air India Express,LKO,Lucknow,f,VT-BWB,Boeing 737,2,2026-10-05 05:50:00,2026-10-05 06:00:00,2026-10-05 08:10:00,2026-10-05 07:46:00,10,-24,on time,5,,,,27.1,0.00,15.5,15260.0,dry and calm
391,2026-10-05,BOM,KC 292,KC,Air Astana,ALA,Almaty,t,EI-KDJ,Airbus A321,2,2026-10-05 05:50:00,2026-10-05 06:10:00,2026-10-05 09:50:00,,20,,on time,5,,,,27.1,0.00,15.5,15260.0,dry and calm
392,2026-10-05,BOM,TC 401,TC,Air Tanzania,DAR,Dar es Salaam,t,,Boeing 737-900,2,2026-10-05 05:50:00,2026-10-05 08:24:00,2026-10-05 09:20:00,,154,,late,5,,,,27.1,0.00,15.5,15260.0,dry and calm
393,2026-10-05,HYD,AI 2872,AI,Air India,BOM,Mumbai,f,,Airbus A320 NEO,,2026-10-05 05:50:00,,2026-10-05 07:45:00,,,,no actual time,5,,,,22.5,0.00,8.6,9460.0,dry and calm
394,2026-10-05,BLR,IX 2064,IX,Air India Express,VTZ,Visakhapatnam,f,VT-RTF,Airbus A320 NEO,2,2026-10-05 05:55:00,2026-10-05 06:03:00,2026-10-05 07:30:00,2026-10-05 07:14:00,8,-16,on time,5,,,,21.5,0.00,11.9,11640.0,dry and calm
395,2026-10-05,BOM,AI 4215,AI,Air India,DXB,Dubai,t,VT-TQQ,Airbus A320 NEO,2,2026-10-05 05:55:00,2026-10-05 05:56:00,2026-10-05 07:25:00,2026-10-05 07:01:00,1,-24,on time,5,,,,27.1,0.00,15.5,15260.0,dry and calm
396,2026-10-05,BOM,IX 1237,IX,Air India Express,IXR,Ranchi,f,,Boeing 737,2,2026-10-05 05:55:00,2026-10-05 06:16:00,2026-10-05 08:20:00,,21,,on time,5,,,,27.1,0.00,15.5,15260.0,dry and calm
397,2026-10-05,HYD,6E 6494,6E,IndiGo,CCU,Kolkata,f,VT-ICX,Airbus A321 NEO,,2026-10-05 05:55:00,2026-10-05 05:55:00,2026-10-05 08:05:00,2026-10-05 07:36:00,0,-29,on time,5,,,,22.5,0.00,8.6,9460.0,dry and calm
398,2026-10-05,BLR,AI 2810,AI,Air India,DEL,New Delhi,f,VT-CIF,Airbus A321 (Sharklets),2,2026-10-05 06:00:00,2026-10-05 06:12:00,2026-10-05 08:36:00,,12,,on time,6,,,,21.4,0.00,13.7,11840.0,dry and calm
399,2026-10-05,BLR,S5 155,S5,Star Air,HYD,Hyderabad,f,VT-GSI,Embraer 175,2,2026-10-05 06:00:00,,,,,,no actual time,6,OG 152,HYD,0,21.4,0.00,13.7,11840.0,dry and calm
400,2026-10-05,BOM,6E 762,6E,IndiGo,DEL,New Delhi,f,VT-NCO,Airbus A320,2,2026-10-05 06:00:00,2026-10-05 06:08:00,2026-10-05 07:50:00,,8,,on time,6,,,,26.8,0.00,16.9,15240.0,dry and calm
401,2026-10-05,BOM,AI 2625,AI,Air India,HYD,Hyderabad,f,VT-TNP,Airbus A320 (Sharklets),2,2026-10-05 06:00:00,2026-10-05 06:13:00,2026-10-05 07:35:00,2026-10-05 07:17:00,13,-18,on time,6,,,,26.8,0.00,16.9,15240.0,dry and calm
402,2026-10-05,BOM,QP 1121,QP,Akasa Air,SXR,Srinagar,f,,Boeing 737,2,2026-10-05 06:00:00,2026-10-05 06:12:00,2026-10-05 08:35:00,,12,,on time,6,,,,26.8,0.00,16.9,15240.0,dry and calm
403,2026-10-05,HYD,6E 7452,6E,IndiGo,NAG,Naqpur,f,,ATR 72,,2026-10-05 06:00:00,,2026-10-05 07:40:00,,,,no actual time,6,,,,22.5,0.00,7.6,9420.0,dry and calm
404,2026-10-05,HYD,QP 1405,QP,Akasa Air,DEL,New Delhi,f,,Boeing 737,,2026-10-05 06:00:00,,2026-10-05 07:52:00,,,,no actual time,6,,,,22.5,0.00,7.6,9420.0,dry and calm
405,2026-10-05,BLR,6E 2455,6E,IndiGo,IXJ,Jammu,f,VT-IXL,Airbus A320 NEO,1,2026-10-05 06:05:00,,,,,,no actual time,6,,,,21.4,0.00,13.7,11840.0,dry and calm
406,2026-10-05,BLR,IX 2018,IX,Air India Express,HYD,Hyderabad,f,VT-BWQ,Airbus A320 NEO,2,2026-10-05 06:05:00,,2026-10-05 07:25:00,2026-10-05 07:12:00,,-13,no actual time,6,,,,21.4,0.00,13.7,11840.0,dry and calm
407,2026-10-05,BLR,QP 1823,QP,Akasa Air,DEL,New Delhi,f,VT-YAG,Boeing 737,1,2026-10-05 06:05:00,,2026-10-05 09:00:00,,,,no actual time,6,,,,21.4,0.00,13.7,11840.0,dry and calm
408,2026-10-05,BOM,6E 1429,6E,IndiGo,AUH,Abu Dhabi,t,VT-IPZ,Airbus A320 NEO,2,2026-10-05 06:05:00,2026-10-05 06:11:00,2026-10-05 07:40:00,,6,,on time,6,,,,26.8,0.00,16.9,15240.0,dry and calm
409,2026-10-05,BOM,AI 471,AI,Air India,IXC,Chandigarh,f,,Airbus A320 NEO,2,2026-10-05 06:05:00,2026-10-05 06:20:00,2026-10-05 08:20:00,,15,,on time,6,,,,26.8,0.00,16.9,15240.0,dry and calm
410,2026-10-05,BOM,GF 57,GF,Gulf Air,BAH,Manama,t,A9C-XG,Airbus A320,2,2026-10-05 06:05:00,2026-10-05 06:30:00,2026-10-05 07:30:00,,25,,on time,6,,,,26.8,0.00,16.9,15240.0,dry and calm
411,2026-10-05,HYD,GF 275,GF,Gulf Air,BAH,Manama,t,A9C-TE,Airbus A320 NEO,,2026-10-05 06:05:00,2026-10-05 06:30:00,2026-10-05 08:05:00,,25,,on time,6,,,,22.5,0.00,7.6,9420.0,dry and calm
412,2026-10-05,BLR,6E 368,6E,IndiGo,BHO,Bhopal,f,VT-ICN,Airbus A321 NEO,1,2026-10-05 06:10:00,2026-10-05 06:19:00,2026-10-05 08:10:00,,9,,on time,6,,,,21.4,0.00,13.7,11840.0,dry and calm
413,2026-10-05,BLR,6E 6178,6E,IndiGo,HYD,Hyderabad,f,VT-IIO,Airbus A320 NEO,1,2026-10-05 06:10:00,2026-10-05 06:23:00,2026-10-05 07:20:00,2026-10-05 07:15:00,13,-5,on time,6,,,,21.4,0.00,13.7,11840.0,dry and calm
414,2026-10-05,BOM,6E 1185,6E,IndiGo,CMB,Colombo,t,VT-ISP,Airbus A320 NEO,2,2026-10-05 06:10:00,2026-10-05 06:30:00,2026-10-05 08:45:00,,20,,on time,6,,,,26.8,0.00,16.9,15240.0,dry and calm
415,2026-10-05,BOM,6E 5144,6E,IndiGo,AMD,Ahmedabad,f,VT-IPY,Airbus A320,1,2026-10-05 06:10:00,2026-10-05 06:27:00,2026-10-05 07:25:00,,17,,on time,6,6E 5143,HYD,,26.8,0.00,16.9,15240.0,dry and calm
416,2026-10-05,BOM,IX 1280,IX,Air India Express,JAI,Jaipur,f,VT-TYE,Airbus A320,2,2026-10-05 06:10:00,2026-10-05 06:18:00,2026-10-05 08:05:00,,8,,on time,6,,,,26.8,0.00,16.9,15240.0,dry and calm
417,2026-10-05,HYD,6E 5278,6E,IndiGo,TRV,Trivandrum,f,VT-ICG,Airbus A321 NEO,,2026-10-05 06:10:00,2026-10-05 06:20:00,2026-10-05 07:55:00,2026-10-05 07:47:00,10,-8,on time,6,,,,22.5,0.00,7.6,9420.0,dry and calm
418,2026-10-05,BLR,QP 1501,QP,Akasa Air,LKO,Lucknow,f,VT-YAK,Boeing 737 MAX 8,1,2026-10-05 06:15:00,,2026-10-05 08:45:00,,,,no actual time,6,,,,21.4,0.00,13.7,11840.0,dry and calm
419,2026-10-05,BLR,QP 1561,QP,Akasa Air,CCU,Kolkata,f,VT-YBE,Boeing 737 MAX 8,1,2026-10-05 06:15:00,,2026-10-05 08:50:00,,,,no actual time,6,,,,21.4,0.00,13.7,11840.0,dry and calm
420,2026-10-05,BOM,6E 5188,6E,IndiGo,MAA,Chennai,f,VT-IWU,Airbus A320,1,2026-10-05 06:15:00,2026-10-05 06:17:00,2026-10-05 08:20:00,,2,,on time,6,,,,26.8,0.00,16.9,15240.0,dry and calm
421,2026-10-05,BOM,6E 5296,6E,IndiGo,BLR,Bangalore,f,VT-NOT,Airbus A320,1,2026-10-05 06:15:00,2026-10-05 06:20:00,2026-10-05 08:00:00,2026-10-05 07:32:00,5,-28,on time,6,6E 5293,BLR,,26.8,0.00,16.9,15240.0,dry and calm
422,2026-10-05,BOM,6E 6794,6E,IndiGo,UDR,Udaipur,f,VT-ICP,Airbus A321 NEO,2,2026-10-05 06:15:00,2026-10-05 06:36:00,2026-10-05 07:40:00,,21,,on time,6,,,,26.8,0.00,16.9,15240.0,dry and calm
423,2026-10-05,HYD,6E 6305,6E,IndiGo,IXZ,Port Blair,f,VT-IMM,Airbus A321 NEO,,2026-10-05 06:15:00,2026-10-05 06:13:00,2026-10-05 09:00:00,,-2,,on time,6,,,,22.5,0.00,7.6,9420.0,dry and calm
424,2026-10-05,HYD,6E 7201,6E,IndiGo,VGA,Vidzhayavada,f,VT-IYY,ATR 72,,2026-10-05 06:15:00,2026-10-05 06:16:00,2026-10-05 07:15:00,,1,,on time,6,,,,22.5,0.00,7.6,9420.0,dry and calm
425,2026-10-05,BLR,OG 155,OG,Ghodawat Enterprises,HYD,Hyderabad,f,VT-GSM,Embraer 175,,2026-10-05 06:16:00,2026-10-05 06:16:00,2026-10-05 07:06:00,2026-10-05 08:58:00,0,112,on time,6,,,,21.4,0.00,13.7,11840.0,dry and calm
426,2026-10-05,BLR,IX 1479,IX,Air India Express,LKO,Lucknow,f,VT-BXU,Boeing 737 MAX 8,2,2026-10-05 06:20:00,,2026-10-05 08:50:00,2026-10-05 08:44:00,,-6,no actual time,6,,,,21.4,0.00,13.7,11840.0,dry and calm
427,2026-10-05,BLR,IX 2875,IX,Air India Express,VGA,Vijayawada,f,VT-TNM,Airbus A320 NEO,2,2026-10-05 06:20:00,2026-10-05 06:28:00,2026-10-05 07:25:00,,8,,on time,6,,,,21.4,0.00,13.7,11840.0,dry and calm
428,2026-10-05,BOM,6E 802,6E,IndiGo,IXZ,Port Blair,f,VT-IWV,Airbus A320 NEO,2,2026-10-05 06:20:00,2026-10-05 06:44:00,2026-10-05 09:45:00,,24,,on time,6,,,,26.8,0.00,16.9,15240.0,dry and calm
429,2026-10-05,BOM,AI 601,AI,Air India,BHJ,Bhuj,f,,Airbus A319,2,2026-10-05 06:20:00,2026-10-05 06:28:00,2026-10-05 07:45:00,,8,,on time,6,,,,26.8,0.00,16.9,15240.0,dry and calm
430,2026-10-05,BOM,IX 251,IX,Air India Express,SHJ,Sharjah,t,VT-RTQ,Airbus A320,2,2026-10-05 06:20:00,2026-10-05 07:35:00,2026-10-05 07:55:00,2026-10-05 08:36:00,75,41,late,6,,,,26.8,0.00,16.9,15240.0,dry and calm
431,2026-10-05,HYD,6E 5209,6E,IndiGo,AMD,Ahmedabad,f,VT-IQZ,Airbus A320 NEO,,2026-10-05 06:20:00,2026-10-05 06:27:00,2026-10-05 08:10:00,,7,,on time,6,,,,22.5,0.00,7.6,9420.0,dry and calm
432,2026-10-05,HYD,6E 928,6E,IndiGo,STV,Surat,f,,Airbus A320 NEO,,2026-10-05 06:20:00,,2026-10-05 07:55:00,,,,no actual time,6,,,,22.5,0.00,7.6,9420.0,dry and calm
433,2026-10-05,HYD,IX 2934,IX,Air India Express,BLR,Bangalore,f,VT-BXR,Boeing 737,,2026-10-05 06:20:00,2026-10-05 06:34:00,2026-10-05 07:55:00,,14,,on time,6,,,,22.5,0.00,7.6,9420.0,dry and calm
434,2026-10-05,BLR,6E 7227,6E,IndiGo,HBX,Hubli,f,VT-IYZ,ATR 72,1,2026-10-05 06:25:00,2026-10-05 06:39:00,2026-10-05 07:50:00,,14,,on time,6,,,,21.4,0.00,13.7,11840.0,dry and calm
435,2026-10-05,HYD,6E 707,6E,IndiGo,DEL,New Delhi,f,VT-NCX,Airbus A321 NEO,,2026-10-05 06:25:00,2026-10-05 06:36:00,2026-10-05 08:26:00,,11,,on time,6,,,,22.5,0.00,7.6,9420.0,dry and calm
436,2026-10-05,BLR,6E 1077,6E,IndiGo,HKT,Phuket,t,VT-IOU,Airbus A320 NEO,2,2026-10-05 06:30:00,2026-10-05 06:52:00,2026-10-05 11:45:00,,22,,on time,6,,,,21.4,0.00,13.7,11840.0,dry and calm
437,2026-10-05,BLR,6E 6439,6E,IndiGo,CCU,Kolkata,f,VT-ILV,Airbus A321 NEO,1,2026-10-05 06:30:00,2026-10-05 06:43:00,2026-10-05 09:10:00,2026-10-05 08:48:00,13,-22,on time,6,,,,21.4,0.00,13.7,11840.0,dry and calm
438,2026-10-05,BLR,IX 2013,IX,Air India Express,AMD,Ahmedabad,f,VT-BXF,Boeing 737 MAX 8,2,2026-10-05 06:30:00,,2026-10-05 08:20:00,,,,no actual time,6,,,,21.4,0.00,13.7,11840.0,dry and calm
439,2026-10-05,BOM,AI 2605,AI,Air India,TRV,Trivandrum,f,VT-SCH,Airbus A319,2,2026-10-05 06:30:00,2026-10-05 07:00:00,2026-10-05 08:50:00,2026-10-05 08:51:00,30,1,late,6,,,,26.8,0.00,16.9,15240.0,dry and calm
440,2026-10-05,BOM,AI 2928,AI,Air India,DEL,New Delhi,f,VT-TQH,Airbus A320 NEO,2,2026-10-05 06:30:00,2026-10-05 06:46:00,2026-10-05 08:30:00,,16,,on time,6,,,,26.8,0.00,16.9,15240.0,dry and calm
441,2026-10-05,BOM,SK 970,SK,SAS,CPH,Copenhagen,t,LN-RKU,Airbus A330,2,2026-10-05 06:30:00,2026-10-05 06:52:00,2026-10-05 12:15:00,2026-10-05 12:38:00,22,23,on time,6,,,,26.8,0.00,16.9,15240.0,dry and calm
442,2026-10-05,HYD,6E 413,6E,IndiGo,BLR,Bangalore,f,VT-IWY,Airbus A320,,2026-10-05 06:30:00,2026-10-05 06:40:00,2026-10-05 07:50:00,2026-10-05 07:28:00,10,-22,on time,6,,,,22.5,0.00,7.6,9420.0,dry and calm
443,2026-10-05,HYD,6E 6196,6E,IndiGo,BOM,Mumbai,f,VT-NCS,Airbus A321 NEO,,2026-10-05 06:30:00,2026-10-05 06:33:00,2026-10-05 07:55:00,,3,,on time,6,,,,22.5,0.00,7.6,9420.0,dry and calm
444,2026-10-05,BLR,AI 2402,AI,Air India,BOM,Mumbai,f,VT-TQG,Airbus A320 NEO,2,2026-10-05 06:35:00,2026-10-05 06:38:00,2026-10-05 08:35:00,,3,,on time,6,AI 2812,BOM,-61,21.4,0.00,13.7,11840.0,dry and calm
445,2026-10-05,BLR,IX 1239,IX,Air India Express,IXR,Ranchi,f,VT-BWS,Boeing 737 MAX 8,2,2026-10-05 06:35:00,,2026-10-05 08:55:00,,,,no actual time,6,,,,21.4,0.00,13.7,11840.0,dry and calm
446,2026-10-05,BOM,6E 1601,6E,IndiGo,CGK,Jakarta,t,VT-IQU,Airbus A320 NEO,2,2026-10-05 06:35:00,2026-10-05 06:53:00,2026-10-05 14:50:00,2026-10-05 14:26:00,18,-24,on time,6,,,,26.8,0.00,16.9,15240.0,dry and calm
447,2026-10-05,BOM,AI 2603,AI,Air India,BLR,Bangalore,f,VT-EXJ,Airbus A320 NEO,2,2026-10-05 06:35:00,2026-10-05 06:38:00,2026-10-05 08:35:00,2026-10-05 07:57:00,3,-38,on time,6,AI 2858,BLR,,26.8,0.00,16.9,15240.0,dry and calm
448,2026-10-05,BOM,AI 2787,AI,Air India,COK,Kochi,f,VT-TQT,Airbus A320 NEO,2,2026-10-05 06:35:00,2026-10-05 06:45:00,2026-10-05 08:35:00,,10,,on time,6,,,,26.8,0.00,16.9,15240.0,dry and calm
449,2026-10-05,BOM,QP 618,QP,Akasa Air,HKT,Phuket,t,,Boeing 737,2,2026-10-05 06:35:00,2026-10-05 07:12:00,2026-10-05 12:40:00,,37,,late,6,,,,26.8,0.00,16.9,15240.0,dry and calm
450,2026-10-05,BOM,6E 5197,6E,IndiGo,SXR,Srinagar,f,VT-IXA,Airbus A320 NEO,1,2026-10-05 06:40:00,2026-10-05 07:01:00,,,21,,on time,6,,,,26.8,0.00,16.9,15240.0,dry and calm
451,2026-10-05,BOM,AI 2785,AI,Air India,HSR,Rajkot,f,VT-TQC,Airbus A320 NEO,2,2026-10-05 06:40:00,2026-10-05 07:07:00,2026-10-05 08:00:00,,27,,on time,6,,,,26.8,0.00,16.9,15240.0,dry and calm
452,2026-10-05,BOM,AI 2821,AI,Air India,MAA,Chennai,f,VT-TQB,Airbus A320 NEO,2,2026-10-05 06:40:00,2026-10-05 07:04:00,2026-10-05 08:55:00,,24,,on time,6,,,,26.8,0.00,16.9,15240.0,dry and calm
453,2026-10-05,BOM,AI 493,AI,Air India,AMD,Ahmedabad,f,VT-PPH,Airbus A321,2,2026-10-05 06:40:00,2026-10-05 07:09:00,2026-10-05 07:50:00,,29,,on time,6,AI 3306,BLR,,26.8,0.00,16.9,15240.0,dry and calm
454,2026-10-05,HYD,6E 7252,6E,IndiGo,IXU,Aurangabad,f,VT-IYP,ATR 72,,2026-10-05 06:40:00,2026-10-05 06:52:00,2026-10-05 08:10:00,,12,,on time,6,,,,22.5,0.00,7.6,9420.0,dry and calm
455,2026-10-05,BLR,6E 687,6E,IndiGo,UDR,Udaipur,f,VT-IMD,Airbus A321 NEO,1,2026-10-05 06:45:00,2026-10-05 06:51:00,2026-10-05 09:00:00,,6,,on time,6,,,,21.4,0.00,13.7,11840.0,dry and calm
456,2026-10-05,BOM,AI 2183,AI,Air India,DAC,Dhaka,t,VT-TQM,Airbus A320 NEO,2,2026-10-05 06:45:00,2026-10-05 06:41:00,2026-10-05 10:05:00,2026-10-05 09:54:00,-4,-11,on time,6,,,,26.8,0.00,16.9,15240.0,dry and calm
457,2026-10-05,HYD,S5 173,S5,Star Air,PNQ,Pune,f,,Embraer 175,,2026-10-05 06:45:00,,2026-10-05 07:55:00,,,,no actual time,6,,,,22.5,0.00,7.6,9420.0,dry and calm
458,2026-10-05,BLR,6E 7204,6E,IndiGo,VGA,Vijayawada,f,VT-IYS,ATR 72,1,2026-10-05 06:50:00,2026-10-05 07:17:00,2026-10-05 08:20:00,,27,,on time,6,,,,21.4,0.00,13.7,11840.0,dry and calm
459,2026-10-05,BLR,6E 7285,6E,IndiGo,IXG,Belgaum,f,VT-IYG,ATR 72,1,2026-10-05 06:50:00,2026-10-05 06:58:00,2026-10-05 08:20:00,,8,,on time,6,,,,21.4,0.00,13.7,11840.0,dry and calm
460,2026-10-05,BLR,BA 118,BA,British,LHR,London,t,G-ZBJB,Boeing 787-8,2,2026-10-05 06:50:00,2026-10-05 07:10:00,2026-10-05 13:15:00,2026-10-05 13:04:00,20,-11,on time,6,,,,21.4,0.00,13.7,11840.0,dry and calm
461,2026-10-05,BOM,QP 1252,QP,Akasa Air,CCU,Kolkata,f,,Boeing 737,2,2026-10-05 06:50:00,2026-10-05 07:11:00,2026-10-05 09:30:00,,21,,on time,6,,,,26.8,0.00,16.9,15240.0,dry and calm
462,2026-10-05,HYD,6E 7118,6E,IndiGo,RJA,Rajahmundry,f,VT-IYQ,ATR 72,,2026-10-05 06:50:00,2026-10-05 06:59:00,2026-10-05 08:05:00,,9,,on time,6,,,,22.5,0.00,7.6,9420.0,dry and calm
463,2026-10-05,HYD,6E 7554,6E,IndiGo,RPR,Raipur,f,VT-IYO,ATR 72,,2026-10-05 06:50:00,2026-10-05 06:58:00,2026-10-05 08:40:00,,8,,on time,6,,,,22.5,0.00,7.6,9420.0,dry and calm
464,2026-10-05,HYD,IX 2082,IX,Air India Express,VTZ,Visakhapatnam,f,VT-NTA,Boeing 737 MAX 8,,2026-10-05 06:50:00,2026-10-05 07:33:00,2026-10-05 08:10:00,2026-10-05 08:32:00,43,22,late,6,,,,22.5,0.00,7.6,9420.0,dry and calm
465,2026-10-05,BLR,6E 7236,6E,IndiGo,TRZ,Tiruchirappally,f,VT-IRM,ATR 72,1,2026-10-05 06:55:00,2026-10-05 07:15:00,2026-10-05 08:05:00,,20,,on time,6,,,,21.4,0.00,13.7,11840.0,dry and calm
466,2026-10-05,BOM,AI 2771,AI,Air India,CCU,Kolkata,f,VT-TQL,Airbus A320 NEO,2,2026-10-05 06:55:00,2026-10-05 07:15:00,2026-10-05 09:45:00,2026-10-05 09:34:00,20,-11,on time,6,,,,26.8,0.00,16.9,15240.0,dry and calm
467,2026-10-05,BOM,TK 721,TK,Turkish,IST,Istanbul,t,TC-JNN,Airbus A330-300,2,2026-10-05 06:55:00,2026-10-05 07:19:00,2026-10-05 11:20:00,,24,,on time,6,,,,26.8,0.00,16.9,15240.0,dry and calm
468,2026-10-05,HYD,OG 173,OG,Ghodawat Enterprises,PNQ,Pune,f,VT-GSK,Embraer 175,,2026-10-05 06:56:00,2026-10-05 06:56:00,2026-10-05 07:46:00,2026-10-05 07:46:00,0,0,on time,6,,,,22.5,0.00,7.6,9420.0,dry and calm
469,2026-10-05,BLR,6E 844,6E,IndiGo,DEL,New Delhi,f,VT-NOP,Airbus A321 NEO,1,2026-10-05 07:00:00,2026-10-05 07:22:00,2026-10-05 09:45:00,,22,,on time,7,,,,22.9,0.00,19.4,16240.0,dry and calm
470,2026-10-05,BLR,AI 2654,AI,Air India,DEL,New Delhi,f,VT-TQI,Airbus A320 NEO,2,2026-10-05 07:00:00,2026-10-05 07:14:00,2026-10-05 09:37:00,,14,,on time,7,,,,22.9,0.00,19.4,16240.0,dry and calm
471,2026-10-05,BLR,QP 1525,QP,Akasa Air,DXN,Gautam Buddha Nagar,f,VT-YAO,Boeing 737 MAX 8,1,2026-10-05 07:00:00,,,,,,no actual time,7,,,,22.9,0.00,19.4,16240.0,dry and calm
472,2026-10-05,BOM,6E 301,6E,IndiGo,DEL,New Delhi,f,VT-NCG,Airbus A320,2,2026-10-05 07:00:00,2026-10-05 07:16:00,2026-10-05 09:09:00,,16,,on time,7,,,,27.4,0.00,17.6,15220.0,dry and calm
473,2026-10-05,BOM,AI 2424,AI,Air India,DEL,New Delhi,f,VT-TQH,Airbus A320 NEO,2,2026-10-05 07:00:00,2026-10-05 07:34:00,2026-10-05 09:22:00,,34,,late,7,,,,27.4,0.00,17.6,15220.0,dry and calm
474,2026-10-05,BOM,QP 1109,QP,Akasa Air,DEL,New Delhi,f,,Boeing 737,2,2026-10-05 07:00:00,2026-10-05 07:29:00,2026-10-05 09:18:00,,29,,on time,7,,,,27.4,0.00,17.6,15220.0,dry and calm
475,2026-10-05,HYD,6E 7307,6E,IndiGo,JLR,Dzhabalpur,f,VT-IXW,ATR 72,,2026-10-05 07:00:00,2026-10-05 07:19:00,2026-10-05 09:00:00,,19,,on time,7,,,,24.5,0.00,10.1,10740.0,dry and calm
476,2026-10-05,BLR,6E 857,6E,IndiGo,CJB,Coimbatore,f,VT-ILX,Airbus A321 NEO,1,2026-10-05 07:05:00,2026-10-05 07:25:00,2026-10-05 07:55:00,,20,,on time,7,,,,22.9,0.00,19.4,16240.0,dry and calm
477,2026-10-05,BLR,IX 1131,IX,Air India Express,CCU,Kolkata,f,VT-BXT,Boeing 737 MAX 8,2,2026-10-05 07:05:00,2026-10-05 07:12:00,2026-10-05 09:35:00,2026-10-05 09:15:00,7,-20,on time,7,,,,22.9,0.00,19.4,16240.0,dry and calm
478,2026-10-05,BLR,IX 1472,IX,Air India Express,MAA,Chennai,f,VT-VTZ,Airbus A320,2,2026-10-05 07:05:00,,2026-10-05 08:10:00,,,,no actual time,7,,,,22.9,0.00,19.4,16240.0,dry and calm
479,2026-10-05,BOM,6E 294,6E,IndiGo,IDR,Indore,f,VT-IQO,Airbus A320 NEO,2,2026-10-05 07:05:00,2026-10-05 07:23:00,2026-10-05 08:30:00,,18,,on time,7,,,,27.4,0.00,17.6,15220.0,dry and calm
480,2026-10-05,HYD,6E 243,6E,IndiGo,MAA,Chennai,f,VT-IXP,Airbus A320 NEO,,2026-10-05 07:05:00,2026-10-05 07:12:00,2026-10-05 08:25:00,,7,,on time,7,,,,24.5,0.00,10.1,10740.0,dry and calm
481,2026-10-05,HYD,9I 877,9I,Alliance Air,TIR,Tirumala - Tirupati,f,VT-RKC,ATR 72,,2026-10-05 07:05:00,,2026-10-05 08:30:00,,,,no actual time,7,,,,24.5,0.00,10.1,10740.0,dry and calm
482,2026-10-05,BLR,6E 6353,6E,IndiGo,LKO,Lucknow,f,VT-IZB,Airbus A320 (sharklets),1,2026-10-05 07:10:00,2026-10-05 07:23:00,2026-10-05 09:50:00,2026-10-05 09:31:00,13,-19,on time,7,,,,22.9,0.00,19.4,16240.0,dry and calm
483,2026-10-05,BLR,6E 763,6E,IndiGo,COK,Kochi,f,VT-IXM,Airbus A320 NEO,1,2026-10-05 07:10:00,2026-10-05 07:26:00,2026-10-05 08:15:00,,16,,on time,7,,,,22.9,0.00,19.4,16240.0,dry and calm
484,2026-10-05,HYD,6E 6408,6E,IndiGo,VTZ,Visakhapatnam,f,VT-ICS,Airbus A321 NEO,,2026-10-05 07:10:00,2026-10-05 07:23:00,2026-10-05 08:30:00,2026-10-05 08:23:00,13,-7,on time,7,,,,24.5,0.00,10.1,10740.0,dry and calm
485,2026-10-05,BLR,6E 541,6E,IndiGo,IXE,Mangalore,f,VT-ILP,Airbus A321 NEO,1,2026-10-05 07:15:00,2026-10-05 07:31:00,2026-10-05 08:15:00,,16,,on time,7,,,,22.9,0.00,19.4,16240.0,dry and calm
486,2026-10-05,BLR,6E 6269,6E,IndiGo,MAA,Chennai,f,VT-ICZ,Airbus A321 NEO,1,2026-10-05 07:15:00,2026-10-05 07:29:00,2026-10-05 08:15:00,,14,,on time,7,,,,22.9,0.00,19.4,16240.0,dry and calm
487,2026-10-05,BLR,QP 1372,QP,Akasa Air,IXB,Siliguri,f,VT-YAW,Boeing 737 MAX 8,1,2026-10-05 07:15:00,,2026-10-05 10:15:00,,,,no actual time,7,,,,22.9,0.00,19.4,16240.0,dry and calm
488,2026-10-05,BOM,6E 2387,6E,IndiGo,RPR,Raipur,f,,Airbus A320,2,2026-10-05 07:15:00,2026-10-05 07:24:00,2026-10-05 09:00:00,,9,,on time,7,,,,27.4,0.00,17.6,15220.0,dry and calm
489,2026-10-05,BOM,6E 5246,6E,IndiGo,HYD,Hyderabad,f,VT-NOU,Airbus A320,1,2026-10-05 07:15:00,2026-10-05 07:32:00,2026-10-05 08:50:00,2026-10-05 08:28:00,17,-22,on time,7,6E 5245,HYD,,27.4,0.00,17.6,15220.0,dry and calm
490,2026-10-05,HYD,AI 2860,AI,Air India,DEL,New Delhi,f,VT-TQO,Airbus A320 NEO,,2026-10-05 07:15:00,2026-10-05 07:37:00,2026-10-05 09:30:00,,22,,on time,7,,,,24.5,0.00,10.1,10740.0,dry and calm
491,2026-10-05,BLR,6E 688,6E,IndiGo,TRV,Trivandrum,f,VT-IMI,Airbus A321 NEO,1,2026-10-05 07:20:00,2026-10-05 07:34:00,2026-10-05 08:40:00,2026-10-05 08:34:00,14,-6,on time,7,,,,22.9,0.00,19.4,16240.0,dry and calm
492,2026-10-05,BLR,9I 507,9I,Alliance Air,COK,Kochi,f,VT-RKJ,ATR 72,2,2026-10-05 07:20:00,2026-10-05 07:57:00,,,37,,late,7,,,,22.9,0.00,19.4,16240.0,dry and calm
493,2026-10-05,BOM,6E 5156,6E,IndiGo,HSR,Rajkot,f,VT-IMY,Airbus A320,1,2026-10-05 07:20:00,2026-10-05 07:38:00,2026-10-05 08:40:00,,18,,on time,7,,,,27.4,0.00,17.6,15220.0,dry and calm
494,2026-10-05,BOM,AI 2354,AI,Air India,BKK,Bangkok,t,VT-CIE,Airbus A320 NEO,2,2026-10-05 07:20:00,2026-10-05 07:30:00,2026-10-05 13:35:00,2026-10-05 13:14:00,10,-21,on time,7,,,,27.4,0.00,17.6,15220.0,dry and calm
495,2026-10-05,BOM,IX 2367,IX,Air India Express,GOX,Mopa,f,VT-BWR,Boeing 737,2,2026-10-05 07:20:00,2026-10-05 07:43:00,2026-10-05 08:40:00,,23,,on time,7,,,,27.4,0.00,17.6,15220.0,dry and calm
496,2026-10-05,HYD,6E 6646,6E,IndiGo,CJB,Coimbatore,f,VT-IQJ,Airbus A320 NEO,,2026-10-05 07:20:00,2026-10-05 07:32:00,2026-10-05 08:45:00,,12,,on time,7,,,,24.5,0.00,10.1,10740.0,dry and calm
497,2026-10-05,HYD,6E 752,6E,IndiGo,COK,Kochi,f,VT-ICT,Airbus A321 NEO,,2026-10-05 07:20:00,2026-10-05 07:34:00,2026-10-05 09:00:00,,14,,on time,7,,,,24.5,0.00,10.1,10740.0,dry and calm
498,2026-10-05,BLR,6E 5216,6E,IndiGo,BOM,Mumbai,f,VT-NOH,Airbus A321 NEO,1,2026-10-05 07:25:00,2026-10-05 07:38:00,2026-10-05 09:10:00,,13,,on time,7,6E 5294,BOM,-39,22.9,0.00,19.4,16240.0,dry and calm
499,2026-10-05,BLR,QP 1421,QP,Akasa Air,VNS,Varanasi,f,VT-YAI,Boeing 737 MAX 8,1,2026-10-05 07:25:00,,2026-10-05 10:00:00,,,,no actual time,7,,,,22.9,0.00,19.4,16240.0,dry and calm
500,2026-10-05,BOM,6E 6128,6E,IndiGo,BHO,Bhopal,f,VT-IIP,Airbus A320 NEO,2,2026-10-05 07:25:00,2026-10-05 07:41:00,2026-10-05 09:00:00,,16,,on time,7,,,,27.4,0.00,17.6,15220.0,dry and calm
501,2026-10-05,HYD,6E 6242,6E,IndiGo,BBI,Bhubaneswar,f,VT-IQI,Airbus A320 NEO,,2026-10-05 07:25:00,2026-10-05 07:40:00,2026-10-05 09:10:00,,15,,on time,7,,,,24.5,0.00,10.1,10740.0,dry and calm
502,2026-10-05,HYD,AI 2626,AI,Air India,BOM,Mumbai,f,VT-TNR,Airbus A321 (Sharklets),,2026-10-05 07:25:00,2026-10-05 07:39:00,2026-10-05 09:15:00,,14,,on time,7,,,,24.5,0.00,10.1,10740.0,dry and calm
503,2026-10-05,HYD,OG 196,OG,Ghodawat Enterprises,NDC,Nanded,f,VT-GSJ,Embraer 175,,2026-10-05 07:26:00,2026-10-05 07:26:00,,,0,,on time,7,,,,24.5,0.00,10.1,10740.0,dry and calm
504,2026-10-05,BLR,6E 702,6E,IndiGo,BBI,Bhubaneswar,f,VT-IQL,Airbus A320 NEO,1,2026-10-05 07:30:00,2026-10-05 07:36:00,2026-10-05 09:35:00,,6,,on time,7,,,,22.9,0.00,19.4,16240.0,dry and calm
505,2026-10-05,BLR,6E 959,6E,IndiGo,IDR,Indore,f,VT-ILU,Airbus A321 NEO,1,2026-10-05 07:30:00,2026-10-05 07:55:00,2026-10-05 09:25:00,,25,,on time,7,,,,22.9,0.00,19.4,16240.0,dry and calm
506,2026-10-05,BOM,QP 1554,QP,Akasa Air,JAI,Jaipur,f,,,2,2026-10-05 07:30:00,,,,,,canceled,7,,,,27.4,0.00,17.6,15220.0,dry and calm
507,2026-10-05,BLR,6E 6302,6E,IndiGo,GOP,Gorakhpur,f,VT-ISZ,Airbus A320 NEO,1,2026-10-05 07:35:00,2026-10-05 08:00:00,2026-10-05 10:20:00,,25,,on time,7,,,,22.9,0.00,19.4,16240.0,dry and calm
508,2026-10-05,BOM,QP 1101,QP,Akasa Air,AMD,Ahmedabad,f,,Boeing 737,2,2026-10-05 07:35:00,2026-10-05 07:49:00,2026-10-05 08:55:00,,14,,on time,7,,,,27.4,0.00,17.6,15220.0,dry and calm
509,2026-10-05,BLR,6E 405,6E,IndiGo,RPR,Raipur,f,VT-IVB,Airbus A320 NEO,1,2026-10-05 07:40:00,2026-10-05 07:53:00,2026-10-05 09:25:00,,13,,on time,7,,,,22.9,0.00,19.4,16240.0,dry and calm
510,2026-10-05,BOM,AI 2741,AI,Air India,DED,Dehradun,f,VT-RTU,Airbus A320 NEO,2,2026-10-05 07:40:00,2026-10-05 07:51:00,2026-10-05 09:55:00,,11,,on time,7,,,,27.4,0.00,17.6,15220.0,dry and calm
511,2026-10-05,HYD,6E 151,6E,IndiGo,BLR,Bangalore,f,VT-ICR,Airbus A321 NEO,,2026-10-05 07:40:00,2026-10-05 07:47:00,2026-10-05 08:40:00,2026-10-05 08:34:00,7,-6,on time,7,,,,24.5,0.00,10.1,10740.0,dry and calm
512,2026-10-05,BLR,6E 6288,6E,IndiGo,ATQ,Amritsar,f,VT-IFZ,Airbus A320 (Sharklets),1,2026-10-05 07:45:00,2026-10-05 08:04:00,2026-10-05 10:50:00,,19,,on time,7,,,,22.9,0.00,19.4,16240.0,dry and calm
513,2026-10-05,BOM,6E 5193,6E,IndiGo,BLR,Bangalore,f,VT-NCN,Airbus A320,1,2026-10-05 07:45:00,2026-10-05 08:12:00,2026-10-05 09:45:00,2026-10-05 09:34:00,27,-11,on time,7,,,,27.4,0.00,17.6,15220.0,dry and calm
514,2026-10-05,BOM,6E 5329,6E,IndiGo,CCU,Kolkata,f,VT-NOJ,Airbus A320,1,2026-10-05 07:45:00,2026-10-05 07:53:00,2026-10-05 10:30:00,2026-10-05 10:05:00,8,-25,on time,7,6E 5205,BLR,,27.4,0.00,17.6,15220.0,dry and calm
515,2026-10-05,HYD,BA 276,BA,British,LHR,London,t,G-YMMN,Boeing 777-200,,2026-10-05 07:45:00,2026-10-05 08:03:00,2026-10-05 13:50:00,2026-10-05 13:36:00,18,-14,on time,7,,,,24.5,0.00,10.1,10740.0,dry and calm
516,2026-10-05,BOM,6E 5091,6E,IndiGo,BBI,Bhubaneswar,f,VT-ICB,Airbus A320,1,2026-10-05 07:50:00,2026-10-05 07:56:00,2026-10-05 10:15:00,,6,,on time,7,,,,27.4,0.00,17.6,15220.0,dry and calm
517,2026-10-05,BOM,6E 5305,6E,IndiGo,IXB,Siliguri,f,VT-IQM,Airbus A320,1,2026-10-05 07:50:00,2026-10-05 07:58:00,2026-10-05 10:50:00,,8,,on time,7,,,,27.4,0.00,17.6,15220.0,dry and calm
518,2026-10-05,BOM,6E 6543,6E,IndiGo,VNS,Varanasi,f,VT-ICY,Airbus A320,2,2026-10-05 07:50:00,2026-10-05 08:15:00,2026-10-05 10:10:00,,25,,on time,7,,,,27.4,0.00,17.6,15220.0,dry and calm
519,2026-10-05,HYD,6E 6323,6E,IndiGo,UDR,Udaipur,f,VT-IML,Airbus A321 NEO,,2026-10-05 07:50:00,2026-10-05 08:14:00,2026-10-05 09:45:00,,24,,on time,7,,,,24.5,0.00,10.1,10740.0,dry and calm
520,2026-10-05,BLR,IX 895,IX,Air India Express,RUH,Riyadh,t,VT-RNT,Boeing 737 MAX 8,2,2026-10-05 07:55:00,2026-10-05 08:10:00,2026-10-05 10:30:00,,15,,on time,7,,,,22.9,0.00,19.4,16240.0,dry and calm
521,2026-10-05,BOM,6E 1903,6E,IndiGo,ATH,Athens,t,VT-NLD,Airbus A320,2,2026-10-05 07:55:00,2026-10-05 08:01:00,2026-10-05 13:00:00,2026-10-05 12:41:00,6,-19,on time,7,,,,27.4,0.00,17.6,15220.0,dry and calm
522,2026-10-05,BOM,AI 2851,AI,Air India,BLR,Bangalore,f,VT-TNF,Airbus A320 NEO,2,2026-10-05 07:55:00,2026-10-05 08:16:00,2026-10-05 10:05:00,,21,,on time,7,,,,27.4,0.00,17.6,15220.0,dry and calm
523,2026-10-05,HYD,6E 371,6E,IndiGo,MAA,Chennai,f,VT-NOL,Airbus A321 NEO,,2026-10-05 07:55:00,2026-10-05 08:12:00,2026-10-05 09:20:00,,17,,on time,7,,,,24.5,0.00,10.1,10740.0,dry and calm
524,2026-10-05,BLR,IX 941,IX,Air India Express,JED,Jeddah,t,VT-BWV,Boeing 737 MAX 8,2,2026-10-05 08:00:00,2026-10-05 08:43:00,2026-10-05 11:20:00,,43,,late,8,,,,24.2,0.00,21.6,18800.0,dry and calm
525,2026-10-05,BOM,6E 333,6E,IndiGo,DEL,New Delhi,f,,Airbus A320,2,2026-10-05 08:00:00,2026-10-05 08:29:00,2026-10-05 10:20:00,,29,,on time,8,,,,29.3,0.00,19.1,15220.0,dry and calm
526,2026-10-05,BOM,AI 2428,AI,Air India,DEL,New Delhi,f,,Airbus A320 NEO,2,2026-10-05 08:00:00,2026-10-05 08:03:00,2026-10-05 09:54:00,,3,,on time,8,,,,29.3,0.00,19.1,15220.0,dry and calm
527,2026-10-05,HYD,6E 5213,6E,IndiGo,BOM,Mumbai,f,VT-NCV,Airbus A321 NEO,,2026-10-05 08:00:00,2026-10-05 08:06:00,2026-10-05 09:30:00,,6,,on time,8,6E 6362,BOM,-36,26.7,0.00,10.1,13760.0,dry and calm
528,2026-10-05,HYD,6E 6411,6E,IndiGo,RJA,Rajahmundry,f,VT-IIO,Airbus A320 NEO,,2026-10-05 08:00:00,2026-10-05 08:33:00,2026-10-05 09:10:00,,33,,late,8,6E 6178,BLR,-5,26.7,0.00,10.1,13760.0,dry and calm
529,2026-10-05,BLR,6E 7005,6E,IndiGo,COK,Kochi,f,VT-IYH,ATR 72,1,2026-10-05 08:05:00,2026-10-05 08:20:00,2026-10-05 09:25:00,,15,,on time,8,,,,24.2,0.00,21.6,18800.0,dry and calm
530,2026-10-05,BLR,S5 183,S5,Star Air,NDC,Nanded,f,VT-GSO,Embraer 175,2,2026-10-05 08:05:00,,,,,,no actual time,8,,,,24.2,0.00,21.6,18800.0,dry and calm
531,2026-10-05,BOM,6E 6058,6E,IndiGo,NAG,Naqpur,f,,Airbus A320,2,2026-10-05 08:05:00,2026-10-05 08:11:00,2026-10-05 09:30:00,,6,,on time,8,,,,29.3,0.00,19.1,15220.0,dry and calm
532,2026-10-05,HYD,IX 1831,IX,Air India Express,MAA,Chennai,f,VT-TNN,Airbus A320 (Sharklets),,2026-10-05 08:05:00,2026-10-05 08:38:00,2026-10-05 09:40:00,,33,,late,8,,,,26.7,0.00,10.1,13760.0,dry and calm
533,2026-10-05,HYD,IX 2019,IX,Air India Express,BLR,Bangalore,f,VT-BWQ,Boeing 737,,2026-10-05 08:05:00,2026-10-05 08:20:00,2026-10-05 09:25:00,,15,,on time,8,IX 2018,BLR,-13,26.7,0.00,10.1,13760.0,dry and calm
534,2026-10-05,BLR,6E 1485,6E,IndiGo,DXB,Dubai,t,VT-NCC,Airbus A320,2,2026-10-05 08:10:00,2026-10-05 08:14:00,2026-10-05 10:25:00,2026-10-05 10:07:00,4,-18,on time,8,,,,24.2,0.00,21.6,18800.0,dry and calm
535,2026-10-05,BLR,6E 442,6E,IndiGo,CCU,Kolkata,f,VT-IBB,Airbus A321 NEO,1,2026-10-05 08:10:00,2026-10-05 08:18:00,2026-10-05 10:35:00,2026-10-05 10:21:00,8,-14,on time,8,,,,24.2,0.00,21.6,18800.0,dry and calm
536,2026-10-05,BLR,6E 6170,6E,IndiGo,IXM,Madurai,f,VT-ILT,Airbus A321 NEO,1,2026-10-05 08:10:00,2026-10-05 08:25:00,2026-10-05 09:05:00,,15,,on time,8,,,,24.2,0.00,21.6,18800.0,dry and calm
537,2026-10-05,BOM,6E 1451,6E,IndiGo,DXB,Dubai,t,VT-NCA,Airbus A320,2,2026-10-05 08:10:00,2026-10-05 08:35:00,2026-10-05 09:40:00,2026-10-05 09:32:00,25,-8,on time,8,,,,29.3,0.00,19.1,15220.0,dry and calm
538,2026-10-05,BOM,AI 1891,AI,Air India,IDR,Indore,f,,Airbus A320 NEO,2,2026-10-05 08:10:00,2026-10-05 08:21:00,2026-10-05 09:45:00,,11,,on time,8,,,,29.3,0.00,19.1,15220.0,dry and calm
539,2026-10-05,HYD,6E 1465,6E,IndiGo,DXB,Dubai,t,VT-IXE,Airbus A320 NEO,,2026-10-05 08:10:00,2026-10-05 08:21:00,2026-10-05 10:25:00,2026-10-05 10:10:00,11,-15,on time,8,,,,26.7,0.00,10.1,13760.0,dry and calm
540,2026-10-05,BLR,6E 443,6E,IndiGo,IXB,Siliguri,f,VT-IXN,Airbus A320 NEO,1,2026-10-05 08:15:00,2026-10-05 08:38:00,2026-10-05 11:00:00,,23,,on time,8,,,,24.2,0.00,21.6,18800.0,dry and calm
541,2026-10-05,BLR,6E 484,6E,IndiGo,HYD,Hyderabad,f,VT-IPK,Airbus A320 NEO,1,2026-10-05 08:15:00,2026-10-05 08:23:00,2026-10-05 09:30:00,2026-10-05 09:10:00,8,-20,on time,8,,,,24.2,0.00,21.6,18800.0,dry and calm
542,2026-10-05,BLR,6E 849,6E,IndiGo,DEL,New Delhi,f,VT-NCE,Airbus A321 NEO,1,2026-10-05 08:15:00,2026-10-05 08:27:00,2026-10-05 10:51:00,,12,,on time,8,,,,24.2,0.00,21.6,18800.0,dry and calm
543,2026-10-05,BOM,6E 5204,6E,IndiGo,MAA,Chennai,f,,Airbus A320,1,2026-10-05 08:15:00,2026-10-05 08:32:00,2026-10-05 10:20:00,,17,,on time,8,,,,29.3,0.00,19.1,15220.0,dry and calm
544,2026-10-05,HYD,6E 664,6E,IndiGo,CCU,Kolkata,f,VT-ILL,Airbus A321 NEO,,2026-10-05 08:15:00,2026-10-05 08:32:00,2026-10-05 10:25:00,2026-10-05 10:17:00,17,-8,on time,8,,,,26.7,0.00,10.1,13760.0,dry and calm
545,2026-10-05,HYD,6E 6872,6E,IndiGo,IXB,Siliguri,f,VT-ICV,Airbus A321 NEO,,2026-10-05 08:15:00,2026-10-05 08:30:00,2026-10-05 10:40:00,,15,,on time,8,,,,26.7,0.00,10.1,13760.0,dry and calm
546,2026-10-05,BLR,OG 183,OG,Ghodawat Enterprises,NDC,Nanded,f,VT-GSO,Embraer 175,,2026-10-05 08:16:00,2026-10-05 08:16:00,,,0,,on time,8,,,,24.2,0.00,21.6,18800.0,dry and calm
547,2026-10-05,BLR,6E 6863,6E,IndiGo,NAG,Naqpur,f,VT-ILU,Airbus A321 NEO,1,2026-10-05 08:20:00,,2026-10-05 09:55:00,,,,no actual time,8,,,,24.2,0.00,21.6,18800.0,dry and calm
548,2026-10-05,BLR,AI 2846,AI,Air India,BOM,Mumbai,f,VT-TVE,Airbus A321 NEO,2,2026-10-05 08:20:00,2026-10-05 08:36:00,2026-10-05 10:20:00,,16,,on time,8,AI 2845,BOM,-48,24.2,0.00,21.6,18800.0,dry and calm
549,2026-10-05,BLR,QP 1902,QP,Akasa Air,AMD,Ahmedabad,f,VT-YBR,Boeing 737 MAX 8,1,2026-10-05 08:20:00,,2026-10-05 10:35:00,,,,no actual time,8,,,,24.2,0.00,21.6,18800.0,dry and calm
550,2026-10-05,BLR,VS 317,VS,Virgin Atlantic,LHR,London,t,G-VNYL,Boeing 787-9,2,2026-10-05 08:20:00,2026-10-05 08:33:00,2026-10-05 14:35:00,2026-10-05 14:13:00,13,-22,on time,8,,,,24.2,0.00,21.6,18800.0,dry and calm
551,2026-10-05,BOM,QP 1143,QP,Akasa Air,IXB,Siliguri,f,,Boeing 737,2,2026-10-05 08:20:00,2026-10-05 08:39:00,2026-10-05 11:25:00,,19,,on time,8,,,,29.3,0.00,19.1,15220.0,dry and calm
552,2026-10-05,HYD,6E 7417,6E,IndiGo,HBX,Hubli,f,VT-IXV,ATR 72,,2026-10-05 08:20:00,2026-10-05 08:24:00,2026-10-05 09:35:00,,4,,on time,8,,,,26.7,0.00,10.1,13760.0,dry and calm
553,2026-10-05,BLR,6E 6801,6E,IndiGo,PAT,Patna,f,VT-IWY,Airbus A320,1,2026-10-05 08:25:00,2026-10-05 08:48:00,2026-10-05 11:00:00,,23,,on time,8,6E 413,HYD,-22,24.2,0.00,21.6,18800.0,dry and calm
554,2026-10-05,HYD,6E 946,6E,IndiGo,GOX,Mopa,f,VT-IBU,Airbus A321 NEO,,2026-10-05 08:25:00,2026-10-05 08:40:00,2026-10-05 09:30:00,,15,,on time,8,,,,26.7,0.00,10.1,13760.0,dry and calm
555,2026-10-05,BLR,6E 5051,6E,IndiGo,BOM,Mumbai,f,VT-NOT,Airbus A321 NEO,1,2026-10-05 08:30:00,2026-10-05 08:51:00,2026-10-05 10:15:00,,21,,on time,8,6E 5296,BOM,-28,24.2,0.00,21.6,18800.0,dry and calm
556,2026-10-05,BLR,IX 1489,IX,Air India Express,CCJ,Calicut,f,VT-AXX,Boeing 737-800,2,2026-10-05 08:30:00,2026-10-05 08:41:00,2026-10-05 09:35:00,,11,,on time,8,,,,24.2,0.00,21.6,18800.0,dry and calm
557,2026-10-05,BOM,6E 1115,6E,IndiGo,DAC,Dhaka,t,VT-ISV,Airbus A320,2,2026-10-05 08:30:00,2026-10-05 08:37:00,2026-10-05 12:05:00,2026-10-05 11:47:00,7,-18,on time,8,,,,29.3,0.00,19.1,15220.0,dry and calm
558,2026-10-05,BOM,AI 2970,AI,Air India,DEL,New Delhi,f,,Airbus A320 NEO,2,2026-10-05 08:30:00,2026-10-05 08:51:00,2026-10-05 10:35:00,,21,,on time,8,,,,29.3,0.00,19.1,15220.0,dry and calm
559,2026-10-05,HYD,6E 6719,6E,IndiGo,PAT,Patna,f,VT-IPC,Airbus A320 NEO,,2026-10-05 08:30:00,2026-10-05 08:56:00,2026-10-05 10:30:00,,26,,on time,8,,,,26.7,0.00,10.1,13760.0,dry and calm
560,2026-10-05,HYD,6E 889,6E,IndiGo,DEL,New Delhi,f,VT-NCF,Airbus A321 NEO,,2026-10-05 08:30:00,2026-10-05 08:43:00,2026-10-05 10:41:00,,13,,on time,8,,,,26.7,0.00,10.1,13760.0,dry and calm
561,2026-10-05,BOM,6E 17,6E,IndiGo,IST,Istanbul,t,VT-NLC,Airbus A320,2,2026-10-05 08:35:00,2026-10-05 08:58:00,2026-10-05 13:50:00,,23,,on time,8,,,,29.3,0.00,19.1,15220.0,dry and calm
562,2026-10-05,BOM,MK 749,MK,Air Mauritius,MRU,Port Louis,t,3B-NBU,Airbus A330,2,2026-10-05 08:35:00,2026-10-05 09:09:00,2026-10-05 13:15:00,,34,,late,8,,,,29.3,0.00,19.1,15220.0,dry and calm
563,2026-10-05,HYD,AI 2466,AI,Air India,DEL,New Delhi,f,VT-TNP,Airbus A320 (Sharklets),,2026-10-05 08:35:00,2026-10-05 08:41:00,2026-10-05 10:43:00,,6,,on time,8,AI 2625,BOM,-18,26.7,0.00,10.1,13760.0,dry and calm
564,2026-10-05,BLR,IX 1893,IX,Air India Express,COK,Kochi,f,VT-BWN,Boeing 737 MAX 8,2,2026-10-05 08:40:00,2026-10-05 08:54:00,2026-10-05 09:55:00,,14,,on time,8,,,,24.2,0.00,21.6,18800.0,dry and calm
565,2026-10-05,BLR,IX 2926,IX,Air India Express,MAA,Chennai,f,VT-BXG,Boeing 737 MAX 8,2,2026-10-05 08:40:00,,2026-10-05 09:50:00,,,,no actual time,8,,,,24.2,0.00,21.6,18800.0,dry and calm
566,2026-10-05,BOM,6E 204,6E,IndiGo,DED,Dehradun,f,,Airbus A320 NEO,2,2026-10-05 08:40:00,2026-10-05 08:43:00,2026-10-05 11:00:00,,3,,on time,8,,,,29.3,0.00,19.1,15220.0,dry and calm
567,2026-10-05,BOM,6E 5281,6E,IndiGo,JAI,Jaipur,f,VT-NHV,Airbus A321 NEO,1,2026-10-05 08:40:00,2026-10-05 08:56:00,2026-10-05 10:30:00,,16,,on time,8,,,,29.3,0.00,19.1,15220.0,dry and calm
568,2026-10-05,BOM,F3 664,F3,flyadeal,RUH,Riyadh,t,HZ-FAV,Airbus A320,2,2026-10-05 08:40:00,2026-10-05 08:54:00,2026-10-05 10:15:00,,14,,on time,8,,,,29.3,0.00,19.1,15220.0,dry and calm
569,2026-10-05,BOM,QP 1129,QP,Akasa Air,LKO,Lucknow,f,,Boeing 737,2,2026-10-05 08:40:00,,2026-10-05 11:00:00,,,,canceled,8,,,,29.3,0.00,19.1,15220.0,dry and calm
570,2026-10-05,BLR,IX 2931,IX,Air India Express,GAU,Guwahati,f,VT-BXV,Boeing 737 MAX 8,2,2026-10-05 08:45:00,2026-10-05 09:02:00,2026-10-05 11:55:00,,17,,on time,8,,,,24.2,0.00,21.6,18800.0,dry and calm
571,2026-10-05,HYD,6E 714,6E,IndiGo,VTZ,Visakhapatnam,f,VT-IWN,Airbus A321 NEO,,2026-10-05 08:45:00,2026-10-05 08:54:00,2026-10-05 10:05:00,2026-10-05 09:55:00,9,-10,on time,8,,,,26.7,0.00,10.1,13760.0,dry and calm
572,2026-10-05,BOM,6E 2347,6E,IndiGo,AMD,Ahmedabad,f,VT-ILR,Airbus A320 NEO,2,2026-10-05 08:50:00,2026-10-05 09:17:00,2026-10-05 10:15:00,,27,,on time,8,,,,29.3,0.00,19.1,15220.0,dry and calm
573,2026-10-05,HYD,6E 134,6E,IndiGo,AMD,Ahmedabad,f,VT-IQF,Airbus A320 NEO,,2026-10-05 08:50:00,2026-10-05 08:50:00,2026-10-05 10:40:00,,0,,on time,8,,,,26.7,0.00,10.1,13760.0,dry and calm
574,2026-10-05,BOM,6E 1163,6E,IndiGo,SIN,Singapore,t,VT-IWQ,Airbus A320,2,2026-10-05 08:55:00,2026-10-05 09:15:00,2026-10-05 17:20:00,2026-10-05 17:09:00,20,-11,on time,8,,,,29.3,0.00,19.1,15220.0,dry and calm
575,2026-10-05,BOM,6E 5150,6E,IndiGo,JGA,Jamnagar,f,VT-IAS,Airbus A320,1,2026-10-05 08:55:00,2026-10-05 09:02:00,2026-10-05 10:10:00,,7,,on time,8,,,,29.3,0.00,19.1,15220.0,dry and calm
576,2026-10-05,HYD,XY 326,XY,flynas,RUH,Riyadh,t,HZ-NS44,Airbus A320 NEO,,2026-10-05 08:55:00,2026-10-05 09:19:00,2026-10-05 11:15:00,,24,,on time,8,,,,26.7,0.00,10.1,13760.0,dry and calm
577,2026-10-05,BOM,6E 355,6E,IndiGo,DEL,New Delhi,f,VT-NCS,Airbus A321 NEO,2,2026-10-05 09:00:00,2026-10-05 09:26:00,2026-10-05 11:09:00,,26,,on time,9,6E 6196,HYD,,31.3,0.00,26.3,16700.0,dry and calm
578,2026-10-05,BOM,AI 2739,AI,Air India,MAA,Chennai,f,VT-CIM,Airbus A321 (Sharklets),2,2026-10-05 09:00:00,2026-10-05 09:23:00,2026-10-05 11:10:00,,23,,on time,9,,,,31.3,0.00,26.3,16700.0,dry and calm
579,2026-10-05,BLR,6E 1167,6E,IndiGo,CMB,Colombo,t,VT-IMB,Airbus A321 NEO,2,2026-10-05 09:05:00,2026-10-05 09:14:00,2026-10-05 10:30:00,,9,,on time,9,,,,25.8,0.00,22.3,18820.0,dry and calm
580,2026-10-05,BLR,6E 6558,6E,IndiGo,VNS,Varanasi,f,VT-IQD,Airbus A320 NEO,1,2026-10-05 09:05:00,2026-10-05 09:46:00,2026-10-05 11:25:00,,41,,late,9,,,,25.8,0.00,22.3,18820.0,dry and calm
581,2026-10-05,BOM,6E 6674,6E,IndiGo,IXE,Mangalore,f,VT-IQA,Airbus A320 NEO,2,2026-10-05 09:05:00,2026-10-05 09:31:00,2026-10-05 10:35:00,,26,,on time,9,,,,31.3,0.00,26.3,16700.0,dry and calm
582,2026-10-05,BOM,IX 1283,IX,Air India Express,BBI,Bhubaneswar,f,,Boeing 737,2,2026-10-05 09:05:00,2026-10-05 09:19:00,2026-10-05 11:35:00,,14,,on time,9,,,,31.3,0.00,26.3,16700.0,dry and calm
583,2026-10-05,BOM,SG 5060,SG,SpiceJet,DXB,Dubai,t,VT-SGV,Boeing 737-800,2,2026-10-05 09:05:00,2026-10-06 02:15:00,2026-10-05 11:00:00,2026-10-06 03:24:00,1030,984,late,9,,,,31.3,0.00,26.3,16700.0,dry and calm
584,2026-10-05,HYD,6E 179,6E,IndiGo,LKO,Lucknow,f,VT-IBJ,Airbus A321 NEO,,2026-10-05 09:05:00,2026-10-05 09:16:00,2026-10-05 10:55:00,2026-10-05 10:50:00,11,-5,on time,9,,,,28.5,0.00,11.5,15080.0,dry and calm
585,2026-10-05,HYD,6E 7208,6E,IndiGo,VGA,Vidzhayavada,f,,ATR 72,,2026-10-05 09:05:00,,2026-10-05 10:10:00,,,,no actual time,9,,,,28.5,0.00,11.5,15080.0,dry and calm
586,2026-10-05,BLR,IX 2892,IX,Air India Express,IXB,Siliguri,f,VT-AXJ,Boeing 737-800,2,2026-10-05 09:10:00,2026-10-05 09:32:00,2026-10-05 12:00:00,,22,,on time,9,,,,25.8,0.00,22.3,18820.0,dry and calm
587,2026-10-05,BLR,6E 312,6E,IndiGo,HYD,Hyderabad,f,VT-IKU,Airbus A321 NEO,1,2026-10-05 09:15:00,2026-10-05 09:28:00,2026-10-05 10:30:00,2026-10-05 10:11:00,13,-19,on time,9,,,,25.8,0.00,22.3,18820.0,dry and calm
588,2026-10-05,BLR,AI 2604,AI,Air India,BOM,Mumbai,f,VT-EXJ,Airbus A321 (Sharklets),2,2026-10-05 09:15:00,2026-10-05 09:30:00,2026-10-05 11:15:00,,15,,on time,9,AI 2603,BOM,-38,25.8,0.00,22.3,18820.0,dry and calm
589,2026-10-05,BOM,6E 2024,6E,IndiGo,PAT,Patna,f,VT-ISW,Airbus A320 NEO,2,2026-10-05 09:15:00,2026-10-05 09:55:00,2026-10-05 11:45:00,,40,,late,9,,,,31.3,0.00,26.3,16700.0,dry and calm
590,2026-10-05,BOM,6E 6057,6E,IndiGo,GOX,Mopa,f,VT-NHQ,Airbus A320,2,2026-10-05 09:15:00,2026-10-05 09:34:00,2026-10-05 10:30:00,,19,,on time,9,,,,31.3,0.00,26.3,16700.0,dry and calm
591,2026-10-05,HYD,6E 392,6E,IndiGo,VNS,Varanasi,f,VT-IBZ,Airbus A321 NEO,,2026-10-05 09:15:00,2026-10-05 09:36:00,2026-10-05 11:05:00,,21,,on time,9,,,,28.5,0.00,11.5,15080.0,dry and calm
592,2026-10-05,HYD,6E 421,6E,IndiGo,IXR,Ranchi,f,VT-IBY,Airbus A321 NEO,,2026-10-05 09:15:00,2026-10-05 09:22:00,2026-10-05 11:10:00,,7,,on time,9,,,,28.5,0.00,11.5,15080.0,dry and calm
593,2026-10-05,BLR,6E 2518,6E,IndiGo,HDO,Ghaziabad,f,VT-IOV,Airbus A320 NEO,1,2026-10-05 09:20:00,2026-10-05 09:34:00,2026-10-05 12:10:00,,14,,on time,9,,,,25.8,0.00,22.3,18820.0,dry and calm
594,2026-10-05,BLR,IX 2786,IX,Air India Express,IXR,Ranchi,f,VT-BXN,Boeing 737 MAX 8,2,2026-10-05 09:20:00,2026-10-05 09:35:00,2026-10-05 11:45:00,,15,,on time,9,,,,25.8,0.00,22.3,18820.0,dry and calm
595,2026-10-05,BOM,IX 1809,IX,Air India Express,VNS,Varanasi,f,,Boeing 737,2,2026-10-05 09:20:00,2026-10-05 11:00:00,2026-10-05 09:55:00,,100,,late,9,,,,31.3,0.00,26.3,16700.0,dry and calm
596,2026-10-05,BLR,6E 2086,6E,IndiGo,NMI,Mumbai,f,VT-ICR,Airbus A321 NEO,1,2026-10-05 09:25:00,2026-10-05 09:39:00,2026-10-05 10:55:00,,14,,on time,9,6E 151,HYD,-6,25.8,0.00,22.3,18820.0,dry and calm
597,2026-10-05,BLR,6E 524,6E,IndiGo,IXA,Agartala,f,VT-ISX,Airbus A320 NEO,1,2026-10-05 09:25:00,2026-10-05 09:57:00,2026-10-05 12:20:00,,32,,late,9,,,,25.8,0.00,22.3,18820.0,dry and calm
598,2026-10-05,BLR,QP 1513,QP,Akasa Air,DBR,Darbhanga,f,VT-YAB,Boeing 737 MAX 8,1,2026-10-05 09:25:00,,2026-10-05 12:10:00,,,,no actual time,9,,,,25.8,0.00,22.3,18820.0,dry and calm
599,2026-10-05,BOM,QP 1153,QP,Akasa Air,BLR,Bangalore,f,VT-YAC,Boeing 737,2,2026-10-05 09:25:00,2026-10-05 09:45:00,2026-10-05 11:25:00,,20,,on time,9,QP 1515,BLR,,31.3,0.00,26.3,16700.0,dry and calm
600,2026-10-05,BOM,RJ 193,RJ,Royal Jordanian,AMM,Amman,t,JY-RAC,Airbus A320 NEO,2,2026-10-05 09:25:00,2026-10-05 09:28:00,2026-10-05 12:45:00,2026-10-05 12:11:00,3,-34,on time,9,,,,31.3,0.00,26.3,16700.0,dry and calm
601,2026-10-05,BLR,6E 830,6E,IndiGo,DEL,New Delhi,f,VT-NCK,Airbus A321 NEO,1,2026-10-05 09:30:00,2026-10-05 09:41:00,2026-10-05 12:01:00,,11,,on time,9,,,,25.8,0.00,22.3,18820.0,dry and calm
602,2026-10-05,BOM,AI 2432,AI,Air India,DEL,New Delhi,f,VT-TCV,Airbus A320 NEO,2,2026-10-05 09:30:00,2026-10-05 09:38:00,2026-10-05 11:38:00,,8,,on time,9,,,,31.3,0.00,26.3,16700.0,dry and calm
603,2026-10-05,BOM,BA 134,BA,British,LHR,London,t,G-YMMO,Boeing 777-200,2,2026-10-05 09:30:00,2026-10-05 10:20:00,2026-10-05 15:00:00,2026-10-05 15:14:00,50,14,late,9,,,,31.3,0.00,26.3,16700.0,dry and calm
604,2026-10-05,HYD,6E 5174,6E,IndiGo,BOM,Mumbai,f,VT-NOU,Airbus A321 NEO,,2026-10-05 09:30:00,2026-10-05 09:38:00,2026-10-05 10:55:00,,8,,on time,9,6E 5246,BOM,-22,28.5,0.00,11.5,15080.0,dry and calm
605,2026-10-05,BLR,6E 415,6E,IndiGo,JAI,Jaipur,f,VT-IBQ,Airbus A321 NEO,1,2026-10-05 09:35:00,2026-10-05 09:37:00,2026-10-05 12:05:00,,2,,on time,9,,,,25.8,0.00,22.3,18820.0,dry and calm
606,2026-10-05,BOM,6E 2034,6E,IndiGo,KNU,Kanpur,f,VT-ILF,Airbus A320,2,2026-10-05 09:35:00,2026-10-05 09:50:00,2026-10-05 12:00:00,,15,,on time,9,,,,31.3,0.00,26.3,16700.0,dry and calm
607,2026-10-05,BOM,6E 5109,6E,IndiGo,CJB,Coimbatore,f,VT-IBV,Airbus A320,1,2026-10-05 09:35:00,2026-10-05 09:52:00,2026-10-05 11:25:00,,17,,on time,9,,,,31.3,0.00,26.3,16700.0,dry and calm
608,2026-10-05,HYD,6E 6066,6E,IndiGo,BLR,Bangalore,f,VT-IIB,Airbus A320 NEO,,2026-10-05 09:35:00,2026-10-05 10:10:00,2026-10-05 10:55:00,2026-10-05 11:04:00,35,9,late,9,,,,28.5,0.00,11.5,15080.0,dry and calm
609,2026-10-05,BLR,QP 1323,QP,Akasa Air,GAU,Guwahati,f,VT-YBM,Boeing 737 MAX 8,1,2026-10-05 09:45:00,,2026-10-05 13:00:00,,,,no actual time,9,,,,25.8,0.00,22.3,18820.0,dry and calm
610,2026-10-05,BOM,AI 2245,AI,Air India,JED,Jeddah,t,VT-TQJ,Airbus A320 NEO,2,2026-10-05 09:45:00,2026-10-05 09:47:00,,,2,,on time,9,,,,31.3,0.00,26.3,16700.0,dry and calm
611,2026-10-05,BLR,QP 623,QP,Akasa Air,HKT,Phuket,t,VT-YAA,Boeing 737 MAX 8,2,2026-10-05 09:50:00,,2026-10-05 15:05:00,,,,no actual time,9,,,,25.8,0.00,22.3,18820.0,dry and calm
612,2026-10-05,BOM,6E 5092,6E,IndiGo,BLR,Bangalore,f,VT-NOH,Airbus A320,1,2026-10-05 09:50:00,2026-10-05 10:00:00,2026-10-05 11:55:00,2026-10-05 11:17:00,10,-38,on time,9,6E 5216,BLR,,31.3,0.00,26.3,16700.0,dry and calm
613,2026-10-05,BOM,6E 5313,6E,IndiGo,MAA,Chennai,f,VT-ICM,Airbus A320,1,2026-10-05 09:50:00,2026-10-05 09:58:00,2026-10-05 12:00:00,,8,,on time,9,,,,31.3,0.00,26.3,16700.0,dry and calm
614,2026-10-05,BOM,AI 2855,AI,Air India,COK,Kochi,f,VT-EXN,Airbus A321 (Sharklets),2,2026-10-05 09:50:00,2026-10-05 10:06:00,2026-10-05 12:05:00,,16,,on time,9,,,,31.3,0.00,26.3,16700.0,dry and calm
615,2026-10-05,HYD,6E 7503,6E,IndiGo,TIR,Tirumala - Tirupati,f,VT-IRK,ATR 72,,2026-10-05 09:50:00,2026-10-05 10:21:00,2026-10-05 11:15:00,,31,,late,9,,,,28.5,0.00,11.5,15080.0,dry and calm
616,2026-10-05,BLR,IX 904,IX,Air India Express,HKT,Phuket,t,VT-BWE,Boeing 737 MAX 8,2,2026-10-05 09:55:00,2026-10-05 10:15:00,2026-10-05 15:35:00,,20,,on time,9,,,,25.8,0.00,22.3,18820.0,dry and calm
617,2026-10-05,BLR,WY 282,WY,Oman Air,MCT,Muscat,t,A4O-ML,Boeing 737 MAX 8,2,2026-10-05 09:55:00,2026-10-05 10:00:00,2026-10-05 12:00:00,,5,,on time,9,,,,25.8,0.00,22.3,18820.0,dry and calm
618,2026-10-05,BOM,AI 2863,AI,Air India,BLR,Bangalore,f,VT-TNR,Airbus A320 NEO,2,2026-10-05 09:55:00,2026-10-05 10:14:00,2026-10-05 12:05:00,2026-10-05 11:35:00,19,-30,on time,9,AI 2626,HYD,,31.3,0.00,26.3,16700.0,dry and calm
619,2026-10-05,HYD,6E 6707,6E,IndiGo,COK,Kochi,f,VT-IMH,Airbus A321 NEO,,2026-10-05 09:55:00,2026-10-05 09:54:00,2026-10-05 11:35:00,,-1,,on time,9,,,,28.5,0.00,11.5,15080.0,dry and calm
620,2026-10-05,BLR,6E 503,6E,IndiGo,CCU,Kolkata,f,VT-ILY,Airbus A321 NEO,1,2026-10-05 10:00:00,2026-10-05 10:06:00,2026-10-05 12:35:00,2026-10-05 12:15:00,6,-20,on time,10,,,,27.3,0.00,21.6,12060.0,dry and calm
621,2026-10-05,BLR,AI 2804,AI,Air India,DEL,New Delhi,f,VT-ATV,Airbus A320 NEO,2,2026-10-05 10:00:00,2026-10-05 10:09:00,2026-10-05 12:28:00,,9,,on time,10,,,,27.3,0.00,21.6,12060.0,dry and calm
622,2026-10-05,BLR,IX 882,IX,Air India Express,BKK,Bangkok,t,VT-BXZ,Boeing 737 MAX 8,2,2026-10-05 10:00:00,2026-10-05 10:21:00,2026-10-05 15:40:00,2026-10-05 15:33:00,21,-7,on time,10,,,,27.3,0.00,21.6,12060.0,dry and calm
623,2026-10-05,BLR,QP 590,QP,Akasa Air,AUH,Abu Dhabi,t,VT-YBD,Boeing 737 MAX 8,2,2026-10-05 10:00:00,,2026-10-05 12:35:00,,,,no actual time,10,,,,27.3,0.00,21.6,12060.0,dry and calm
624,2026-10-05,BOM,6E 6052,6E,IndiGo,DEL,New Delhi,f,,Airbus A320,2,2026-10-05 10:00:00,2026-10-05 10:17:00,2026-10-05 12:03:00,,17,,on time,10,,,,32.7,0.00,27.0,18880.0,dry and calm
625,2026-10-05,BOM,AI 2430,AI,Air India,DEL,New Delhi,f,,Airbus A320 NEO,2,2026-10-05 10:00:00,2026-10-05 10:09:00,2026-10-05 11:55:00,,9,,on time,10,,,,32.7,0.00,27.0,18880.0,dry and calm
626,2026-10-05,HYD,6E 6151,6E,IndiGo,MAA,Chennai,f,VT-IIU,Airbus A320 NEO,,2026-10-05 10:00:00,2026-10-05 10:18:00,2026-10-05 11:20:00,,18,,on time,10,,,,29.9,0.00,15.1,17200.0,dry and calm
627,2026-10-05,HYD,6E 6281,6E,IndiGo,DEL,New Delhi,f,VT-IXD,Airbus A320 NEO,,2026-10-05 10:00:00,2026-10-05 10:08:00,2026-10-05 11:59:00,,8,,on time,10,,,,29.9,0.00,15.1,17200.0,dry and calm
628,2026-10-05,BLR,IX 1526,IX,Air India Express,JAI,Jaipur,f,VT-TNM,Airbus A320 NEO,2,2026-10-05 10:05:00,,2026-10-05 12:30:00,,,,no actual time,10,,,,27.3,0.00,21.6,12060.0,dry and calm
629,2026-10-05,BOM,6E 2060,6E,IndiGo,NAG,Naqpur,f,VT-IKP,Airbus A320 NEO,2,2026-10-05 10:05:00,2026-10-05 10:22:00,2026-10-05 11:40:00,,17,,on time,10,,,,32.7,0.00,27.0,18880.0,dry and calm
630,2026-10-05,BOM,6E 5165,6E,IndiGo,CCU,Kolkata,f,VT-NHG,Airbus A321 NEO,1,2026-10-05 10:05:00,2026-10-05 10:12:00,2026-10-05 12:55:00,2026-10-05 12:29:00,7,-26,on time,10,,,,32.7,0.00,27.0,18880.0,dry and calm
631,2026-10-05,BLR,6E 6059,6E,IndiGo,JRG,Jharsuguda,f,VT-ILX,Airbus A321 NEO,1,2026-10-05 10:10:00,2026-10-05 10:20:00,2026-10-05 12:20:00,,10,,on time,10,,,,27.3,0.00,21.6,12060.0,dry and calm
632,2026-10-05,BLR,6E 7271,6E,IndiGo,AGX,Agatti Island,f,VT-IRM,ATR 72,1,2026-10-05 10:10:00,,2026-10-05 12:25:00,,,,no actual time,10,,,,27.3,0.00,21.6,12060.0,dry and calm
633,2026-10-05,BOM,6E 535,6E,IndiGo,DBR,Darbhanga,f,VT-IAN,Airbus A320 NEO,2,2026-10-05 10:10:00,2026-10-05 10:40:00,2026-10-05 12:55:00,,30,,late,10,,,,32.7,0.00,27.0,18880.0,dry and calm
634,2026-10-05,BOM,AI 2997,AI,Air India,ATQ,Amritsar,f,,Airbus A320 NEO,2,2026-10-05 10:10:00,2026-10-05 10:31:00,2026-10-05 12:35:00,,21,,on time,10,,,,32.7,0.00,27.0,18880.0,dry and calm
635,2026-10-05,BOM,QP 1131,QP,Akasa Air,IXB,Siliguri,f,,Boeing 737,2,2026-10-05 10:10:00,2026-10-05 10:24:00,2026-10-05 13:15:00,,14,,on time,10,,,,32.7,0.00,27.0,18880.0,dry and calm
636,2026-10-05,BOM,QP 1139,QP,Akasa Air,DBR,Darbhanga,f,,Boeing 737,2,2026-10-05 10:10:00,2026-10-05 10:28:00,2026-10-05 13:05:00,,18,,on time,10,,,,32.7,0.00,27.0,18880.0,dry and calm
637,2026-10-05,HYD,6E 468,6E,IndiGo,CJB,Coimbatore,f,VT-IFI,Airbus A320 (Sharklets),,2026-10-05 10:10:00,2026-10-05 10:17:00,2026-10-05 11:35:00,,7,,on time,10,,,,29.9,0.00,15.1,17200.0,dry and calm
638,2026-10-05,BLR,6E 5237,6E,IndiGo,BOM,Mumbai,f,VT-NCN,Airbus A321 NEO,1,2026-10-05 10:15:00,2026-10-05 10:44:00,2026-10-05 12:05:00,,29,,on time,10,6E 5193,BOM,-11,27.3,0.00,21.6,12060.0,dry and calm
639,2026-10-05,BLR,6E 537,6E,IndiGo,HYD,Hyderabad,f,VT-IOT,Airbus A320 NEO,1,2026-10-05 10:15:00,,2026-10-05 11:30:00,2026-10-05 11:13:00,,-17,no actual time,10,,,,27.3,0.00,21.6,12060.0,dry and calm
640,2026-10-05,BOM,6E 5318,6E,IndiGo,HYD,Hyderabad,f,VT-NCV,Airbus A321 NEO,1,2026-10-05 10:15:00,2026-10-05 10:47:00,2026-10-05 11:40:00,2026-10-05 11:43:00,32,3,late,10,6E 5213,HYD,,32.7,0.00,27.0,18880.0,dry and calm
641,2026-10-05,BOM,EK 505,EK,Emirates,DXB,Dubai,t,A6-EPD,Boeing 777,2,2026-10-05 10:15:00,2026-10-05 10:51:00,2026-10-05 11:45:00,2026-10-05 11:44:00,36,-1,late,10,,,,32.7,0.00,27.0,18880.0,dry and calm
642,2026-10-05,BOM,WY 202,WY,Oman Air,MCT,Muscat,t,,Boeing 737-900,2,2026-10-05 10:15:00,2026-10-05 10:38:00,2026-10-05 11:30:00,,23,,on time,10,,,,32.7,0.00,27.0,18880.0,dry and calm
643,2026-10-05,HYD,EK 527,EK,Emirates,DXB,Dubai,t,A6-ECR,Boeing 777-300,,2026-10-05 10:15:00,2026-10-05 10:38:00,2026-10-05 12:25:00,2026-10-05 12:18:00,23,-7,on time,10,,,,29.9,0.00,15.1,17200.0,dry and calm
644,2026-10-05,BOM,6E 5268,6E,IndiGo,IXC,Chandigarh,f,,Airbus A320,1,2026-10-05 10:17:00,2026-10-05 12:21:00,2026-10-05 10:40:00,,124,,late,10,,,,32.7,0.00,27.0,18880.0,dry and calm
645,2026-10-05,BLR,6E 1457,6E,IndiGo,SIN,Singapore,t,VT-NOA,Airbus A321 NEO,2,2026-10-05 10:20:00,2026-10-05 11:47:00,2026-10-05 17:40:00,,87,,late,10,,,,27.3,0.00,21.6,12060.0,dry and calm
646,2026-10-05,BLR,IX 2816,IX,Air India Express,PAT,Patna,f,VT-RTF,Airbus A320 NEO,2,2026-10-05 10:20:00,2026-10-05 10:32:00,2026-10-05 12:55:00,,12,,on time,10,,,,27.3,0.00,21.6,12060.0,dry and calm
647,2026-10-05,BLR,QP 1313,QP,Akasa Air,PNQ,Pune,f,VT-YBN,Boeing 737 MAX 8,1,2026-10-05 10:20:00,,2026-10-05 11:50:00,,,,no actual time,10,,,,27.3,0.00,21.6,12060.0,dry and calm
648,2026-10-05,HYD,6E 7228,6E,IndiGo,RJA,Rajahmundry,f,VT-IYQ,ATR 72,,2026-10-05 10:20:00,2026-10-05 10:25:00,2026-10-05 11:45:00,,5,,on time,10,,,,29.9,0.00,15.1,17200.0,dry and calm
649,2026-10-05,BLR,6E 6445,6E,IndiGo,COK,Kochi,f,VT-IIZ,Airbus A320 NEO,1,2026-10-05 10:25:00,2026-10-05 10:35:00,2026-10-05 11:30:00,,10,,on time,10,,,,27.3,0.00,21.6,12060.0,dry and calm
650,2026-10-05,BOM,6E 5181,6E,IndiGo,IDR,Indore,f,,Airbus A320,1,2026-10-05 10:25:00,2026-10-05 11:05:00,2026-10-05 11:50:00,,40,,late,10,,,,32.7,0.00,27.0,18880.0,dry and calm
651,2026-10-05,BOM,AI 2663,AI,Air India,SXR,Srinagar,f,VT-TQX,Airbus A320 NEO,2,2026-10-05 10:25:00,2026-10-05 10:36:00,2026-10-05 13:10:00,,11,,on time,10,,,,32.7,0.00,27.0,18880.0,dry and calm
652,2026-10-05,BOM,QP 1834,QP,Akasa Air,DEL,New Delhi,f,,Boeing 737,2,2026-10-05 10:25:00,2026-10-05 10:55:00,2026-10-05 12:42:00,,30,,late,10,,,,32.7,0.00,27.0,18880.0,dry and calm
653,2026-10-05,HYD,6E 422,6E,IndiGo,DED,Dehradun,f,VT-IPK,Airbus A320 NEO,,2026-10-05 10:25:00,2026-10-05 10:27:00,2026-10-05 12:50:00,,2,,on time,10,6E 484,BLR,-20,29.9,0.00,15.1,17200.0,dry and calm
654,2026-10-05,BLR,6E 6144,6E,IndiGo,TRV,Trivandrum,f,VT-ILQ,Airbus A321 NEO,1,2026-10-05 10:30:00,2026-10-05 10:41:00,2026-10-05 11:50:00,2026-10-05 11:38:00,11,-12,on time,10,,,,27.3,0.00,21.6,12060.0,dry and calm
655,2026-10-05,BLR,AI 2852,AI,Air India,BOM,Mumbai,f,VT-TQP,Airbus A320 NEO,2,2026-10-05 10:30:00,2026-10-05 10:39:00,2026-10-05 12:35:00,,9,,on time,10,,,,27.3,0.00,21.6,12060.0,dry and calm
656,2026-10-05,BLR,EK 565,EK,Emirates,DXB,Dubai,t,A6-EGF,Boeing 777-300,2,2026-10-05 10:30:00,2026-10-05 11:16:00,2026-10-05 12:40:00,2026-10-05 13:02:00,46,22,late,10,,,,27.3,0.00,21.6,12060.0,dry and calm
657,2026-10-05,BLR,S5 701,S5,Star Air,VDY,Vijaynagar,f,VT-GSI,Embraer 175,2,2026-10-05 10:35:00,,2026-10-05 11:15:00,,,,no actual time,10,,,,27.3,0.00,21.6,12060.0,dry and calm
658,2026-10-05,BOM,6E 310,6E,IndiGo,DEL,New Delhi,f,VT-NOO,Airbus A321 NEO,2,2026-10-05 10:35:00,2026-10-05 10:57:00,2026-10-05 12:46:00,,22,,on time,10,,,,32.7,0.00,27.0,18880.0,dry and calm
659,2026-10-05,BOM,AI 2579,AI,Air India,UDR,Udaipur,f,VT-SCV,Airbus A319,2,2026-10-05 10:35:00,2026-10-05 10:44:00,2026-10-05 12:05:00,,9,,on time,10,,,,32.7,0.00,27.0,18880.0,dry and calm
660,2026-10-05,HYD,6E 997,6E,IndiGo,AMD,Ahmedabad,f,VT-IBD,Airbus A321 NEO,,2026-10-05 10:35:00,2026-10-05 10:41:00,2026-10-05 12:25:00,,6,,on time,10,,,,29.9,0.00,15.1,17200.0,dry and calm
661,2026-10-05,BLR,6E 6583,6E,IndiGo,GOX,Mopa,f,VT-ILP,Airbus A321 NEO,1,2026-10-05 10:40:00,2026-10-05 11:19:00,2026-10-05 11:45:00,,39,,late,10,,,,27.3,0.00,21.6,12060.0,dry and calm
662,2026-10-05,BLR,IX 1498,IX,Air India Express,IXC,Chandigarh,f,VT-BXR,Boeing 737,2,2026-10-05 10:40:00,2026-10-05 10:49:00,2026-10-05 13:50:00,,9,,on time,10,IX 2934,HYD,,27.3,0.00,21.6,12060.0,dry and calm
663,2026-10-05,BOM,S5 164,S5,Star Air,KLH,Kolhapur,f,,Embraer 175,1,2026-10-05 10:40:00,2026-10-05 10:49:00,2026-10-05 11:40:00,,9,,on time,10,,,,32.7,0.00,27.0,18880.0,dry and calm
664,2026-10-05,HYD,IX 2745,IX,Air India Express,GOX,Mopa,f,VT-NTA,Boeing 737 MAX 8,,2026-10-05 10:40:00,2026-10-05 11:31:00,2026-10-05 12:00:00,,51,,late,10,,,,29.9,0.00,15.1,17200.0,dry and calm
665,2026-10-05,BLR,OG 701,OG,Ghodawat Enterprises,VDY,VDY,f,VT-GSI,Embraer 175,,2026-10-05 10:43:00,2026-10-05 10:43:00,,,0,,on time,10,,,,27.3,0.00,21.6,12060.0,dry and calm
666,2026-10-05,BLR,6E 175,6E,IndiGo,DEL,New Delhi,f,VT-NCP,Airbus A321 NEO,1,2026-10-05 10:45:00,,2026-10-05 13:28:00,,,,no actual time,10,,,,27.3,0.00,21.6,12060.0,dry and calm
667,2026-10-05,BLR,6E 904,6E,IndiGo,MAA,Chennai,f,VT-ICZ,Airbus A321 NEO,1,2026-10-05 10:45:00,2026-10-05 11:00:00,2026-10-05 11:45:00,,15,,on time,10,,,,27.3,0.00,21.6,12060.0,dry and calm
668,2026-10-05,BOM,6E 6087,6E,IndiGo,IXR,Ranchi,f,VT-IAZ,Airbus A321 NEO,2,2026-10-05 10:45:00,2026-10-05 11:40:00,2026-10-05 13:10:00,,55,,late,10,,,,32.7,0.00,27.0,18880.0,dry and calm
669,2026-10-05,BOM,AI 2781,AI,Air India,JAI,Jaipur,f,VT-TYA,Airbus A319,2,2026-10-05 10:45:00,2026-10-05 11:03:00,2026-10-05 12:45:00,,18,,on time,10,,,,32.7,0.00,27.0,18880.0,dry and calm
670,2026-10-05,BLR,6E 7737,6E,IndiGo,TIR,Tirumala - Tirupati,f,VT-IYZ,ATR 72,1,2026-10-05 10:50:00,2026-10-05 10:51:00,2026-10-05 11:55:00,,1,,on time,10,,,,27.3,0.00,21.6,12060.0,dry and calm
671,2026-10-05,BLR,6E 9073,6E,IndiGo,COK,Kochi,f,VT-IVA,Airbus A320 NEO,1,2026-10-05 10:50:00,,,,,,no actual time,10,,,,27.3,0.00,21.6,12060.0,dry and calm
672,2026-10-05,BOM,6E 1131,6E,IndiGo,MLE,Malé,t,VT-IRZ,Airbus A320,2,2026-10-05 10:50:00,2026-10-05 11:12:00,2026-10-05 13:10:00,,22,,on time,10,,,,32.7,0.00,27.0,18880.0,dry and calm
673,2026-10-05,BOM,AI 2444,AI,Air India,HYD,Hyderabad,f,VT-EXL,Airbus A320 NEO,2,2026-10-05 10:50:00,2026-10-05 11:15:00,2026-10-05 12:25:00,2026-10-05 12:14:00,25,-11,on time,10,,,,32.7,0.00,27.0,18880.0,dry and calm
674,2026-10-05,BOM,IX 1805,IX,Air India Express,JGA,Jamnagar,f,VT-TYG,Airbus A320 NEO,2,2026-10-05 10:50:00,2026-10-05 11:08:00,2026-10-05 12:25:00,,18,,on time,10,,,,32.7,0.00,27.0,18880.0,dry and calm
675,2026-10-05,HYD,6E 6471,6E,IndiGo,PNQ,Pune,f,VT-ISY,Airbus A320 NEO,,2026-10-05 10:50:00,2026-10-05 10:54:00,2026-10-05 11:55:00,2026-10-05 12:04:00,4,9,on time,10,,,,29.9,0.00,15.1,17200.0,dry and calm
676,2026-10-05,BLR,IX 1385,IX,Air India Express,SXR,Srinagar,f,VT-VTZ,Airbus A320,2,2026-10-05 10:55:00,2026-10-05 10:56:00,2026-10-05 14:30:00,,1,,on time,10,,,,27.3,0.00,21.6,12060.0,dry and calm
677,2026-10-05,BOM,AI 2789,AI,Air India,PAT,Patna,f,VT-TQC,Airbus A320 NEO,2,2026-10-05 10:55:00,2026-10-05 11:18:00,2026-10-05 13:25:00,,23,,on time,10,,,,32.7,0.00,27.0,18880.0,dry and calm
678,2026-10-05,BLR,AI 2406,AI,Air India,DEL,New Delhi,f,VT-ALL,Boeing 777,2,2026-10-05 11:00:00,2026-10-05 11:32:00,2026-10-05 13:47:00,,32,,late,11,,,,27.8,0.00,19.4,13600.0,dry and calm
679,2026-10-05,BOM,6E 5217,6E,IndiGo,BLR,Bangalore,f,VT-NOT,Airbus A320,1,2026-10-05 11:00:00,2026-10-05 11:20:00,2026-10-05 12:55:00,2026-10-05 12:41:00,20,-14,on time,11,6E 5051,BLR,,34.4,0.00,25.9,18860.0,dry and calm
680,2026-10-05,BOM,SV 771,SV,Saudi Arabian,JED,Jeddah,t,HZ-AQJ,Airbus A330,2,2026-10-05 11:00:00,2026-10-05 11:23:00,2026-10-05 13:20:00,,23,,on time,11,,,,34.4,0.00,25.9,18860.0,dry and calm
681,2026-10-05,HYD,6E 6911,6E,IndiGo,BBI,Bhubaneswar,f,VT-IOF,Airbus A320 NEO,,2026-10-05 11:00:00,2026-10-05 11:17:00,2026-10-05 12:40:00,,17,,on time,11,,,,30.8,0.00,19.1,19080.0,dry and calm
682,2026-10-05,BLR,6E 574,6E,IndiGo,SAG,Shirdi,f,VT-IMI,Airbus A321 NEO,1,2026-10-05 11:05:00,2026-10-05 11:45:00,2026-10-05 12:45:00,,40,,late,11,,,,27.8,0.00,19.4,13600.0,dry and calm
683,2026-10-05,BOM,ET 641,ET,Ethiopian,ADD,Addis Ababa,t,,Boeing 777-200LR,2,2026-10-05 11:05:00,2026-10-05 11:31:00,,,26,,on time,11,,,,34.4,0.00,25.9,18860.0,dry and calm
684,2026-10-05,HYD,6E 879,6E,IndiGo,VTZ,Visakhapatnam,f,VT-IPG,Airbus A320 NEO,,2026-10-05 11:05:00,2026-10-05 11:20:00,2026-10-05 12:20:00,2026-10-05 12:16:00,15,-4,on time,11,,,,30.8,0.00,19.1,19080.0,dry and calm
685,2026-10-05,BLR,6E 6547,6E,IndiGo,ISK,Nasik,f,VT-IIE,Airbus A320 NEO,1,2026-10-05 11:10:00,2026-10-05 11:21:00,2026-10-05 12:40:00,,11,,on time,11,,,,27.8,0.00,19.4,13600.0,dry and calm
686,2026-10-05,BOM,6E 1157,6E,IndiGo,KTM,Kathmandu,t,VT-IOH,Airbus A320 NEO,2,2026-10-05 11:10:00,2026-10-05 12:10:00,2026-10-05 14:10:00,,60,,late,11,,,,34.4,0.00,25.9,18860.0,dry and calm
687,2026-10-05,HYD,6E 875,6E,IndiGo,CCJ,Calicut,f,VT-IPU,Airbus A320 NEO,,2026-10-05 11:10:00,2026-10-05 11:24:00,2026-10-05 12:30:00,,14,,on time,11,,,,30.8,0.00,19.1,19080.0,dry and calm
688,2026-10-05,HYD,6E 886,6E,IndiGo,GOP,Gorakhpur,f,VT-IKU,Airbus A321 NEO,,2026-10-05 11:10:00,2026-10-05 11:37:00,2026-10-05 13:15:00,,27,,on time,11,6E 312,BLR,-19,30.8,0.00,19.1,19080.0,dry and calm
689,2026-10-05,BLR,6E 6531,6E,IndiGo,IXD,Allahabad,f,VT-IQS,Airbus A320 NEO,1,2026-10-05 11:15:00,2026-10-05 12:16:00,2026-10-05 13:35:00,,61,,late,11,,,,27.8,0.00,19.4,13600.0,dry and calm
690,2026-10-05,BOM,AI 2491,AI,Air India,LKO,Lucknow,f,VT-CID,Airbus A320,2,2026-10-05 11:15:00,2026-10-05 11:41:00,2026-10-05 13:35:00,2026-10-05 13:27:00,26,-8,on time,11,,,,34.4,0.00,25.9,18860.0,dry and calm
691,2026-10-05,BOM,EY 201,EY,Etihad,AUH,Abu Dhabi,t,A6-LRJ,Airbus A320,2,2026-10-05 11:15:00,2026-10-05 11:46:00,2026-10-05 12:55:00,,31,,late,11,,,,34.4,0.00,25.9,18860.0,dry and calm
692,2026-10-05,BLR,QP 1880,QP,Akasa Air,GOP,Gorakhpur,f,VT-YAQ,Boeing 737 MAX 8,1,2026-10-05 11:20:00,,2026-10-05 14:05:00,,,,no actual time,11,,,,27.8,0.00,19.4,13600.0,dry and calm
693,2026-10-05,BOM,6E 261,6E,IndiGo,GOI,Vasco da Gama,f,VT-IMY,Airbus A321 NEO,2,2026-10-05 11:20:00,2026-10-05 11:45:00,2026-10-05 12:30:00,,25,,on time,11,,,,34.4,0.00,25.9,18860.0,dry and calm
694,2026-10-05,BOM,AI 2841,AI,Air India,GOI,Vasco da Gama,f,,Airbus A321,2,2026-10-05 11:20:00,2026-10-05 11:54:00,2026-10-05 12:40:00,,34,,late,11,,,,34.4,0.00,25.9,18860.0,dry and calm
695,2026-10-05,BOM,IX 1023,IX,Air India Express,VNS,Varanasi,f,VT-BWR,Boeing 737,2,2026-10-05 11:20:00,2026-10-05 11:53:00,2026-10-05 13:55:00,,33,,late,11,,,,34.4,0.00,25.9,18860.0,dry and calm
696,2026-10-05,HYD,6E 362,6E,IndiGo,GOI,Vasco da Gama,f,VT-IQX,Airbus A320 NEO,,2026-10-05 11:20:00,2026-10-05 11:35:00,2026-10-05 12:35:00,,15,,on time,11,,,,30.8,0.00,19.1,19080.0,dry and calm
697,2026-10-05,HYD,6E 7563,6E,IndiGo,KLH,Kolkhapur,f,VT-IYO,ATR 72,,2026-10-05 11:20:00,2026-10-05 11:38:00,2026-10-05 12:45:00,,18,,on time,11,,,,30.8,0.00,19.1,19080.0,dry and calm
698,2026-10-05,BLR,SV 867,SV,Saudi Arabian,JED,Jeddah,t,HZ-AQA,Airbus A330-300,2,2026-10-05 11:25:00,2026-10-05 11:50:00,2026-10-05 14:35:00,,25,,on time,11,,,,27.8,0.00,19.4,13600.0,dry and calm
699,2026-10-05,BOM,AI 2952,AI,Air India,DEL,New Delhi,f,VT-JRI,Airbus A350-900,2,2026-10-05 11:25:00,2026-10-05 12:09:00,2026-10-05 13:52:00,,44,,late,11,,,,34.4,0.00,25.9,18860.0,dry and calm
700,2026-10-05,BOM,VS 355,VS,Virgin Atlantic,LHR,London,t,G-VWOO,Boeing 787-9,2,2026-10-05 11:25:00,2026-10-05 11:57:00,2026-10-05 16:45:00,2026-10-05 16:57:00,32,12,late,11,,,,34.4,0.00,25.9,18860.0,dry and calm
701,2026-10-05,HYD,6E 7096,6E,IndiGo,CDP,Kuddapakh,f,VT-IYJ,ATR 72,,2026-10-05 11:25:00,2026-10-05 11:32:00,2026-10-05 12:35:00,,7,,on time,11,,,,30.8,0.00,19.1,19080.0,dry and calm
702,2026-10-05,HYD,SV 755,SV,Saudi Arabian,JED,Jeddah,t,HZ-AQE,Airbus A330-300,,2026-10-05 11:25:00,2026-10-05 11:41:00,2026-10-05 14:35:00,,16,,on time,11,,,,30.8,0.00,19.1,19080.0,dry and calm
703,2026-10-05,BLR,6E 5069,6E,IndiGo,BOM,Mumbai,f,VT-NCR,Airbus A321 NEO,1,2026-10-05 11:30:00,2026-10-05 12:07:00,2026-10-05 13:20:00,,37,,late,11,,,,27.8,0.00,19.4,13600.0,dry and calm
704,2026-10-05,BLR,6E 6035,6E,IndiGo,KNU,Kanpur,f,VT-IXK,Airbus A320 NEO,1,2026-10-05 11:30:00,2026-10-05 11:42:00,2026-10-05 13:55:00,,12,,on time,11,,,,27.8,0.00,19.4,13600.0,dry and calm
705,2026-10-05,BLR,6E 6537,6E,IndiGo,DGH,Deoghar,f,VT-ICN,Airbus A321 NEO,1,2026-10-05 11:30:00,,2026-10-05 14:00:00,,,,no actual time,11,,,,27.8,0.00,19.4,13600.0,dry and calm
706,2026-10-05,BOM,6E 6827,6E,IndiGo,DEL,New Delhi,f,VT-NHI,Airbus A321 NEO,2,2026-10-05 11:30:00,2026-10-05 11:56:00,2026-10-05 13:50:00,,26,,on time,11,,,,34.4,0.00,25.9,18860.0,dry and calm
707,2026-10-05,BOM,6E 6937,6E,IndiGo,IXD,Allahabad,f,VT-ICG,Airbus A320,2,2026-10-05 11:30:00,2026-10-05 12:02:00,2026-10-05 13:25:00,,32,,late,11,,,,34.4,0.00,25.9,18860.0,dry and calm
708,2026-10-05,BOM,IX 1176,IX,Air India Express,IXB,Siliguri,f,,Airbus A320,2,2026-10-05 11:30:00,2026-10-05 11:44:00,2026-10-05 14:20:00,,14,,on time,11,,,,34.4,0.00,25.9,18860.0,dry and calm
709,2026-10-05,HYD,SQ 519,SQ,Singapore,SIN,Singapore,t,9V-MBF,Boeing 737,,2026-10-05 11:30:00,2026-10-05 12:01:00,2026-10-05 19:05:00,,31,,late,11,,,,30.8,0.00,19.1,19080.0,dry and calm
710,2026-10-05,BLR,6E 6404,6E,IndiGo,HYD,Hyderabad,f,VT-IIB,Airbus A320 NEO,1,2026-10-05 11:35:00,2026-10-05 12:28:00,2026-10-05 12:50:00,2026-10-05 13:18:00,53,28,late,11,6E 6066,HYD,9,27.8,0.00,19.4,13600.0,dry and calm
711,2026-10-05,BLR,6E 7917,6E,IndiGo,SXV,Salem,f,VT-IYG,ATR 72,1,2026-10-05 11:35:00,2026-10-05 11:55:00,2026-10-05 12:35:00,,20,,on time,11,,,,27.8,0.00,19.4,13600.0,dry and calm
712,2026-10-05,BLR,SQ 509,SQ,Singapore,SIN,Singapore,t,9V-SHL,Airbus A350,2,2026-10-05 11:35:00,2026-10-05 12:09:00,2026-10-05 19:00:00,2026-10-05 18:44:00,34,-16,late,11,,,,27.8,0.00,19.4,13600.0,dry and calm
713,2026-10-05,HYD,6E 6202,6E,IndiGo,DEL,New Delhi,f,VT-NHB,Airbus A321 NEO,,2026-10-05 11:35:00,2026-10-05 11:46:00,2026-10-05 13:39:00,,11,,on time,11,,,,30.8,0.00,19.1,19080.0,dry and calm
714,2026-10-05,BLR,6E 6104,6E,IndiGo,PNQ,Pune,f,VT-ITR,Airbus A320 (Sharklets),1,2026-10-05 11:40:00,2026-10-05 12:36:00,2026-10-05 13:10:00,2026-10-05 13:45:00,56,35,late,11,,,,27.8,0.00,19.4,13600.0,dry and calm
715,2026-10-05,BLR,6E 6356,6E,IndiGo,IXZ,Port Blair,f,VT-IBL,Airbus A321 NEO,1,2026-10-05 11:40:00,2026-10-05 12:13:00,2026-10-05 14:15:00,,33,,late,11,,,,27.8,0.00,19.4,13600.0,dry and calm
716,2026-10-05,BLR,6E 6535,6E,IndiGo,BBI,Bhubaneswar,f,VT-IBO,Airbus A321 NEO,1,2026-10-05 11:40:00,2026-10-05 12:15:00,2026-10-05 13:45:00,,35,,late,11,,,,27.8,0.00,19.4,13600.0,dry and calm
717,2026-10-05,BOM,6E 1,6E,IndiGo,LHR,London,t,LN-FND,Boeing 787-9,2,2026-10-05 11:40:00,2026-10-05 12:27:00,2026-10-05 17:45:00,2026-10-05 17:33:00,47,-12,late,11,,,,34.4,0.00,25.9,18860.0,dry and calm
718,2026-10-05,BOM,6E 6349,6E,IndiGo,MAA,Chennai,f,VT-NCJ,Airbus A321 NEO,2,2026-10-05 11:40:00,2026-10-05 12:14:00,2026-10-05 13:45:00,,34,,late,11,,,,34.4,0.00,25.9,18860.0,dry and calm
719,2026-10-05,BOM,9I 617,9I,Alliance Air,NMB,Daman,f,,,1,2026-10-05 11:40:00,,,,,,canceled,11,,,,34.4,0.00,25.9,18860.0,dry and calm
720,2026-10-05,BOM,6E 5178,6E,IndiGo,HYD,Hyderabad,f,VT-NOU,Airbus A321 NEO,1,2026-10-05 11:45:00,2026-10-05 12:17:00,2026-10-05 13:20:00,2026-10-05 13:14:00,32,-6,late,11,6E 5174,HYD,,34.4,0.00,25.9,18860.0,dry and calm
721,2026-10-05,BOM,SQ 421,SQ,Singapore,SIN,Singapore,t,9V-SCE,Boeing 787,2,2026-10-05 11:45:00,2026-10-05 12:35:00,2026-10-05 19:50:00,2026-10-05 19:58:00,50,8,late,11,,,,34.4,0.00,25.9,18860.0,dry and calm
722,2026-10-05,HYD,6E 7144,6E,IndiGo,PNY,Puduchcheri,f,VT-IYP,ATR 72,,2026-10-05 11:45:00,2026-10-05 12:17:00,2026-10-05 13:40:00,,32,,late,11,,,,30.8,0.00,19.1,19080.0,dry and calm
723,2026-10-05,BLR,IX 927,IX,Air India Express,KWI,Kuwait City,t,VT-ATH,Airbus A320 NEO,2,2026-10-05 11:50:00,2026-10-05 12:27:00,2026-10-05 14:15:00,,37,,late,11,,,,27.8,0.00,19.4,13600.0,dry and calm
724,2026-10-05,BOM,IX 1803,IX,Air India Express,JDH,Jodhpur,f,,Boeing 737,2,2026-10-05 11:50:00,2026-10-05 15:21:00,2026-10-05 13:40:00,,211,,late,11,,,,34.4,0.00,25.9,18860.0,dry and calm
725,2026-10-05,HYD,6E 905,6E,IndiGo,GOX,Mopa,f,VT-IBU,Airbus A321 NEO,,2026-10-05 11:50:00,2026-10-05 12:22:00,2026-10-05 13:05:00,,32,,late,11,,,,30.8,0.00,19.1,19080.0,dry and calm
726,2026-10-05,HYD,6E 913,6E,IndiGo,JAI,Jaipur,f,VT-ICT,Airbus A321 NEO,,2026-10-05 11:50:00,2026-10-05 12:05:00,2026-10-05 13:45:00,,15,,on time,11,,,,30.8,0.00,19.1,19080.0,dry and calm
727,2026-10-05,BLR,6E 6586,6E,IndiGo,JLR,Jabalpur,f,VT-IPE,Airbus A320 NEO,1,2026-10-05 11:55:00,2026-10-05 12:48:00,2026-10-05 14:00:00,,53,,late,11,,,,27.8,0.00,19.4,13600.0,dry and calm
728,2026-10-05,HYD,6E 1117,6E,IndiGo,DAC,Dhaka,t,VT-ICX,Airbus A321 NEO,,2026-10-05 11:55:00,2026-10-05 12:09:00,2026-10-05 14:55:00,2026-10-05 14:31:00,14,-24,on time,11,,,,30.8,0.00,19.1,19080.0,dry and calm
729,2026-10-05,HYD,6E 376,6E,IndiGo,CCU,Kolkata,f,VT-NOL,Airbus A321 NEO,,2026-10-05 11:55:00,2026-10-05 12:13:00,2026-10-05 14:10:00,2026-10-05 13:59:00,18,-11,on time,11,,,,30.8,0.00,19.1,19080.0,dry and calm
730,2026-10-05,BLR,6E 809,6E,IndiGo,DEL,New Delhi,f,VT-NHO,Airbus A321 NEO,1,2026-10-05 12:00:00,2026-10-05 12:31:00,2026-10-05 14:53:00,,31,,late,12,,,,29.0,0.00,15.8,13520.0,dry and calm
731,2026-10-05,BLR,IX 1537,IX,Air India Express,CCU,Kolkata,f,VT-BXF,Boeing 737 MAX 8,2,2026-10-05 12:00:00,,2026-10-05 14:40:00,2026-10-05 14:30:00,,-10,no actual time,12,,,,29.0,0.00,15.8,13520.0,dry and calm
732,2026-10-05,BLR,IX 2648,IX,Air India Express,IXZ,Port Blair,f,VT-BWQ,Boeing 737,2,2026-10-05 12:00:00,2026-10-05 12:30:00,2026-10-05 14:40:00,,30,,late,12,IX 2019,HYD,,29.0,0.00,15.8,13520.0,dry and calm
733,2026-10-05,BOM,AI 2632,AI,Air India,BLR,Bangalore,f,VT-CIQ,Airbus A320 NEO,2,2026-10-05 12:00:00,2026-10-05 12:45:00,2026-10-05 14:05:00,2026-10-05 14:06:00,45,1,late,12,,,,34.3,0.00,28.8,13500.0,dry and calm
734,2026-10-05,BOM,IX 1027,IX,Air India Express,IXE,Mangalore,f,VT-BWB,Boeing 737,2,2026-10-05 12:00:00,2026-10-05 12:20:00,2026-10-05 13:35:00,,20,,on time,12,,,,34.3,0.00,28.8,13500.0,dry and calm
735,2026-10-05,HYD,6E 1181,6E,IndiGo,CMB,Colombo,t,VT-IIO,Airbus A320 NEO,,2026-10-05 12:00:00,2026-10-05 12:10:00,2026-10-05 14:00:00,,10,,on time,12,,,,31.7,0.00,22.0,19240.0,dry and calm
736,2026-10-05,BLR,AI 2630,AI,Air India,BOM,Mumbai,f,VT-TNF,Airbus A320 NEO,2,2026-10-05 12:05:00,2026-10-05 12:18:00,2026-10-05 14:05:00,,13,,on time,12,AI 2851,BOM,,29.0,0.00,15.8,13520.0,dry and calm
737,2026-10-05,BOM,6E 2284,6E,IndiGo,HSR,Rajkot,f,VT-IBK,Airbus A320,2,2026-10-05 12:05:00,2026-10-05 12:30:00,2026-10-05 13:15:00,,25,,on time,12,,,,34.3,0.00,28.8,13500.0,dry and calm
738,2026-10-05,HYD,6E 6574,6E,IndiGo,VGA,Vidzhayavada,f,VT-IQJ,Airbus A320 NEO,,2026-10-05 12:05:00,2026-10-05 12:20:00,2026-10-05 13:05:00,,15,,on time,12,,,,31.7,0.00,22.0,19240.0,dry and calm
739,2026-10-05,BLR,QP 1154,QP,Akasa Air,BOM,Mumbai,f,VT-YAC,Boeing 737,1,2026-10-05 12:10:00,,2026-10-05 13:55:00,,,,no actual time,12,QP 1153,BOM,,29.0,0.00,15.8,13520.0,dry and calm
740,2026-10-05,BOM,6E 5251,6E,IndiGo,LKO,Lucknow,f,VT-IIP,Airbus A320 NEO,1,2026-10-05 12:10:00,2026-10-05 12:24:00,2026-10-05 14:20:00,2026-10-05 14:15:00,14,-5,on time,12,,,,34.3,0.00,28.8,13500.0,dry and calm
741,2026-10-05,BOM,AI 431,AI,Air India,DED,Dehradun,f,,Airbus A320 NEO,2,2026-10-05 12:10:00,2026-10-05 12:37:00,2026-10-05 14:20:00,,27,,on time,12,,,,34.3,0.00,28.8,13500.0,dry and calm
742,2026-10-05,HYD,6E 537,6E,IndiGo,DBR,Darbhanga,f,VT-IOT,Airbus A320 NEO,,2026-10-05 12:10:00,2026-10-05 12:23:00,2026-10-05 14:20:00,,13,,on time,12,6E 537,BLR,-17,31.7,0.00,22.0,19240.0,dry and calm
743,2026-10-05,BOM,6E 2247,6E,IndiGo,JDH,Jodhpur,f,,Airbus A320,2,2026-10-05 12:15:00,2026-10-05 14:34:00,2026-10-05 13:50:00,,139,,late,12,,,,34.3,0.00,28.8,13500.0,dry and calm
744,2026-10-05,BOM,6E 6028,6E,IndiGo,DEL,New Delhi,f,,Airbus A320,2,2026-10-05 12:15:00,2026-10-05 12:38:00,2026-10-05 14:24:00,,23,,on time,12,,,,34.3,0.00,28.8,13500.0,dry and calm
745,2026-10-05,BOM,AI 2027,AI,Air India,FRA,Frankfurt-am-Main,t,VT-NAC,Boeing 787-8,2,2026-10-05 12:15:00,2026-10-05 13:03:00,2026-10-05 17:55:00,2026-10-05 17:55:00,48,0,late,12,,,,34.3,0.00,28.8,13500.0,dry and calm
746,2026-10-05,BLR,6E 6336,6E,IndiGo,VTZ,Visakhapatnam,f,VT-IVB,Airbus A320 NEO,1,2026-10-05 12:25:00,2026-10-05 12:57:00,2026-10-05 14:10:00,2026-10-05 14:18:00,32,8,late,12,,,,29.0,0.00,15.8,13520.0,dry and calm
747,2026-10-05,BOM,6E 21,6E,IndiGo,AMS,Amsterdam,t,LN-FNE,Boeing 787-9,2,2026-10-05 12:25:00,2026-10-05 12:48:00,2026-10-05 18:35:00,2026-10-05 18:23:00,23,-12,on time,12,,,,34.3,0.00,28.8,13500.0,dry and calm
748,2026-10-05,BOM,AI 2276,AI,Air India,CMB,Colombo,t,VT-EXS,Airbus A320 NEO,2,2026-10-05 12:25:00,2026-10-05 12:52:00,2026-10-05 15:05:00,,27,,on time,12,,,,34.3,0.00,28.8,13500.0,dry and calm
749,2026-10-05,HYD,6E 7121,6E,IndiGo,BHO,Bhopal,f,VT-IYY,ATR 72,,2026-10-05 12:25:00,2026-10-05 12:30:00,2026-10-05 14:50:00,,5,,on time,12,,,,31.7,0.00,22.0,19240.0,dry and calm
750,2026-10-05,BLR,IX 2819,IX,Air India Express,HYD,Hyderabad,f,VT-BWD,Boeing 737 MAX 8,2,2026-10-05 12:30:00,,2026-10-05 13:45:00,2026-10-05 14:03:00,,18,no actual time,12,,,,29.0,0.00,15.8,13520.0,dry and calm
751,2026-10-05,BOM,6E 5184,6E,IndiGo,BLR,Bangalore,f,VT-NCD,Airbus A320,1,2026-10-05 12:30:00,2026-10-05 12:58:00,2026-10-05 14:25:00,2026-10-05 14:23:00,28,-2,on time,12,,,,34.3,0.00,28.8,13500.0,dry and calm
752,2026-10-05,BOM,6E 6122,6E,IndiGo,RPR,Raipur,f,VT-IRY,Airbus A320,2,2026-10-05 12:30:00,2026-10-05 13:00:00,2026-10-05 14:15:00,,30,,late,12,,,,34.3,0.00,28.8,13500.0,dry and calm
753,2026-10-05,BOM,IX 1238,IX,Air India Express,GOI,Vasco da Gama,f,VT-BWA,Boeing 737,2,2026-10-05 12:30:00,2026-10-05 12:52:00,2026-10-05 13:45:00,,22,,on time,12,,,,34.3,0.00,28.8,13500.0,dry and calm
754,2026-10-05,BLR,6E 6653,6E,IndiGo,GOI,Vasco da Gama,f,VT-ILZ,Airbus A321 NEO,1,2026-10-05 12:35:00,2026-10-05 12:58:00,2026-10-05 13:50:00,,23,,on time,12,,,,29.0,0.00,15.8,13520.0,dry and calm
755,2026-10-05,BOM,6E 673,6E,IndiGo,COK,Kochi,f,VT-IRV,Airbus A320,2,2026-10-05 12:35:00,2026-10-05 12:50:00,2026-10-05 14:25:00,,15,,on time,12,,,,34.3,0.00,28.8,13500.0,dry and calm
756,2026-10-05,HYD,6E 6294,6E,IndiGo,VNS,Varanasi,f,VT-IWN,Airbus A321 NEO,,2026-10-05 12:35:00,2026-10-05 12:49:00,2026-10-05 14:30:00,,14,,on time,12,,,,31.7,0.00,22.0,19240.0,dry and calm
757,2026-10-05,BLR,6E 941,6E,IndiGo,AGR,Agra,f,VT-IAX,Airbus A320 (Sharklets),1,2026-10-05 12:40:00,,2026-10-05 15:10:00,,,,no actual time,12,,,,29.0,0.00,15.8,13520.0,dry and calm
758,2026-10-05,BOM,6E 214,6E,IndiGo,SXR,Srinagar,f,,Airbus A320 NEO,2,2026-10-05 12:40:00,2026-10-05 13:06:00,2026-10-05 15:20:00,,26,,on time,12,,,,34.3,0.00,28.8,13500.0,dry and calm
759,2026-10-05,HYD,6E 6296,6E,IndiGo,TIR,Tirumala - Tirupati,f,VT-IQQ,Airbus A320 NEO,,2026-10-05 12:40:00,2026-10-05 12:46:00,2026-10-05 13:50:00,,6,,on time,12,,,,31.7,0.00,22.0,19240.0,dry and calm
760,2026-10-05,BLR,6E 6208,6E,IndiGo,MAA,Chennai,f,VT-ILG,Airbus A321 NEO,1,2026-10-05 12:45:00,2026-10-05 13:33:00,2026-10-05 13:55:00,,48,,late,12,,,,29.0,0.00,15.8,13520.0,dry and calm
761,2026-10-05,BLR,IX 1971,IX,Air India Express,PNQ,Pune,f,VT-BWS,Boeing 737 MAX 8,2,2026-10-05 12:45:00,2026-10-05 13:01:00,2026-10-05 14:20:00,2026-10-05 14:10:00,16,-10,on time,12,,,,29.0,0.00,15.8,13520.0,dry and calm
762,2026-10-05,BOM,6E 5239,6E,IndiGo,CCU,Kolkata,f,VT-NCN,Airbus A320,1,2026-10-05 12:45:00,2026-10-05 13:27:00,2026-10-05 15:30:00,2026-10-05 15:38:00,42,8,late,12,6E 5237,BLR,,34.3,0.00,28.8,13500.0,dry and calm
763,2026-10-05,BOM,AI 2780,AI,Air India,MAA,Chennai,f,,Airbus A320 NEO,2,2026-10-05 12:45:00,2026-10-05 14:36:00,2026-10-05 16:10:00,,111,,late,12,,,,34.3,0.00,28.8,13500.0,dry and calm
764,2026-10-05,HYD,AI 2559,AI,Air India,DEL,New Delhi,f,VT-TQH,Airbus A320 NEO,,2026-10-05 12:45:00,2026-10-05 12:53:00,2026-10-05 14:45:00,,8,,on time,12,,,,31.7,0.00,22.0,19240.0,dry and calm
765,2026-10-05,BLR,6E 1127,6E,IndiGo,MLE,Malé,t,VT-ILT,Airbus A321 NEO,2,2026-10-05 12:50:00,2026-10-05 13:05:00,2026-10-05 14:15:00,,15,,on time,12,,,,29.0,0.00,15.8,13520.0,dry and calm
766,2026-10-05,BOM,BA 198,BA,British,LHR,London,t,G-ZBKD,Boeing 787-9,2,2026-10-05 12:50:00,2026-10-05 13:10:00,2026-10-05 18:15:00,2026-10-05 18:12:00,20,-3,on time,12,,,,34.3,0.00,28.8,13500.0,dry and calm
767,2026-10-05,HYD,6E 311,6E,IndiGo,PNQ,Pune,f,VT-IPV,Airbus A320 NEO,,2026-10-05 12:50:00,2026-10-05 13:23:00,2026-10-05 14:10:00,2026-10-05 14:15:00,33,5,late,12,,,,31.7,0.00,22.0,19240.0,dry and calm
768,2026-10-05,BLR,6E 465,6E,IndiGo,STV,Surat Gujarat,f,VT-IMD,Airbus A321 NEO,1,2026-10-05 12:55:00,2026-10-05 13:07:00,2026-10-05 14:50:00,,12,,on time,12,,,,29.0,0.00,15.8,13520.0,dry and calm
769,2026-10-05,BLR,6E 703,6E,IndiGo,COK,Kochi,f,VT-IQL,Airbus A320 NEO,1,2026-10-05 12:55:00,2026-10-05 13:10:00,2026-10-05 14:00:00,,15,,on time,12,,,,29.0,0.00,15.8,13520.0,dry and calm
770,2026-10-05,BOM,AI 2503,AI,Air India,AMD,Ahmedabad,f,,Airbus A321,2,2026-10-05 12:55:00,2026-10-05 13:17:00,2026-10-05 14:15:00,,22,,on time,12,,,,34.3,0.00,28.8,13500.0,dry and calm
771,2026-10-05,BOM,QP 1123,QP,Akasa Air,IXD,Allahabad,f,,Boeing 737,2,2026-10-05 12:55:00,2026-10-05 13:29:00,2026-10-05 15:15:00,,34,,late,12,,,,34.3,0.00,28.8,13500.0,dry and calm
772,2026-10-05,BOM,SG 5113,SG,SpiceJet,DXB,Dubai,t,,Boeing 737-800,2,2026-10-05 12:55:00,2026-10-05 10:33:00,,,-142,,on time,12,,,,34.3,0.00,28.8,13500.0,dry and calm
773,2026-10-05,HYD,6E 5384,6E,IndiGo,BOM,Mumbai,f,VT-NCV,Airbus A321 NEO,,2026-10-05 12:55:00,2026-10-05 13:13:00,2026-10-05 14:25:00,,18,,on time,12,6E 5318,BOM,3,31.7,0.00,22.0,19240.0,dry and calm
774,2026-10-05,HYD,6E 6974,6E,IndiGo,GOX,Mopa,f,VT-NHQ,Airbus A321 NEO,,2026-10-05 12:55:00,2026-10-05 13:12:00,2026-10-05 14:05:00,,17,,on time,12,,,,31.7,0.00,22.0,19240.0,dry and calm
775,2026-10-05,BLR,IX 5952,IX,Air India Express,CNN,Kannur,f,VT-AYC,Boeing 737-800,2,2026-10-05 13:00:00,,2026-10-05 14:10:00,,,,no actual time,13,,,,25.3,2.30,28.1,2980.0,thunderstorm
776,2026-10-05,BOM,6E 615,6E,IndiGo,DEL,New Delhi,f,VT-NCO,Airbus A320,2,2026-10-05 13:00:00,2026-10-05 13:15:00,2026-10-05 14:59:00,,15,,on time,13,,,,32.0,0.00,36.0,2800.0,dry and calm
777,2026-10-05,BOM,AI 2677,AI,Air India,DEL,New Delhi,f,,Airbus A320 NEO,2,2026-10-05 13:00:00,2026-10-05 13:26:00,2026-10-05 15:14:00,,26,,on time,13,,,,32.0,0.00,36.0,2800.0,dry and calm
778,2026-10-05,BOM,QP 1127,QP,Akasa Air,DEL,New Delhi,f,,Boeing 737,2,2026-10-05 13:00:00,2026-10-05 13:11:00,2026-10-05 14:58:00,,11,,on time,13,,,,32.0,0.00,36.0,2800.0,dry and calm
779,2026-10-05,HYD,6E 6031,6E,IndiGo,DEL,New Delhi,f,VT-NCX,Airbus A321 NEO,,2026-10-05 13:00:00,2026-10-05 13:16:00,2026-10-05 15:11:00,,16,,on time,13,,,,32.1,0.00,29.9,19420.0,dry and calm
780,2026-10-05,BLR,IX 1386,IX,Air India Express,GOI,Vasco da Gama,f,VT-BXM,Boeing 737 MAX 8,2,2026-10-05 13:05:00,,2026-10-05 14:15:00,,,,no actual time,13,,,,25.3,2.30,28.1,2980.0,thunderstorm
781,2026-10-05,BLR,QP 1821,QP,Akasa Air,DEL,New Delhi,f,VT-YAH,Boeing 737 MAX 8,1,2026-10-05 13:05:00,,2026-10-05 15:39:00,,,,no actual time,13,,,,25.3,2.30,28.1,2980.0,thunderstorm
782,2026-10-05,BOM,6E 1059,6E,IndiGo,BKK,Bangkok,t,VT-NCH,Airbus A320,2,2026-10-05 13:05:00,2026-10-05 13:23:00,2026-10-05 19:15:00,2026-10-05 19:02:00,18,-13,on time,13,,,,32.0,0.00,36.0,2800.0,dry and calm
783,2026-10-05,BOM,AI 2477,AI,Air India,GOI,Vasco da Gama,f,VT-SCH,Airbus A319,2,2026-10-05 13:05:00,2026-10-05 13:19:00,2026-10-05 14:20:00,,14,,on time,13,,,,32.0,0.00,36.0,2800.0,dry and calm
784,2026-10-05,BLR,6E 6542,6E,IndiGo,CJB,Coimbatore,f,VT-ICL,Airbus A321 NEO,1,2026-10-05 13:10:00,,2026-10-05 14:10:00,,,,no actual time,13,,,,25.3,2.30,28.1,2980.0,thunderstorm
785,2026-10-05,BLR,6E 869,6E,IndiGo,DEL,New Delhi,f,VT-NHZ,Airbus A321 NEO,1,2026-10-05 13:10:00,2026-10-05 13:20:00,2026-10-05 15:36:00,,10,,on time,13,,,,25.3,2.30,28.1,2980.0,thunderstorm
786,2026-10-05,BOM,IX 1787,IX,Air India Express,BHO,Bhopal,f,,Boeing 737,2,2026-10-05 13:10:00,2026-10-05 13:48:00,2026-10-05 14:50:00,,38,,late,13,,,,32.0,0.00,36.0,2800.0,dry and calm
787,2026-10-05,HYD,6E 409,6E,IndiGo,VTZ,Visakhapatnam,f,VT-IMM,Airbus A321 NEO,,2026-10-05 13:10:00,2026-10-05 13:26:00,2026-10-05 14:25:00,2026-10-05 14:21:00,16,-4,on time,13,,,,32.1,0.00,29.9,19420.0,dry and calm
788,2026-10-05,BLR,6E 6507,6E,IndiGo,HSR,Rajkot,f,VT-IQA,Airbus A320 NEO,1,2026-10-05 13:15:00,2026-10-05 13:32:00,2026-10-05 15:20:00,,17,,on time,13,,,,25.3,2.30,28.1,2980.0,thunderstorm
789,2026-10-05,BOM,QP 1427,QP,Akasa Air,VNS,Varanasi,f,,Boeing 737,2,2026-10-05 13:20:00,2026-10-05 13:40:00,2026-10-05 15:50:00,,20,,on time,13,,,,32.0,0.00,36.0,2800.0,dry and calm
790,2026-10-05,BOM,AI 131,AI,Air India,LHR,London,t,VT-AWB,Boeing 787-9,2,2026-10-05 13:25:00,2026-10-05 13:44:00,2026-10-05 19:30:00,2026-10-05 18:17:00,19,-73,on time,13,,,,32.0,0.00,36.0,2800.0,dry and calm
791,2026-10-05,HYD,6E 108,6E,IndiGo,IXC,Chandigarh,f,VT-IME,Airbus A321 NEO,,2026-10-05 13:25:00,2026-10-05 13:48:00,2026-10-05 15:50:00,,23,,on time,13,,,,32.1,0.00,29.9,19420.0,dry and calm
792,2026-10-05,HYD,6E 149,6E,IndiGo,IXB,Siliguri,f,VT-IIB,Airbus A320 NEO,,2026-10-05 13:25:00,2026-10-05 14:19:00,2026-10-05 15:45:00,,54,,late,13,6E 6404,BLR,28,32.1,0.00,29.9,19420.0,dry and calm
793,2026-10-05,BOM,6E 5276,6E,IndiGo,GWL,Gwalior,f,VT-IAS,Airbus A320 NEO,1,2026-10-05 13:30:00,2026-10-05 13:51:00,2026-10-05 15:40:00,,21,,on time,13,,,,32.0,0.00,36.0,2800.0,dry and calm
794,2026-10-05,BOM,AI 2337,AI,Air India,BKK,Bangkok,t,VT-EXJ,Airbus A320 NEO,2,2026-10-05 13:30:00,,2026-10-05 19:20:00,2026-10-05 19:23:00,,3,no actual time,13,AI 2604,BLR,,32.0,0.00,36.0,2800.0,dry and calm
795,2026-10-05,HYD,AI 2541,AI,Air India,DEL,New Delhi,f,VT-TNJ,Airbus A320 NEO,,2026-10-05 13:30:00,2026-10-05 13:44:00,2026-10-05 15:40:00,,14,,on time,13,,,,32.1,0.00,29.9,19420.0,dry and calm
796,2026-10-05,BOM,6E 2011,6E,IndiGo,CNN,Kannur,f,VT-IBI,Airbus A320,2,2026-10-05 13:35:00,2026-10-05 13:42:00,2026-10-05 15:15:00,,7,,on time,13,,,,32.0,0.00,36.0,2800.0,dry and calm
797,2026-10-05,BOM,QP 1141,QP,Akasa Air,GAU,Guwahati,f,,Boeing 737,2,2026-10-05 13:35:00,2026-10-05 13:54:00,2026-10-05 16:50:00,,19,,on time,13,,,,32.0,0.00,36.0,2800.0,dry and calm
798,2026-10-05,BLR,6E 172,6E,IndiGo,CCU,Kolkata,f,VT-ILV,Airbus A321 NEO,1,2026-10-05 13:40:00,2026-10-05 13:56:00,2026-10-05 16:20:00,2026-10-05 15:56:00,16,-24,on time,13,,,,25.3,2.30,28.1,2980.0,thunderstorm
799,2026-10-05,BOM,IX 1810,IX,Air India Express,COK,Kochi,f,,Boeing 737,2,2026-10-05 13:40:00,2026-10-05 17:05:00,2026-10-05 15:40:00,,205,,late,13,,,,32.0,0.00,36.0,2800.0,dry and calm
800,2026-10-05,HYD,6E 93,6E,IndiGo,RUH,Riyadh,t,VT-IML,Airbus A321 NEO,,2026-10-05 13:40:00,2026-10-05 13:51:00,2026-10-05 16:10:00,,11,,on time,13,,,,32.1,0.00,29.9,19420.0,dry and calm
801,2026-10-05,BOM,6E 5337,6E,IndiGo,MAA,Chennai,f,VT-NHX,Airbus A320,1,2026-10-05 13:45:00,2026-10-05 13:56:00,2026-10-05 15:50:00,,11,,on time,13,,,,32.0,0.00,36.0,2800.0,dry and calm
802,2026-10-05,BOM,6E 6704,6E,IndiGo,DEL,New Delhi,f,VT-NCG,Airbus A320,2,2026-10-05 13:50:00,2026-10-05 14:20:00,2026-10-05 16:02:00,,30,,late,13,,,,32.0,0.00,36.0,2800.0,dry and calm
803,2026-10-05,BOM,AI 2753,AI,Air India,BHJ,Bhuj,f,,Airbus A320 NEO,2,2026-10-05 13:50:00,2026-10-05 14:22:00,2026-10-05 15:15:00,,32,,late,13,,,,32.0,0.00,36.0,2800.0,dry and calm
804,2026-10-05,HYD,6E 6062,6E,IndiGo,SAG,Shirdi,f,VT-IPC,Airbus A320 NEO,,2026-10-05 13:50:00,2026-10-05 14:22:00,2026-10-05 15:10:00,,32,,late,13,,,,32.1,0.00,29.9,19420.0,dry and calm
805,2026-10-05,BLR,6E 196,6E,IndiGo,LKO,Lucknow,f,VT-IIZ,Airbus A320 NEO,1,2026-10-05 13:55:00,2026-10-05 14:08:00,2026-10-05 16:25:00,2026-10-05 16:18:00,13,-7,on time,13,,,,25.3,2.30,28.1,2980.0,thunderstorm
806,2026-10-05,BLR,6E 6595,6E,IndiGo,AMD,Ahmedabad,f,VT-IZB,Airbus A320 (sharklets),1,2026-10-05 13:55:00,2026-10-05 14:07:00,2026-10-05 16:00:00,,12,,on time,13,,,,25.3,2.30,28.1,2980.0,thunderstorm
807,2026-10-05,BLR,6E 840,6E,IndiGo,DEL,New Delhi,f,VT-NOT,Airbus A321 NEO,1,2026-10-05 13:55:00,2026-10-05 14:01:00,2026-10-05 16:18:00,,6,,on time,13,6E 5217,BOM,-14,25.3,2.30,28.1,2980.0,thunderstorm
808,2026-10-05,BOM,6E 2280,6E,IndiGo,GOP,Gorakhpur,f,,Airbus A320,2,2026-10-05 13:55:00,2026-10-05 14:41:00,2026-10-05 16:35:00,,46,,late,13,,,,32.0,0.00,36.0,2800.0,dry and calm
809,2026-10-05,BOM,6E 230,6E,IndiGo,GOI,Vasco da Gama,f,VT-ILR,Airbus A320,2,2026-10-05 13:55:00,2026-10-05 14:31:00,2026-10-05 15:10:00,,36,,late,13,,,,32.0,0.00,36.0,2800.0,dry and calm
810,2026-10-05,BOM,AI 2773,AI,Air India,CCU,Kolkata,f,VT-RTU,Airbus A320 NEO,2,2026-10-05 13:55:00,2026-10-05 14:24:00,2026-10-05 16:55:00,2026-10-05 16:41:00,29,-14,on time,13,,,,32.0,0.00,36.0,2800.0,dry and calm
811,2026-10-05,HYD,6E 6682,6E,IndiGo,COK,Kochi,f,VT-ISR,Airbus A320 NEO,,2026-10-05 13:55:00,2026-10-05 14:05:00,2026-10-05 15:35:00,,10,,on time,13,,,,32.1,0.00,29.9,19420.0,dry and calm
812,2026-10-05,BLR,AI 2486,AI,Air India,DEL,New Delhi,f,VT-EXI,Airbus A320 NEO,2,2026-10-05 14:00:00,2026-10-05 14:21:00,2026-10-05 16:42:00,,21,,on time,14,,,,23.5,1.50,32.8,3980.0,light rain
813,2026-10-05,HYD,6E 6907,6E,IndiGo,CCU,Kolkata,f,VT-ILL,Airbus A321 NEO,,2026-10-05 14:00:00,2026-10-05 14:29:00,2026-10-05 16:20:00,2026-10-05 16:11:00,29,-9,on time,14,,,,31.6,0.00,34.6,19520.0,dry and calm
814,2026-10-05,HYD,6E 7126,6E,IndiGo,MYQ,Mysore,f,VT-IRB,ATR 72,,2026-10-05 14:00:00,,2026-10-05 15:55:00,,,,no actual time,14,,,,31.6,0.00,34.6,19520.0,dry and calm
815,2026-10-05,BLR,6E 1037,6E,IndiGo,KUL,Kuala Lumpur,t,VT-IMB,Airbus A321 NEO,2,2026-10-05 14:05:00,2026-10-05 14:17:00,2026-10-05 21:00:00,,12,,on time,14,,,,23.5,1.50,32.8,3980.0,light rain
816,2026-10-05,HYD,6E 6263,6E,IndiGo,RPR,Raipur,f,VT-IBY,Airbus A321 NEO,,2026-10-05 14:05:00,2026-10-05 14:39:00,2026-10-05 15:25:00,,34,,late,14,,,,31.6,0.00,34.6,19520.0,dry and calm
817,2026-10-05,HYD,6E 514,6E,IndiGo,MAA,Chennai,f,VT-ICV,Airbus A321 NEO,,2026-10-05 14:10:00,2026-10-05 14:48:00,2026-10-05 15:30:00,,38,,late,14,,,,31.6,0.00,34.6,19520.0,dry and calm
818,2026-10-05,BLR,6E 5306,6E,IndiGo,IXE,Mangalore,f,VT-ILP,Airbus A321 NEO,1,2026-10-05 14:15:00,2026-10-05 15:23:00,2026-10-05 15:20:00,,68,,late,14,,,,23.5,1.50,32.8,3980.0,light rain
819,2026-10-05,BOM,6E 6393,6E,IndiGo,IXC,Chandigarh,f,VT-NOE,Airbus A320,2,2026-10-05 14:15:00,2026-10-05 14:50:00,2026-10-05 16:35:00,,35,,late,14,,,,32.4,1.10,37.4,8680.0,light rain
820,2026-10-05,HYD,6E 297,6E,IndiGo,JDH,Jodhpur,f,VT-IFI,Airbus A320 (Sharklets),,2026-10-05 14:15:00,2026-10-05 14:33:00,2026-10-05 16:10:00,,18,,on time,14,,,,31.6,0.00,34.6,19520.0,dry and calm
821,2026-10-05,HYD,6E 5099,6E,IndiGo,BOM,Mumbai,f,VT-NOU,Airbus A321 NEO,,2026-10-05 14:15:00,2026-10-05 14:32:00,2026-10-05 15:55:00,,17,,on time,14,6E 5178,BOM,-6,31.6,0.00,34.6,19520.0,dry and calm
822,2026-10-05,BLR,6E 5351,6E,IndiGo,BOM,Mumbai,f,VT-NCU,Airbus A321 NEO,1,2026-10-05 14:20:00,2026-10-05 14:30:00,2026-10-05 16:05:00,,10,,on time,14,,,,23.5,1.50,32.8,3980.0,light rain
823,2026-10-05,BLR,AI 133,AI,Air India,LHR,London,t,VT-ANE,Boeing 787-8,2,2026-10-05 14:20:00,2026-10-05 14:27:00,2026-10-05 20:20:00,2026-10-05 19:55:00,7,-25,on time,14,,,,23.5,1.50,32.8,3980.0,light rain
824,2026-10-05,HYD,6E 504,6E,IndiGo,VTZ,Visakhapatnam,f,VT-IBZ,Airbus A321 NEO,,2026-10-05 14:20:00,2026-10-05 14:50:00,2026-10-05 15:45:00,2026-10-05 15:46:00,30,1,late,14,,,,31.6,0.00,34.6,19520.0,dry and calm
825,2026-10-05,HYD,6E 6915,6E,IndiGo,IDR,Indore,f,VT-IBJ,Airbus A321 NEO,,2026-10-05 14:20:00,2026-10-05 14:36:00,2026-10-05 15:45:00,,16,,on time,14,,,,31.6,0.00,34.6,19520.0,dry and calm
826,2026-10-05,BLR,6E 602,6E,IndiGo,COK,Kochi,f,VT-IRW,Airbus A321 NEO,1,2026-10-05 14:25:00,2026-10-05 14:36:00,2026-10-05 15:35:00,,11,,on time,14,,,,23.5,1.50,32.8,3980.0,light rain
827,2026-10-05,BLR,IX 2014,IX,Air India Express,IDR,Indore,f,VT-BXU,Boeing 737 MAX 8,2,2026-10-05 14:25:00,2026-10-05 14:34:00,2026-10-05 16:25:00,,9,,on time,14,,,,23.5,1.50,32.8,3980.0,light rain
828,2026-10-05,BOM,6E 5345,6E,IndiGo,RPR,Raipur,f,VT-IKP,Airbus A320 NEO,1,2026-10-05 14:25:00,2026-10-05 15:24:00,2026-10-05 16:25:00,,59,,late,14,,,,32.4,1.10,37.4,8680.0,light rain
829,2026-10-05,BOM,AI 2595,AI,Air India,UDR,Udaipur,f,,Airbus A320 NEO,2,2026-10-05 14:25:00,2026-10-05 14:56:00,2026-10-05 16:00:00,,31,,late,14,,,,32.4,1.10,37.4,8680.0,light rain
830,2026-10-05,HYD,6E 6481,6E,IndiGo,BDQ,Vadodara,f,VT-ICP,Airbus A321 NEO,,2026-10-05 14:25:00,2026-10-05 15:27:00,2026-10-05 16:00:00,,62,,late,14,,,,31.6,0.00,34.6,19520.0,dry and calm
831,2026-10-05,HYD,AI 2445,AI,Air India,BOM,Mumbai,f,VT-EXL,Airbus A320 (Sharklets),,2026-10-05 14:25:00,2026-10-05 14:25:00,2026-10-05 16:25:00,,0,,on time,14,AI 2444,BOM,-11,31.6,0.00,34.6,19520.0,dry and calm
832,2026-10-05,BLR,IX 1407,IX,Air India Express,IXB,Siliguri,f,VT-BWJ,Boeing 737 MAX 8,2,2026-10-05 14:30:00,2026-10-05 15:00:00,2026-10-05 17:30:00,,30,,late,14,,,,23.5,1.50,32.8,3980.0,light rain
833,2026-10-05,BOM,6E 5382,6E,IndiGo,BLR,Bangalore,f,VT-NCR,Airbus A320,1,2026-10-05 14:30:00,2026-10-05 14:47:00,2026-10-05 16:25:00,2026-10-05 16:03:00,17,-22,on time,14,6E 5069,BLR,,32.4,1.10,37.4,8680.0,light rain
834,2026-10-05,BOM,QP 1819,QP,Akasa Air,DEL,New Delhi,f,,Boeing 737,2,2026-10-05 14:30:00,2026-10-05 15:00:00,2026-10-05 16:48:00,,30,,late,14,,,,32.4,1.10,37.4,8680.0,light rain
835,2026-10-05,HYD,6E 6405,6E,IndiGo,BLR,Bangalore,f,VT-IMH,Airbus A320,,2026-10-05 14:30:00,,2026-10-05 15:50:00,2026-10-05 15:44:00,,-6,no actual time,14,,,,31.6,0.00,34.6,19520.0,dry and calm
836,2026-10-05,HYD,IX 2819,IX,Air India Express,VTZ,Visakhapatnam,f,VT-BWD,Boeing 737 MAX 8,,2026-10-05 14:30:00,2026-10-05 15:15:00,2026-10-05 15:55:00,2026-10-05 16:20:00,45,25,late,14,IX 2819,BLR,18,31.6,0.00,34.6,19520.0,dry and calm
837,2026-10-05,BOM,AI 2659,AI,Air India,IXC,Chandigarh,f,,Airbus A320 NEO,2,2026-10-05 14:35:00,2026-10-05 15:16:00,2026-10-05 17:15:00,,41,,late,14,,,,32.4,1.10,37.4,8680.0,light rain
838,2026-10-05,BOM,AI 2944,AI,Air India,DEL,New Delhi,f,,Airbus A320 NEO,2,2026-10-05 14:35:00,2026-10-05 15:28:00,2026-10-05 17:13:00,,53,,late,14,,,,32.4,1.10,37.4,8680.0,light rain
839,2026-10-05,BOM,6E 273,6E,IndiGo,HSR,Rajkot,f,VT-IWV,Airbus A320 NEO,2,2026-10-05 14:40:00,2026-10-05 15:29:00,2026-10-05 15:50:00,,49,,late,14,,,,32.4,1.10,37.4,8680.0,light rain
840,2026-10-05,BOM,6E 5123,6E,IndiGo,VGA,Gannavaram,f,VT-IQM,Airbus A320 NEO,1,2026-10-05 14:40:00,2026-10-05 15:32:00,2026-10-05 16:25:00,,52,,late,14,,,,32.4,1.10,37.4,8680.0,light rain
841,2026-10-05,BOM,QP 1137,QP,Akasa Air,COK,Kochi,f,,Boeing 737,2,2026-10-05 14:40:00,2026-10-05 15:51:00,2026-10-05 16:45:00,,71,,late,14,,,,32.4,1.10,37.4,8680.0,light rain
842,2026-10-05,HYD,6E 711,6E,IndiGo,DEL,New Delhi,f,,Airbus A320,,2026-10-05 14:40:00,,2026-10-05 17:14:00,,,,no actual time,14,,,,31.6,0.00,34.6,19520.0,dry and calm
843,2026-10-05,BLR,6E 6277,6E,IndiGo,PAT,Patna,f,VT-IIM,Airbus A320 NEO,1,2026-10-05 14:45:00,2026-10-05 15:03:00,2026-10-05 17:20:00,,18,,on time,14,,,,23.5,1.50,32.8,3980.0,light rain
844,2026-10-05,BLR,QP 1361,QP,Akasa Air,COK,Kochi,f,VT-YAK,Boeing 737 MAX 8,1,2026-10-05 14:45:00,,2026-10-05 16:05:00,,,,no actual time,14,,,,23.5,1.50,32.8,3980.0,light rain
845,2026-10-05,BOM,IX 1050,IX,Air India Express,DEL,New Delhi,f,,Boeing 737,2,2026-10-05 14:45:00,2026-10-05 16:13:00,2026-10-05 17:57:00,,88,,late,14,,,,32.4,1.10,37.4,8680.0,light rain
846,2026-10-05,BLR,6E 2030,6E,IndiGo,IXE,Mangalore,f,VT-IQO,Airbus A320 NEO,1,2026-10-05 14:50:00,2026-10-05 15:17:00,2026-10-05 15:50:00,,27,,on time,14,,,,23.5,1.50,32.8,3980.0,light rain
847,2026-10-05,BLR,QP 1423,QP,Akasa Air,VNS,Varanasi,f,VT-YAI,Boeing 737 MAX 8,1,2026-10-05 14:50:00,,2026-10-05 17:15:00,,,,no actual time,14,,,,23.5,1.50,32.8,3980.0,light rain
848,2026-10-05,HYD,6E 309W,6E,IndiGo,BLR,Bangalore,f,VT-IMH,Airbus A321 NEO,,2026-10-05 14:52:00,2026-10-05 14:52:00,,,0,,on time,14,,,,31.6,0.00,34.6,19520.0,dry and calm
849,2026-10-05,BLR,IX 2051,IX,Air India Express,HYD,Hyderabad,f,VT-BWP,Boeing 737 MAX 8,2,2026-10-05 14:55:00,2026-10-05 15:10:00,2026-10-05 16:05:00,2026-10-05 16:00:00,15,-5,on time,14,,,,23.5,1.50,32.8,3980.0,light rain
850,2026-10-05,HYD,9I 893,9I,Alliance Air,MAA,Chennai,f,VT-RKC,ATR 72,,2026-10-05 14:55:00,2026-10-05 15:43:00,2026-10-05 16:45:00,,48,,late,14,,,,31.6,0.00,34.6,19520.0,dry and calm
851,2026-10-05,BLR,6E 6030,6E,IndiGo,NMI,Mumbai,f,VT-IWY,Airbus A320,1,2026-10-05 15:00:00,2026-10-05 15:15:00,,,15,,on time,15,,,,24.7,0.50,23.8,5440.0,light rain
852,2026-10-05,BLR,AI 2511,AI,Air India,DEL,New Delhi,f,VT-TQS,Airbus A320 NEO,2,2026-10-05 15:00:00,2026-10-05 15:05:00,2026-10-05 17:29:00,,5,,on time,15,,,,24.7,0.50,23.8,5440.0,light rain
853,2026-10-05,BLR,IX 1536,IX,Air India Express,BBI,Bhubaneswar,f,VT-BXA,Boeing 737 MAX 8,2,2026-10-05 15:00:00,,2026-10-05 17:05:00,,,,no actual time,15,,,,24.7,0.50,23.8,5440.0,light rain
854,2026-10-05,BOM,6E 349,6E,IndiGo,DEL,New Delhi,f,,Airbus A320,2,2026-10-05 15:00:00,2026-10-05 16:16:00,2026-10-05 18:00:00,,76,,late,15,,,,32.3,0.00,38.9,15140.0,dry and calm
855,2026-10-05,BOM,AI 2442,AI,Air India,DEL,New Delhi,f,,Airbus A320 NEO,2,2026-10-05 15:00:00,2026-10-05 15:35:00,2026-10-05 17:24:00,,35,,late,15,,,,32.3,0.00,38.9,15140.0,dry and calm
856,2026-10-05,HYD,6E 6781,6E,IndiGo,IXM,Madurai,f,VT-IPG,Airbus A320 NEO,,2026-10-05 15:00:00,2026-10-05 15:16:00,2026-10-05 16:40:00,,16,,on time,15,,,,31.1,0.00,34.6,19540.0,dry and calm
857,2026-10-05,BLR,6E 6572,6E,IndiGo,CCU,Kolkata,f,VT-NHS,Airbus A321 NEO,1,2026-10-05 15:05:00,2026-10-05 15:28:00,2026-10-05 17:45:00,2026-10-05 17:26:00,23,-19,on time,15,,,,24.7,0.50,23.8,5440.0,light rain
858,2026-10-05,BOM,6E 1453,6E,IndiGo,DXB,Dubai,t,VT-NHL,Airbus A320,2,2026-10-05 15:05:00,2026-10-05 15:41:00,2026-10-05 16:40:00,2026-10-05 16:37:00,36,-3,late,15,,,,32.3,0.00,38.9,15140.0,dry and calm
859,2026-10-05,BOM,AI 2531,AI,Air India,HYD,Hyderabad,f,VT-CIO,Airbus A320 NEO,2,2026-10-05 15:05:00,2026-10-05 15:38:00,2026-10-05 16:35:00,2026-10-05 16:42:00,33,7,late,15,,,,32.3,0.00,38.9,15140.0,dry and calm
860,2026-10-05,HYD,6E 6146,6E,IndiGo,DED,Dehradun,f,VT-IWW,Airbus A320,,2026-10-05 15:05:00,2026-10-05 15:12:00,2026-10-05 17:35:00,,7,,on time,15,,,,31.1,0.00,34.6,19540.0,dry and calm
861,2026-10-05,HYD,IX 2746,IX,Air India Express,IXB,Siliguri,f,VT-NTA,Boeing 737 MAX 8,,2026-10-05 15:05:00,2026-10-05 15:37:00,2026-10-05 17:35:00,,32,,late,15,,,,31.1,0.00,34.6,19540.0,dry and calm
862,2026-10-05,BLR,6E 852,6E,IndiGo,DED,Dehradun,f,VT-IIW,Airbus A320 NEO,1,2026-10-05 15:10:00,2026-10-05 16:56:00,2026-10-05 18:05:00,,106,,late,15,,,,24.7,0.50,23.8,5440.0,light rain
863,2026-10-05,BLR,ET 691,ET,Ethiopian,ADD,Addis Ababa,t,ET-BAL,Boeing 737 MAX 8,2,2026-10-05 15:10:00,,2026-10-05 18:40:00,,,,no actual time,15,,,,24.7,0.50,23.8,5440.0,light rain
864,2026-10-05,BOM,6E 5386,6E,IndiGo,HYD,Hyderabad,f,VT-NCV,Airbus A321 NEO,1,2026-10-05 15:10:00,2026-10-05 16:04:00,2026-10-05 16:45:00,2026-10-05 17:04:00,54,19,late,15,6E 5384,HYD,,32.3,0.00,38.9,15140.0,dry and calm
865,2026-10-05,BOM,6E 624,6E,IndiGo,TRV,Trivandrum,f,VT-IBV,Airbus A320,2,2026-10-05 15:10:00,2026-10-05 15:45:00,2026-10-05 17:25:00,2026-10-05 17:31:00,35,6,late,15,,,,32.3,0.00,38.9,15140.0,dry and calm
866,2026-10-05,HYD,6E 7136,6E,IndiGo,ISK,Nasik,f,VT-IXY,ATR 72,,2026-10-05 15:10:00,2026-10-05 15:24:00,2026-10-05 16:50:00,,14,,on time,15,,,,31.1,0.00,34.6,19540.0,dry and calm
867,2026-10-05,BLR,6E 6427,6E,IndiGo,TRV,Trivandrum,f,VT-IMZ,Airbus A321 NEO,1,2026-10-05 15:15:00,2026-10-05 16:17:00,2026-10-05 16:35:00,2026-10-05 17:16:00,62,41,late,15,,,,24.7,0.50,23.8,5440.0,light rain
868,2026-10-05,BLR,6E 6596,6E,IndiGo,VNS,Varanasi,f,VT-NOH,Airbus A321 NEO,1,2026-10-05 15:15:00,2026-10-05 15:33:00,2026-10-05 17:45:00,,18,,on time,15,6E 5092,BOM,-38,24.7,0.50,23.8,5440.0,light rain
869,2026-10-05,BLR,6E 6753,6E,IndiGo,GOI,Vasco da Gama,f,VT-IOU,Airbus A320 NEO,1,2026-10-05 15:15:00,2026-10-05 15:47:00,2026-10-05 16:35:00,,32,,late,15,,,,24.7,0.50,23.8,5440.0,light rain
870,2026-10-05,BOM,6E 5354,6E,IndiGo,CCU,Kolkata,f,VT-NOJ,Airbus A321 NEO,1,2026-10-05 15:15:00,2026-10-05 15:43:00,2026-10-05 18:00:00,2026-10-05 18:00:00,28,0,on time,15,,,,32.3,0.00,38.9,15140.0,dry and calm
871,2026-10-05,BLR,6E 7162,6E,IndiGo,HBX,Hubli,f,VT-IYO,ATR 72,1,2026-10-05 15:20:00,,2026-10-05 16:45:00,,,,no actual time,15,,,,24.7,0.50,23.8,5440.0,light rain
872,2026-10-05,BLR,6E 7445,6E,IndiGo,KLH,Kolhapur,f,VT-IYS,ATR 72,1,2026-10-05 15:20:00,,2026-10-05 17:05:00,,,,no actual time,15,,,,24.7,0.50,23.8,5440.0,light rain
873,2026-10-05,BLR,6E 7711,6E,IndiGo,TRZ,Tiruchirappally,f,VT-IYG,ATR 72,1,2026-10-05 15:20:00,,2026-10-05 16:35:00,,,,no actual time,15,,,,24.7,0.50,23.8,5440.0,light rain
874,2026-10-05,BLR,QP 1315,QP,Akasa Air,PNQ,Pune,f,VT-YBN,Boeing 737 MAX 8,1,2026-10-05 15:20:00,,2026-10-05 16:55:00,,,,no actual time,15,,,,24.7,0.50,23.8,5440.0,light rain
875,2026-10-05,HYD,6E 719F,6E,IndiGo,DEL,New Delhi,f,VT-NCE,Airbus A321 NEO,,2026-10-05 15:22:00,2026-10-05 15:22:00,,,0,,on time,15,,,,31.1,0.00,34.6,19540.0,dry and calm
876,2026-10-05,BLR,IX 1540,IX,Air India Express,VNS,Varanasi,f,VT-BXN,Boeing 737 MAX 8,2,2026-10-05 15:25:00,,2026-10-05 17:55:00,,,,no actual time,15,,,,24.7,0.50,23.8,5440.0,light rain
877,2026-10-05,BOM,6E 5196,6E,IndiGo,MAA,Chennai,f,VT-ICM,Airbus A320,1,2026-10-05 15:25:00,2026-10-05 16:07:00,2026-10-05 17:30:00,,42,,late,15,,,,32.3,0.00,38.9,15140.0,dry and calm
878,2026-10-05,BOM,AI 2853,AI,Air India,BLR,Bangalore,f,VT-EXQ,Airbus A320 (Sharklets),2,2026-10-05 15:25:00,2026-10-05 15:54:00,2026-10-05 17:35:00,2026-10-05 17:29:00,29,-6,on time,15,,,,32.3,0.00,38.9,15140.0,dry and calm
879,2026-10-05,HYD,6E 6223,6E,IndiGo,PAT,Patna,f,VT-IOF,Airbus A320 NEO,,2026-10-05 15:25:00,2026-10-05 15:34:00,2026-10-05 17:30:00,,9,,on time,15,,,,31.1,0.00,34.6,19540.0,dry and calm
880,2026-10-05,BLR,6E 7223,6E,IndiGo,VGA,Vijayawada,f,VT-IYH,ATR 72,1,2026-10-05 15:30:00,,2026-10-05 17:00:00,,,,no actual time,15,,,,24.7,0.50,23.8,5440.0,light rain
881,2026-10-05,BLR,AI 428,AI,Air India,DEL,New Delhi,f,VT-ANL,Boeing 787-8,2,2026-10-05 15:30:00,2026-10-05 15:49:00,2026-10-05 18:02:00,,19,,on time,15,,,,24.7,0.50,23.8,5440.0,light rain
882,2026-10-05,BOM,AI 2745,AI,Air India,GOI,Vasco da Gama,f,VT-TQL,Airbus A320 NEO,2,2026-10-05 15:30:00,2026-10-05 15:56:00,2026-10-05 16:50:00,,26,,on time,15,,,,32.3,0.00,38.9,15140.0,dry and calm
883,2026-10-05,BOM,AI 2915,AI,Air India,AMD,Ahmedabad,f,,Airbus A320 NEO,2,2026-10-05 15:30:00,2026-10-05 16:03:00,2026-10-05 16:50:00,,33,,late,15,,,,32.3,0.00,38.9,15140.0,dry and calm
884,2026-10-05,HYD,6E 2073,6E,IndiGo,TRZ,Tiruchirappally,f,VT-IXG,Airbus A320 NEO,,2026-10-05 15:30:00,2026-10-05 15:46:00,2026-10-05 17:00:00,,16,,on time,15,,,,31.1,0.00,34.6,19540.0,dry and calm
885,2026-10-05,BLR,6E 6003,6E,IndiGo,NAG,Naqpur,f,VT-ILX,Airbus A321 NEO,1,2026-10-05 15:35:00,2026-10-05 15:57:00,2026-10-05 17:20:00,,22,,on time,15,,,,24.7,0.50,23.8,5440.0,light rain
886,2026-10-05,BOM,AI 598,AI,Air India,VGA,Gannavaram,f,VT-SCV,Airbus A319,2,2026-10-05 15:35:00,2026-10-05 16:10:00,2026-10-05 17:30:00,,35,,late,15,,,,32.3,0.00,38.9,15140.0,dry and calm
887,2026-10-05,BOM,IX 1807,IX,Air India Express,JGA,Jamnagar,f,,Airbus A320 NEO,2,2026-10-05 15:35:00,2026-10-05 16:02:00,2026-10-05 17:00:00,,27,,on time,15,,,,32.3,0.00,38.9,15140.0,dry and calm
888,2026-10-05,HYD,6E 121,6E,IndiGo,GOI,Vasco da Gama,f,VT-IBD,Airbus A321 NEO,,2026-10-05 15:35:00,2026-10-05 15:49:00,2026-10-05 16:45:00,,14,,on time,15,,,,31.1,0.00,34.6,19540.0,dry and calm
889,2026-10-05,HYD,6E 6540,6E,IndiGo,TIR,Tirumala - Tirupati,f,VT-IQJ,Airbus A320 NEO,,2026-10-05 15:35:00,2026-10-05 15:41:00,2026-10-05 16:45:00,,6,,on time,15,,,,31.1,0.00,34.6,19540.0,dry and calm
890,2026-10-05,BLR,6E 516,6E,IndiGo,IXU,Aurangabad,f,VT-IIE,Airbus A320 NEO,1,2026-10-05 15:40:00,2026-10-05 15:51:00,2026-10-05 17:20:00,,11,,on time,15,,,,24.7,0.50,23.8,5440.0,light rain
891,2026-10-05,BLR,6E 807,6E,IndiGo,BDQ,Vadodara,f,VT-IMI,Airbus A321 NEO,1,2026-10-05 15:40:00,2026-10-05 16:32:00,2026-10-05 17:50:00,,52,,late,15,,,,24.7,0.50,23.8,5440.0,light rain
892,2026-10-05,HYD,6E 1315,6E,IndiGo,DOH,Doha,t,VT-IXO,Airbus A320 NEO,,2026-10-05 15:40:00,2026-10-05 15:57:00,2026-10-05 17:30:00,2026-10-05 17:19:00,17,-11,on time,15,,,,31.1,0.00,34.6,19540.0,dry and calm
893,2026-10-05,BLR,6E 860,6E,IndiGo,DEL,New Delhi,f,VT-NCD,Airbus A321 NEO,1,2026-10-05 15:45:00,2026-10-05 16:13:00,2026-10-05 18:43:00,,28,,on time,15,6E 5184,BOM,-2,24.7,0.50,23.8,5440.0,light rain
894,2026-10-05,BOM,6E 240,6E,IndiGo,CJB,Coimbatore,f,VT-IBK,Airbus A321 NEO,2,2026-10-05 15:45:00,2026-10-05 16:25:00,2026-10-05 17:40:00,,40,,late,15,,,,32.3,0.00,38.9,15140.0,dry and calm
895,2026-10-05,BOM,6E 5154,6E,IndiGo,UDR,Udaipur,f,,Airbus A320,1,2026-10-05 15:45:00,2026-10-05 18:45:00,2026-10-05 17:10:00,,180,,late,15,,,,32.3,0.00,38.9,15140.0,dry and calm
896,2026-10-05,BLR,6E 2138,6E,IndiGo,COK,Kochi,f,VT-IXN,Airbus A320 NEO,1,2026-10-05 15:50:00,2026-10-05 16:27:00,2026-10-05 16:50:00,,37,,late,15,,,,24.7,0.50,23.8,5440.0,light rain
897,2026-10-05,BOM,6E 5131,6E,IndiGo,BHO,Bhopal,f,,Airbus A320,1,2026-10-05 15:50:00,2026-10-05 17:40:00,2026-10-05 17:25:00,,110,,late,15,,,,32.3,0.00,38.9,15140.0,dry and calm
898,2026-10-05,HYD,6E 7512,6E,IndiGo,IXG,Belgaum,f,VT-IXV,ATR 72,,2026-10-05 15:50:00,2026-10-05 15:59:00,2026-10-05 17:15:00,,9,,on time,15,,,,31.1,0.00,34.6,19540.0,dry and calm
899,2026-10-05,BLR,6E 469,6E,IndiGo,JAI,Jaipur,f,VT-IBQ,Airbus A321 NEO,1,2026-10-05 16:00:00,2026-10-05 16:20:00,2026-10-05 18:20:00,,20,,on time,16,,,,25.0,0.20,23.8,12980.0,light rain
900,2026-10-05,BLR,6E 5031,6E,IndiGo,BOM,Mumbai,f,VT-NCF,Airbus A321 NEO,1,2026-10-05 16:00:00,2026-10-05 16:22:00,2026-10-05 17:45:00,,22,,on time,16,,,,25.0,0.20,23.8,12980.0,light rain
901,2026-10-05,BLR,6E 7142,6E,IndiGo,PNY,Puducherry,f,VT-IRM,ATR 72,1,2026-10-05 16:00:00,,2026-10-05 17:10:00,,,,no actual time,16,,,,25.0,0.20,23.8,12980.0,light rain
902,2026-10-05,BLR,9I 513,9I,Alliance Air,SXV,Salem,f,VT-RKJ,ATR 72,2,2026-10-05 16:00:00,,,,,,no actual time,16,,,,25.0,0.20,23.8,12980.0,light rain
903,2026-10-05,BOM,6E 313,6E,IndiGo,DEL,New Delhi,f,VT-IWU,Airbus A321 NEO,2,2026-10-05 16:00:00,2026-10-05 16:32:00,2026-10-05 18:21:00,,32,,late,16,,,,31.9,0.00,37.1,15120.0,dry and calm
904,2026-10-05,BOM,AI 2730,AI,Air India,HSR,Rajkot,f,,Airbus A320 NEO,2,2026-10-05 16:00:00,2026-10-05 16:17:00,2026-10-05 17:20:00,,17,,on time,16,,,,31.9,0.00,37.1,15120.0,dry and calm
905,2026-10-05,BOM,EK 507,EK,Emirates,DXB,Dubai,t,A6-EGK,Boeing 777,2,2026-10-05 16:00:00,2026-10-05 16:20:00,2026-10-05 17:35:00,2026-10-05 17:11:00,20,-24,on time,16,,,,31.9,0.00,37.1,15120.0,dry and calm
906,2026-10-05,HYD,IX 1829,IX,Air India Express,TIR,Tirumala - Tirupati,f,VT-TNN,Airbus A320 (Sharklets),,2026-10-05 16:00:00,2026-10-05 16:04:00,2026-10-05 17:20:00,,4,,on time,16,,,,30.1,0.00,32.8,19500.0,dry and calm
907,2026-10-05,BOM,6E 1311,6E,IndiGo,HKT,Phuket,t,VT-NCA,Airbus A320,2,2026-10-05 16:05:00,2026-10-05 16:46:00,2026-10-05 21:55:00,,41,,late,16,,,,31.9,0.00,37.1,15120.0,dry and calm
908,2026-10-05,HYD,6E 6234,6E,IndiGo,COK,Kochi,f,VT-ICK,Airbus A320 NEO,,2026-10-05 16:05:00,2026-10-05 16:28:00,2026-10-05 17:45:00,,23,,on time,16,,,,30.1,0.00,32.8,19500.0,dry and calm
909,2026-10-05,BLR,IX 2052,IX,Air India Express,STV,Surat Gujarat,f,VT-AXJ,Boeing 737-800,2,2026-10-05 16:10:00,,2026-10-05 18:05:00,,,,no actual time,16,,,,25.0,0.20,23.8,12980.0,light rain
910,2026-10-05,BOM,6E 6931,6E,IndiGo,CCJ,Calicut,f,VT-ICQ,Airbus A320,2,2026-10-05 16:10:00,2026-10-05 16:28:00,2026-10-05 18:05:00,,18,,on time,16,,,,31.9,0.00,37.1,15120.0,dry and calm
911,2026-10-05,BLR,IX 2608,IX,Air India Express,COK,Kochi,f,VT-BXL,Boeing 737 MAX 8,2,2026-10-05 16:15:00,2026-10-05 16:36:00,2026-10-05 17:30:00,,21,,on time,16,,,,25.0,0.20,23.8,12980.0,light rain
912,2026-10-05,BOM,AI 356,AI,Air India,HND,Tokyo,t,VT-ANJ,Boeing 787-8,2,2026-10-05 16:15:00,2026-10-05 17:19:00,2026-10-06 04:55:00,2026-10-06 04:19:00,64,-36,late,16,,,,31.9,0.00,37.1,15120.0,dry and calm
913,2026-10-05,HYD,6E 501,6E,IndiGo,VNS,Varanasi,f,VT-ICS,Airbus A321 NEO,,2026-10-05 16:15:00,2026-10-05 16:21:00,2026-10-05 18:10:00,,6,,on time,16,,,,30.1,0.00,32.8,19500.0,dry and calm
914,2026-10-05,BLR,6E 451,6E,IndiGo,LKO,Lucknow,f,VT-IXK,Airbus A320 NEO,1,2026-10-05 16:20:00,2026-10-05 18:06:00,2026-10-05 18:55:00,,106,,late,16,,,,25.0,0.20,23.8,12980.0,light rain
915,2026-10-05,BLR,6E 851,6E,IndiGo,IXC,Chandigarh,f,VT-ILU,Airbus A321 NEO,1,2026-10-05 16:20:00,2026-10-05 17:49:00,2026-10-05 19:20:00,,89,,late,16,,,,25.0,0.20,23.8,12980.0,light rain
916,2026-10-05,BLR,EY 9608,EY,Etihad,AUH,Abu Dhabi,t,A6-DDF,Boeing 777,2,2026-10-05 16:20:00,,,,,,no actual time,16,,,,25.0,0.20,23.8,12980.0,light rain
917,2026-10-05,BLR,6E 6774,6E,IndiGo,GAU,Guwahati,f,VT-ICL,Airbus A321 NEO,1,2026-10-05 16:25:00,2026-10-05 16:46:00,2026-10-05 19:30:00,,21,,on time,16,,,,25.0,0.20,23.8,12980.0,light rain
918,2026-10-05,BOM,IX 1242,IX,Air India Express,GOI,Vasco da Gama,f,VT-BWA,Boeing 737,2,2026-10-05 16:25:00,2026-10-05 16:53:00,2026-10-05 17:50:00,,28,,on time,16,,,,31.9,0.00,37.1,15120.0,dry and calm
919,2026-10-05,HYD,6E 6372,6E,IndiGo,DEL,New Delhi,f,VT-IQQ,Airbus A320 NEO,,2026-10-05 16:25:00,2026-10-05 16:35:00,2026-10-05 18:32:00,,10,,on time,16,,,,30.1,0.00,32.8,19500.0,dry and calm
920,2026-10-05,BLR,6E 6067,6E,IndiGo,HYD,Hyderabad,f,VT-IMH,Airbus A321 NEO,1,2026-10-05 16:30:00,2026-10-05 16:48:00,2026-10-05 17:45:00,2026-10-05 17:36:00,18,-9,on time,16,6E 309W,HYD,,25.0,0.20,23.8,12980.0,light rain
921,2026-10-05,BLR,AI 2418,AI,Air India,DEL,New Delhi,f,VT-TNR,Airbus A321 (Sharklets),2,2026-10-05 16:30:00,2026-10-05 16:34:00,2026-10-05 19:07:00,,4,,on time,16,AI 2863,BOM,-30,25.0,0.20,23.8,12980.0,light rain
922,2026-10-05,BOM,AI 2687,AI,Air India,DEL,New Delhi,f,,Boeing 787-8,2,2026-10-05 16:30:00,2026-10-05 16:44:00,2026-10-05 18:22:00,,14,,on time,16,,,,31.9,0.00,37.1,15120.0,dry and calm
923,2026-10-05,HYD,6E 314,6E,IndiGo,BLR,Bangalore,f,VT-IBT,Airbus A321 NEO,,2026-10-05 16:30:00,2026-10-05 16:58:00,2026-10-05 17:50:00,2026-10-05 17:47:00,28,-3,on time,16,,,,30.1,0.00,32.8,19500.0,dry and calm
924,2026-10-05,BLR,IX 2945,IX,Air India Express,GAU,Guwahati,f,VT-TNM,Airbus A320 NEO,2,2026-10-05 16:35:00,2026-10-05 16:44:00,2026-10-05 19:45:00,,9,,on time,16,,,,25.0,0.20,23.8,12980.0,light rain
925,2026-10-05,HYD,XY 366,XY,flynas,RUH,Riyadh,t,,Airbus A320 NEO,,2026-10-05 16:35:00,,2026-10-05 18:55:00,,,,no actual time,16,,,,30.1,0.00,32.8,19500.0,dry and calm
926,2026-10-05,BLR,6E 309,6E,IndiGo,GOX,Mopa,f,VT-IXF,Airbus A320 NEO,1,2026-10-05 16:40:00,2026-10-05 17:02:00,2026-10-05 17:55:00,,22,,on time,16,,,,25.0,0.20,23.8,12980.0,light rain
927,2026-10-05,BOM,6E 5241,6E,IndiGo,GOI,Vasco da Gama,f,VT-IMY,Airbus A320,1,2026-10-05 16:40:00,2026-10-05 16:49:00,2026-10-05 18:05:00,,9,,on time,16,,,,31.9,0.00,37.1,15120.0,dry and calm
928,2026-10-05,HYD,6E 2101,6E,IndiGo,CNN,Kannur,f,VT-ISY,Airbus A320 NEO,,2026-10-05 16:40:00,2026-10-05 16:46:00,2026-10-05 18:30:00,,6,,on time,16,,,,30.1,0.00,32.8,19500.0,dry and calm
929,2026-10-05,BLR,6E 6451,6E,IndiGo,PAT,Patna,f,VT-IOV,Airbus A320 NEO,1,2026-10-05 16:45:00,2026-10-05 16:57:00,2026-10-05 19:15:00,,12,,on time,16,,,,25.0,0.20,23.8,12980.0,light rain
930,2026-10-05,BLR,IX 1527,IX,Air India Express,DED,Dehradun,f,VT-BXM,Boeing 737 MAX 8,2,2026-10-05 16:45:00,,2026-10-05 19:50:00,,,,no actual time,16,,,,25.0,0.20,23.8,12980.0,light rain
931,2026-10-05,BOM,6E 5228,6E,IndiGo,HYD,Hyderabad,f,VT-NCU,Airbus A320,1,2026-10-05 16:45:00,2026-10-05 17:13:00,2026-10-05 18:20:00,2026-10-05 18:18:00,28,-2,on time,16,6E 5351,BLR,,31.9,0.00,37.1,15120.0,dry and calm
932,2026-10-05,BOM,6E 6082,6E,IndiGo,DEL,New Delhi,f,VT-NCT,Airbus A320,2,2026-10-05 16:45:00,2026-10-05 17:00:00,2026-10-05 18:41:00,,15,,on time,16,,,,31.9,0.00,37.1,15120.0,dry and calm
933,2026-10-05,BOM,AI 2783,AI,Air India,IXC,Chandigarh,f,,Airbus A320 NEO,2,2026-10-05 16:45:00,2026-10-05 17:51:00,2026-10-05 19:10:00,,66,,late,16,,,,31.9,0.00,37.1,15120.0,dry and calm
934,2026-10-05,BOM,IX 1671,IX,Air India Express,DEL,New Delhi,f,VT-BWB,Boeing 737,2,2026-10-05 16:45:00,2026-10-05 17:27:00,2026-10-05 19:05:00,,42,,late,16,,,,31.9,0.00,37.1,15120.0,dry and calm
935,2026-10-05,BLR,6E 239,6E,IndiGo,AMD,Ahmedabad,f,VT-ILY,Airbus A321 NEO,1,2026-10-05 16:50:00,2026-10-05 16:59:00,2026-10-05 19:00:00,,9,,on time,16,,,,25.0,0.20,23.8,12980.0,light rain
936,2026-10-05,BOM,6E 463,6E,IndiGo,BBI,Bhubaneswar,f,VT-ISW,Airbus A320 NEO,2,2026-10-05 16:50:00,2026-10-05 17:08:00,2026-10-05 19:25:00,,18,,on time,16,,,,31.9,0.00,37.1,15120.0,dry and calm
937,2026-10-05,BOM,6E 6599,6E,IndiGo,IDR,Indore,f,VT-IAZ,Airbus A320,2,2026-10-05 16:50:00,2026-10-05 18:25:00,2026-10-05 18:15:00,,95,,late,16,,,,31.9,0.00,37.1,15120.0,dry and calm
938,2026-10-05,HYD,IX 1345,IX,Air India Express,BLR,Bangalore,f,VT-BWP,Boeing 737 MAX 8,,2026-10-05 16:50:00,2026-10-05 17:08:00,2026-10-05 18:20:00,2026-10-05 18:01:00,18,-19,on time,16,IX 2051,BLR,-5,30.1,0.00,32.8,19500.0,dry and calm
939,2026-10-05,BLR,QP 1503,QP,Akasa Air,BBI,Bhubaneswar,f,VT-YAW,Boeing 737 MAX 8,1,2026-10-05 16:55:00,,2026-10-05 19:10:00,,,,no actual time,16,,,,25.0,0.20,23.8,12980.0,light rain
940,2026-10-05,BOM,6E 6802,6E,IndiGo,NAG,Naqpur,f,,Airbus A320 NEO,2,2026-10-05 16:55:00,2026-10-05 17:35:00,2026-10-05 18:30:00,,40,,late,16,,,,31.9,0.00,37.1,15120.0,dry and calm
941,2026-10-05,BOM,AI 621,AI,Air India,JAI,Jaipur,f,VT-TQG,Airbus A320 NEO,2,2026-10-05 16:55:00,2026-10-05 17:21:00,2026-10-05 18:50:00,,26,,on time,16,AI 2402,BLR,,31.9,0.00,37.1,15120.0,dry and calm
942,2026-10-05,BOM,AI 681,AI,Air India,COK,Kochi,f,VT-TYA,Airbus A319,2,2026-10-05 16:55:00,2026-10-05 17:24:00,2026-10-05 18:55:00,,29,,on time,16,,,,31.9,0.00,37.1,15120.0,dry and calm
943,2026-10-05,BOM,EY 203,EY,Etihad,AUH,Abu Dhabi,t,A6-LRA,Airbus A320,2,2026-10-05 16:55:00,2026-10-05 17:03:00,2026-10-05 18:30:00,,8,,on time,16,,,,31.9,0.00,37.1,15120.0,dry and calm
944,2026-10-05,BOM,QP 1825,QP,Akasa Air,DEL,New Delhi,f,,Boeing 737,2,2026-10-05 16:55:00,2026-10-05 17:16:00,2026-10-05 18:56:00,,21,,on time,16,,,,31.9,0.00,37.1,15120.0,dry and calm
945,2026-10-05,BLR,6E 109,6E,IndiGo,IXE,Mangalore,f,VT-IQX,Airbus A320 NEO,1,2026-10-05 17:00:00,2026-10-05 17:17:00,2026-10-05 18:00:00,,17,,on time,17,,,,24.6,0.00,16.9,19040.0,dry and calm
946,2026-10-05,BLR,6E 6039,6E,IndiGo,DEL,New Delhi,f,VT-NCK,Airbus A321 NEO,1,2026-10-05 17:00:00,2026-10-05 17:10:00,2026-10-05 19:34:00,,10,,on time,17,,,,24.6,0.00,16.9,19040.0,dry and calm
947,2026-10-05,BOM,6E 5221,6E,IndiGo,BLR,Bangalore,f,VT-NOU,Airbus A321 NEO,1,2026-10-05 17:00:00,2026-10-05 17:32:00,2026-10-05 18:55:00,2026-10-05 18:55:00,32,0,late,17,6E 5099,HYD,,31.6,0.00,29.5,16600.0,dry and calm
948,2026-10-05,BOM,QP 1429,QP,Akasa Air,VNS,Varanasi,f,,Boeing 737,2,2026-10-05 17:00:00,2026-10-05 17:38:00,2026-10-05 19:20:00,,38,,late,17,,,,31.6,0.00,29.5,16600.0,dry and calm
949,2026-10-05,BLR,6E 223,6E,IndiGo,CCU,Kolkata,f,VT-IFZ,Airbus A320 (Sharklets),1,2026-10-05 17:05:00,2026-10-05 17:20:00,2026-10-05 19:55:00,2026-10-05 19:25:00,15,-30,on time,17,,,,24.6,0.00,16.9,19040.0,dry and calm
950,2026-10-05,BLR,IX 1538,IX,Air India Express,GOI,Vasco da Gama,f,VT-BXV,Boeing 737 MAX 8,2,2026-10-05 17:05:00,,2026-10-05 18:30:00,,,,no actual time,17,,,,24.6,0.00,16.9,19040.0,dry and calm
951,2026-10-05,BOM,AI 2481,AI,Air India,CCU,Kolkata,f,VT-TQM,Airbus A320 NEO,2,2026-10-05 17:05:00,2026-10-05 17:30:00,2026-10-05 19:55:00,2026-10-05 19:45:00,25,-10,on time,17,,,,31.6,0.00,29.5,16600.0,dry and calm
952,2026-10-05,BLR,6E 7231,6E,IndiGo,RJA,Rajahmundry,f,VT-IYP,ATR 72,1,2026-10-05 17:10:00,,2026-10-05 19:15:00,,,,no actual time,17,,,,24.6,0.00,16.9,19040.0,dry and calm
953,2026-10-05,BLR,IX 2506,IX,Air India Express,HYD,Hyderabad,f,VT-BWC,Boeing 737 MAX 8,2,2026-10-05 17:10:00,,2026-10-05 18:40:00,,,,no actual time,17,,,,24.6,0.00,16.9,19040.0,dry and calm
954,2026-10-05,BOM,6E 437,6E,IndiGo,COK,Kochi,f,VT-ICG,Airbus A320,2,2026-10-05 17:10:00,2026-10-05 17:47:00,2026-10-05 19:10:00,,37,,late,17,,,,31.6,0.00,29.5,16600.0,dry and calm
955,2026-10-05,HYD,6E 67,6E,IndiGo,JED,Jeddah,t,VT-IXD,Airbus A320 NEO,,2026-10-05 17:10:00,2026-10-05 17:15:00,2026-10-05 20:25:00,,5,,on time,17,,,,28.8,0.00,29.2,17460.0,dry and calm
956,2026-10-05,BLR,6E 356,6E,IndiGo,MAA,Chennai,f,VT-ILZ,Airbus A321 NEO,1,2026-10-05 17:15:00,2026-10-05 17:25:00,2026-10-05 18:10:00,,10,,on time,17,,,,24.6,0.00,16.9,19040.0,dry and calm
957,2026-10-05,BLR,6E 6465,6E,IndiGo,BHO,Bhopal,f,VT-IBO,Airbus A321 NEO,1,2026-10-05 17:15:00,2026-10-05 17:35:00,2026-10-05 19:25:00,,20,,on time,17,,,,24.6,0.00,16.9,19040.0,dry and calm
958,2026-10-05,BOM,6E 1455,6E,IndiGo,DXB,Dubai,t,VT-IWT,Airbus A320,2,2026-10-05 17:15:00,2026-10-05 18:29:00,2026-10-05 18:45:00,2026-10-05 19:52:00,74,67,late,17,,,,31.6,0.00,29.5,16600.0,dry and calm
959,2026-10-05,BOM,6E 843,6E,IndiGo,GAU,Guwahati,f,,Airbus A320,2,2026-10-05 17:15:00,2026-10-05 19:52:00,2026-10-05 20:25:00,,157,,late,17,,,,31.6,0.00,29.5,16600.0,dry and calm
960,2026-10-05,HYD,6E 208,6E,IndiGo,VTZ,Visakhapatnam,f,VT-ISV,Airbus A320 NEO,,2026-10-05 17:15:00,2026-10-05 17:27:00,2026-10-05 18:40:00,2026-10-05 18:24:00,12,-16,on time,17,,,,28.8,0.00,29.2,17460.0,dry and calm
961,2026-10-05,BLR,6E 6008,6E,IndiGo,STV,Surat Gujarat,f,VT-IIY,Airbus A320 NEO,1,2026-10-05 17:20:00,,2026-10-05 19:15:00,,,,no actual time,17,,,,24.6,0.00,16.9,19040.0,dry and calm
962,2026-10-05,BOM,6E 315,6E,IndiGo,DEL,New Delhi,f,VT-NOB,Airbus A321 NEO,2,2026-10-05 17:20:00,2026-10-05 17:53:00,2026-10-05 19:33:00,,33,,late,17,,,,31.6,0.00,29.5,16600.0,dry and calm
963,2026-10-05,BOM,QP 552,QP,Akasa Air,JED,Jeddah,t,,Boeing 737,2,2026-10-05 17:20:00,2026-10-05 17:43:00,2026-10-05 20:45:00,,23,,on time,17,,,,31.6,0.00,29.5,16600.0,dry and calm
964,2026-10-05,HYD,6E 5259,6E,IndiGo,BOM,Mumbai,f,VT-NCV,Airbus A321 NEO,,2026-10-05 17:20:00,2026-10-05 18:13:00,2026-10-05 18:50:00,,53,,late,17,6E 5386,BOM,19,28.8,0.00,29.2,17460.0,dry and calm
965,2026-10-05,BLR,6E 5255,6E,IndiGo,BOM,Mumbai,f,VT-NCR,Airbus A321 NEO,1,2026-10-05 17:25:00,2026-10-05 17:21:00,2026-10-05 19:05:00,,-4,,on time,17,6E 5382,BOM,-22,24.6,0.00,16.9,19040.0,dry and calm
966,2026-10-05,BLR,AI 2820,AI,Air India,DEL,New Delhi,f,VT-CIQ,Airbus A320,2,2026-10-05 17:25:00,2026-10-05 17:38:00,2026-10-05 20:03:00,,13,,on time,17,AI 2632,BOM,1,24.6,0.00,16.9,19040.0,dry and calm
967,2026-10-05,BLR,IX 2913,IX,Air India Express,PNQ,Pune,f,VT-BWS,Boeing 737 MAX 8,2,2026-10-05 17:25:00,2026-10-05 17:46:00,2026-10-05 19:00:00,2026-10-05 18:58:00,21,-2,on time,17,,,,24.6,0.00,16.9,19040.0,dry and calm
968,2026-10-05,BOM,6E 5048,6E,IndiGo,MAA,Chennai,f,,Airbus A320,1,2026-10-05 17:25:00,2026-10-05 17:45:00,2026-10-05 19:35:00,,20,,on time,17,,,,31.6,0.00,29.5,16600.0,dry and calm
969,2026-10-05,BOM,QP 1183,QP,Akasa Air,CCU,Kolkata,f,,Boeing 737,2,2026-10-05 17:25:00,2026-10-05 17:56:00,2026-10-05 20:10:00,,31,,late,17,,,,31.6,0.00,29.5,16600.0,dry and calm
970,2026-10-05,HYD,AI 2447,AI,Air India,BOM,Mumbai,f,VT-TNX,Airbus A320 NEO,,2026-10-05 17:25:00,2026-10-05 17:19:00,2026-10-05 19:25:00,,-6,,on time,17,,,,28.8,0.00,29.2,17460.0,dry and calm
971,2026-10-05,BLR,6E 978,6E,IndiGo,RPR,Raipur,f,VT-IQL,Airbus A320 NEO,1,2026-10-05 17:30:00,,2026-10-05 19:20:00,,,,no actual time,17,,,,24.6,0.00,16.9,19040.0,dry and calm
972,2026-10-05,BOM,AI 2849,AI,Air India,BLR,Bangalore,f,VT-TQA,Airbus A320 NEO,2,2026-10-05 17:30:00,2026-10-05 18:01:00,2026-10-05 19:35:00,2026-10-05 19:22:00,31,-13,late,17,,,,31.6,0.00,29.5,16600.0,dry and calm
973,2026-10-05,BOM,AI 2910,AI,Air India,DEL,New Delhi,f,,Airbus A321,2,2026-10-05 17:30:00,2026-10-05 17:58:00,2026-10-05 19:37:00,,28,,on time,17,,,,31.6,0.00,29.5,16600.0,dry and calm
974,2026-10-05,BOM,IX 1164,IX,Air India Express,BBI,Bhubaneswar,f,VT-BWR,Boeing 737,2,2026-10-05 17:30:00,2026-10-05 18:09:00,2026-10-05 20:00:00,,39,,late,17,,,,31.6,0.00,29.5,16600.0,dry and calm
975,2026-10-05,HYD,AI 2890,AI,Air India,DEL,New Delhi,f,VT-CIO,Airbus A320,,2026-10-05 17:30:00,2026-10-05 17:47:00,2026-10-05 19:41:00,,17,,on time,17,AI 2531,BOM,7,28.8,0.00,29.2,17460.0,dry and calm
976,2026-10-05,HYD,QP 1407,QP,Akasa Air,DEL,New Delhi,f,,Boeing 737,,2026-10-05 17:30:00,,2026-10-05 19:53:00,,,,no actual time,17,,,,28.8,0.00,29.2,17460.0,dry and calm
977,2026-10-05,BOM,6E 6027,6E,IndiGo,UDR,Udaipur,f,VT-IOM,Airbus A320,2,2026-10-05 17:35:00,2026-10-05 18:18:00,2026-10-05 19:00:00,,43,,late,17,,,,31.6,0.00,29.5,16600.0,dry and calm
978,2026-10-05,BOM,AI 2655,AI,Air India,TRV,Trivandrum,f,VT-CID,Airbus A320,2,2026-10-05 17:35:00,2026-10-05 18:44:00,2026-10-05 19:45:00,2026-10-05 20:31:00,69,46,late,17,,,,31.6,0.00,29.5,16600.0,dry and calm
979,2026-10-05,BOM,AI 2749,AI,Air India,IDR,Indore,f,VT-TQC,Airbus A320 NEO,2,2026-10-05 17:35:00,2026-10-05 18:06:00,2026-10-05 19:10:00,,31,,late,17,,,,31.6,0.00,29.5,16600.0,dry and calm
980,2026-10-05,HYD,6E 567,6E,IndiGo,GAU,Guwahati,f,VT-IPC,Airbus A320 NEO,,2026-10-05 17:35:00,2026-10-05 18:10:00,2026-10-05 20:15:00,,35,,late,17,,,,28.8,0.00,29.2,17460.0,dry and calm
981,2026-10-05,HYD,6E 7546,6E,IndiGo,RJA,Rajahmundry,f,VT-IYJ,ATR 72,,2026-10-05 17:35:00,2026-10-05 17:41:00,2026-10-05 18:45:00,,6,,on time,17,,,,28.8,0.00,29.2,17460.0,dry and calm
982,2026-10-05,BLR,6E 6168,6E,IndiGo,GOI,Vasco da Gama,f,VT-ILG,Airbus A321 NEO,1,2026-10-05 17:40:00,,2026-10-05 18:55:00,,,,no actual time,17,,,,24.6,0.00,16.9,19040.0,dry and calm
983,2026-10-05,BLR,IX 5306,IX,Air India Express,TRZ,Tiruchirappally,f,VT-GHC,Boeing 737-800,2,2026-10-05 17:40:00,,2026-10-05 18:50:00,,,,no actual time,17,,,,24.6,0.00,16.9,19040.0,dry and calm
984,2026-10-05,HYD,6E 57,6E,IndiGo,MED,Medina,t,VT-IPV,Airbus A320 NEO,,2026-10-05 17:40:00,2026-10-05 17:59:00,2026-10-05 20:50:00,,19,,on time,17,,,,28.8,0.00,29.2,17460.0,dry and calm
985,2026-10-05,BLR,6E 221,6E,IndiGo,IXR,Ranchi,f,VT-IQS,Airbus A320 NEO,1,2026-10-05 17:45:00,2026-10-05 18:03:00,2026-10-05 20:10:00,,18,,on time,17,,,,24.6,0.00,16.9,19040.0,dry and calm
986,2026-10-05,BLR,QP 1581,QP,Akasa Air,AMD,Ahmedabad,f,,Boeing 737,1,2026-10-05 17:45:00,,2026-10-05 20:05:00,,,,no actual time,17,,,,24.6,0.00,16.9,19040.0,dry and calm
987,2026-10-05,BOM,6E 272,6E,IndiGo,VNS,Varanasi,f,VT-IRY,Airbus A320,2,2026-10-05 17:45:00,2026-10-05 18:15:00,2026-10-05 20:00:00,,30,,late,17,,,,31.6,0.00,29.5,16600.0,dry and calm
988,2026-10-05,HYD,6E 6417,6E,IndiGo,BLR,Bangalore,f,VT-IZE,Airbus A320,,2026-10-05 17:45:00,2026-10-05 19:00:00,2026-10-05 19:05:00,2026-10-05 18:50:00,75,-15,late,17,,,,28.8,0.00,29.2,17460.0,dry and calm
989,2026-10-05,HYD,6E 710,6E,IndiGo,DEL,New Delhi,f,VT-NHB,Airbus A321 NEO,,2026-10-05 17:45:00,2026-10-05 18:02:00,2026-10-05 19:54:00,,17,,on time,17,,,,28.8,0.00,29.2,17460.0,dry and calm
990,2026-10-05,BLR,S5 117,S5,Star Air,GBI,Kalaburagi,f,VT-GSI,Embraer 175,2,2026-10-05 17:50:00,,,,,,no actual time,17,,,,24.6,0.00,16.9,19040.0,dry and calm
991,2026-10-05,BOM,6E 2100,6E,IndiGo,HSR,Rajkot,f,VT-IRV,Airbus A320,2,2026-10-05 17:50:00,2026-10-05 18:32:00,2026-10-05 19:05:00,,42,,late,17,,,,31.6,0.00,29.5,16600.0,dry and calm
992,2026-10-05,HYD,6E 6823,6E,IndiGo,HSR,Rajkot,f,VT-NOL,Airbus A321 NEO,,2026-10-05 17:50:00,2026-10-05 18:03:00,2026-10-05 19:40:00,,13,,on time,17,,,,28.8,0.00,29.2,17460.0,dry and calm
993,2026-10-05,BLR,6E 7226,6E,IndiGo,IXG,Belgaum,f,VT-IYZ,ATR 72,1,2026-10-05 17:55:00,2026-10-05 18:11:00,2026-10-05 19:25:00,,16,,on time,17,,,,24.6,0.00,16.9,19040.0,dry and calm
994,2026-10-05,BLR,6E 747,6E,IndiGo,IDR,Indore,f,VT-IIG,Airbus A320 NEO,1,2026-10-05 17:55:00,2026-10-05 18:10:00,2026-10-05 19:50:00,,15,,on time,17,,,,24.6,0.00,16.9,19040.0,dry and calm
995,2026-10-05,HYD,6E 283,6E,IndiGo,CCU,Kolkata,f,VT-IKU,Airbus A321 NEO,,2026-10-05 17:55:00,2026-10-05 18:07:00,2026-10-05 20:05:00,2026-10-05 19:48:00,12,-17,on time,17,,,,28.8,0.00,29.2,17460.0,dry and calm
996,2026-10-05,HYD,6E 598,6E,IndiGo,MAA,Chennai,f,VT-IBY,Airbus A321 NEO,,2026-10-05 17:55:00,2026-10-05 18:22:00,2026-10-05 19:10:00,,27,,on time,17,,,,28.8,0.00,29.2,17460.0,dry and calm
997,2026-10-05,BLR,OG 117,OG,Ghodawat Enterprises,GBI,Kalaburagi,f,VT-GSI,Embraer 175,,2026-10-05 17:59:00,2026-10-05 17:59:00,,,0,,on time,17,,,,24.6,0.00,16.9,19040.0,dry and calm
998,2026-10-05,BLR,6E 144,6E,IndiGo,COK,Kochi,f,VT-ICN,Airbus A321 NEO,1,2026-10-05 18:00:00,,2026-10-05 19:05:00,,,,no actual time,18,,,,23.3,0.00,10.4,4880.0,dry and calm
999,2026-10-05,BLR,6E 738,6E,IndiGo,VNS,Varanasi,f,VT-IRW,Airbus A321 NEO,1,2026-10-05 18:00:00,2026-10-05 18:22:00,2026-10-05 20:25:00,,22,,on time,18,,,,23.3,0.00,10.4,4880.0,dry and calm
1000,2026-10-05,BLR,IX 2053,IX,Air India Express,IXR,Ranchi,f,VT-RTF,Airbus A320 NEO,2,2026-10-05 18:00:00,2026-10-05 18:15:00,2026-10-05 20:25:00,,15,,on time,18,,,,23.3,0.00,10.4,4880.0,dry and calm
1001,2026-10-05,BOM,6E 5086,6E,IndiGo,CCU,Kolkata,f,VT-NHC,Airbus A320,1,2026-10-05 18:00:00,2026-10-05 18:30:00,2026-10-05 20:50:00,2026-10-05 20:43:00,30,-7,late,18,,,,30.9,0.00,33.8,15100.0,dry and calm
1002,2026-10-05,BOM,AI 2440,AI,Air India,DEL,New Delhi,f,VT-TVA,Airbus A320 NEO,2,2026-10-05 18:00:00,2026-10-05 18:35:00,2026-10-05 20:16:00,,35,,late,18,,,,30.9,0.00,33.8,15100.0,dry and calm
1003,2026-10-05,BOM,AI 2619,AI,Air India,HYD,Hyderabad,f,VT-EXN,Airbus A321 (Sharklets),2,2026-10-05 18:00:00,2026-10-05 18:27:00,2026-10-05 19:35:00,2026-10-05 19:29:00,27,-6,on time,18,,,,30.9,0.00,33.8,15100.0,dry and calm
1004,2026-10-05,BLR,AI 2854,AI,Air India,BOM,Mumbai,f,VT-TNB,Airbus A320 NEO,2,2026-10-05 18:05:00,,2026-10-05 20:05:00,,,,no actual time,18,,,,23.3,0.00,10.4,4880.0,dry and calm
1005,2026-10-05,BOM,6E 5082,6E,IndiGo,HBX,Hubli,f,VT-IXA,Airbus A320,1,2026-10-05 18:05:00,2026-10-05 18:21:00,2026-10-05 19:25:00,,16,,on time,18,,,,30.9,0.00,33.8,15100.0,dry and calm
1006,2026-10-05,BOM,QP 571,QP,Akasa Air,KWI,Kuwait City,t,,,2,2026-10-05 18:05:00,,,,,,canceled,18,,,,30.9,0.00,33.8,15100.0,dry and calm
1007,2026-10-05,HYD,6E 6167,6E,IndiGo,LKO,Lucknow,f,VT-ICV,Airbus A321 NEO,,2026-10-05 18:05:00,2026-10-05 18:20:00,2026-10-05 20:05:00,,15,,on time,18,,,,27.4,0.00,15.8,17400.0,dry and calm
1008,2026-10-05,HYD,6E 6533,6E,IndiGo,TIR,Tirumala - Tirupati,f,VT-IPP,Airbus A320 NEO,,2026-10-05 18:10:00,,2026-10-05 19:20:00,,,,no actual time,18,,,,27.4,0.00,15.8,17400.0,dry and calm
1009,2026-10-05,BLR,6E 6017,6E,IndiGo,MAA,Chennai,f,VT-NHJ,Airbus A321 NEO,1,2026-10-05 18:15:00,2026-10-05 18:29:00,2026-10-05 19:15:00,,14,,on time,18,,,,23.3,0.00,10.4,4880.0,dry and calm
1010,2026-10-05,BLR,6E 6034,6E,IndiGo,DEL,New Delhi,f,VT-NCP,Airbus A321 NEO,1,2026-10-05 18:15:00,2026-10-05 18:31:00,2026-10-05 21:00:00,,16,,on time,18,,,,23.3,0.00,10.4,4880.0,dry and calm
1011,2026-10-05,BOM,6E 5126,6E,IndiGo,IXM,Madurai,f,VT-IWV,Airbus A320,1,2026-10-05 18:15:00,2026-10-05 19:08:00,2026-10-05 20:20:00,,53,,late,18,,,,30.9,0.00,33.8,15100.0,dry and calm
1012,2026-10-05,BOM,6E 6613,6E,IndiGo,DEL,New Delhi,f,,Airbus A320,2,2026-10-05 18:15:00,2026-10-05 18:38:00,2026-10-05 20:19:00,,23,,on time,18,,,,30.9,0.00,33.8,15100.0,dry and calm
1013,2026-10-05,HYD,6E 6308,6E,IndiGo,CJB,Coimbatore,f,VT-IBZ,Airbus A321 NEO,,2026-10-05 18:15:00,2026-10-05 18:43:00,2026-10-05 19:35:00,,28,,on time,18,,,,27.4,0.00,15.8,17400.0,dry and calm
1014,2026-10-05,HYD,6E 6727,6E,IndiGo,AMD,Ahmedabad,f,VT-IIO,Airbus A320 NEO,,2026-10-05 18:15:00,2026-10-05 18:38:00,2026-10-05 20:05:00,,23,,on time,18,,,,27.4,0.00,15.8,17400.0,dry and calm
1015,2026-10-05,BLR,6E 6141,6E,IndiGo,JAI,Jaipur,f,VT-IPE,Airbus A320 NEO,1,2026-10-05 18:20:00,2026-10-05 18:39:00,2026-10-05 20:50:00,,19,,on time,18,,,,23.3,0.00,10.4,4880.0,dry and calm
1016,2026-10-05,BLR,AI 2802,AI,Air India,DEL,New Delhi,f,VT-EXQ,Airbus A320 (Sharklets),2,2026-10-05 18:20:00,2026-10-05 18:38:00,2026-10-05 21:05:00,,18,,on time,18,AI 2853,BOM,-6,23.3,0.00,10.4,4880.0,dry and calm
1017,2026-10-05,HYD,6E 6329,6E,IndiGo,GOI,Vasco da Gama,f,VT-IMH,Airbus A321 NEO,,2026-10-05 18:20:00,2026-10-05 18:41:00,2026-10-05 19:35:00,,21,,on time,18,6E 6067,BLR,-9,27.4,0.00,15.8,17400.0,dry and calm
1018,2026-10-05,BOM,QP 1175,QP,Akasa Air,GOX,Mopa,f,,Boeing 737,2,2026-10-05 18:25:00,2026-10-05 18:47:00,2026-10-05 19:55:00,,22,,on time,18,,,,30.9,0.00,33.8,15100.0,dry and calm
1019,2026-10-05,HYD,6E 7543,6E,IndiGo,NAG,Naqpur,f,,ATR 72,,2026-10-05 18:25:00,,2026-10-05 19:55:00,,,,no actual time,18,,,,27.4,0.00,15.8,17400.0,dry and calm
1020,2026-10-05,HYD,AI 2880,AI,Air India,DEL,New Delhi,f,,Airbus A320 NEO,,2026-10-05 18:25:00,,2026-10-05 20:20:00,,,,no actual time,18,,,,27.4,0.00,15.8,17400.0,dry and calm
1021,2026-10-05,BLR,6E 676,6E,IndiGo,CCU,Kolkata,f,VT-IBT,Airbus A321 NEO,1,2026-10-05 18:30:00,2026-10-05 19:07:00,2026-10-05 21:10:00,2026-10-05 21:15:00,37,5,late,18,6E 314,HYD,-3,23.3,0.00,10.4,4880.0,dry and calm
1022,2026-10-05,BOM,6E 5047,6E,IndiGo,BLR,Bangalore,f,VT-NCF,Airbus A321 NEO,1,2026-10-05 18:30:00,2026-10-05 19:00:00,2026-10-05 20:25:00,2026-10-05 20:24:00,30,-1,late,18,6E 5031,BLR,,30.9,0.00,33.8,15100.0,dry and calm
1023,2026-10-05,BOM,AI 2493,AI,Air India,AMD,Ahmedabad,f,VT-PPH,Airbus A321,2,2026-10-05 18:30:00,2026-10-05 18:55:00,2026-10-05 19:40:00,,25,,on time,18,,,,30.9,0.00,33.8,15100.0,dry and calm
1024,2026-10-05,BOM,AI 2641,AI,Air India,BLR,Bangalore,f,VT-TQP,Airbus A320 NEO,2,2026-10-05 18:30:00,2026-10-05 19:04:00,2026-10-05 20:35:00,2026-10-05 20:56:00,34,21,late,18,AI 2852,BLR,,30.9,0.00,33.8,15100.0,dry and calm
1025,2026-10-05,BOM,AI 2996,AI,Air India,DEL,New Delhi,f,VT-TQX,Airbus A320 NEO,2,2026-10-05 18:30:00,2026-10-05 18:40:00,2026-10-05 20:24:00,,10,,on time,18,,,,30.9,0.00,33.8,15100.0,dry and calm
1026,2026-10-05,HYD,6E 7248,6E,IndiGo,RPR,Raipur,f,,ATR 72,,2026-10-05 18:30:00,,2026-10-05 20:20:00,,,,no actual time,18,,,,27.4,0.00,15.8,17400.0,dry and calm
1027,2026-10-05,BLR,6E 638,6E,IndiGo,HYD,Hyderabad,f,VT-IBL,Airbus A321 NEO,1,2026-10-05 18:35:00,2026-10-05 18:48:00,2026-10-05 19:45:00,2026-10-05 19:39:00,13,-6,on time,18,,,,23.3,0.00,10.4,4880.0,dry and calm
1028,2026-10-05,BOM,6E 5147,6E,IndiGo,NAG,Naqpur,f,,Airbus A320,1,2026-10-05 18:35:00,2026-10-05 19:32:00,2026-10-05 20:10:00,,57,,late,18,,,,30.9,0.00,33.8,15100.0,dry and calm
1029,2026-10-05,BOM,6E 5273,6E,IndiGo,IDR,Indore,f,VT-IIR,Airbus A320 NEO,1,2026-10-05 18:35:00,2026-10-05 19:15:00,2026-10-05 20:00:00,,40,,late,18,,,,30.9,0.00,33.8,15100.0,dry and calm
1030,2026-10-05,HYD,6E 186,6E,IndiGo,IXR,Ranchi,f,VT-ISR,Airbus A320 NEO,,2026-10-05 18:35:00,2026-10-05 18:54:00,2026-10-05 20:30:00,,19,,on time,18,,,,27.4,0.00,15.8,17400.0,dry and calm
1031,2026-10-05,HYD,6E 7103,6E,IndiGo,IXE,Mangalore,f,VT-IRB,ATR 72,,2026-10-05 18:35:00,,2026-10-05 20:20:00,,,,no actual time,18,,,,27.4,0.00,15.8,17400.0,dry and calm
1032,2026-10-05,BLR,IX 1543,IX,Air India Express,NAG,Naqpur,f,VT-BXF,Boeing 737 MAX 8,2,2026-10-05 18:40:00,2026-10-05 18:51:00,2026-10-05 20:30:00,,11,,on time,18,,,,23.3,0.00,10.4,4880.0,dry and calm
1033,2026-10-05,BOM,6E 2237,6E,IndiGo,AMD,Ahmedabad,f,VT-IBJ,Airbus A320,2,2026-10-05 18:40:00,2026-10-05 19:18:00,2026-10-05 20:00:00,,38,,late,18,,,,30.9,0.00,33.8,15100.0,dry and calm
1034,2026-10-05,HYD,IX 2743,IX,Air India Express,VGA,Vidzhayavada,f,VT-BWD,Boeing 737 MAX 8,,2026-10-05 18:40:00,2026-10-05 19:08:00,2026-10-05 19:45:00,,28,,on time,18,,,,27.4,0.00,15.8,17400.0,dry and calm
1035,2026-10-05,BLR,6E 1183,6E,IndiGo,CMB,Colombo,t,VT-ILT,Airbus A321 NEO,2,2026-10-05 18:45:00,2026-10-05 19:26:00,2026-10-05 20:15:00,,41,,late,18,,,,23.3,0.00,10.4,4880.0,dry and calm
1036,2026-10-05,BLR,IX 1581,IX,Air India Express,NMI,Mumbai,f,VT-BWQ,Boeing 737,2,2026-10-05 18:45:00,2026-10-05 19:12:00,2026-10-05 20:25:00,,27,,on time,18,,,,23.3,0.00,10.4,4880.0,dry and calm
1037,2026-10-05,BOM,6E 6549,6E,IndiGo,IXE,Mangalore,f,VT-IWX,Airbus A320,2,2026-10-05 18:45:00,2026-10-05 18:57:00,2026-10-05 20:20:00,,12,,on time,18,,,,30.9,0.00,33.8,15100.0,dry and calm
1038,2026-10-05,BOM,6E 825,6E,IndiGo,PAT,Patna,f,,Airbus A320 NEO,2,2026-10-05 18:45:00,2026-10-05 20:22:00,2026-10-05 21:25:00,,97,,late,18,,,,30.9,0.00,33.8,15100.0,dry and calm
1039,2026-10-05,BOM,QP 1837,QP,Akasa Air,LKO,Lucknow,f,,Boeing 737,2,2026-10-05 18:45:00,2026-10-05 19:12:00,2026-10-05 21:05:00,,27,,on time,18,,,,30.9,0.00,33.8,15100.0,dry and calm
1040,2026-10-05,HYD,6E 6783,6E,IndiGo,BLR,Bangalore,f,VT-IZE,Airbus A320 NEO,,2026-10-05 18:45:00,,2026-10-05 20:05:00,2026-10-05 19:58:00,,-7,no actual time,18,,,,27.4,0.00,15.8,17400.0,dry and calm
1041,2026-10-05,BLR,6E 105,6E,IndiGo,PNQ,Pune,f,VT-ILQ,Airbus A321 NEO,1,2026-10-05 18:50:00,2026-10-05 19:09:00,2026-10-05 20:15:00,2026-10-05 20:13:00,19,-2,on time,18,,,,23.3,0.00,10.4,4880.0,dry and calm
1042,2026-10-05,BLR,6E 6162,6E,IndiGo,IXE,Mangalore,f,VT-IXL,Airbus A320 NEO,1,2026-10-05 18:50:00,2026-10-05 18:57:00,2026-10-05 19:45:00,,7,,on time,18,,,,23.3,0.00,10.4,4880.0,dry and calm
1043,2026-10-05,BLR,6E 969,6E,IndiGo,VTZ,Visakhapatnam,f,VT-IQA,Airbus A320 NEO,1,2026-10-05 19:00:00,,2026-10-05 20:40:00,2026-10-05 20:39:00,,-1,no actual time,19,,,,21.9,0.50,17.6,4020.0,light rain
1044,2026-10-05,BLR,AI 2610,AI,Air India,BOM,Mumbai,f,VT-CIP,Airbus A320,2,2026-10-05 19:00:00,2026-10-05 19:04:00,2026-10-05 21:05:00,,4,,on time,19,,,,21.9,0.50,17.6,4020.0,light rain
1045,2026-10-05,BOM,6E 317,6E,IndiGo,DEL,New Delhi,f,,Airbus A320,2,2026-10-05 19:00:00,2026-10-05 19:13:00,2026-10-05 20:52:00,,13,,on time,19,,,,30.3,0.00,30.6,15080.0,dry and calm
1046,2026-10-05,BOM,NH 9545,NH,ANA,NRT,Tokyo,t,,,2,2026-10-05 19:00:00,,,,,,no actual time,19,,,,30.3,0.00,30.6,15080.0,dry and calm
1047,2026-10-05,BOM,QP 1120,QP,Akasa Air,DEL,New Delhi,f,,Boeing 737,2,2026-10-05 19:00:00,2026-10-05 19:19:00,2026-10-05 21:03:00,,19,,on time,19,,,,30.3,0.00,30.6,15080.0,dry and calm
1048,2026-10-05,HYD,6E 5039,6E,IndiGo,BOM,Mumbai,f,VT-NCU,Airbus A321 NEO,,2026-10-05 19:00:00,2026-10-05 19:20:00,2026-10-05 20:30:00,,20,,on time,19,6E 5228,BOM,-2,26.4,0.00,10.8,17340.0,dry and calm
1049,2026-10-05,HYD,6E 6486,6E,IndiGo,MAA,Chennai,f,VT-ICP,Airbus A321 NEO,,2026-10-05 19:00:00,2026-10-05 19:55:00,2026-10-05 20:20:00,,55,,late,19,,,,26.4,0.00,10.8,17340.0,dry and calm
1050,2026-10-05,BLR,6E 6283,6E,IndiGo,BOM,Mumbai,f,VT-NHD,Airbus A321 NEO,1,2026-10-05 19:05:00,2026-10-05 19:14:00,2026-10-05 20:40:00,,9,,on time,19,,,,21.9,0.50,17.6,4020.0,light rain
1051,2026-10-05,HYD,6E 2185,6E,IndiGo,PAT,Patna,f,VT-ITR,Airbus A320 (Sharklets),,2026-10-05 19:05:00,2026-10-05 19:22:00,2026-10-05 21:00:00,,17,,on time,19,,,,26.4,0.00,10.8,17340.0,dry and calm
1052,2026-10-05,BLR,IX 1250,IX,Air India Express,HYD,Hyderabad,f,VT-BWP,Boeing 737 MAX 8,2,2026-10-05 19:10:00,2026-10-05 19:16:00,2026-10-05 20:20:00,2026-10-05 20:18:00,6,-2,on time,19,IX 1345,HYD,-19,21.9,0.50,17.6,4020.0,light rain
1053,2026-10-05,BOM,6E 5177,6E,IndiGo,GOX,Mopa,f,VT-IXH,Airbus A320 NEO,1,2026-10-05 19:10:00,2026-10-05 19:23:00,2026-10-05 20:25:00,,13,,on time,19,,,,30.3,0.00,30.6,15080.0,dry and calm
1054,2026-10-05,HYD,6E 6043,6E,IndiGo,DEL,New Delhi,f,VT-NCB,Airbus A321 NEO,,2026-10-05 19:10:00,2026-10-05 19:38:00,2026-10-05 21:32:00,,28,,on time,19,,,,26.4,0.00,10.8,17340.0,dry and calm
1055,2026-10-05,HYD,6E 6565,6E,IndiGo,TIR,Tirumala - Tirupati,f,VT-IQJ,Airbus A320 NEO,,2026-10-05 19:10:00,2026-10-05 19:25:00,2026-10-05 20:20:00,,15,,on time,19,,,,26.4,0.00,10.8,17340.0,dry and calm
1056,2026-10-05,BLR,6E 6554,6E,IndiGo,GOI,Vasco da Gama,f,VT-IAX,Airbus A320 (Sharklets),1,2026-10-05 19:15:00,2026-10-05 19:45:00,2026-10-05 20:25:00,,30,,late,19,,,,21.9,0.50,17.6,4020.0,light rain
1057,2026-10-05,BOM,6E 618,6E,IndiGo,BDQ,Vadodara,f,,Airbus A320,2,2026-10-05 19:15:00,2026-10-05 19:46:00,2026-10-05 20:20:00,,31,,late,19,,,,30.3,0.00,30.6,15080.0,dry and calm
1058,2026-10-05,HYD,6E 1235,6E,IndiGo,KWI,Kuwait City,t,VT-IWN,Airbus A321 NEO,,2026-10-05 19:15:00,2026-10-05 19:37:00,2026-10-05 22:00:00,,22,,on time,19,,,,26.4,0.00,10.8,17340.0,dry and calm
1059,2026-10-05,HYD,6E 922,6E,IndiGo,BBI,Bhubaneswar,f,VT-IBD,Airbus A321 NEO,,2026-10-05 19:15:00,2026-10-05 20:02:00,2026-10-05 20:55:00,,47,,late,19,,,,26.4,0.00,10.8,17340.0,dry and calm
1060,2026-10-05,BLR,6E 7134,6E,IndiGo,VGA,Vijayawada,f,VT-IYG,ATR 72,1,2026-10-05 19:20:00,,2026-10-05 20:50:00,,,,no actual time,19,,,,21.9,0.50,17.6,4020.0,light rain
1061,2026-10-05,BOM,6E 1401,6E,IndiGo,AUH,Abu Dhabi,t,VT-ILP,Airbus A320,2,2026-10-05 19:20:00,2026-10-05 19:53:00,2026-10-05 20:55:00,,33,,late,19,,,,30.3,0.00,30.6,15080.0,dry and calm
1062,2026-10-05,BOM,6E 544,6E,IndiGo,LKO,Lucknow,f,VT-IPM,Airbus A320 NEO,2,2026-10-05 19:20:00,2026-10-05 19:27:00,2026-10-05 21:25:00,,7,,on time,19,,,,30.3,0.00,30.6,15080.0,dry and calm
1063,2026-10-05,BOM,QP 1125,QP,Akasa Air,CCU,Kolkata,f,,Boeing 737,2,2026-10-05 19:20:00,2026-10-05 19:29:00,2026-10-05 22:20:00,,9,,on time,19,,,,30.3,0.00,30.6,15080.0,dry and calm
1064,2026-10-05,HYD,6E 7283,6E,IndiGo,VGA,Vidzhayavada,f,,ATR 72,,2026-10-05 19:20:00,,2026-10-05 20:25:00,,,,no actual time,19,,,,26.4,0.00,10.8,17340.0,dry and calm
1065,2026-10-05,HYD,IX 2983,IX,Air India Express,BLR,Bangalore,f,VT-BWC,Boeing 737 MAX 8,,2026-10-05 19:20:00,2026-10-05 19:28:00,2026-10-05 20:50:00,2026-10-05 20:32:00,8,-18,on time,19,IX 2506,BLR,,26.4,0.00,10.8,17340.0,dry and calm
1066,2026-10-05,BLR,6E 152,6E,IndiGo,CCJ,Calicut,f,VT-IOG,Airbus A320 NEO,1,2026-10-05 19:25:00,2026-10-05 19:36:00,2026-10-05 20:25:00,,11,,on time,19,,,,21.9,0.50,17.6,4020.0,light rain
1067,2026-10-05,BOM,6E 5105,6E,IndiGo,MAA,Chennai,f,VT-NOO,Airbus A320,1,2026-10-05 19:25:00,2026-10-05 19:34:00,2026-10-05 21:30:00,,9,,on time,19,,,,30.3,0.00,30.6,15080.0,dry and calm
1068,2026-10-05,BOM,AI 2505,AI,Air India,GOI,Vasco da Gama,f,,Airbus A320 NEO,2,2026-10-05 19:25:00,2026-10-05 19:41:00,2026-10-05 20:50:00,,16,,on time,19,,,,30.3,0.00,30.6,15080.0,dry and calm
1069,2026-10-05,HYD,AI 2520,AI,Air India,DEL,New Delhi,f,VT-JRB,Airbus A350-900,,2026-10-05 19:25:00,2026-10-05 19:41:00,2026-10-05 21:34:00,,16,,on time,19,,,,26.4,0.00,10.8,17340.0,dry and calm
1070,2026-10-05,BLR,6E 6012,6E,IndiGo,MAA,Chennai,f,VT-IOI,Airbus A320 NEO,1,2026-10-05 19:30:00,2026-10-05 19:51:00,2026-10-05 20:35:00,,21,,on time,19,,,,21.9,0.50,17.6,4020.0,light rain
1071,2026-10-05,BLR,6E 6585,6E,IndiGo,IXM,Madurai,f,VT-IOU,Airbus A320 NEO,1,2026-10-05 19:30:00,2026-10-05 19:48:00,2026-10-05 20:55:00,,18,,on time,19,,,,21.9,0.50,17.6,4020.0,light rain
1072,2026-10-05,BLR,6E 870,6E,IndiGo,DEL,New Delhi,f,VT-NHO,Airbus A321 NEO,1,2026-10-05 19:30:00,2026-10-05 19:53:00,2026-10-05 22:24:00,,23,,on time,19,,,,21.9,0.50,17.6,4020.0,light rain
1073,2026-10-05,BOM,AI 2408,AI,Air India,DEL,New Delhi,f,,Airbus A320 NEO,2,2026-10-05 19:30:00,2026-10-05 19:44:00,2026-10-05 21:25:00,,14,,on time,19,,,,30.3,0.00,30.6,15080.0,dry and calm
1074,2026-10-05,BOM,EK 503,EK,Emirates,DXB,Dubai,t,A6-EXE,Airbus A350-900,2,2026-10-05 19:30:00,2026-10-05 19:54:00,2026-10-05 21:00:00,2026-10-05 20:47:00,24,-13,on time,19,,,,30.3,0.00,30.6,15080.0,dry and calm
1075,2026-10-05,BOM,NH 830,NH,ANA,NRT,Tokyo,t,JA887A,Boeing 787-9,2,2026-10-05 19:30:00,2026-10-05 19:57:00,2026-10-06 07:50:00,2026-10-06 06:58:00,27,-52,on time,19,,,,30.3,0.00,30.6,15080.0,dry and calm
1076,2026-10-05,HYD,6E 6638,6E,IndiGo,JAI,Jaipur,f,VT-ITS,Airbus A321 (Sharklets),,2026-10-05 19:30:00,2026-10-05 19:51:00,2026-10-05 21:25:00,,21,,on time,19,,,,26.4,0.00,10.8,17340.0,dry and calm
1077,2026-10-05,BLR,6E 7165,6E,IndiGo,TRZ,Tiruchirappally,f,VT-IYH,ATR 72,1,2026-10-05 19:35:00,,2026-10-05 20:50:00,,,,no actual time,19,,,,21.9,0.50,17.6,4020.0,light rain
1078,2026-10-05,BOM,6E 5028,6E,IndiGo,ATQ,Amritsar,f,,Airbus A320 NEO,1,2026-10-05 19:35:00,2026-10-05 20:44:00,2026-10-05 22:00:00,,69,,late,19,,,,30.3,0.00,30.6,15080.0,dry and calm
1079,2026-10-05,HYD,9I 518,9I,Alliance Air,BLR,Bangalore,f,VT-RKC,ATR 72,,2026-10-05 19:35:00,2026-10-05 20:08:00,2026-10-05 21:15:00,2026-10-05 21:28:00,33,13,late,19,,,,26.4,0.00,10.8,17340.0,dry and calm
1080,2026-10-05,BLR,IX 1168,IX,Air India Express,MAA,Chennai,f,VT-VTZ,Airbus A320,2,2026-10-05 19:40:00,2026-10-05 19:58:00,2026-10-05 20:50:00,,18,,on time,19,,,,21.9,0.50,17.6,4020.0,light rain
1081,2026-10-05,BOM,6E 5326,6E,IndiGo,HYD,Hyderabad,f,VT-NCV,Airbus A320,1,2026-10-05 19:40:00,2026-10-05 20:38:00,2026-10-05 21:20:00,2026-10-05 21:38:00,58,18,late,19,6E 5259,HYD,,30.3,0.00,30.6,15080.0,dry and calm
1082,2026-10-05,BOM,QP 1133,QP,Akasa Air,BLR,Bangalore,f,VT-YAJ,Boeing 737,2,2026-10-05 19:40:00,2026-10-05 20:11:00,2026-10-05 21:45:00,,31,,late,19,,,,30.3,0.00,30.6,15080.0,dry and calm
1083,2026-10-05,BOM,QP 1195,QP,Akasa Air,AMD,Ahmedabad,f,,Boeing 737,2,2026-10-05 19:40:00,2026-10-05 20:01:00,2026-10-05 20:55:00,,21,,on time,19,,,,30.3,0.00,30.6,15080.0,dry and calm
1084,2026-10-05,HYD,6E 6252,6E,IndiGo,IXC,Chandigarh,f,VT-IQY,Airbus A320 NEO,,2026-10-05 19:40:00,2026-10-05 20:03:00,2026-10-05 22:15:00,,23,,on time,19,,,,26.4,0.00,10.8,17340.0,dry and calm
1085,2026-10-05,HYD,6E 984,6E,IndiGo,GOI,Vasco da Gama,f,VT-IPG,Airbus A320 NEO,,2026-10-05 19:40:00,2026-10-05 19:58:00,2026-10-05 20:55:00,,18,,on time,19,,,,26.4,0.00,10.8,17340.0,dry and calm
1086,2026-10-05,BLR,6E 855,6E,IndiGo,HYD,Hyderabad,f,VT-IOT,Airbus A320 NEO,1,2026-10-05 19:45:00,2026-10-05 20:08:00,2026-10-05 21:00:00,2026-10-05 20:53:00,23,-7,on time,19,,,,21.9,0.50,17.6,4020.0,light rain
1087,2026-10-05,BOM,6E 6049,6E,IndiGo,DEL,New Delhi,f,,Airbus A320,2,2026-10-05 19:45:00,2026-10-05 20:12:00,2026-10-05 21:48:00,,27,,on time,19,,,,30.3,0.00,30.6,15080.0,dry and calm
1088,2026-10-05,BOM,AI 2865,AI,Air India,BLR,Bangalore,f,VT-TNV,Airbus A320 NEO,2,2026-10-05 19:45:00,2026-10-05 20:00:00,2026-10-05 21:50:00,2026-10-05 21:39:00,15,-11,on time,19,,,,30.3,0.00,30.6,15080.0,dry and calm
1089,2026-10-05,BLR,IX 2924,IX,Air India Express,IXE,Mangalore,f,VT-BXU,Boeing 737 MAX 8,2,2026-10-05 19:50:00,,2026-10-05 21:00:00,,,,no actual time,19,,,,21.9,0.50,17.6,4020.0,light rain
1090,2026-10-05,BLR,QP 1262,QP,Akasa Air,CCU,Kolkata,f,VT-YAA,Boeing 737 MAX 8,1,2026-10-05 19:50:00,,2026-10-05 22:25:00,,,,no actual time,19,,,,21.9,0.50,17.6,4020.0,light rain
1091,2026-10-05,BOM,6E 5032,6E,IndiGo,BLR,Bangalore,f,VT-NCR,Airbus A320,1,2026-10-05 19:50:00,2026-10-05 20:14:00,2026-10-05 21:45:00,2026-10-05 21:58:00,24,13,on time,19,6E 5255,BLR,,30.3,0.00,30.6,15080.0,dry and calm
1092,2026-10-05,BOM,6E 6287,6E,IndiGo,CCU,Kolkata,f,VT-NCY,Airbus A320,2,2026-10-05 19:50:00,2026-10-05 20:08:00,2026-10-05 22:45:00,2026-10-05 22:17:00,18,-28,on time,19,,,,30.3,0.00,30.6,15080.0,dry and calm
1093,2026-10-05,HYD,6E 7146,6E,IndiGo,RJA,Rajahmundry,f,VT-IRM,ATR 72,,2026-10-05 19:50:00,,2026-10-05 21:05:00,,,,no actual time,19,,,,26.4,0.00,10.8,17340.0,dry and calm
1094,2026-10-05,BLR,6E 6875,6E,IndiGo,CJB,Coimbatore,f,VT-IZB,Airbus A320 (sharklets),1,2026-10-05 19:55:00,2026-10-05 20:12:00,2026-10-05 20:55:00,,17,,on time,19,,,,21.9,0.50,17.6,4020.0,light rain
1095,2026-10-05,BOM,AI 2583,AI,Air India,NAG,Naqpur,f,VT-TQU,Airbus A320 NEO,2,2026-10-05 19:55:00,2026-10-05 20:33:00,2026-10-05 21:35:00,,38,,late,19,,,,30.3,0.00,30.6,15080.0,dry and calm
1096,2026-10-05,BOM,IX 1795,IX,Air India Express,CJB,Coimbatore,f,,Airbus A320 NEO,2,2026-10-05 19:55:00,2026-10-05 20:18:00,2026-10-05 21:45:00,,23,,on time,19,,,,30.3,0.00,30.6,15080.0,dry and calm
1097,2026-10-05,BLR,6E 6423,6E,IndiGo,AMD,Ahmedabad,f,VT-IXE,Airbus A320 NEO,1,2026-10-05 20:00:00,2026-10-05 20:14:00,2026-10-05 22:10:00,,14,,on time,20,,,,20.3,0.80,28.8,3440.0,light rain
1098,2026-10-05,BLR,AI 2818,AI,Air India,DEL,New Delhi,f,VT-ALL,Boeing 777,2,2026-10-05 20:00:00,2026-10-05 20:53:00,2026-10-05 23:18:00,,53,,late,20,,,,20.3,0.80,28.8,3440.0,light rain
1099,2026-10-05,BLR,QP 1317,QP,Akasa Air,PNQ,Pune,f,VT-YBN,Boeing 737 MAX 8,1,2026-10-05 20:00:00,,2026-10-05 21:35:00,,,,no actual time,20,,,,20.3,0.80,28.8,3440.0,light rain
1100,2026-10-05,BOM,6E 5107,6E,IndiGo,AMD,Ahmedabad,f,,Airbus A320 NEO,1,2026-10-05 20:00:00,2026-10-05 20:39:00,2026-10-05 21:20:00,,39,,late,20,,,,30.0,0.00,25.6,13480.0,dry and calm
1101,2026-10-05,BOM,AI 2289,AI,Air India,DOH,Doha,t,VT-CIE,Airbus A320 NEO,2,2026-10-05 20:00:00,2026-10-05 20:29:00,2026-10-05 21:15:00,2026-10-05 21:07:00,29,-8,on time,20,,,,30.0,0.00,25.6,13480.0,dry and calm
1102,2026-10-05,BOM,AI 2940,AI,Air India,DEL,New Delhi,f,VT-EXR,Airbus A321,2,2026-10-05 20:00:00,2026-10-05 20:16:00,2026-10-05 21:57:00,,16,,on time,20,,,,30.0,0.00,25.6,13480.0,dry and calm
1103,2026-10-05,HYD,6E 285,6E,IndiGo,BLR,Bangalore,f,VT-IZE,Airbus A320,,2026-10-05 20:00:00,,2026-10-05 21:20:00,2026-10-05 21:32:00,,12,no actual time,20,,,,25.8,0.00,9.4,17260.0,dry and calm
1104,2026-10-05,BOM,IX 1219,IX,Air India Express,JAI,Jaipur,f,VT-RTI,Airbus A320,2,2026-10-05 20:10:00,2026-10-05 20:34:00,2026-10-05 22:00:00,,24,,on time,20,,,,30.0,0.00,25.6,13480.0,dry and calm
1105,2026-10-05,BLR,6E 5376,6E,IndiGo,BOM,Mumbai,f,VT-NOU,Airbus A321 NEO,1,2026-10-05 20:15:00,2026-10-05 20:30:00,2026-10-05 22:00:00,,15,,on time,20,6E 5221,BOM,0,20.3,0.80,28.8,3440.0,light rain
1106,2026-10-05,BLR,6E 6120,6E,IndiGo,PAT,Patna,f,VT-ISX,Airbus A320 NEO,1,2026-10-05 20:15:00,2026-10-05 20:42:00,2026-10-05 22:50:00,,27,,on time,20,,,,20.3,0.80,28.8,3440.0,light rain
1107,2026-10-05,BLR,QP 1743,QP,Akasa Air,CCJ,Calicut,f,VT-YAX,Boeing 737 MAX 8,1,2026-10-05 20:15:00,,2026-10-05 21:15:00,,,,no actual time,20,,,,20.3,0.80,28.8,3440.0,light rain
1108,2026-10-05,BOM,6E 5233,6E,IndiGo,IXC,Chandigarh,f,VT-IMY,Airbus A320,1,2026-10-05 20:15:00,2026-10-05 20:47:00,2026-10-05 22:45:00,,32,,late,20,,,,30.0,0.00,25.6,13480.0,dry and calm
1109,2026-10-05,BLR,6E 6077,6E,IndiGo,MAA,Chennai,f,VT-IIE,Airbus A320 NEO,1,2026-10-05 20:20:00,,2026-10-05 21:25:00,,,,no actual time,20,,,,20.3,0.80,28.8,3440.0,light rain
1110,2026-10-05,BLR,6E 975,6E,IndiGo,CCU,Kolkata,f,VT-ILX,Airbus A321 NEO,1,2026-10-05 20:20:00,2026-10-05 20:49:00,2026-10-05 23:00:00,2026-10-05 22:52:00,29,-8,on time,20,,,,20.3,0.80,28.8,3440.0,light rain
1111,2026-10-05,BOM,6E 330,6E,IndiGo,DEL,New Delhi,f,VT-NCO,Airbus A321 NEO,2,2026-10-05 20:20:00,2026-10-05 20:41:00,2026-10-05 22:25:00,,21,,on time,20,,,,30.0,0.00,25.6,13480.0,dry and calm
1112,2026-10-05,BOM,6E 5164,6E,IndiGo,IDR,Indore,f,VT-IAN,Airbus A320 (Sharklets),1,2026-10-05 20:20:00,2026-10-05 21:54:00,2026-10-05 22:00:00,,94,,late,20,,,,30.0,0.00,25.6,13480.0,dry and calm
1113,2026-10-05,BOM,IX 1801,IX,Air India Express,COK,Kochi,f,VT-BWF,Boeing 737,2,2026-10-05 20:20:00,2026-10-05 20:50:00,2026-10-05 22:20:00,,30,,late,20,,,,30.0,0.00,25.6,13480.0,dry and calm
1114,2026-10-05,HYD,6E 426,6E,IndiGo,PNQ,Pune,f,VT-IBV,Airbus A321 NEO,,2026-10-05 20:20:00,2026-10-05 20:56:00,2026-10-05 21:30:00,2026-10-05 21:43:00,36,13,late,20,,,,25.8,0.00,9.4,17260.0,dry and calm
1115,2026-10-05,HYD,6E 567E,6E,IndiGo,BLR,Bangalore,f,VT-IIB,Airbus A320 NEO,,2026-10-05 20:24:00,2026-10-05 20:24:00,,,0,,on time,20,,,,25.8,0.00,9.4,17260.0,dry and calm
1116,2026-10-05,BLR,6E 435,6E,IndiGo,COK,Kochi,f,VT-IIZ,Airbus A320 NEO,1,2026-10-05 20:25:00,2026-10-05 20:51:00,2026-10-05 21:30:00,,26,,on time,20,,,,20.3,0.80,28.8,3440.0,light rain
1117,2026-10-05,HYD,6E 1407,6E,IndiGo,AUH,Abu Dhabi,t,VT-ILL,Airbus A321 NEO,,2026-10-05 20:25:00,2026-10-05 20:49:00,,,24,,on time,20,,,,25.8,0.00,9.4,17260.0,dry and calm
1118,2026-10-05,HYD,6E 621,6E,IndiGo,IDR,Indore,f,VT-IBL,Airbus A321 NEO,,2026-10-05 20:25:00,2026-10-05 20:41:00,2026-10-05 21:50:00,,16,,on time,20,6E 638,BLR,-6,25.8,0.00,9.4,17260.0,dry and calm
1119,2026-10-05,BLR,6E 6385,6E,IndiGo,IXC,Chandigarh,f,VT-IME,Airbus A321 NEO,1,2026-10-05 20:30:00,2026-10-05 21:17:00,2026-10-05 23:40:00,,47,,late,20,,,,20.3,0.80,28.8,3440.0,light rain
1120,2026-10-05,BLR,AI 2850,AI,Air India,BOM,Mumbai,f,VT-TQA,Airbus A320 NEO,2,2026-10-05 20:30:00,2026-10-05 20:40:00,2026-10-05 22:40:00,,10,,on time,20,AI 2849,BOM,-13,20.3,0.80,28.8,3440.0,light rain
1121,2026-10-05,BOM,AI 2827,AI,Air India,MAA,Chennai,f,VT-TQL,Airbus A320 NEO,2,2026-10-05 20:30:00,2026-10-05 20:51:00,2026-10-05 22:35:00,,21,,on time,20,,,,30.0,0.00,25.6,13480.0,dry and calm
1122,2026-10-05,BOM,AI 2988,AI,Air India,DEL,New Delhi,f,,Airbus A320 NEO,2,2026-10-05 20:30:00,2026-10-05 21:14:00,2026-10-05 23:03:00,,44,,late,20,,,,30.0,0.00,25.6,13480.0,dry and calm
1123,2026-10-05,HYD,6E 1421,6E,IndiGo,SHJ,Sharjah,t,VT-IFI,Airbus A320 (Sharklets),,2026-10-05 20:30:00,2026-10-05 20:59:00,2026-10-05 22:40:00,2026-10-05 22:50:00,29,10,on time,20,,,,25.8,0.00,9.4,17260.0,dry and calm
1124,2026-10-05,BOM,QP 1103,QP,Akasa Air,AMD,Ahmedabad,f,,Boeing 737,2,2026-10-05 20:35:00,2026-10-05 20:59:00,2026-10-05 21:50:00,,24,,on time,20,,,,30.0,0.00,25.6,13480.0,dry and calm
1125,2026-10-05,HYD,AI 2876,AI,Air India,BOM,Mumbai,f,VT-EXN,Airbus A321 (Sharklets),,2026-10-05 20:35:00,2026-10-05 20:43:00,2026-10-05 22:30:00,,8,,on time,20,AI 2619,BOM,-6,25.8,0.00,9.4,17260.0,dry and calm
1126,2026-10-05,BLR,6E 441,6E,IndiGo,PNQ,Pune,f,VT-IXF,Airbus A320 NEO,1,2026-10-05 20:40:00,2026-10-05 21:29:00,2026-10-05 22:05:00,2026-10-05 22:45:00,49,40,late,20,,,,20.3,0.80,28.8,3440.0,light rain
1127,2026-10-05,BLR,6E 817,6E,IndiGo,DEL,New Delhi,f,VT-NHZ,Airbus A321 NEO,1,2026-10-05 20:40:00,2026-10-05 21:01:00,2026-10-05 23:31:00,,21,,on time,20,,,,20.3,0.80,28.8,3440.0,light rain
1128,2026-10-05,BOM,6E 5182,6E,IndiGo,BBI,Bhubaneswar,f,VT-IPS,Airbus A320 NEO,1,2026-10-05 20:40:00,2026-10-05 21:50:00,2026-10-05 23:00:00,,70,,late,20,,,,30.0,0.00,25.6,13480.0,dry and calm
1129,2026-10-05,BOM,UL 144,UL,SriLankan,CMB,Colombo,t,4R-ABT,Airbus A321,2,2026-10-05 20:40:00,2026-10-05 21:11:00,2026-10-05 23:10:00,,31,,late,20,,,,30.0,0.00,25.6,13480.0,dry and calm
1130,2026-10-05,BLR,6E 6086,6E,IndiGo,BBI,Bhubaneswar,f,VT-IZE,Airbus A320,1,2026-10-05 20:45:00,2026-10-05 21:19:00,2026-10-05 22:50:00,,34,,late,20,6E 285,HYD,12,20.3,0.80,28.8,3440.0,light rain
1131,2026-10-05,BOM,6E 5145,6E,IndiGo,LKO,Lucknow,f,VT-NOE,Airbus A320,1,2026-10-05 20:45:00,2026-10-05 21:02:00,2026-10-05 23:05:00,2026-10-05 22:50:00,17,-15,on time,20,,,,30.0,0.00,25.6,13480.0,dry and calm
1132,2026-10-05,BOM,AI 2401,AI,Air India,BLR,Bangalore,f,VT-EXL,Airbus A320 NEO,2,2026-10-05 20:45:00,2026-10-05 21:05:00,2026-10-05 22:45:00,2026-10-05 22:43:00,20,-2,on time,20,AI 2445,HYD,,30.0,0.00,25.6,13480.0,dry and calm
1133,2026-10-05,BOM,IX 1163,IX,Air India Express,GOX,Mopa,f,VT-BWA,Boeing 737 MAX 8,2,2026-10-05 20:45:00,2026-10-05 21:53:00,2026-10-05 22:00:00,,68,,late,20,,,,30.0,0.00,25.6,13480.0,dry and calm
1134,2026-10-05,HYD,UL 176,UL,SriLankan,CMB,Colombo,t,4R-ANB,Airbus A320,,2026-10-05 20:45:00,2026-10-05 20:44:00,2026-10-05 22:40:00,,-1,,on time,20,,,,25.8,0.00,9.4,17260.0,dry and calm
1135,2026-10-05,BLR,6E 6743,6E,IndiGo,IDR,Indore,f,VT-ISP,Airbus A320 NEO,1,2026-10-05 20:50:00,2026-10-05 21:10:00,2026-10-05 22:45:00,,20,,on time,20,,,,20.3,0.80,28.8,3440.0,light rain
1136,2026-10-05,BLR,9I 547,9I,Alliance Air,GOI,Vasco da Gama,f,VT-RKJ,ATR 72,2,2026-10-05 20:50:00,,2026-10-05 22:25:00,,,,no actual time,20,,,,20.3,0.80,28.8,3440.0,light rain
1137,2026-10-05,BOM,6E 1201,6E,IndiGo,BAH,Manama,t,VT-ICB,Airbus A320,2,2026-10-05 20:50:00,2026-10-05 21:27:00,2026-10-05 21:55:00,,37,,late,20,,,,30.0,0.00,25.6,13480.0,dry and calm
1138,2026-10-05,BLR,IX 1360,IX,Air India Express,NMI,Mumbai,f,VT-BXV,Boeing 737 MAX 8,2,2026-10-05 20:55:00,,2026-10-05 22:40:00,,,,no actual time,20,,,,20.3,0.80,28.8,3440.0,light rain
1139,2026-10-05,BOM,QP 1254,QP,Akasa Air,CCU,Kolkata,f,,Boeing 737,2,2026-10-05 20:55:00,2026-10-05 21:07:00,2026-10-05 23:30:00,,12,,on time,20,,,,30.0,0.00,25.6,13480.0,dry and calm
1140,2026-10-05,BLR,EK 567,EK,Emirates,DXB,Dubai,t,A6-ENG,Boeing 777-300,2,2026-10-05 21:00:00,2026-10-05 21:12:00,2026-10-05 23:20:00,2026-10-05 22:53:00,12,-27,on time,21,,,,20.4,0.30,15.8,4820.0,light rain
1141,2026-10-05,BLR,IX 2116,IX,Air India Express,COK,Kochi,f,VT-GHA,Boeing 737-800,2,2026-10-05 21:00:00,2026-10-05 21:08:00,2026-10-05 22:05:00,,8,,on time,21,,,,20.4,0.30,15.8,4820.0,light rain
1142,2026-10-05,BOM,6E 5291,6E,IndiGo,MAA,Chennai,f,VT-ICM,Airbus A320,1,2026-10-05 21:00:00,2026-10-05 21:26:00,2026-10-05 23:05:00,,26,,on time,21,,,,29.5,0.00,24.5,13480.0,dry and calm
1143,2026-10-05,BOM,AI 816,AI,Air India,DEL,New Delhi,f,,Boeing 777-300ER,2,2026-10-05 21:00:00,2026-10-05 21:19:00,2026-10-05 22:56:00,,19,,on time,21,,,,29.5,0.00,24.5,13480.0,dry and calm
1144,2026-10-05,HYD,6E 890,6E,IndiGo,DEL,New Delhi,f,VT-NCS,Airbus A321 NEO,,2026-10-05 21:00:00,2026-10-05 22:04:00,2026-10-05 23:54:00,,64,,late,21,,,,25.1,0.00,9.0,17180.0,dry and calm
1145,2026-10-05,BLR,IX 1089,IX,Air India Express,IXC,Chandigarh,f,VT-BXR,Boeing 737,2,2026-10-05 21:05:00,,,,,,no actual time,21,,,,20.4,0.30,15.8,4820.0,light rain
1146,2026-10-05,HYD,6E 2084,6E,IndiGo,NMI,Mumbai,f,VT-IQO,Airbus A320 NEO,,2026-10-05 21:05:00,2026-10-05 21:23:00,2026-10-05 22:35:00,,18,,on time,21,,,,25.1,0.00,9.0,17180.0,dry and calm
1147,2026-10-05,HYD,IX 1378,IX,Air India Express,BLR,Bangalore,f,VT-BWP,Boeing 737 MAX 8,,2026-10-05 21:05:00,2026-10-05 21:20:00,2026-10-05 22:30:00,2026-10-05 22:25:00,15,-5,on time,21,IX 1250,BLR,-2,25.1,0.00,9.0,17180.0,dry and calm
1148,2026-10-05,BLR,6E 1301,6E,IndiGo,DOH,Doha,t,VT-ILV,Airbus A321 NEO,2,2026-10-05 21:10:00,2026-10-05 21:27:00,2026-10-05 23:00:00,2026-10-05 22:53:00,17,-7,on time,21,,,,20.4,0.30,15.8,4820.0,light rain
1149,2026-10-05,BLR,QP 1264,QP,Akasa Air,CCU,Kolkata,f,VT-YAI,Boeing 737 MAX 8,1,2026-10-05 21:10:00,,2026-10-05 23:35:00,,,,no actual time,21,,,,20.4,0.30,15.8,4820.0,light rain
1150,2026-10-05,BOM,6E 1491,6E,IndiGo,RKT,Ras Al Khaimah,t,VT-ISS,Airbus A320 NEO,2,2026-10-05 21:10:00,2026-10-05 21:23:00,2026-10-05 22:40:00,2026-10-05 22:25:00,13,-15,on time,21,,,,29.5,0.00,24.5,13480.0,dry and calm
1151,2026-10-05,BOM,6E 5056,6E,IndiGo,HYD,Hyderabad,f,VT-NCU,Airbus A320,1,2026-10-05 21:10:00,2026-10-05 21:33:00,2026-10-05 22:45:00,2026-10-05 22:34:00,23,-11,on time,21,6E 5039,HYD,,29.5,0.00,24.5,13480.0,dry and calm
1152,2026-10-05,BOM,AI 2643,AI,Air India,CCU,Kolkata,f,VT-TQI,Airbus A320 NEO,2,2026-10-05 21:10:00,2026-10-05 21:21:00,2026-10-06 00:10:00,2026-10-05 23:36:00,11,-34,on time,21,,,,29.5,0.00,24.5,13480.0,dry and calm
1153,2026-10-05,BOM,IX 261,IX,Air India Express,AUH,Abu Dhabi,t,VT-RTQ,Airbus A320,2,2026-10-05 21:10:00,2026-10-05 22:34:00,,,84,,late,21,,,,29.5,0.00,24.5,13480.0,dry and calm
1154,2026-10-05,HYD,6E 6174,6E,IndiGo,MAA,Chennai,f,VT-IBZ,Airbus A321 NEO,,2026-10-05 21:10:00,2026-10-05 22:51:00,2026-10-05 22:40:00,,101,,late,21,,,,25.1,0.00,9.0,17180.0,dry and calm
1155,2026-10-05,BLR,6E 1247,6E,IndiGo,SIN,Singapore,t,VT-NCF,Airbus A321 NEO,2,2026-10-05 21:15:00,2026-10-05 21:57:00,2026-10-06 04:40:00,2026-10-06 04:47:00,42,7,late,21,6E 5047,BOM,-1,20.4,0.30,15.8,4820.0,light rain
1156,2026-10-05,BLR,QP 2002,QP,Akasa Air,NMI,Mumbai,f,,Boeing 737,1,2026-10-05 21:15:00,,2026-10-05 23:00:00,,,,no actual time,21,,,,20.4,0.30,15.8,4820.0,light rain
1157,2026-10-05,BOM,6E 102,6E,IndiGo,DEL,New Delhi,f,VT-NCE,Airbus A321 NEO,2,2026-10-05 21:15:00,2026-10-05 21:34:00,2026-10-05 23:35:00,,19,,on time,21,,,,29.5,0.00,24.5,13480.0,dry and calm
1158,2026-10-05,BOM,AI 413,AI,Air India,JAI,Jaipur,f,,Airbus A319,2,2026-10-05 21:15:00,2026-10-05 21:38:00,2026-10-05 23:10:00,,23,,on time,21,,,,29.5,0.00,24.5,13480.0,dry and calm
1159,2026-10-05,HYD,6E 216,6E,IndiGo,AMD,Ahmedabad,f,VT-ISV,Airbus A320 NEO,,2026-10-05 21:15:00,2026-10-05 21:22:00,2026-10-05 23:00:00,,7,,on time,21,,,,25.1,0.00,9.0,17180.0,dry and calm
1160,2026-10-05,HYD,6E 944,6E,IndiGo,CCU,Kolkata,f,VT-IAZ,Airbus A321 NEO,,2026-10-05 21:15:00,2026-10-05 22:14:00,2026-10-05 23:25:00,2026-10-05 23:49:00,59,24,late,21,,,,25.1,0.00,9.0,17180.0,dry and calm
1161,2026-10-05,BLR,IX 1367,IX,Air India Express,TRV,Trivandrum,f,VT-AXJ,Boeing 737-800,2,2026-10-05 21:20:00,,2026-10-05 22:45:00,2026-10-05 23:20:00,,35,no actual time,21,,,,20.4,0.30,15.8,4820.0,light rain
1162,2026-10-05,BLR,UL 172,UL,SriLankan,CMB,Colombo,t,4R-ABM,Airbus A320,2,2026-10-05 21:20:00,2026-10-05 22:36:00,2026-10-05 22:45:00,,76,,late,21,,,,20.4,0.30,15.8,4820.0,light rain
1163,2026-10-05,HYD,6E 1027,6E,IndiGo,SIN,Singapore,t,VT-IOF,Airbus A320 NEO,,2026-10-05 21:20:00,2026-10-05 21:49:00,2026-10-06 04:55:00,,29,,on time,21,,,,25.1,0.00,9.0,17180.0,dry and calm
1164,2026-10-05,HYD,EY 359,EY,Etihad,AUH,Abu Dhabi,t,A6-AEN,Airbus A321 NEO,,2026-10-05 21:20:00,2026-10-05 21:29:00,,,9,,on time,21,,,,25.1,0.00,9.0,17180.0,dry and calm
1165,2026-10-05,BLR,6E 6784,6E,IndiGo,HYD,Hyderabad,f,VT-IPF,Airbus A320 NEO,1,2026-10-05 21:25:00,2026-10-05 22:04:00,2026-10-05 22:40:00,2026-10-05 23:07:00,39,27,late,21,,,,20.4,0.30,15.8,4820.0,light rain
1166,2026-10-05,BOM,AI 2869,AI,Air India,HYD,Hyderabad,f,VT-RTW,Airbus A320 NEO,2,2026-10-05 21:25:00,2026-10-05 21:36:00,2026-10-05 23:05:00,2026-10-05 22:37:00,11,-28,on time,21,,,,29.5,0.00,24.5,13480.0,dry and calm
1167,2026-10-05,BLR,6E 6526,6E,IndiGo,GOX,Mopa,f,VT-IIM,Airbus A320 NEO,1,2026-10-05 21:30:00,2026-10-05 21:40:00,2026-10-05 22:45:00,,10,,on time,21,,,,20.4,0.30,15.8,4820.0,light rain
1168,2026-10-05,BLR,AI 2642,AI,Air India,BOM,Mumbai,f,VT-TQP,Airbus A320 NEO,2,2026-10-05 21:30:00,2026-10-05 22:15:00,2026-10-05 23:35:00,,45,,late,21,AI 2641,BOM,21,20.4,0.30,15.8,4820.0,light rain
1169,2026-10-05,BOM,6E 61,6E,IndiGo,JED,Jeddah,t,VT-IRZ,Airbus A320,2,2026-10-05 21:30:00,2026-10-05 21:42:00,,,12,,on time,21,,,,29.5,0.00,24.5,13480.0,dry and calm
1170,2026-10-05,BOM,6E 6188,6E,IndiGo,BLR,Bangalore,f,VT-NHD,Airbus A321 NEO,2,2026-10-05 21:30:00,2026-10-05 21:45:00,2026-10-05 23:25:00,2026-10-05 23:33:00,15,8,on time,21,6E 6283,BLR,,29.5,0.00,24.5,13480.0,dry and calm
1171,2026-10-05,BOM,AI 1895,AI,Air India,DEL,New Delhi,f,VT-SCV,Airbus A320 NEO,2,2026-10-05 21:30:00,2026-10-05 21:39:00,2026-10-05 23:22:00,,9,,on time,21,,,,29.5,0.00,24.5,13480.0,dry and calm
1172,2026-10-05,HYD,AI 2870,AI,Air India,DEL,New Delhi,f,VT-ATV,Airbus A320 NEO,,2026-10-05 21:30:00,2026-10-05 21:27:00,2026-10-05 23:24:00,,-3,,on time,21,,,,25.1,0.00,9.0,17180.0,dry and calm
1173,2026-10-05,BOM,AI 2919,AI,Air India,AMD,Ahmedabad,f,,Airbus A320 NEO,2,2026-10-05 21:35:00,2026-10-05 22:18:00,2026-10-05 22:55:00,,43,,late,21,,,,29.5,0.00,24.5,13480.0,dry and calm
1174,2026-10-05,HYD,6E 6505,6E,IndiGo,BLR,Bangalore,f,VT-IOT,Airbus A320 NEO,,2026-10-05 21:35:00,2026-10-05 21:55:00,2026-10-05 22:50:00,2026-10-05 23:01:00,20,11,on time,21,6E 855,BLR,-7,25.1,0.00,9.0,17180.0,dry and calm
1175,2026-10-05,BLR,6E 528,6E,IndiGo,PNQ,Pune,f,VT-ICN,Airbus A321 NEO,1,2026-10-05 21:40:00,2026-10-05 22:31:00,2026-10-05 23:10:00,2026-10-05 23:38:00,51,28,late,21,,,,20.4,0.30,15.8,4820.0,light rain
1176,2026-10-05,BLR,QP 1906,QP,Akasa Air,AMD,Ahmedabad,f,VT-YBR,Boeing 737 MAX 8,1,2026-10-05 21:40:00,,2026-10-05 23:50:00,,,,no actual time,21,,,,20.4,0.30,15.8,4820.0,light rain
1177,2026-10-05,HYD,6E 5381,6E,IndiGo,TRV,Trivandrum,f,VT-IPP,Airbus A320 NEO,,2026-10-05 21:40:00,2026-10-05 21:52:00,2026-10-05 23:35:00,2026-10-05 23:25:00,12,-10,on time,21,,,,25.1,0.00,9.0,17180.0,dry and calm
1178,2026-10-05,BLR,6E 977,6E,IndiGo,GOI,Vasco da Gama,f,VT-IMD,Airbus A321 NEO,1,2026-10-05 21:45:00,2026-10-05 22:58:00,,,73,,late,21,,,,20.4,0.30,15.8,4820.0,light rain
1179,2026-10-05,BLR,9I 517,9I,Alliance Air,HYD,Hyderabad,f,VT-RKC,ATR 72,2,2026-10-05 21:45:00,2026-10-05 23:11:00,2026-10-05 23:35:00,2026-10-06 00:23:00,86,48,late,21,9I 518,HYD,13,20.4,0.30,15.8,4820.0,light rain
1180,2026-10-05,BOM,GF 65,GF,Gulf Air,BAH,Manama,t,A9C-XF,Airbus A321 NEO,2,2026-10-05 21:45:00,2026-10-05 22:04:00,2026-10-05 23:10:00,,19,,on time,21,,,,29.5,0.00,24.5,13480.0,dry and calm
1181,2026-10-05,BOM,QP 1518,QP,Akasa Air,BLR,Bangalore,f,VT-YAE,Boeing 737,2,2026-10-05 21:45:00,2026-10-05 22:16:00,2026-10-05 23:35:00,,31,,late,21,,,,29.5,0.00,24.5,13480.0,dry and calm
1182,2026-10-05,BLR,6E 6562,6E,IndiGo,MAA,Chennai,f,VT-ILU,Airbus A321 NEO,1,2026-10-05 21:50:00,2026-10-05 22:48:00,2026-10-05 22:55:00,,58,,late,21,,,,20.4,0.30,15.8,4820.0,light rain
1183,2026-10-05,BLR,IX 2680,IX,Air India Express,PNQ,Pune,f,VT-RNT,Boeing 737 MAX 8,2,2026-10-05 21:50:00,2026-10-05 22:20:00,2026-10-05 23:30:00,2026-10-05 23:32:00,30,2,late,21,,,,20.4,0.30,15.8,4820.0,light rain
1184,2026-10-05,BOM,6E 1267,6E,IndiGo,MCT,Muscat,t,,Airbus A320,2,2026-10-05 21:50:00,2026-10-05 22:13:00,2026-10-05 22:55:00,,23,,on time,21,,,,29.5,0.00,24.5,13480.0,dry and calm
1185,2026-10-05,BOM,6E 5283,6E,IndiGo,AMD,Ahmedabad,f,VT-IQF,Airbus A320 NEO,1,2026-10-05 21:50:00,2026-10-05 22:07:00,2026-10-05 23:25:00,,17,,on time,21,,,,29.5,0.00,24.5,13480.0,dry and calm
1186,2026-10-05,HYD,6E 695,6E,IndiGo,COK,Kochi,f,VT-IMH,Airbus A321 NEO,,2026-10-05 21:50:00,2026-10-05 22:16:00,2026-10-05 23:25:00,,26,,on time,21,,,,25.1,0.00,9.0,17180.0,dry and calm
1187,2026-10-05,BOM,G9 402,G9,Air Arabia,SHJ,Sharjah,t,A6-ANE,Airbus A320,2,2026-10-05 21:55:00,2026-10-05 22:11:00,2026-10-05 23:25:00,2026-10-05 23:06:00,16,-19,on time,21,,,,29.5,0.00,24.5,13480.0,dry and calm
1188,2026-10-05,BLR,6E 6406,6E,IndiGo,DEL,New Delhi,f,VT-NOT,Airbus A321 NEO,1,2026-10-05 22:00:00,2026-10-05 22:46:00,2026-10-06 01:05:00,,46,,late,22,,,,20.3,0.10,12.6,7800.0,light rain
1189,2026-10-05,BLR,AI 2814,AI,Air India,DEL,New Delhi,f,VT-TQT,Airbus A320 NEO,2,2026-10-05 22:00:00,2026-10-05 22:32:00,2026-10-06 00:54:00,,32,,late,22,,,,20.3,0.10,12.6,7800.0,light rain
1190,2026-10-05,BOM,6E 81,6E,IndiGo,DMM,Ad Dammam,t,VT-IBK,Airbus A320,2,2026-10-05 22:00:00,2026-10-05 22:30:00,2026-10-05 23:20:00,,30,,late,22,,,,29.0,0.00,20.9,13460.0,dry and calm
1191,2026-10-05,HYD,EK 529,EK,Emirates,DXB,Dubai,t,A6-EGF,Boeing 777-300,,2026-10-05 22:00:00,2026-10-05 22:11:00,2026-10-06 00:10:00,2026-10-05 23:53:00,11,-17,on time,22,,,,24.8,0.00,7.9,17200.0,dry and calm
1192,2026-10-05,BOM,IX 235,IX,Air India Express,MCT,Muscat,t,,Boeing 737,2,2026-10-05 22:05:00,2026-10-05 22:56:00,2026-10-05 23:15:00,,51,,late,22,,,,29.0,0.00,20.9,13460.0,dry and calm
1193,2026-10-05,BOM,RX 698,RX,Riyadh Air,RUH,Riyadh,t,HZ-RXAE,Boeing 787-9,2,2026-10-05 22:05:00,2026-10-05 22:59:00,2026-10-05 23:50:00,,54,,late,22,,,,29.0,0.00,20.9,13460.0,dry and calm
1194,2026-10-05,HYD,6E 5203,6E,IndiGo,BOM,Mumbai,f,VT-NCV,Airbus A321 NEO,,2026-10-05 22:05:00,2026-10-05 22:40:00,2026-10-05 23:30:00,,35,,late,22,6E 5326,BOM,18,24.8,0.00,7.9,17200.0,dry and calm
1195,2026-10-05,BLR,IX 2787,IX,Air India Express,MAA,Chennai,f,VT-BWJ,Boeing 737 MAX 8,2,2026-10-05 22:10:00,2026-10-06 01:32:00,2026-10-05 23:20:00,,202,,late,22,,,,20.3,0.10,12.6,7800.0,light rain
1196,2026-10-05,BOM,6E 5106,6E,IndiGo,GOI,Vasco da Gama,f,VT-ILR,Airbus A321 NEO,1,2026-10-05 22:10:00,2026-10-05 22:48:00,2026-10-05 23:30:00,,38,,late,22,,,,29.0,0.00,20.9,13460.0,dry and calm
1197,2026-10-05,BLR,EY 239,EY,Etihad,AUH,Abu Dhabi,t,A6-AEP,Airbus A321 NEO,2,2026-10-05 22:15:00,2026-10-05 22:40:00,2026-10-06 00:35:00,,25,,on time,22,,,,20.3,0.10,12.6,7800.0,light rain
1198,2026-10-05,BLR,IX 1370,IX,Air India Express,CCU,Kolkata,f,VT-TYD,Airbus A320 NEO,2,2026-10-05 22:15:00,2026-10-05 22:28:00,2026-10-06 00:50:00,2026-10-06 00:29:00,13,-21,on time,22,,,,20.3,0.10,12.6,7800.0,light rain
1199,2026-10-05,BOM,6E 1341,6E,IndiGo,DOH,Doha,t,VT-IRV,Airbus A320,2,2026-10-05 22:15:00,2026-10-05 22:44:00,2026-10-05 23:10:00,2026-10-05 23:20:00,29,10,on time,22,,,,29.0,0.00,20.9,13460.0,dry and calm
1200,2026-10-05,BOM,6E 651,6E,IndiGo,DEL,New Delhi,f,VT-IWU,Airbus A321 NEO,2,2026-10-05 22:15:00,2026-10-05 22:38:00,2026-10-06 00:16:00,,23,,on time,22,,,,29.0,0.00,20.9,13460.0,dry and calm
1201,2026-10-05,HYD,6E 2257,6E,IndiGo,CCU,Kolkata,f,VT-IPX,Airbus A320 NEO,,2026-10-05 22:15:00,2026-10-05 22:27:00,2026-10-06 00:25:00,2026-10-06 00:04:00,12,-21,on time,22,,,,24.8,0.00,7.9,17200.0,dry and calm
1202,2026-10-05,BLR,6E 5094,6E,IndiGo,BOM,Mumbai,f,VT-NCR,Airbus A321 NEO,1,2026-10-05 22:20:00,2026-10-05 23:20:00,2026-10-06 00:05:00,,60,,late,22,6E 5032,BOM,13,20.3,0.10,12.6,7800.0,light rain
1203,2026-10-05,BLR,6E 952,6E,IndiGo,CCU,Kolkata,f,VT-IMI,Airbus A321 NEO,1,2026-10-05 22:20:00,2026-10-05 23:35:00,2026-10-06 01:00:00,2026-10-06 01:36:00,75,36,late,22,,,,20.3,0.10,12.6,7800.0,light rain
1204,2026-10-05,BLR,GF 281,GF,Gulf Air,BAH,Manama,t,A9C-XC,Airbus A321 NEO,2,2026-10-05 22:20:00,2026-10-05 22:42:00,,,22,,on time,22,,,,20.3,0.10,12.6,7800.0,light rain
1205,2026-10-05,BOM,6E 1501,6E,IndiGo,FJR,Fujairah,t,VT-IBI,Airbus A320,2,2026-10-05 22:20:00,2026-10-05 22:32:00,2026-10-05 23:35:00,,12,,on time,22,,,,29.0,0.00,20.9,13460.0,dry and calm
1206,2026-10-05,BOM,6E 5388,6E,IndiGo,BLR,Bangalore,f,VT-NOJ,Airbus A320,1,2026-10-05 22:20:00,2026-10-05 22:36:00,2026-10-06 00:20:00,2026-10-06 00:05:00,16,-15,on time,22,,,,29.0,0.00,20.9,13460.0,dry and calm
1207,2026-10-05,BOM,EK 509,EK,Emirates,DXB,Dubai,t,A6-ECH,Boeing 777-300,2,2026-10-05 22:25:00,2026-10-05 22:50:00,2026-10-05 23:55:00,2026-10-05 23:47:00,25,-8,on time,22,,,,29.0,0.00,20.9,13460.0,dry and calm
1208,2026-10-05,HYD,6E 6617,6E,IndiGo,MAA,Chennai,f,VT-IKS,Airbus A320,,2026-10-05 22:25:00,2026-10-05 22:37:00,2026-10-05 23:50:00,,12,,on time,22,,,,24.8,0.00,7.9,17200.0,dry and calm
1209,2026-10-05,BLR,AI 2488,AI,Air India,DEL,New Delhi,f,VT-RTT,Airbus A320 NEO,2,2026-10-05 22:30:00,2026-10-05 23:06:00,2026-10-06 01:34:00,,36,,late,22,,,,20.3,0.10,12.6,7800.0,light rain
1210,2026-10-05,BOM,AI 119,AI,Air India,FCO,Rome,t,VT-AEM,Boeing 777-300,2,2026-10-05 22:30:00,2026-10-05 23:08:00,2026-10-06 03:20:00,2026-10-06 03:19:00,38,-1,late,22,,,,29.0,0.00,20.9,13460.0,dry and calm
1211,2026-10-05,BOM,AI 2986,AI,Air India,DEL,New Delhi,f,,Airbus A320 NEO,2,2026-10-05 22:35:00,2026-10-05 22:40:00,2026-10-06 00:22:00,,5,,on time,22,,,,29.0,0.00,20.9,13460.0,dry and calm
1212,2026-10-05,BLR,6E 838,6E,IndiGo,JAI,Jaipur,f,VT-NHS,Airbus A321 NEO,1,2026-10-05 22:40:00,2026-10-05 23:02:00,,,22,,on time,22,,,,20.3,0.10,12.6,7800.0,light rain
1213,2026-10-05,BOM,6E 2093,6E,IndiGo,COK,Kochi,f,VT-ICG,Airbus A320,2,2026-10-05 22:45:00,2026-10-05 23:23:00,,,38,,late,22,,,,29.0,0.00,20.9,13460.0,dry and calm
1214,2026-10-05,BOM,6E 5328,6E,IndiGo,NAG,Naqpur,f,VT-IOM,Airbus A320,1,2026-10-05 22:45:00,2026-10-05 22:53:00,,,8,,on time,22,,,,29.0,0.00,20.9,13460.0,dry and calm
1215,2026-10-05,BOM,6E 59,6E,IndiGo,MED,Medina,t,VT-IQU,Airbus A320 NEO,2,2026-10-05 22:50:00,2026-10-05 23:17:00,2026-10-06 01:15:00,,27,,on time,22,,,,29.0,0.00,20.9,13460.0,dry and calm
1216,2026-10-05,BLR,QP 1134,QP,Akasa Air,BOM,Mumbai,f,VT-YAJ,Boeing 737 MAX 8,1,2026-10-05 22:55:00,,2026-10-06 00:45:00,,,,no actual time,22,QP 1133,BOM,,20.3,0.10,12.6,7800.0,light rain
1217,2026-10-05,BOM,AI 639,AI,Air India,MAA,Chennai,f,VT-TQD,Airbus A320 NEO,2,2026-10-05 22:55:00,2026-10-05 23:10:00,,,15,,on time,22,,,,29.0,0.00,20.9,13460.0,dry and calm
1218,2026-10-05,BOM,6E 6137,6E,IndiGo,MAA,Chennai,f,VT-IIR,Airbus A320 NEO,2,2026-10-05 23:00:00,2026-10-05 23:20:00,,,20,,on time,23,,,,28.8,0.00,16.6,13460.0,dry and calm
1219,2026-10-05,BOM,6E 6195,6E,IndiGo,HYD,Hyderabad,f,VT-NCL,Airbus A321 NEO,2,2026-10-05 23:00:00,2026-10-05 23:34:00,2026-10-06 00:35:00,2026-10-06 00:29:00,34,-6,late,23,,,,28.8,0.00,16.6,13460.0,dry and calm
1220,2026-10-05,BLR,6E 116,6E,IndiGo,PNQ,Pune,f,VT-IBQ,Airbus A321 NEO,1,2026-10-05 23:05:00,2026-10-05 23:37:00,2026-10-06 00:45:00,2026-10-06 00:39:00,32,-6,late,23,,,,21.2,0.00,4.0,5900.0,dry and calm
1221,2026-10-05,BLR,SQ 511,SQ,Singapore,SIN,Singapore,t,9V-SHO,Airbus A350-900,2,2026-10-05 23:05:00,2026-10-05 23:26:00,2026-10-06 06:10:00,,21,,on time,23,,,,21.2,0.00,4.0,5900.0,dry and calm
1222,2026-10-05,BOM,QP 584,QP,Akasa Air,AUH,Abu Dhabi,t,,,2,2026-10-05 23:05:00,2026-10-05 23:31:00,2026-10-06 00:50:00,,26,,on time,23,,,,28.8,0.00,16.6,13460.0,dry and calm
1223,2026-10-05,BOM,6E 5152,6E,IndiGo,AMD,Ahmedabad,f,VT-IXH,Airbus A320 NEO,1,2026-10-05 23:10:00,2026-10-05 23:23:00,,,13,,on time,23,,,,28.8,0.00,16.6,13460.0,dry and calm
1224,2026-10-05,BOM,EY 205,EY,Etihad,AUH,Abu Dhabi,t,A6-XWJ,Airbus A350-1000,2,2026-10-05 23:10:00,2026-10-05 23:27:00,2026-10-06 00:45:00,,17,,on time,23,,,,28.8,0.00,16.6,13460.0,dry and calm
1225,2026-10-05,BOM,VN 978,VN,Vietnam,SGN,Ho Chi Minh City,t,VN-A887,Airbus A350-900,2,2026-10-05 23:10:00,2026-10-05 23:12:00,,,2,,on time,23,,,,28.8,0.00,16.6,13460.0,dry and calm
1226,2026-10-05,BLR,IX 5313,IX,Air India Express,CCJ,Calicut,f,VT-BXZ,Boeing 737 MAX 8,2,2026-10-05 23:15:00,2026-10-05 23:41:00,,,26,,on time,23,,,,21.2,0.00,4.0,5900.0,dry and calm
1227,2026-10-05,HYD,SQ 523,SQ,Singapore,SIN,Singapore,t,9V-SHH,Airbus A350-900,,2026-10-05 23:15:00,2026-10-05 23:30:00,2026-10-06 06:40:00,2026-10-06 06:13:00,15,-27,on time,23,,,,24.1,0.00,5.4,17240.0,dry and calm
1228,2026-10-05,BLR,FD 138,FD,Thai AirAsia,DMK,Bangkok,t,HS-CBF,Airbus A321 (Sharklets),2,2026-10-05 23:20:00,2026-10-05 23:43:00,2026-10-06 04:40:00,2026-10-06 04:32:00,23,-8,on time,23,,,,21.2,0.00,4.0,5900.0,dry and calm
1229,2026-10-05,BOM,6E 5135,6E,IndiGo,JAI,Jaipur,f,VT-NHV,Airbus A320,1,2026-10-05 23:20:00,2026-10-05 23:37:00,,,17,,on time,23,,,,28.8,0.00,16.6,13460.0,dry and calm
1230,2026-10-05,BLR,AK 52,AK,AirAsia,KUL,Kuala Lumpur,t,9M-AJZ,Airbus A320,2,2026-10-05 23:25:00,2026-10-06 00:03:00,2026-10-06 06:40:00,,38,,late,23,,,,21.2,0.00,4.0,5900.0,dry and calm
1231,2026-10-05,BOM,AI 2105,AI,Air India,SIN,Singapore,t,VT-TVE,Airbus A321,2,2026-10-05 23:25:00,2026-10-06 00:05:00,2026-10-06 07:45:00,,40,,late,23,,,,28.8,0.00,16.6,13460.0,dry and calm
1232,2026-10-05,BOM,MH 195,MH,Malaysia,KUL,Kuala Lumpur,t,9M-MTN,Airbus A330-300,2,2026-10-05 23:25:00,2026-10-06 00:26:00,2026-10-06 07:45:00,,61,,late,23,,,,28.8,0.00,16.6,13460.0,dry and calm
1233,2026-10-05,BOM,OD 216,OD,Malindo Air,KUL,Kuala Lumpur,t,9M-LDG,Boeing 737-800,2,2026-10-05 23:25:00,2026-10-06 00:22:00,2026-10-06 07:00:00,,57,,late,23,,,,28.8,0.00,16.6,13460.0,dry and calm
1234,2026-10-05,BLR,6E 2313,6E,IndiGo,DEL,New Delhi,f,VT-NCD,Airbus A321 NEO,1,2026-10-05 23:30:00,2026-10-05 23:50:00,2026-10-06 02:20:00,,20,,on time,23,,,,21.2,0.00,4.0,5900.0,dry and calm
1235,2026-10-05,BOM,AI 2857,AI,Air India,BLR,Bangalore,f,VT-EXN,Airbus A320 NEO,2,2026-10-05 23:30:00,2026-10-05 23:42:00,2026-10-06 01:35:00,2026-10-06 01:00:00,12,-35,on time,23,AI 2876,HYD,,28.8,0.00,16.6,13460.0,dry and calm
1236,2026-10-05,HYD,6E 6363,6E,IndiGo,BOM,Mumbai,f,VT-NCU,Airbus A321 NEO,,2026-10-05 23:30:00,2026-10-05 23:36:00,2026-10-06 01:00:00,,6,,on time,23,6E 5056,BOM,-11,24.1,0.00,5.4,17240.0,dry and calm
1237,2026-10-05,HYD,AI 2776,AI,Air India,DEL,New Delhi,f,VT-CIH,Airbus A320 (Sharklets),,2026-10-05 23:30:00,2026-10-05 23:37:00,2026-10-06 01:24:00,,7,,on time,23,,,,24.1,0.00,5.4,17240.0,dry and calm
1238,2026-10-05,BLR,VJ 1802,VJ,VietJetAir,SGN,Ho Chi Minh City,t,VN-A580,Airbus A321 NEO,2,2026-10-05 23:35:00,2026-10-06 00:11:00,,,36,,late,23,,,,21.2,0.00,4.0,5900.0,dry and calm
1239,2026-10-05,BOM,SG 164,SG,SpiceJet,DEL,New Delhi,f,VT-SLA,Boeing 737-700,1,2026-10-05 23:35:00,2026-10-06 00:34:00,2026-10-06 02:22:00,,59,,late,23,,,,28.8,0.00,16.6,13460.0,dry and calm
1240,2026-10-05,BOM,TG 318,TG,Thai  International,BKK,Bangkok,t,HS-TJV,Airbus A320,2,2026-10-05 23:35:00,2026-10-05 23:50:00,2026-10-06 05:35:00,2026-10-06 05:04:00,15,-31,on time,23,,,,28.8,0.00,16.6,13460.0,dry and calm
1241,2026-10-05,BLR,AI 2811,AI,Air India,BOM,Mumbai,f,VT-TQS,Airbus A320 NEO,2,2026-10-05 23:40:00,2026-10-06 00:05:00,2026-10-06 01:45:00,,25,,on time,23,,,,21.2,0.00,4.0,5900.0,dry and calm
1242,2026-10-05,BOM,SQ 423,SQ,Singapore,SIN,Singapore,t,9V-SKQ,Airbus A380-800,2,2026-10-05 23:40:00,2026-10-06 00:08:00,2026-10-06 07:40:00,2026-10-06 07:34:00,28,-6,on time,23,,,,28.8,0.00,16.6,13460.0,dry and calm
1243,2026-10-05,BOM,6E 350,6E,IndiGo,DEL,New Delhi,f,,Airbus A320,2,2026-10-05 23:45:00,2026-10-06 00:11:00,2026-10-06 01:50:00,,26,,on time,23,,,,28.8,0.00,16.6,13460.0,dry and calm
1244,2026-10-05,HYD,6E 6025,6E,IndiGo,DEL,New Delhi,f,VT-IQQ,Airbus A320 NEO,,2026-10-05 23:50:00,2026-10-05 23:52:00,2026-10-06 01:41:00,,2,,on time,23,,,,24.1,0.00,5.4,17240.0,dry and calm
1245,2026-10-05,BLR,BZ 354,BZ,Blue Dart Aviation,BOM,Mumbai,f,VT-BDM,Boeing 757-200,,2026-10-05 23:52:00,2026-10-06 00:53:00,,,61,,late,23,,,,21.2,0.00,4.0,5900.0,dry and calm
1246,2026-10-05,BOM,AI 1882,AI,Air India,DEL,New Delhi,f,,Airbus A320 NEO,2,2026-10-05 23:55:00,2026-10-06 00:36:00,2026-10-06 02:26:00,,41,,late,23,,,,28.8,0.00,16.6,13460.0,dry and calm
1247,2026-10-05,HYD,6E 1495,6E,IndiGo,RKT,Ras Al Khaimah,t,VT-IQJ,Airbus A320 NEO,,2026-10-05 23:55:00,2026-10-06 00:06:00,2026-10-06 02:00:00,2026-10-06 01:56:00,11,-4,on time,23,,,,24.1,0.00,5.4,17240.0,dry and calm
1248,2026-10-05,HYD,AK 68,AK,AirAsia,KUL,Kuala Lumpur,t,9M-AGL,Airbus A320 (Sharklets),,2026-10-05 23:55:00,2026-10-06 00:13:00,2026-10-06 07:00:00,,18,,on time,23,,,,24.1,0.00,5.4,17240.0,dry and calm
1249,2026-10-06,HYD,6E 1273,6E,IndiGo,MCT,Muscat,t,VT-ICC,Airbus A321 NEO,,2026-10-06 00:05:00,2026-10-06 00:25:00,2026-10-06 01:50:00,,20,,on time,0,,,,22.9,0.00,9.0,17280.0,dry and calm
1250,2026-10-06,BLR,AI 2758,AI,Air India,DEL,New Delhi,f,VT-TNS,Airbus A320 NEO,2,2026-10-06 00:15:00,2026-10-06 00:28:00,2026-10-06 02:52:00,,13,,on time,0,,,,21.1,0.20,5.8,5560.0,light rain
1251,2026-10-06,BOM,6E 91,6E,IndiGo,JED,Jeddah,t,VT-ILF,Airbus A320,2,2026-10-06 00:25:00,2026-10-06 00:43:00,2026-10-06 03:10:00,,18,,on time,0,,,,28.2,0.00,16.2,13440.0,dry and calm
1252,2026-10-06,HYD,MH 199,MH,Malaysia,KUL,Kuala Lumpur,t,9M-MXV,Boeing 737-800,,2026-10-06 00:25:00,2026-10-06 00:47:00,2026-10-06 07:20:00,,22,,on time,0,,,,22.9,0.00,9.0,17280.0,dry and calm
1253,2026-10-06,HYD,BZ 154,BZ,Blue Dart Aviation,HYD,Hyderabad,f,VT-BDA,Boeing 757-200,,2026-10-06 00:28:00,2026-10-06 00:28:00,,,0,,on time,0,,,,22.9,0.00,9.0,17280.0,dry and calm
1254,2026-10-06,BOM,6E 6187,6E,IndiGo,HYD,Hyderabad,f,VT-ISW,Airbus A320,2,2026-10-06 00:30:00,2026-10-06 00:42:00,2026-10-06 02:10:00,2026-10-06 01:41:00,12,-29,on time,0,,,,28.2,0.00,16.2,13440.0,dry and calm
1255,2026-10-06,BOM,QP 1135,QP,Akasa Air,CCU,Kolkata,f,,Boeing 737,2,2026-10-06 00:35:00,2026-10-06 00:47:00,2026-10-06 03:20:00,,12,,on time,0,,,,28.2,0.00,16.2,13440.0,dry and calm
1256,2026-10-06,BLR,MH 193,MH,Malaysia,KUL,Kuala Lumpur,t,9M-MXM,Boeing 737-800,2,2026-10-06 00:40:00,,2026-10-06 08:05:00,2026-10-06 08:01:00,,-4,no actual time,0,,,,21.1,0.20,5.8,5560.0,light rain
1257,2026-10-06,BOM,LX 155,LX,SWISS,ZRH,Zurich,t,HB-JHB,Airbus A330,2,2026-10-06 00:40:00,2026-10-06 00:56:00,2026-10-06 06:20:00,2026-10-06 06:22:00,16,2,on time,0,,,,28.2,0.00,16.2,13440.0,dry and calm
1258,2026-10-06,BOM,QP 1516,QP,Akasa Air,BLR,Bangalore,f,,Boeing 737,2,2026-10-06 00:40:00,2026-10-06 00:52:00,2026-10-06 02:35:00,,12,,on time,0,,,,28.2,0.00,16.2,13440.0,dry and calm
1259,2026-10-06,BOM,VJ 910,VJ,VietJetAir,HAN,Hanoi,t,VN-A551,Airbus A321,2,2026-10-06 00:40:00,2026-10-06 00:49:00,2026-10-06 07:10:00,,9,,on time,0,,,,28.2,0.00,16.2,13440.0,dry and calm
1260,2026-10-06,BLR,BZ 304,BZ,Blue Dart Aviation,DEL,New Delhi,f,VT-BDC,Boeing 737-800,,2026-10-06 00:41:00,2026-10-06 00:41:00,,,0,,on time,0,,,,21.1,0.20,5.8,5560.0,light rain
1261,2026-10-06,BOM,6E 1049,6E,IndiGo,BKK,Bangkok,t,VT-IWQ,Airbus A320,2,2026-10-06 00:45:00,2026-10-06 01:02:00,2026-10-06 06:55:00,2026-10-06 06:28:00,17,-27,on time,0,,,,28.2,0.00,16.2,13440.0,dry and calm
1262,2026-10-06,BLR,6E 1605,6E,IndiGo,DPS,Denpasar-Bali Island,t,VT-IOT,Airbus A320 NEO,2,2026-10-06 00:50:00,2026-10-06 01:14:00,2026-10-06 10:20:00,,24,,on time,0,6E 6505,HYD,11,21.1,0.20,5.8,5560.0,light rain
1263,2026-10-06,BLR,TG 326,TG,Thai  International,BKK,Bangkok,t,HS-THS,Airbus A350,2,2026-10-06 00:55:00,2026-10-06 01:43:00,2026-10-06 06:20:00,2026-10-06 06:20:00,48,0,late,0,,,,21.1,0.20,5.8,5560.0,light rain
1264,2026-10-06,BOM,VZ 761,VZ,Thai Vietjet Air,BKK,Bangkok,t,HS-VZE,Boeing 737,2,2026-10-06 00:55:00,2026-10-06 01:39:00,2026-10-06 06:50:00,2026-10-06 07:02:00,44,12,late,0,,,,28.2,0.00,16.2,13440.0,dry and calm
1265,2026-10-06,BLR,6E 5293,6E,IndiGo,BOM,Mumbai,f,VT-NHD,Airbus A321 NEO,1,2026-10-06 01:00:00,2026-10-06 01:07:00,2026-10-06 02:50:00,,7,,on time,1,6E 6188,BOM,8,21.0,0.10,8.6,5380.0,light rain
1266,2026-10-06,BLR,6E 839,6E,IndiGo,DEL,New Delhi,f,VT-NOJ,Airbus A321 NEO,1,2026-10-06 01:00:00,2026-10-06 01:12:00,2026-10-06 03:26:00,,12,,on time,1,6E 5388,BOM,-15,21.0,0.10,8.6,5380.0,light rain
1267,2026-10-06,BLR,KL 880,KL,KLM,AMS,Amsterdam,t,PH-BKH,Boeing 787-10,2,2026-10-06 01:00:00,2026-10-06 01:28:00,2026-10-06 07:55:00,2026-10-06 07:45:00,28,-10,on time,1,,,,21.0,0.10,8.6,5380.0,light rain
1268,2026-10-06,BOM,AI 2422,AI,Air India,DEL,New Delhi,f,,Airbus A320 NEO,2,2026-10-06 01:00:00,2026-10-06 01:08:00,2026-10-06 02:48:00,,8,,on time,1,,,,27.9,0.00,15.8,13440.0,dry and calm
1269,2026-10-06,BLR,6E 6563,6E,IndiGo,PNQ,Pune,f,VT-IRW,Airbus A321 NEO,1,2026-10-06 01:05:00,2026-10-06 01:36:00,2026-10-06 02:35:00,2026-10-06 02:41:00,31,6,late,1,,,,21.0,0.10,8.6,5380.0,light rain
1270,2026-10-06,BLR,IX 931,IX,Air India Express,DOH,Doha,t,VT-ATH,Airbus A320 NEO,2,2026-10-06 01:05:00,2026-10-06 01:26:00,2026-10-06 02:55:00,2026-10-06 02:53:00,21,-2,on time,1,,,,21.0,0.10,8.6,5380.0,light rain
1271,2026-10-06,BOM,6E 1413,6E,IndiGo,AUH,Abu Dhabi,t,,Airbus A320 NEO,2,2026-10-06 01:05:00,2026-10-06 01:43:00,2026-10-06 02:45:00,,38,,late,1,,,,27.9,0.00,15.8,13440.0,dry and calm
1272,2026-10-06,BLR,6E 6779,6E,IndiGo,AMD,Ahmedabad,f,VT-IPY,Airbus A320 NEO,1,2026-10-06 01:10:00,2026-10-06 01:37:00,2026-10-06 03:20:00,,27,,on time,1,,,,21.0,0.10,8.6,5380.0,light rain
1273,2026-10-06,BOM,6E 5323,6E,IndiGo,BLR,Bangalore,f,VT-NOU,Airbus A320,1,2026-10-06 01:10:00,2026-10-06 01:15:00,2026-10-06 03:05:00,2026-10-06 02:31:00,5,-34,on time,1,6E 5376,BLR,,27.9,0.00,15.8,13440.0,dry and calm
1274,2026-10-06,HYD,6E 337,6E,IndiGo,PNQ,Pune,f,VT-ICV,Airbus A321 NEO,,2026-10-06 01:10:00,2026-10-06 01:13:00,2026-10-06 02:20:00,2026-10-06 02:05:00,3,-15,on time,1,,,,22.0,0.00,10.1,15180.0,dry and calm
1275,2026-10-06,HYD,TG 330,TG,Thai  International,BKK,Bangkok,t,HS-TXH,Airbus A320 (Sharklets),,2026-10-06 01:10:00,2026-10-06 01:14:00,2026-10-06 06:15:00,,4,,on time,1,,,,22.0,0.00,10.1,15180.0,dry and calm
1276,2026-10-06,HYD,BZ 684,BZ,Blue Dart Aviation,DEL,New Delhi,f,VT-BDO,Boeing 757-200,,2026-10-06 01:11:00,2026-10-06 01:11:00,,,0,,on time,1,,,,22.0,0.00,10.1,15180.0,dry and calm
1277,2026-10-06,BLR,CX 624,CX,Cathay Pacific,HKG,Hong Kong,t,B-LAJ,Airbus A330-300,2,2026-10-06 01:15:00,2026-10-06 02:33:00,2026-10-06 09:50:00,2026-10-06 10:04:00,78,14,late,1,,,,21.0,0.10,8.6,5380.0,light rain
1278,2026-10-06,BLR,IX 5976,IX,Air India Express,DEL,New Delhi,f,VT-RTG,Airbus A320 NEO,2,2026-10-06 01:15:00,2026-10-06 01:39:00,2026-10-06 04:03:00,,24,,on time,1,,,,21.0,0.10,8.6,5380.0,light rain
1279,2026-10-06,BOM,6E 1339,6E,IndiGo,SIN,Singapore,t,VT-NHL,Airbus A320,2,2026-10-06 01:20:00,2026-10-06 01:39:00,2026-10-06 09:45:00,,19,,on time,1,,,,27.9,0.00,15.8,13440.0,dry and calm
1280,2026-10-06,BOM,AF 217,AF,Air France,CDG,Paris,t,F-GSPO,Boeing 777-200,2,2026-10-06 01:20:00,2026-10-06 01:55:00,2026-10-06 07:35:00,2026-10-06 07:51:00,35,16,late,1,,,,27.9,0.00,15.8,13440.0,dry and calm
1281,2026-10-06,BLR,AF 191,AF,Air France,CDG,Paris,t,F-HTYN,Airbus A350-900,2,2026-10-06 01:25:00,2026-10-06 02:08:00,2026-10-06 08:15:00,2026-10-06 08:46:00,43,31,late,1,,,,21.0,0.10,8.6,5380.0,light rain
1282,2026-10-06,BOM,6E 911,6E,IndiGo,AMD,Ahmedabad,f,VT-ICX,Airbus A320,2,2026-10-06 01:30:00,2026-10-06 01:41:00,2026-10-06 02:50:00,,11,,on time,1,,,,27.9,0.00,15.8,13440.0,dry and calm
1283,2026-10-06,BLR,6E 77,6E,IndiGo,JED,Jeddah,t,VT-NOI,Airbus A321 NEO,2,2026-10-06 01:35:00,2026-10-06 01:45:00,2026-10-06 04:50:00,,10,,on time,1,,,,21.0,0.10,8.6,5380.0,light rain
1284,2026-10-06,BLR,6E 1213,6E,IndiGo,BKK,Bangkok,t,VT-NCK,Airbus A321 NEO,2,2026-10-06 01:40:00,2026-10-06 01:59:00,2026-10-06 07:00:00,2026-10-06 06:40:00,19,-20,on time,1,,,,21.0,0.10,8.6,5380.0,light rain
1285,2026-10-06,BOM,BA 138,BA,British,LHR,London,t,G-YMMS,Boeing 777-200,2,2026-10-06 01:40:00,2026-10-06 01:52:00,2026-10-06 07:00:00,2026-10-06 07:12:00,12,12,on time,1,,,,27.9,0.00,15.8,13440.0,dry and calm
1286,2026-10-06,BOM,CX 660,CX,Cathay Pacific,HKG,Hong Kong,t,B-KQY,Boeing 777-300ER,2,2026-10-06 01:40:00,2026-10-06 02:47:00,2026-10-06 10:10:00,2026-10-06 10:14:00,67,4,late,1,,,,27.9,0.00,15.8,13440.0,dry and calm
1287,2026-10-06,BOM,LH 767,LH,Lufthansa,MUC,Munich,t,D-AIMH,Airbus A380-800,2,2026-10-06 01:45:00,2026-10-06 05:19:00,2026-10-06 06:45:00,2026-10-06 10:16:00,214,211,late,1,,,,27.9,0.00,15.8,13440.0,dry and calm
1288,2026-10-06,BOM,SG 2803,SG,SpiceJet,DEL,New Delhi,f,VT-SQA,Bombardier Dash 8 Q400 / DHC-8-400,1,2026-10-06 01:50:00,2026-10-06 04:07:00,2026-10-06 06:23:00,,137,,late,1,,,,27.9,0.00,15.8,13440.0,dry and calm
1289,2026-10-06,BOM,6E 1853,6E,IndiGo,NBO,Nairobi,t,VT-IXP,Airbus A320 NEO,2,2026-10-06 01:55:00,2026-10-06 02:06:00,2026-10-06 05:40:00,2026-10-06 05:16:00,11,-24,on time,1,,,,27.9,0.00,15.8,13440.0,dry and calm
1290,2026-10-06,BOM,AI 2241,AI,Air India,MRU,Port Louis,t,VT-TVJ,Airbus A321,2,2026-10-06 02:00:00,2026-10-06 02:21:00,2026-10-06 06:30:00,,21,,on time,2,,,,27.7,0.00,15.8,13420.0,dry and calm
1291,2026-10-06,BOM,KL 878,KL,KLM,AMS,Amsterdam,t,PH-BQK,Boeing 777,2,2026-10-06 02:00:00,2026-10-06 02:45:00,2026-10-06 07:50:00,2026-10-06 08:12:00,45,22,late,2,,,,27.7,0.00,15.8,13420.0,dry and calm
1292,2026-10-06,BLR,LH 765,LH,Lufthansa,MUC,Munich,t,D-AIXN,Airbus A350,2,2026-10-06 02:10:00,2026-10-06 02:37:00,2026-10-06 07:55:00,2026-10-06 08:22:00,27,27,on time,2,,,,20.9,0.10,5.8,6100.0,light rain
1293,2026-10-06,BOM,DD 939,DD,Nok Air,DMK,Bangkok,t,,,2,2026-10-06 02:10:00,,,,,,no actual time,2,,,,27.7,0.00,15.8,13420.0,dry and calm
1294,2026-10-06,HYD,6E 706,6E,IndiGo,DEL,New Delhi,f,VT-NHT,Airbus A321 NEO,,2026-10-06 02:15:00,2026-10-06 02:10:00,2026-10-06 03:58:00,,-5,,on time,2,,,,21.3,0.00,10.1,15200.0,dry and calm
1295,2026-10-06,HYD,ET 683,ET,Ethiopian,ADD,Addis Ababa,t,ET-AWF,Boeing 737-800,,2026-10-06 02:15:00,,2026-10-06 05:45:00,,,,no actual time,2,,,,21.3,0.00,10.1,15200.0,dry and calm
1296,2026-10-06,BLR,AI 2858,AI,Air India,BOM,Mumbai,f,VT-TNJ,Airbus A320 NEO,2,2026-10-06 02:20:00,2026-10-06 02:42:00,2026-10-06 04:10:00,,22,,on time,2,,,,20.9,0.10,5.8,6100.0,light rain
1297,2026-10-06,HYD,SV 753,SV,Saudi Arabian,JED,Jeddah,t,HZ-AQB,Airbus A330-300,,2026-10-06 02:25:00,2026-10-06 02:42:00,2026-10-06 05:35:00,,17,,on time,2,,,,21.3,0.00,10.1,15200.0,dry and calm
1298,2026-10-06,BOM,J9 402,J9,Jazeera,KWI,Kuwait City,t,9K-CBK,Airbus A320,2,2026-10-06 02:30:00,2026-10-06 02:31:00,2026-10-06 04:10:00,,1,,on time,2,,,,27.7,0.00,15.8,13420.0,dry and calm
1299,2026-10-06,BOM,SV 773,SV,Saudi Arabian,JED,Jeddah,t,,Airbus A330-300,2,2026-10-06 02:30:00,2026-10-06 02:53:00,2026-10-06 04:50:00,,23,,on time,2,,,,27.7,0.00,15.8,13420.0,dry and calm
1300,2026-10-06,BLR,6E 6876,6E,IndiGo,PNQ,Pune,f,VT-IMB,Airbus A321 NEO,1,2026-10-06 02:40:00,2026-10-06 02:47:00,2026-10-06 04:05:00,2026-10-06 03:56:00,7,-9,on time,2,,,,20.9,0.10,5.8,6100.0,light rain
1301,2026-10-06,BOM,KQ 203,KQ,Kenya,NBO,Nairobi,t,5Y-CYB,Boeing 737-800,2,2026-10-06 02:40:00,2026-10-06 02:50:00,2026-10-06 06:25:00,,10,,on time,2,,,,27.7,0.00,15.8,13420.0,dry and calm
1302,2026-10-06,BOM,LH 757,LH,Lufthansa,FRA,Frankfurt-am-Main,t,D-ABPH,Boeing 787-9,2,2026-10-06 02:40:00,2026-10-06 05:22:00,2026-10-06 08:05:00,2026-10-06 10:27:00,162,142,late,2,,,,27.7,0.00,15.8,13420.0,dry and calm
1303,2026-10-06,BOM,TG 352,TG,Thai  International,BKK,Bangkok,t,HS-TOJ,Airbus A321 NEO,2,2026-10-06 02:40:00,2026-10-06 02:38:00,2026-10-06 08:40:00,2026-10-06 07:53:00,-2,-47,on time,2,,,,27.7,0.00,15.8,13420.0,dry and calm
1304,2026-10-06,HYD,CX 672,CX,Cathay Pacific,HKG,Hong Kong,t,B-LBB,Airbus A330-300,,2026-10-06 02:40:00,2026-10-06 03:16:00,2026-10-06 10:55:00,2026-10-06 10:18:00,36,-37,late,2,,,,21.3,0.00,10.1,15200.0,dry and calm
1305,2026-10-06,BOM,6E 5179,6E,IndiGo,HYD,Hyderabad,f,VT-NCV,Airbus A320,1,2026-10-06 02:45:00,2026-10-06 02:48:00,2026-10-06 04:20:00,2026-10-06 03:47:00,3,-33,on time,2,6E 5203,HYD,,27.7,0.00,15.8,13420.0,dry and calm
1306,2026-10-06,BOM,KU 302,KU,Kuwait,KWI,Kuwait City,t,9K-APK,Airbus A330,2,2026-10-06 02:45:00,2026-10-06 02:51:00,2026-10-06 04:25:00,,6,,on time,2,,,,27.7,0.00,15.8,13420.0,dry and calm
1307,2026-10-06,BLR,BA 130,BA,British,LHR,London,t,G-ZBKJ,Boeing 787-9,2,2026-10-06 02:50:00,2026-10-06 03:21:00,2026-10-06 09:10:00,2026-10-06 09:08:00,31,-2,late,2,,,,20.9,0.10,5.8,6100.0,light rain
1308,2026-10-06,BLR,JL 754,JL,Japan Airlines,NRT,Tokyo,t,JA845J,Boeing 787-8,2,2026-10-06 02:55:00,2026-10-06 03:15:00,2026-10-06 14:35:00,2026-10-06 14:12:00,20,-23,on time,2,,,,20.9,0.10,5.8,6100.0,light rain
1309,2026-10-06,BLR,6E 804,6E,IndiGo,DEL,New Delhi,f,VT-NHO,Airbus A321 NEO,1,2026-10-06 03:00:00,2026-10-06 03:23:00,2026-10-06 05:40:00,,23,,on time,3,,,,20.8,0.10,5.4,6680.0,light rain
1310,2026-10-06,BLR,LH 755,LH,Lufthansa,FRA,Frankfurt-am-Main,t,D-ABVZ,Boeing 747,2,2026-10-06 03:00:00,2026-10-06 03:27:00,2026-10-06 09:05:00,2026-10-06 09:22:00,27,17,on time,3,,,,20.8,0.10,5.4,6680.0,light rain
1311,2026-10-06,BOM,6E 6045,6E,IndiGo,DEL,New Delhi,f,VT-NCZ,Airbus A320,2,2026-10-06 03:00:00,2026-10-06 03:06:00,2026-10-06 04:50:00,,6,,on time,3,,,,27.7,0.00,16.6,13420.0,dry and calm
1312,2026-10-06,BOM,MS 969,MS,EgyptAir,CAI,Cairo,t,SU-GFN,Airbus A320 NEO,2,2026-10-06 03:00:00,2026-10-06 03:02:00,2026-10-06 06:30:00,,2,,on time,3,,,,27.7,0.00,16.6,13420.0,dry and calm
1313,2026-10-06,HYD,6E 5143,6E,IndiGo,BOM,Mumbai,f,VT-IXK,Airbus A320 NEO,,2026-10-06 03:00:00,2026-10-06 03:06:00,2026-10-06 04:35:00,,6,,on time,3,,,,20.9,0.00,9.0,13800.0,dry and calm
1314,2026-10-06,HYD,FZ 436,FZ,flydubai,DXB,Dubai,t,A6-FEU,Boeing 737-800,,2026-10-06 03:05:00,2026-10-06 04:53:00,2026-10-06 05:25:00,2026-10-06 06:55:00,108,90,late,3,,,,20.9,0.00,9.0,13800.0,dry and calm
1315,2026-10-06,BOM,UL 142,UL,SriLankan,CMB,Colombo,t,4R-MRE,Airbus A320,2,2026-10-06 03:10:00,2026-10-06 04:00:00,2026-10-06 05:40:00,,50,,late,3,,,,27.7,0.00,16.6,13420.0,dry and calm
1316,2026-10-06,HYD,LH 753,LH,Lufthansa,FRA,Frankfurt-am-Main,t,D-ABQB,Boeing 787-9,,2026-10-06 03:10:00,2026-10-06 03:33:00,2026-10-06 09:05:00,2026-10-06 09:00:00,23,-5,on time,3,,,,20.9,0.00,9.0,13800.0,dry and calm
1317,2026-10-06,BLR,SV 815,SV,Saudi Arabian,JED,Jeddah,t,HZ-AQJ,Airbus A330,2,2026-10-06 03:30:00,2026-10-06 03:52:00,2026-10-06 06:40:00,,22,,on time,3,,,,20.8,0.10,5.4,6680.0,light rain
1318,2026-10-06,HYD,QR 501,QR,Qatar,DOH,Doha,t,A7-ALU,Airbus A350,,2026-10-06 03:30:00,,2026-10-06 05:25:00,2026-10-06 04:54:00,,-31,no actual time,3,,,,20.9,0.00,9.0,13800.0,dry and calm
1319,2026-10-06,HYD,C6 552,C6,Centrum Air,TAS,Tashkent,t,UK32077,Airbus A320,,2026-10-06 03:35:00,2026-10-06 03:22:00,2026-10-06 07:45:00,,-13,,on time,3,,,,20.9,0.00,9.0,13800.0,dry and calm
1320,2026-10-06,BLR,6E 5205,6E,IndiGo,BOM,Mumbai,f,VT-NOH,Airbus A321 NEO,1,2026-10-06 03:45:00,2026-10-06 04:00:00,2026-10-06 05:30:00,,15,,on time,3,,,,20.8,0.10,5.4,6680.0,light rain
1321,2026-10-06,HYD,6E 1448,6E,IndiGo,AUH,Abu Dhabi,t,VT-IPG,Airbus A320 NEO,,2026-10-06 03:45:00,2026-10-06 03:46:00,2026-10-06 05:55:00,,1,,on time,3,,,,20.9,0.00,9.0,13800.0,dry and calm
1322,2026-10-06,BLR,KU 354,KU,Kuwait,KWI,Kuwait City,t,9K-AKT,Airbus A320 NEO,2,2026-10-06 03:50:00,2026-10-06 04:03:00,2026-10-06 06:30:00,,13,,on time,3,,,,20.8,0.10,5.4,6680.0,light rain
1323,2026-10-06,BLR,QP 1811,QP,Akasa Air,DEL,New Delhi,f,,Boeing 737,1,2026-10-06 03:55:00,,2026-10-06 06:46:00,,,,no actual time,3,,,,20.8,0.10,5.4,6680.0,light rain
1324,2026-10-06,BOM,6E 1071,6E,IndiGo,HKT,Phuket,t,VT-NHC,Airbus A320,2,2026-10-06 03:55:00,2026-10-06 04:37:00,2026-10-06 10:05:00,,42,,late,3,,,,27.7,0.00,16.6,13420.0,dry and calm
1325,2026-10-06,BOM,XY 322,XY,flynas,RUH,Riyadh,t,HZ-NS32,Airbus A320 NEO,2,2026-10-06 03:55:00,2026-10-06 04:39:00,,,44,,late,3,,,,27.7,0.00,16.6,13420.0,dry and calm
1326,2026-10-06,HYD,KU 374,KU,Kuwait,KWI,Kuwait City,t,9K-AKN,Airbus A320 NEO,,2026-10-06 03:55:00,2026-10-06 03:50:00,2026-10-06 06:30:00,,-5,,on time,3,,,,20.9,0.00,9.0,13800.0,dry and calm
1327,2026-10-06,BLR,IX 2873,IX,Air India Express,PNQ,Pune,f,VT-BWQ,Boeing 737-800,2,2026-10-06 04:00:00,2026-10-06 04:17:00,2026-10-06 05:35:00,2026-10-06 05:19:00,17,-16,on time,4,,,,20.7,0.10,4.0,9680.0,light rain
1328,2026-10-06,BLR,QR 573,QR,Qatar,DOH,Doha,t,,Airbus A350-1000,2,2026-10-06 04:00:00,,2026-10-06 05:50:00,2026-10-06 05:35:00,,-15,no actual time,4,,,,20.7,0.10,4.0,9680.0,light rain
1329,2026-10-06,BOM,6E 632,6E,IndiGo,AMD,Ahmedabad,f,VT-IOH,Airbus A320 NEO,2,2026-10-06 04:00:00,2026-10-06 04:02:00,2026-10-06 05:20:00,,2,,on time,4,,,,27.4,0.00,16.6,13400.0,dry and calm
1330,2026-10-06,BOM,6E 136,6E,IndiGo,MAA,Chennai,f,VT-NOE,Airbus A320,2,2026-10-06 04:05:00,2026-10-06 04:14:00,2026-10-06 06:05:00,,9,,on time,4,,,,27.4,0.00,16.6,13400.0,dry and calm
1331,2026-10-06,BOM,ET 611,ET,Ethiopian,ADD,Addis Ababa,t,,Boeing 777-200LR,2,2026-10-06 04:05:00,2026-10-06 04:27:00,2026-10-06 06:35:00,,22,,on time,4,,,,27.4,0.00,16.6,13400.0,dry and calm
1332,2026-10-06,BOM,J2 60,J2,AZAL Azerbaijan,GYD,Baku,t,VP-BCK,Airbus A320 NEO,2,2026-10-06 04:10:00,2026-10-06 04:22:00,2026-10-06 08:00:00,,12,,on time,4,,,,27.4,0.00,16.6,13400.0,dry and calm
1333,2026-10-06,BOM,QR 557,QR,Qatar,DOH,Doha,t,,Airbus A350-1000,2,2026-10-06 04:10:00,2026-10-06 04:43:00,2026-10-06 05:15:00,2026-10-06 05:12:00,33,-3,late,4,,,,27.4,0.00,16.6,13400.0,dry and calm
1334,2026-10-06,BLR,6E 1861,6E,IndiGo,MRU,Port Louis,t,VT-NOA,Airbus A321 NEO,2,2026-10-06 04:15:00,2026-10-06 04:20:00,2026-10-06 08:30:00,,5,,on time,4,,,,20.7,0.10,4.0,9680.0,light rain
1335,2026-10-06,BOM,AI 4249,AI,Air India,DMM,Ad Dammam,t,VT-CIP,Airbus A320,2,2026-10-06 04:15:00,2026-10-06 04:25:00,2026-10-06 06:10:00,,10,,on time,4,AI 2610,BLR,,27.4,0.00,16.6,13400.0,dry and calm
1336,2026-10-06,BLR,QO 378,QO,Quikjet,DEL,New Delhi,f,VT-BAZ,Boeing 737-800,,2026-10-06 04:19:00,2026-10-06 04:19:00,,,0,,on time,4,,,,20.7,0.10,4.0,9680.0,light rain
1337,2026-10-06,BOM,AI 2213,AI,Air India,RUH,Riyadh,t,VT-TQJ,Airbus A320 NEO,2,2026-10-06 04:20:00,2026-10-06 04:30:00,2026-10-06 06:15:00,,10,,on time,4,,,,27.4,0.00,16.6,13400.0,dry and calm
1338,2026-10-06,BOM,QP 561,QP,Akasa Air,JED,Jeddah,t,,Boeing 737,2,2026-10-06 04:20:00,2026-10-06 04:53:00,2026-10-06 07:45:00,,33,,late,4,,,,27.4,0.00,16.6,13400.0,dry and calm
1339,2026-10-06,HYD,G9 468,G9,Air Arabia,SHJ,Sharjah,t,A6-AQU,Airbus A320,,2026-10-06 04:20:00,2026-10-06 06:25:00,2026-10-06 06:30:00,2026-10-06 08:17:00,125,107,late,4,,,,20.8,0.00,7.9,13760.0,dry and calm
1340,2026-10-06,BLR,G9 497,G9,Air Arabia,SHJ,Sharjah,t,A6-AQM,Airbus A320,,2026-10-06 04:25:00,2026-10-06 05:23:00,2026-10-06 06:40:00,2026-10-06 07:28:00,58,48,late,4,,,,20.7,0.10,4.0,9680.0,light rain
1341,2026-10-06,BOM,6E 1303,6E,IndiGo,DOH,Doha,t,VT-ILP,Airbus A320,2,2026-10-06 04:25:00,2026-10-06 05:09:00,2026-10-06 05:30:00,2026-10-06 05:44:00,44,14,late,4,,,,27.4,0.00,16.6,13400.0,dry and calm
1342,2026-10-06,BOM,EK 501,EK,Emirates,DXB,Dubai,t,A6-EOT,Airbus A380-800,2,2026-10-06 04:25:00,2026-10-06 05:29:00,2026-10-06 06:00:00,2026-10-06 06:39:00,64,39,late,4,,,,27.4,0.00,16.6,13400.0,dry and calm
1343,2026-10-06,BOM,VS 359,VS,Virgin Atlantic,LHR,London,t,G-VNEW,Boeing 787-9,2,2026-10-06 04:25:00,2026-10-06 04:46:00,2026-10-06 10:00:00,2026-10-06 09:48:00,21,-12,on time,4,,,,27.4,0.00,16.6,13400.0,dry and calm
1344,2026-10-06,BLR,6E 408,6E,IndiGo,PNQ,Pune,f,VT-NHQ,Airbus A321 NEO,1,2026-10-06 04:30:00,2026-10-06 04:46:00,2026-10-06 06:00:00,2026-10-06 05:52:00,16,-8,on time,4,,,,20.7,0.10,4.0,9680.0,light rain
1345,2026-10-06,BOM,6E 5294,6E,IndiGo,BLR,Bangalore,f,VT-NHG,Airbus A320,1,2026-10-06 04:30:00,,2026-10-06 06:25:00,2026-10-06 05:43:00,,-42,no actual time,4,,,,27.4,0.00,16.6,13400.0,dry and calm
1346,2026-10-06,BOM,6E 643,6E,IndiGo,LKO,Lucknow,f,VT-IAS,Airbus A320 NEO,2,2026-10-06 04:30:00,2026-10-06 04:34:00,2026-10-06 06:30:00,2026-10-06 06:18:00,4,-12,on time,4,,,,27.4,0.00,16.6,13400.0,dry and calm
1347,2026-10-06,HYD,6E 1313,6E,IndiGo,DOH,Doha,t,VT-IML,Airbus A321 NEO,,2026-10-06 04:30:00,2026-10-06 04:34:00,2026-10-06 06:25:00,2026-10-06 06:01:00,4,-24,on time,4,,,,20.8,0.00,7.9,13760.0,dry and calm
1348,2026-10-06,HYD,EY 353,EY,Etihad,AUH,Abu Dhabi,t,A6-AEO,Airbus A321 NEO,,2026-10-06 04:30:00,2026-10-06 05:29:00,2026-10-06 06:40:00,,59,,late,4,,,,20.8,0.00,7.9,13760.0,dry and calm
1349,2026-10-06,BLR,UL 174,UL,SriLankan Airlines,CMB,Colombo,t,4R-ANB,Airbus A320,,2026-10-06 04:33:00,2026-10-06 04:33:00,,,0,,on time,4,,,,20.7,0.10,4.0,9680.0,light rain
1350,2026-10-06,BLR,EY 233,EY,Etihad,AUH,Abu Dhabi,t,A6-LRA,Airbus A321 NEO,2,2026-10-06 04:35:00,2026-10-06 05:39:00,2026-10-06 07:00:00,,64,,late,4,,,,20.7,0.10,4.0,9680.0,light rain
1351,2026-10-06,BOM,AI 129,AI,Air India,LHR,London,t,VT-ANZ,Boeing 787-8,2,2026-10-06 04:35:00,2026-10-06 04:55:00,2026-10-06 10:15:00,2026-10-06 09:27:00,20,-48,on time,4,,,,27.4,0.00,16.6,13400.0,dry and calm
1352,2026-10-06,HYD,6E 351,6E,IndiGo,PNQ,Pune,f,VT-IKU,Airbus A321 NEO,,2026-10-06 04:35:00,2026-10-06 04:36:00,2026-10-06 05:45:00,2026-10-06 05:26:00,1,-19,on time,4,,,,20.8,0.00,7.9,13760.0,dry and calm
1353,2026-10-06,BLR,6E 6633,6E,IndiGo,IXC,Chandigarh,f,VT-ISX,Airbus A320 NEO,1,2026-10-06 04:40:00,2026-10-06 04:48:00,2026-10-06 07:40:00,,8,,on time,4,,,,20.7,0.10,4.0,9680.0,light rain
1354,2026-10-06,BOM,6E 1603,6E,IndiGo,BKK,Bangkok,t,VT-NCW,Airbus A320,2,2026-10-06 04:40:00,2026-10-06 04:51:00,2026-10-06 10:40:00,2026-10-06 10:36:00,11,-4,on time,4,,,,27.4,0.00,16.6,13400.0,dry and calm
1355,2026-10-06,HYD,EK 525,EK,Emirates,DXB,Dubai,t,A6-EGR,Boeing 777-300,,2026-10-06 04:40:00,2026-10-06 04:48:00,2026-10-06 06:45:00,2026-10-06 06:35:00,8,-10,on time,4,,,,20.8,0.00,7.9,13760.0,dry and calm
1356,2026-10-06,BLR,EK 569,EK,Emirates,DXB,Dubai,t,A6-EOM,Airbus A380-800,2,2026-10-06 04:45:00,2026-10-06 04:57:00,2026-10-06 07:05:00,2026-10-06 07:05:00,12,0,on time,4,,,,20.7,0.10,4.0,9680.0,light rain
1357,2026-10-06,BOM,6E 73,6E,IndiGo,RUH,Riyadh,t,VT-IMS,Airbus A320,2,2026-10-06 04:45:00,2026-10-06 05:17:00,2026-10-06 06:45:00,,32,,late,4,,,,27.4,0.00,16.6,13400.0,dry and calm
1358,2026-10-06,BOM,G9 406,G9,Air Arabia,SHJ,Sharjah,t,A6-AQT,Airbus A320,2,2026-10-06 04:55:00,2026-10-06 06:28:00,2026-10-06 06:25:00,2026-10-06 07:34:00,93,69,late,4,,,,27.4,0.00,16.6,13400.0,dry and calm
1359,2026-10-06,BLR,OV 784,OV,SalamAir,MCT,Muscat,t,A4O-OVI,Airbus A320 NEO,2,2026-10-06 05:00:00,2026-10-06 05:30:00,2026-10-06 07:10:00,,30,,late,5,,,,20.5,0.00,2.5,8160.0,dry and calm
1360,2026-10-06,BLR,QP 1359,QP,Akasa Air,DEL,New Delhi,f,,Boeing 737,1,2026-10-06 05:00:00,,2026-10-06 07:32:00,,,,no actual time,5,,,,20.5,0.00,2.5,8160.0,dry and calm
1361,2026-10-06,BLR,QP 1517,QP,Akasa Air,BOM,Mumbai,f,,Boeing 737,1,2026-10-06 05:00:00,,2026-10-06 06:50:00,,,,no actual time,5,,,,20.5,0.00,2.5,8160.0,dry and calm
1362,2026-10-06,BOM,6E 5243,6E,IndiGo,GAU,Guwahati,f,VT-IXI,Airbus A320 NEO,1,2026-10-06 05:00:00,2026-10-06 04:54:00,2026-10-06 08:10:00,,-6,,on time,5,,,,27.4,0.00,14.8,13220.0,dry and calm
1363,2026-10-06,BOM,6E 6361,6E,IndiGo,GOI,Vasco da Gama,f,VT-ILR,Airbus A320 NEO,2,2026-10-06 05:00:00,2026-10-06 05:11:00,2026-10-06 06:05:00,,11,,on time,5,,,,27.4,0.00,14.8,13220.0,dry and calm
1364,2026-10-06,BOM,6E 656,6E,IndiGo,DEL,New Delhi,f,VT-NOP,Airbus A320,2,2026-10-06 05:00:00,2026-10-06 05:01:00,2026-10-06 06:41:00,,1,,on time,5,,,,27.4,0.00,14.8,13220.0,dry and calm
1365,2026-10-06,BOM,EY 207,EY,Etihad,AUH,Abu Dhabi,t,,Boeing 787-9,2,2026-10-06 05:00:00,2026-10-06 05:33:00,2026-10-06 06:30:00,,33,,late,5,,,,27.4,0.00,14.8,13220.0,dry and calm
1366,2026-10-06,BOM,QP 1145,QP,Akasa Air,MAA,Chennai,f,,Boeing 737,2,2026-10-06 05:00:00,2026-10-06 05:26:00,2026-10-06 07:00:00,,26,,on time,5,,,,27.4,0.00,14.8,13220.0,dry and calm
1367,2026-10-06,HYD,6E 5245,6E,IndiGo,BOM,Mumbai,f,VT-NCV,Airbus A321 NEO,,2026-10-06 05:00:00,2026-10-06 04:58:00,2026-10-06 06:25:00,,-2,,on time,5,6E 5179,BOM,-33,21.1,0.00,6.8,12280.0,dry and calm
1368,2026-10-06,BLR,6E 836,6E,IndiGo,DEL,New Delhi,f,VT-NHZ,Airbus A321 NEO,1,2026-10-06 05:05:00,2026-10-06 05:18:00,2026-10-06 07:36:00,,13,,on time,5,,,,20.5,0.00,2.5,8160.0,dry and calm
1369,2026-10-06,HYD,6E 815,6E,IndiGo,JAI,Jaipur,f,VT-IPE,Airbus A320 NEO,,2026-10-06 05:05:00,2026-10-06 05:07:00,2026-10-06 07:05:00,,2,,on time,5,,,,21.1,0.00,6.8,12280.0,dry and calm
1370,2026-10-06,HYD,OV 736,OV,SalamAir,MCT,Muscat,t,A4O-OVD,Airbus A320 NEO,,2026-10-06 05:05:00,2026-10-06 05:04:00,2026-10-06 07:00:00,,-1,,on time,5,,,,21.1,0.00,6.8,12280.0,dry and calm
1371,2026-10-06,BLR,6E 586,6E,IndiGo,AMD,Ahmedabad,f,VT-ITP,Airbus A320,1,2026-10-06 05:10:00,2026-10-06 05:27:00,2026-10-06 07:20:00,,17,,on time,5,,,,20.5,0.00,2.5,8160.0,dry and calm
1372,2026-10-06,BLR,QP 1311,QP,Akasa Air,PNQ,Pune,f,,Boeing 737,1,2026-10-06 05:10:00,,2026-10-06 06:50:00,,,,no actual time,5,,,,20.5,0.00,2.5,8160.0,dry and calm
1373,2026-10-06,BOM,AI 603,AI,Air India,GOI,Vasco da Gama,f,VT-TCV,Airbus A320 NEO,2,2026-10-06 05:10:00,2026-10-06 05:14:00,2026-10-06 06:30:00,,4,,on time,5,,,,27.4,0.00,14.8,13220.0,dry and calm
1374,2026-10-06,BLR,6E 457,6E,IndiGo,GAU,Guwahati,f,VT-ICN,Airbus A321 NEO,1,2026-10-06 05:15:00,2026-10-06 05:28:00,2026-10-06 08:20:00,,13,,on time,5,,,,20.5,0.00,2.5,8160.0,dry and calm
1375,2026-10-06,BOM,6E 6118,6E,IndiGo,ATQ,Amritsar,f,VT-IBL,Airbus A320,2,2026-10-06 05:15:00,2026-10-06 05:26:00,2026-10-06 07:45:00,,11,,on time,5,,,,27.4,0.00,14.8,13220.0,dry and calm
1376,2026-10-06,HYD,6E 709,6E,IndiGo,DEL,New Delhi,f,VT-NCS,Airbus A321 NEO,,2026-10-06 05:20:00,2026-10-06 05:27:00,2026-10-06 07:12:00,,7,,on time,5,,,,21.1,0.00,6.8,12280.0,dry and calm
1377,2026-10-06,HYD,6E 7549,6E,IndiGo,IXE,Mangalore,f,VT-IYC,ATR 72,,2026-10-06 05:20:00,2026-10-06 05:23:00,2026-10-06 07:05:00,,3,,on time,5,,,,21.1,0.00,6.8,12280.0,dry and calm
1378,2026-10-06,BLR,QP 1372,QP,Akasa Air,GAU,Guwahati,f,,Boeing 737,1,2026-10-06 05:25:00,,2026-10-06 08:35:00,,,,no actual time,5,,,,20.5,0.00,2.5,8160.0,dry and calm
1379,2026-10-06,BOM,OV 762,OV,SalamAir,MCT,Muscat,t,A4O-OVJ,Airbus A320 NEO,2,2026-10-06 05:25:00,2026-10-06 05:39:00,2026-10-06 06:50:00,,14,,on time,5,,,,27.4,0.00,14.8,13220.0,dry and calm
1380,2026-10-06,BLR,6E 5089,6E,IndiGo,BOM,Mumbai,f,VT-NOU,Airbus A321 NEO,1,2026-10-06 05:30:00,2026-10-06 05:41:00,2026-10-06 07:15:00,,11,,on time,5,6E 5323,BOM,-34,20.5,0.00,2.5,8160.0,dry and calm
1381,2026-10-06,BLR,AI 2414,AI,Air India,DEL,New Delhi,f,VT-EXN,Airbus A321 (Sharklets),2,2026-10-06 05:30:00,2026-10-06 05:34:00,2026-10-06 07:55:00,,4,,on time,5,AI 2857,BOM,-35,20.5,0.00,2.5,8160.0,dry and calm
1382,2026-10-06,BOM,6E 6367,6E,IndiGo,CCU,Kolkata,f,VT-NCA,Airbus A320,2,2026-10-06 05:30:00,2026-10-06 05:41:00,2026-10-06 08:15:00,2026-10-06 07:54:00,11,-21,on time,5,,,,27.4,0.00,14.8,13220.0,dry and calm
1383,2026-10-06,BOM,AI 2845,AI,Air India,BLR,Bangalore,f,VT-TVA,Airbus A321,2,2026-10-06 05:30:00,2026-10-06 05:46:00,2026-10-06 07:35:00,2026-10-06 06:59:00,16,-36,on time,5,,,,27.4,0.00,14.8,13220.0,dry and calm
1384,2026-10-06,HYD,6E 972,6E,IndiGo,GAU,Guwahati,f,VT-ICI,Airbus A321 NEO,,2026-10-06 05:30:00,2026-10-06 06:01:00,2026-10-06 08:10:00,,31,,late,5,,,,21.1,0.00,6.8,12280.0,dry and calm
1385,2026-10-06,HYD,AI 1806,AI,Air India,DEL,New Delhi,f,VT-RTW,Airbus A320 NEO,,2026-10-06 05:30:00,2026-10-06 05:41:00,2026-10-06 07:28:00,,11,,on time,5,AI 2869,BOM,-28,21.1,0.00,6.8,12280.0,dry and calm
1386,2026-10-06,BLR,QP 1511,QP,Akasa Air,BBI,Bhubaneswar,f,,Boeing 737,1,2026-10-06 05:35:00,,2026-10-06 07:40:00,,,,no actual time,5,,,,20.5,0.00,2.5,8160.0,dry and calm
1387,2026-10-06,BOM,6E 5081,6E,IndiGo,IXU,Aurangabad,f,,Airbus A320 NEO,1,2026-10-06 05:35:00,2026-10-06 05:48:00,2026-10-06 06:40:00,,13,,on time,5,,,,27.4,0.00,14.8,13220.0,dry and calm
1388,2026-10-06,BOM,6E 6701,6E,IndiGo,COK,Kochi,f,VT-ICK,Airbus A320,2,2026-10-06 05:35:00,2026-10-06 05:39:00,2026-10-06 07:30:00,,4,,on time,5,,,,27.4,0.00,14.8,13220.0,dry and calm
1389,2026-10-06,BOM,IX 1793,IX,Air India Express,CJB,Coimbatore,f,,Airbus A320 NEO,2,2026-10-06 05:35:00,2026-10-06 05:40:00,2026-10-06 07:20:00,,5,,on time,5,,,,27.4,0.00,14.8,13220.0,dry and calm
1390,2026-10-06,BOM,QP 1149,QP,Akasa Air,BLR,Bangalore,f,,Boeing 737,2,2026-10-06 05:35:00,2026-10-06 06:01:00,2026-10-06 07:25:00,,26,,on time,5,,,,27.4,0.00,14.8,13220.0,dry and calm
1391,2026-10-06,BLR,6E 194,6E,IndiGo,GOI,Vasco da Gama,f,VT-ITR,Airbus A320 (Sharklets),1,2026-10-06 05:40:00,2026-10-06 06:07:00,2026-10-06 06:45:00,,27,,on time,5,,,,20.5,0.00,2.5,8160.0,dry and calm
1392,2026-10-06,HYD,6E 1509,6E,IndiGo,BKK,Bangkok,t,VT-IQV,Airbus A320 NEO,,2026-10-06 05:40:00,2026-10-06 05:39:00,2026-10-06 10:55:00,2026-10-06 10:31:00,-1,-24,on time,5,,,,21.1,0.00,6.8,12280.0,dry and calm
1393,2026-10-06,BLR,GF 283,GF,Gulf Air,BAH,Manama,t,A9C-XD,Airbus A321 NEO,2,2026-10-06 05:45:00,2026-10-06 05:55:00,2026-10-06 07:55:00,,10,,on time,5,,,,20.5,0.00,2.5,8160.0,dry and calm
1394,2026-10-06,BOM,6E 5059,6E,IndiGo,BDQ,Vadodara,f,VT-NHD,Airbus A320,1,2026-10-06 05:45:00,2026-10-06 05:58:00,2026-10-06 06:55:00,,13,,on time,5,6E 5293,BLR,,27.4,0.00,14.8,13220.0,dry and calm
1395,2026-10-06,BOM,6E 6362,6E,IndiGo,HYD,Hyderabad,f,VT-NCU,Airbus A320,2,2026-10-06 05:45:00,2026-10-06 05:47:00,2026-10-06 07:20:00,2026-10-06 06:45:00,2,-35,on time,5,6E 6363,HYD,,27.4,0.00,14.8,13220.0,dry and calm
1396,2026-10-06,HYD,6E 6207,6E,IndiGo,PAT,Patna,f,VT-IXQ,Airbus A320 NEO,,2026-10-06 05:45:00,2026-10-06 05:44:00,2026-10-06 07:45:00,,-1,,on time,5,,,,21.1,0.00,6.8,12280.0,dry and calm
1397,2026-10-06,HYD,IX 939,IX,Air India Express,JED,Jeddah,t,VT-NTA,Boeing 737 MAX 8,,2026-10-06 05:45:00,2026-10-06 06:03:00,2026-10-06 08:55:00,,18,,on time,5,,,,21.1,0.00,6.8,12280.0,dry and calm
1398,2026-10-06,BLR,IX 2461,IX,Air India Express,IXB,Siliguri,f,VT-BWP,Boeing 737 MAX 8,2,2026-10-06 05:50:00,2026-10-06 06:15:00,2026-10-06 08:40:00,,25,,on time,5,IX 1378,HYD,-5,20.5,0.00,2.5,8160.0,dry and calm
1399,2026-10-06,BLR,IX 2881,IX,Air India Express,GAU,Guwahati,f,VT-BWC,Boeing 737 MAX 8,2,2026-10-06 05:50:00,2026-10-06 05:57:00,2026-10-06 09:15:00,,7,,on time,5,IX 2983,HYD,-18,20.5,0.00,2.5,8160.0,dry and calm
1400,2026-10-06,BOM,AI 2581,AI,Air India,NAG,Naqpur,f,,Airbus A320 NEO,2,2026-10-06 05:50:00,2026-10-06 05:53:00,2026-10-06 07:20:00,,3,,on time,5,,,,27.4,0.00,14.8,13220.0,dry and calm
1401,2026-10-06,BOM,IX 1026,IX,Air India Express,LKO,Lucknow,f,VT-BWT,Boeing 737,2,2026-10-06 05:50:00,2026-10-06 06:02:00,2026-10-06 08:10:00,2026-10-06 07:52:00,12,-18,on time,5,,,,27.4,0.00,14.8,13220.0,dry and calm
1402,2026-10-06,BOM,TC 401,TC,Air Tanzania,DAR,Dar es Salaam,t,,Boeing 737-900,2,2026-10-06 05:50:00,2026-10-06 10:15:00,2026-10-06 09:20:00,,265,,late,5,,,,27.4,0.00,14.8,13220.0,dry and calm
1403,2026-10-06,HYD,AI 2872,AI,Air India,BOM,Mumbai,f,VT-RTM,Airbus A320 NEO,,2026-10-06 05:50:00,2026-10-06 05:51:00,2026-10-06 07:45:00,,1,,on time,5,,,,21.1,0.00,6.8,12280.0,dry and calm
1404,2026-10-06,BOM,AI 4215,AI,Air India,DXB,Dubai,t,VT-RTU,Airbus A320 NEO,2,2026-10-06 05:55:00,2026-10-06 06:08:00,2026-10-06 07:25:00,2026-10-06 07:18:00,13,-7,on time,5,,,,27.4,0.00,14.8,13220.0,dry and calm
1405,2026-10-06,BOM,IX 1237,IX,Air India Express,IXR,Ranchi,f,,Boeing 737,2,2026-10-06 05:55:00,2026-10-06 06:22:00,2026-10-06 08:20:00,,27,,on time,5,,,,27.4,0.00,14.8,13220.0,dry and calm
1406,2026-10-06,HYD,6E 6494,6E,IndiGo,CCU,Kolkata,f,VT-ICS,Airbus A321 NEO,,2026-10-06 05:55:00,2026-10-06 05:56:00,2026-10-06 08:05:00,2026-10-06 07:40:00,1,-25,on time,5,,,,21.1,0.00,6.8,12280.0,dry and calm
1407,2026-10-06,BLR,AI 2810,AI,Air India,DEL,New Delhi,f,VT-TQB,Airbus A320 NEO,2,2026-10-06 06:00:00,2026-10-06 06:13:00,2026-10-06 08:37:00,,13,,on time,6,,,,20.3,0.00,6.1,8100.0,dry and calm
1408,2026-10-06,BLR,QP 1515,QP,Akasa Air,BOM,Mumbai,f,,Boeing 737,1,2026-10-06 06:00:00,,2026-10-06 07:35:00,,,,no actual time,6,,,,20.3,0.00,6.1,8100.0,dry and calm
1409,2026-10-06,BOM,6E 762,6E,IndiGo,DEL,New Delhi,f,VT-NHX,Airbus A320,2,2026-10-06 06:00:00,2026-10-06 06:19:00,2026-10-06 08:04:00,,19,,on time,6,,,,27.1,0.00,14.0,13040.0,dry and calm
1410,2026-10-06,BOM,AI 2625,AI,Air India,HYD,Hyderabad,f,VT-TQN,Airbus A320 NEO,2,2026-10-06 06:00:00,2026-10-06 06:13:00,2026-10-06 07:35:00,2026-10-06 07:15:00,13,-20,on time,6,,,,27.1,0.00,14.0,13040.0,dry and calm
1411,2026-10-06,BOM,QP 1121,QP,Akasa Air,SXR,Srinagar,f,,Boeing 737,2,2026-10-06 06:00:00,2026-10-06 06:11:00,2026-10-06 08:35:00,,11,,on time,6,,,,27.1,0.00,14.0,13040.0,dry and calm
1412,2026-10-06,HYD,6E 7452,6E,IndiGo,NAG,Naqpur,f,VT-IRH,ATR 72,,2026-10-06 06:00:00,2026-10-06 06:10:00,2026-10-06 07:40:00,,10,,on time,6,,,,21.0,0.00,8.3,9260.0,dry and calm
1413,2026-10-06,HYD,QP 1405,QP,Akasa Air,DEL,New Delhi,f,,Boeing 737,,2026-10-06 06:00:00,,2026-10-06 07:54:00,,,,no actual time,6,,,,21.0,0.00,8.3,9260.0,dry and calm
1414,2026-10-06,BLR,IX 2018,IX,Air India Express,HYD,Hyderabad,f,VT-TNM,Boeing 737,2,2026-10-06 06:05:00,,2026-10-06 07:25:00,2026-10-06 06:56:00,,-29,no actual time,6,,,,20.3,0.00,6.1,8100.0,dry and calm
1415,2026-10-06,BLR,QP 1823,QP,Akasa Air,DEL,New Delhi,f,,Boeing 737,1,2026-10-06 06:05:00,,2026-10-06 08:47:00,,,,no actual time,6,,,,20.3,0.00,6.1,8100.0,dry and calm
1416,2026-10-06,BOM,AI 471,AI,Air India,IXC,Chandigarh,f,VT-TQS,Airbus A320 NEO,2,2026-10-06 06:05:00,2026-10-06 06:12:00,2026-10-06 08:20:00,,7,,on time,6,AI 2811,BLR,,27.1,0.00,14.0,13040.0,dry and calm
1417,2026-10-06,BOM,GF 57,GF,Gulf Air,BAH,Manama,t,A9C-XH,Airbus A320,2,2026-10-06 06:05:00,2026-10-06 06:09:00,2026-10-06 07:30:00,,4,,on time,6,,,,27.1,0.00,14.0,13040.0,dry and calm
1418,2026-10-06,HYD,GF 275,GF,Gulf Air,BAH,Manama,t,A9C-TH,Airbus A320 NEO,,2026-10-06 06:05:00,2026-10-06 06:04:00,2026-10-06 08:05:00,,-1,,on time,6,,,,21.0,0.00,8.3,9260.0,dry and calm
1419,2026-10-06,BLR,6E 368,6E,IndiGo,BHO,Bhopal,f,VT-IWS,Airbus A321 NEO,1,2026-10-06 06:10:00,2026-10-06 06:25:00,2026-10-06 08:10:00,,15,,on time,6,,,,20.3,0.00,6.1,8100.0,dry and calm
1420,2026-10-06,BLR,6E 6178,6E,IndiGo,HYD,Hyderabad,f,VT-IVB,Airbus A320 NEO,1,2026-10-06 06:10:00,2026-10-06 06:22:00,2026-10-06 07:20:00,2026-10-06 07:05:00,12,-15,on time,6,,,,20.3,0.00,6.1,8100.0,dry and calm
1421,2026-10-06,BLR,IX 2013,IX,Air India Express,AMD,Ahmedabad,f,,Boeing 737,2,2026-10-06 06:10:00,,2026-10-06 08:20:00,,,,no actual time,6,,,,20.3,0.00,6.1,8100.0,dry and calm
1422,2026-10-06,BOM,6E 1185,6E,IndiGo,CMB,Colombo,t,VT-ISS,Airbus A320 NEO,2,2026-10-06 06:10:00,2026-10-06 06:20:00,2026-10-06 08:45:00,,10,,on time,6,,,,27.1,0.00,14.0,13040.0,dry and calm
1423,2026-10-06,BOM,6E 5144,6E,IndiGo,AMD,Ahmedabad,f,VT-IXK,Airbus A320,1,2026-10-06 06:10:00,2026-10-06 06:06:00,2026-10-06 07:25:00,,-4,,on time,6,6E 5143,HYD,,27.1,0.00,14.0,13040.0,dry and calm
1424,2026-10-06,BOM,RJ 191,RJ,Royal Jordanian,AMM,Amman,t,JY-RAA,Airbus A320 NEO,2,2026-10-06 06:10:00,2026-10-06 06:14:00,2026-10-06 09:30:00,2026-10-06 08:56:00,4,-34,on time,6,,,,27.1,0.00,14.0,13040.0,dry and calm
1425,2026-10-06,HYD,6E 5278,6E,IndiGo,TRV,Trivandrum,f,VT-IMM,Airbus A321 NEO,,2026-10-06 06:10:00,2026-10-06 06:14:00,2026-10-06 07:55:00,2026-10-06 07:39:00,4,-16,on time,6,,,,21.0,0.00,8.3,9260.0,dry and calm
1426,2026-10-06,BLR,QP 1501,QP,Akasa Air,LKO,Lucknow,f,,Boeing 737,1,2026-10-06 06:15:00,,2026-10-06 08:45:00,,,,no actual time,6,,,,20.3,0.00,6.1,8100.0,dry and calm
1427,2026-10-06,BLR,QP 1561,QP,Akasa Air,CCU,Kolkata,f,,Boeing 737,1,2026-10-06 06:15:00,,2026-10-06 08:50:00,,,,no actual time,6,,,,20.3,0.00,6.1,8100.0,dry and calm
1428,2026-10-06,BOM,6E 5188,6E,IndiGo,MAA,Chennai,f,VT-NCR,Airbus A320,1,2026-10-06 06:15:00,2026-10-06 06:16:00,2026-10-06 08:20:00,,1,,on time,6,6E 5094,BLR,,27.1,0.00,14.0,13040.0,dry and calm
1429,2026-10-06,BOM,6E 5296,6E,IndiGo,BLR,Bangalore,f,VT-NOH,Airbus A320,1,2026-10-06 06:15:00,2026-10-06 06:27:00,2026-10-06 08:00:00,2026-10-06 07:42:00,12,-18,on time,6,6E 5205,BLR,,27.1,0.00,14.0,13040.0,dry and calm
1430,2026-10-06,BOM,6E 6794,6E,IndiGo,UDR,Udaipur,f,VT-ILS,Airbus A320,2,2026-10-06 06:15:00,2026-10-06 06:23:00,2026-10-06 07:40:00,,8,,on time,6,,,,27.1,0.00,14.0,13040.0,dry and calm
1431,2026-10-06,HYD,6E 6305,6E,IndiGo,IXZ,Port Blair,f,VT-IBD,Airbus A321 NEO,,2026-10-06 06:15:00,2026-10-06 06:29:00,2026-10-06 09:00:00,,14,,on time,6,,,,21.0,0.00,8.3,9260.0,dry and calm
1432,2026-10-06,HYD,6E 7201,6E,IndiGo,VGA,Vidzhayavada,f,VT-IRA,ATR 72,,2026-10-06 06:15:00,,2026-10-06 07:15:00,,,,no actual time,6,,,,21.0,0.00,8.3,9260.0,dry and calm
1433,2026-10-06,BLR,IX 1479,IX,Air India Express,LKO,Lucknow,f,VT-BXF,Boeing 737,2,2026-10-06 06:20:00,,2026-10-06 08:50:00,2026-10-06 08:43:00,,-7,no actual time,6,,,,20.3,0.00,6.1,8100.0,dry and calm
1434,2026-10-06,BOM,6E 802,6E,IndiGo,IXZ,Port Blair,f,VT-IOX,Airbus A320 NEO,2,2026-10-06 06:20:00,2026-10-06 06:25:00,2026-10-06 09:45:00,,5,,on time,6,,,,27.1,0.00,14.0,13040.0,dry and calm
1435,2026-10-06,BOM,AI 601,AI,Air India,BHJ,Bhuj,f,VT-RTZ,Airbus A319,2,2026-10-06 06:20:00,2026-10-06 06:28:00,2026-10-06 07:45:00,,8,,on time,6,,,,27.1,0.00,14.0,13040.0,dry and calm
1436,2026-10-06,BOM,IX 251,IX,Air India Express,SHJ,Sharjah,t,VT-RTQ,Airbus A320,2,2026-10-06 06:20:00,2026-10-06 07:21:00,2026-10-06 07:55:00,2026-10-06 08:27:00,61,32,late,6,,,,27.1,0.00,14.0,13040.0,dry and calm
1437,2026-10-06,HYD,6E 5209,6E,IndiGo,AMD,Ahmedabad,f,VT-IPK,Airbus A320 NEO,,2026-10-06 06:20:00,2026-10-06 06:17:00,2026-10-06 08:10:00,,-3,,on time,6,,,,21.0,0.00,8.3,9260.0,dry and calm
1438,2026-10-06,HYD,6E 928,6E,IndiGo,STV,Surat,f,,Airbus A320 NEO,,2026-10-06 06:20:00,,2026-10-06 07:55:00,,,,no actual time,6,,,,21.0,0.00,8.3,9260.0,dry and calm
1439,2026-10-06,HYD,IX 2934,IX,Air India Express,BLR,Bangalore,f,,Boeing 737,,2026-10-06 06:20:00,,2026-10-06 07:55:00,,,,no actual time,6,,,,21.0,0.00,8.3,9260.0,dry and calm
1440,2026-10-06,BLR,6E 7227,6E,IndiGo,HBX,Hubli,f,VT-IYG,ATR 72,1,2026-10-06 06:25:00,2026-10-06 06:42:00,2026-10-06 07:50:00,,17,,on time,6,,,,20.3,0.00,6.1,8100.0,dry and calm
1441,2026-10-06,HYD,6E 707,6E,IndiGo,DEL,New Delhi,f,VT-NOD,Airbus A321 NEO,,2026-10-06 06:25:00,2026-10-06 06:27:00,2026-10-06 08:16:00,,2,,on time,6,,,,21.0,0.00,8.3,9260.0,dry and calm
1442,2026-10-06,BLR,6E 1077,6E,IndiGo,HKT,Phuket,t,VT-IIW,Airbus A320 NEO,2,2026-10-06 06:30:00,2026-10-06 06:48:00,2026-10-06 11:45:00,,18,,on time,6,,,,20.3,0.00,6.1,8100.0,dry and calm
1443,2026-10-06,BLR,6E 6439,6E,IndiGo,CCU,Kolkata,f,VT-IBY,Airbus A321 NEO,1,2026-10-06 06:30:00,2026-10-06 06:41:00,2026-10-06 09:10:00,2026-10-06 08:48:00,11,-22,on time,6,,,,20.3,0.00,6.1,8100.0,dry and calm
1444,2026-10-06,BOM,AI 2605,AI,Air India,TRV,Trivandrum,f,VT-TYA,Airbus A319,2,2026-10-06 06:30:00,2026-10-06 06:33:00,2026-10-06 08:50:00,2026-10-06 08:22:00,3,-28,on time,6,,,,27.1,0.00,14.0,13040.0,dry and calm
1445,2026-10-06,BOM,AI 2928,AI,Air India,DEL,New Delhi,f,,Airbus A320 NEO,2,2026-10-06 06:30:00,2026-10-06 06:44:00,2026-10-06 08:39:00,,14,,on time,6,,,,27.1,0.00,14.0,13040.0,dry and calm
1446,2026-10-06,HYD,6E 413,6E,IndiGo,BLR,Bangalore,f,VT-IPC,Airbus A320 NEO,,2026-10-06 06:30:00,2026-10-06 06:40:00,2026-10-06 07:50:00,2026-10-06 07:29:00,10,-21,on time,6,,,,21.0,0.00,8.3,9260.0,dry and calm
1447,2026-10-06,HYD,6E 6196,6E,IndiGo,BOM,Mumbai,f,VT-NCL,Airbus A321 NEO,,2026-10-06 06:30:00,2026-10-06 06:36:00,2026-10-06 07:55:00,,6,,on time,6,6E 6195,BOM,-6,21.0,0.00,8.3,9260.0,dry and calm
1448,2026-10-06,BLR,AI 2402,AI,Air India,BOM,Mumbai,f,VT-TQR,Airbus A320 NEO,2,2026-10-06 06:35:00,2026-10-06 06:46:00,2026-10-06 08:35:00,,11,,on time,6,,,,20.3,0.00,6.1,8100.0,dry and calm
1449,2026-10-06,BLR,IX 1239,IX,Air India Express,IXR,Ranchi,f,,Boeing 737,2,2026-10-06 06:35:00,,2026-10-06 08:55:00,,,,no actual time,6,,,,20.3,0.00,6.1,8100.0,dry and calm
1450,2026-10-06,BOM,6E 1601,6E,IndiGo,CGK,Jakarta,t,VT-IXH,Airbus A320 NEO,2,2026-10-06 06:35:00,2026-10-06 07:04:00,2026-10-06 14:50:00,2026-10-06 14:39:00,29,-11,on time,6,,,,27.1,0.00,14.0,13040.0,dry and calm
1451,2026-10-06,BOM,AI 2603,AI,Air India,BLR,Bangalore,f,VT-TQG,Airbus A320 NEO,2,2026-10-06 06:35:00,2026-10-06 06:43:00,2026-10-06 08:35:00,2026-10-06 07:59:00,8,-36,on time,6,,,,27.1,0.00,14.0,13040.0,dry and calm
1452,2026-10-06,BOM,AI 2787,AI,Air India,COK,Kochi,f,VT-CIE,Airbus A320 NEO,2,2026-10-06 06:35:00,2026-10-06 07:05:00,2026-10-06 08:35:00,,30,,late,6,,,,27.1,0.00,14.0,13040.0,dry and calm
1453,2026-10-06,BOM,QP 618,QP,Akasa Air,HKT,Phuket,t,,Boeing 737,2,2026-10-06 06:35:00,2026-10-06 06:55:00,2026-10-06 12:40:00,,20,,on time,6,,,,27.1,0.00,14.0,13040.0,dry and calm
1454,2026-10-06,BLR,IX 2542,IX,Air India Express,DEL,New Delhi,f,VT-BWE,Boeing 737 MAX 8,2,2026-10-06 06:40:00,2026-10-06 07:09:00,2026-10-06 09:33:00,,29,,on time,6,,,,20.3,0.00,6.1,8100.0,dry and calm
1455,2026-10-06,BOM,6E 5197,6E,IndiGo,SXR,Srinagar,f,VT-IWX,Airbus A320,1,2026-10-06 06:40:00,2026-10-06 06:42:00,,,2,,on time,6,,,,27.1,0.00,14.0,13040.0,dry and calm
1456,2026-10-06,BOM,AI 2785,AI,Air India,HSR,Rajkot,f,VT-TNF,Airbus A320 NEO,2,2026-10-06 06:40:00,2026-10-06 06:51:00,2026-10-06 08:00:00,,11,,on time,6,,,,27.1,0.00,14.0,13040.0,dry and calm
1457,2026-10-06,BOM,AI 2821,AI,Air India,MAA,Chennai,f,VT-TQU,Airbus A320 NEO,2,2026-10-06 06:40:00,2026-10-06 06:55:00,2026-10-06 08:55:00,,15,,on time,6,,,,27.1,0.00,14.0,13040.0,dry and calm
1458,2026-10-06,BOM,AI 493,AI,Air India,AMD,Ahmedabad,f,VT-PPH,Airbus A321,2,2026-10-06 06:40:00,2026-10-06 06:48:00,2026-10-06 07:50:00,,8,,on time,6,,,,27.1,0.00,14.0,13040.0,dry and calm
1459,2026-10-06,HYD,6E 7252,6E,IndiGo,IXU,Aurangabad,f,,ATR 72,,2026-10-06 06:40:00,,2026-10-06 08:10:00,,,,no actual time,6,,,,21.0,0.00,8.3,9260.0,dry and calm
1460,2026-10-06,BLR,6E 687,6E,IndiGo,UDR,Udaipur,f,VT-IMD,Airbus A321 NEO,1,2026-10-06 06:45:00,2026-10-06 07:04:00,2026-10-06 09:00:00,,19,,on time,6,,,,20.3,0.00,6.1,8100.0,dry and calm
1461,2026-10-06,BLR,6E 7204,6E,IndiGo,VGA,Vidzhayavada,f,,ATR 72,1,2026-10-06 06:50:00,,2026-10-06 08:20:00,,,,no actual time,6,,,,20.3,0.00,6.1,8100.0,dry and calm
1462,2026-10-06,BLR,6E 7285,6E,IndiGo,IXG,Belgaum,f,VT-IYZ,ATR 72,1,2026-10-06 06:50:00,2026-10-06 06:55:00,2026-10-06 08:20:00,,5,,on time,6,,,,20.3,0.00,6.1,8100.0,dry and calm
1463,2026-10-06,BLR,BA 118,BA,British,LHR,London,t,G-ZBJH,Boeing 787-8,2,2026-10-06 06:50:00,2026-10-06 07:01:00,2026-10-06 13:15:00,2026-10-06 12:53:00,11,-22,on time,6,,,,20.3,0.00,6.1,8100.0,dry and calm
1464,2026-10-06,BOM,QP 1252,QP,Akasa Air,CCU,Kolkata,f,,Boeing 737,2,2026-10-06 06:50:00,2026-10-06 07:07:00,2026-10-06 09:30:00,,17,,on time,6,,,,27.1,0.00,14.0,13040.0,dry and calm
1465,2026-10-06,HYD,6E 7118,6E,IndiGo,RJA,Rajahmundry,f,,ATR 72,,2026-10-06 06:50:00,,2026-10-06 08:05:00,,,,no actual time,6,,,,21.0,0.00,8.3,9260.0,dry and calm
1466,2026-10-06,HYD,6E 7554,6E,IndiGo,RPR,Raipur,f,VT-IYJ,ATR 72,,2026-10-06 06:50:00,2026-10-06 07:01:00,2026-10-06 08:40:00,,11,,on time,6,,,,21.0,0.00,8.3,9260.0,dry and calm
1467,2026-10-06,BLR,6E 7728,6E,IndiGo,CNN,Kannur,f,,ATR 72,1,2026-10-06 06:55:00,,2026-10-06 08:20:00,,,,no actual time,6,,,,20.3,0.00,6.1,8100.0,dry and calm
1468,2026-10-06,BOM,AI 2771,AI,Air India,CCU,Kolkata,f,VT-CID,Airbus A320 NEO,2,2026-10-06 06:55:00,2026-10-06 07:16:00,2026-10-06 09:45:00,2026-10-06 09:33:00,21,-12,on time,6,,,,27.1,0.00,14.0,13040.0,dry and calm
1469,2026-10-06,BOM,TK 721,TK,Turkish,IST,Istanbul,t,TC-LKB,Boeing 777,2,2026-10-06 06:55:00,2026-10-06 07:51:00,2026-10-06 11:20:00,,56,,late,6,,,,27.1,0.00,14.0,13040.0,dry and calm
1470,2026-10-06,BLR,6E 844,6E,IndiGo,DEL,New Delhi,f,VT-NOT,Airbus A321 NEO,1,2026-10-06 07:00:00,2026-10-06 07:17:00,2026-10-06 09:39:00,,17,,on time,7,,,,21.6,0.00,12.2,14220.0,dry and calm
1471,2026-10-06,BLR,AI 2654,AI,Air India,DEL,New Delhi,f,VT-EXL,Airbus A320 (Sharklets),2,2026-10-06 07:00:00,2026-10-06 07:15:00,2026-10-06 09:37:00,,15,,on time,7,AI 2401,BOM,-2,21.6,0.00,12.2,14220.0,dry and calm
1472,2026-10-06,BOM,6E 301,6E,IndiGo,DEL,New Delhi,f,,Airbus A320,2,2026-10-06 07:00:00,2026-10-06 07:01:00,2026-10-06 08:48:00,,1,,on time,7,,,,27.6,0.00,13.7,13160.0,dry and calm
1473,2026-10-06,BOM,AI 2424,AI,Air India,DEL,New Delhi,f,,Airbus A320 NEO,2,2026-10-06 07:00:00,2026-10-06 07:14:00,2026-10-06 09:06:00,,14,,on time,7,,,,27.6,0.00,13.7,13160.0,dry and calm
1474,2026-10-06,BOM,QP 1109,QP,Akasa Air,DEL,New Delhi,f,,Boeing 737,2,2026-10-06 07:00:00,2026-10-06 07:10:00,2026-10-06 09:02:00,,10,,on time,7,,,,27.6,0.00,13.7,13160.0,dry and calm
1475,2026-10-06,HYD,6E 7307,6E,IndiGo,JLR,Dzhabalpur,f,VT-IRB,ATR 72,,2026-10-06 07:00:00,2026-10-06 07:03:00,2026-10-06 09:00:00,,3,,on time,7,,,,23.8,0.00,13.7,10580.0,dry and calm
1476,2026-10-06,BLR,6E 857,6E,IndiGo,CJB,Coimbatore,f,VT-ICP,Airbus A321 NEO,1,2026-10-06 07:05:00,2026-10-06 07:20:00,2026-10-06 07:55:00,,15,,on time,7,,,,21.6,0.00,12.2,14220.0,dry and calm
1477,2026-10-06,BLR,IX 1131,IX,Air India Express,CCU,Kolkata,f,VT-BWS,Boeing 737 MAX 8,2,2026-10-06 07:05:00,2026-10-06 07:23:00,2026-10-06 09:35:00,2026-10-06 09:30:00,18,-5,on time,7,,,,21.6,0.00,12.2,14220.0,dry and calm
1478,2026-10-06,BLR,IX 1472,IX,Air India Express,MAA,Chennai,f,VT-RTF,Airbus A320 NEO,2,2026-10-06 07:05:00,2026-10-06 07:18:00,2026-10-06 08:10:00,,13,,on time,7,,,,21.6,0.00,12.2,14220.0,dry and calm
1479,2026-10-06,BOM,6E 294,6E,IndiGo,IDR,Indore,f,VT-IPZ,Airbus A320 NEO,2,2026-10-06 07:05:00,2026-10-06 07:13:00,2026-10-06 08:30:00,,8,,on time,7,,,,27.6,0.00,13.7,13160.0,dry and calm
1480,2026-10-06,HYD,6E 243,6E,IndiGo,MAA,Chennai,f,VT-IQC,Airbus A320 NEO,,2026-10-06 07:05:00,2026-10-06 07:11:00,2026-10-06 08:25:00,,6,,on time,7,,,,23.8,0.00,13.7,10580.0,dry and calm
1481,2026-10-06,BLR,6E 6353,6E,IndiGo,LKO,Lucknow,f,VT-IXE,Airbus A320 NEO,1,2026-10-06 07:10:00,2026-10-06 07:21:00,2026-10-06 09:50:00,2026-10-06 09:28:00,11,-22,on time,7,,,,21.6,0.00,12.2,14220.0,dry and calm
1482,2026-10-06,BLR,6E 763,6E,IndiGo,COK,Kochi,f,VT-IZB,Airbus A320 NEO,1,2026-10-06 07:10:00,2026-10-06 07:27:00,2026-10-06 08:15:00,,17,,on time,7,,,,21.6,0.00,12.2,14220.0,dry and calm
1483,2026-10-06,HYD,6E 6408,6E,IndiGo,VTZ,Visakhapatnam,f,VT-IMX,Airbus A321 NEO,,2026-10-06 07:10:00,2026-10-06 07:08:00,2026-10-06 08:30:00,2026-10-06 08:00:00,-2,-30,on time,7,,,,23.8,0.00,13.7,10580.0,dry and calm
1484,2026-10-06,BLR,6E 541,6E,IndiGo,IXE,Mangalore,f,VT-IRW,Airbus A321 NEO,1,2026-10-06 07:15:00,2026-10-06 07:31:00,2026-10-06 08:15:00,,16,,on time,7,,,,21.6,0.00,12.2,14220.0,dry and calm
1485,2026-10-06,BLR,6E 6269,6E,IndiGo,MAA,Chennai,f,VT-IMB,Airbus A321 NEO,1,2026-10-06 07:15:00,2026-10-06 07:35:00,2026-10-06 08:15:00,,20,,on time,7,,,,21.6,0.00,12.2,14220.0,dry and calm
1486,2026-10-06,BOM,6E 2387,6E,IndiGo,RPR,Raipur,f,,Airbus A320,2,2026-10-06 07:15:00,2026-10-06 07:35:00,2026-10-06 09:00:00,,20,,on time,7,,,,27.6,0.00,13.7,13160.0,dry and calm
1487,2026-10-06,BOM,6E 5246,6E,IndiGo,HYD,Hyderabad,f,VT-NCV,Airbus A320,1,2026-10-06 07:15:00,2026-10-06 07:26:00,2026-10-06 08:50:00,2026-10-06 08:27:00,11,-23,on time,7,6E 5245,HYD,,27.6,0.00,13.7,13160.0,dry and calm
1488,2026-10-06,HYD,AI 2860,AI,Air India,DEL,New Delhi,f,VT-TNW,Airbus A320 NEO,,2026-10-06 07:15:00,2026-10-06 07:22:00,2026-10-06 09:14:00,,7,,on time,7,,,,23.8,0.00,13.7,10580.0,dry and calm
1489,2026-10-06,HYD,OG 196,OG,Ghodawat Enterprises,NDC,Nanded,f,VT-GSK,Embraer 175,,2026-10-06 07:17:00,2026-10-06 07:17:00,,,0,,on time,7,,,,23.8,0.00,13.7,10580.0,dry and calm
1490,2026-10-06,BLR,6E 688,6E,IndiGo,TRV,Trivandrum,f,VT-IBT,Airbus A321 NEO,1,2026-10-06 07:20:00,2026-10-06 07:33:00,2026-10-06 08:40:00,2026-10-06 08:29:00,13,-11,on time,7,,,,21.6,0.00,12.2,14220.0,dry and calm
1491,2026-10-06,BOM,6E 5156,6E,IndiGo,HSR,Rajkot,f,VT-ICY,Airbus A320,1,2026-10-06 07:20:00,2026-10-06 07:18:00,2026-10-06 08:40:00,,-2,,on time,7,,,,27.6,0.00,13.7,13160.0,dry and calm
1492,2026-10-06,BOM,AI 2354,AI,Air India,BKK,Bangkok,t,VT-EXJ,Airbus A320 NEO,2,2026-10-06 07:20:00,2026-10-06 07:33:00,2026-10-06 13:35:00,2026-10-06 13:26:00,13,-9,on time,7,,,,27.6,0.00,13.7,13160.0,dry and calm
1493,2026-10-06,BOM,IX 2367,IX,Air India Express,GOX,Mopa,f,VT-BWR,Boeing 737,2,2026-10-06 07:20:00,2026-10-06 07:34:00,2026-10-06 08:40:00,,14,,on time,7,,,,27.6,0.00,13.7,13160.0,dry and calm
1494,2026-10-06,HYD,6E 6646,6E,IndiGo,CJB,Coimbatore,f,VT-ISW,Airbus A320 NEO,,2026-10-06 07:20:00,2026-10-06 07:32:00,2026-10-06 08:45:00,,12,,on time,7,6E 6187,BOM,-29,23.8,0.00,13.7,10580.0,dry and calm
1495,2026-10-06,HYD,6E 752,6E,IndiGo,COK,Kochi,f,VT-IBV,Airbus A321 NEO,,2026-10-06 07:20:00,2026-10-06 07:20:00,2026-10-06 09:00:00,,0,,on time,7,,,,23.8,0.00,13.7,10580.0,dry and calm
1496,2026-10-06,BLR,6E 5216,6E,IndiGo,BOM,Mumbai,f,VT-NHG,Airbus A321 NEO,1,2026-10-06 07:25:00,2026-10-06 07:36:00,2026-10-06 09:10:00,,11,,on time,7,6E 5294,BOM,-42,21.6,0.00,12.2,14220.0,dry and calm
1497,2026-10-06,BLR,QP 1421,QP,Akasa Air,VNS,Varanasi,f,,Boeing 737,1,2026-10-06 07:25:00,,2026-10-06 10:00:00,,,,no actual time,7,,,,21.6,0.00,12.2,14220.0,dry and calm
1498,2026-10-06,BOM,6E 6128,6E,IndiGo,BHO,Bhopal,f,VT-IPV,Airbus A320 NEO,2,2026-10-06 07:25:00,2026-10-06 07:23:00,2026-10-06 09:00:00,,-2,,on time,7,,,,27.6,0.00,13.7,13160.0,dry and calm
1499,2026-10-06,BOM,AI 2183,AI,Air India,DAC,Dhaka,t,VT-TNJ,Airbus A320 NEO,2,2026-10-06 07:25:00,2026-10-06 07:40:00,2026-10-06 10:45:00,,15,,on time,7,AI 2858,BLR,,27.6,0.00,13.7,13160.0,dry and calm
1500,2026-10-06,HYD,6E 6242,6E,IndiGo,BBI,Bhubaneswar,f,VT-IQX,Airbus A320 NEO,,2026-10-06 07:25:00,2026-10-06 07:27:00,2026-10-06 09:10:00,,2,,on time,7,,,,23.8,0.00,13.7,10580.0,dry and calm
1501,2026-10-06,HYD,AI 2626,AI,Air India,BOM,Mumbai,f,VT-TNU,Airbus A321 (Sharklets),,2026-10-06 07:25:00,2026-10-06 07:33:00,2026-10-06 09:15:00,,8,,on time,7,,,,23.8,0.00,13.7,10580.0,dry and calm
1502,2026-10-06,BLR,6E 702,6E,IndiGo,BBI,Bhubaneswar,f,VT-IQF,Airbus A320 NEO,1,2026-10-06 07:30:00,2026-10-06 07:38:00,2026-10-06 09:35:00,,8,,on time,7,,,,21.6,0.00,12.2,14220.0,dry and calm
1503,2026-10-06,BLR,6E 959,6E,IndiGo,IDR,Indore,f,VT-IBO,Airbus A321 NEO,1,2026-10-06 07:30:00,2026-10-06 07:41:00,2026-10-06 09:25:00,,11,,on time,7,,,,21.6,0.00,12.2,14220.0,dry and calm
1504,2026-10-06,BOM,9I 653,9I,Alliance Air,IXK,Keshod,f,,,1,2026-10-06 07:30:00,2026-10-06 08:26:00,,,56,,late,7,,,,27.6,0.00,13.7,13160.0,dry and calm
1505,2026-10-06,BLR,6E 6302,6E,IndiGo,GOP,Gorakhpur,f,VT-IIB,Airbus A320 NEO,1,2026-10-06 07:35:00,2026-10-06 07:44:00,2026-10-06 10:20:00,,9,,on time,7,6E 567E,HYD,,21.6,0.00,12.2,14220.0,dry and calm
1506,2026-10-06,BOM,QP 1101,QP,Akasa Air,AMD,Ahmedabad,f,,Boeing 737,2,2026-10-06 07:35:00,2026-10-06 07:41:00,2026-10-06 08:55:00,,6,,on time,7,,,,27.6,0.00,13.7,13160.0,dry and calm
1507,2026-10-06,BLR,6E 405,6E,IndiGo,RPR,Raipur,f,VT-IOU,Airbus A320 NEO,1,2026-10-06 07:40:00,2026-10-06 07:54:00,2026-10-06 09:25:00,,14,,on time,7,,,,21.6,0.00,12.2,14220.0,dry and calm
1508,2026-10-06,BOM,AI 2741,AI,Air India,DED,Dehradun,f,VT-TQP,Airbus A320 NEO,2,2026-10-06 07:40:00,2026-10-06 08:00:00,2026-10-06 09:55:00,,20,,on time,7,AI 2642,BLR,,27.6,0.00,13.7,13160.0,dry and calm
1509,2026-10-06,HYD,6E 151,6E,IndiGo,BLR,Bangalore,f,VT-IWN,Airbus A321 NEO,,2026-10-06 07:40:00,2026-10-06 07:43:00,2026-10-06 08:40:00,2026-10-06 08:35:00,3,-5,on time,7,,,,23.8,0.00,13.7,10580.0,dry and calm
1510,2026-10-06,BLR,6E 6288,6E,IndiGo,ATQ,Amritsar,f,VT-ISQ,Airbus A320 NEO,1,2026-10-06 07:45:00,2026-10-06 07:52:00,2026-10-06 10:50:00,,7,,on time,7,,,,21.6,0.00,12.2,14220.0,dry and calm
1511,2026-10-06,BOM,6E 5193,6E,IndiGo,BLR,Bangalore,f,VT-NOB,Airbus A320,1,2026-10-06 07:45:00,2026-10-06 08:04:00,2026-10-06 09:45:00,2026-10-06 09:22:00,19,-23,on time,7,,,,27.6,0.00,13.7,13160.0,dry and calm
1512,2026-10-06,BOM,6E 5329,6E,IndiGo,CCU,Kolkata,f,VT-IWT,Airbus A320,1,2026-10-06 07:45:00,2026-10-06 07:49:00,2026-10-06 10:30:00,2026-10-06 09:58:00,4,-32,on time,7,,,,27.6,0.00,13.7,13160.0,dry and calm
1513,2026-10-06,HYD,BA 276,BA,British,LHR,London,t,G-YMMP,Boeing 777-200,,2026-10-06 07:45:00,2026-10-06 08:02:00,2026-10-06 13:50:00,2026-10-06 13:49:00,17,-1,on time,7,,,,23.8,0.00,13.7,10580.0,dry and calm
1514,2026-10-06,HYD,BZ 481,BZ,Blue Dart Aviation,MAA,Chennai,f,VT-BDO,Boeing 757-200,,2026-10-06 07:48:00,2026-10-06 07:48:00,,,0,,on time,7,,,,23.8,0.00,13.7,10580.0,dry and calm
1515,2026-10-06,BOM,6E 5091,6E,IndiGo,BBI,Bhubaneswar,f,VT-IRY,Airbus A320,1,2026-10-06 07:50:00,2026-10-06 08:03:00,2026-10-06 10:15:00,,13,,on time,7,,,,27.6,0.00,13.7,13160.0,dry and calm
1516,2026-10-06,BOM,6E 5305,6E,IndiGo,IXB,Siliguri,f,VT-IOM,Airbus A320,1,2026-10-06 07:50:00,2026-10-06 08:09:00,2026-10-06 10:50:00,,19,,on time,7,,,,27.6,0.00,13.7,13160.0,dry and calm
1517,2026-10-06,BOM,6E 6543,6E,IndiGo,VNS,Varanasi,f,VT-ICB,Airbus A320,2,2026-10-06 07:50:00,2026-10-06 08:08:00,2026-10-06 10:10:00,,18,,on time,7,,,,27.6,0.00,13.7,13160.0,dry and calm
1518,2026-10-06,HYD,6E 6323,6E,IndiGo,UDR,Udaipur,f,VT-ILL,Airbus A321 NEO,,2026-10-06 07:50:00,2026-10-06 07:59:00,2026-10-06 09:45:00,,9,,on time,7,,,,23.8,0.00,13.7,10580.0,dry and calm
1519,2026-10-06,HYD,9I 885,9I,Alliance Air,RPR,Raipur,f,VT-RKC,ATR 72,,2026-10-06 07:50:00,2026-10-06 08:36:00,2026-10-06 10:30:00,,46,,late,7,9I 517,BLR,48,23.8,0.00,13.7,10580.0,dry and calm
1520,2026-10-06,BOM,AI 2851,AI,Air India,BLR,Bangalore,f,,Airbus A320 NEO,2,2026-10-06 07:55:00,2026-10-06 08:17:00,2026-10-06 10:05:00,,22,,on time,7,,,,27.6,0.00,13.7,13160.0,dry and calm
1521,2026-10-06,HYD,6E 371,6E,IndiGo,MAA,Chennai,f,VT-IQL,Airbus A320 NEO,,2026-10-06 07:55:00,2026-10-06 07:54:00,2026-10-06 09:20:00,,-1,,on time,7,,,,23.8,0.00,13.7,10580.0,dry and calm
1522,2026-10-06,HYD,F3 666,F3,flyadeal,RUH,Riyadh,t,HZ-FBP,Airbus A320,,2026-10-06 07:55:00,2026-10-06 08:16:00,2026-10-06 10:15:00,,21,,on time,7,,,,23.8,0.00,13.7,10580.0,dry and calm
1523,2026-10-06,BOM,6E 333,6E,IndiGo,DEL,New Delhi,f,VT-IWV,Airbus A321 NEO,2,2026-10-06 08:00:00,2026-10-06 08:15:00,2026-10-06 10:05:00,,15,,on time,8,,,,29.1,0.00,18.0,14640.0,dry and calm
1524,2026-10-06,HYD,6E 5213,6E,IndiGo,BOM,Mumbai,f,VT-NCU,Airbus A321 NEO,,2026-10-06 08:00:00,2026-10-06 08:09:00,2026-10-06 09:30:00,,9,,on time,8,6E 6362,BOM,-35,26.5,0.00,12.6,13540.0,dry and calm
1525,2026-10-06,HYD,6E 6411,6E,IndiGo,RJA,Rajahmundry,f,VT-IVB,Airbus A320 NEO,,2026-10-06 08:00:00,2026-10-06 08:12:00,2026-10-06 09:10:00,,12,,on time,8,6E 6178,BLR,-15,26.5,0.00,12.6,13540.0,dry and calm
1526,2026-10-06,BLR,6E 7005,6E,IndiGo,COK,Kochi,f,,ATR 72,1,2026-10-06 08:05:00,,2026-10-06 09:25:00,,,,no actual time,8,,,,23.4,0.00,14.8,14880.0,dry and calm
1527,2026-10-06,BOM,6E 6058,6E,IndiGo,NAG,Naqpur,f,VT-IBI,Airbus A320,2,2026-10-06 08:05:00,2026-10-06 08:12:00,2026-10-06 09:30:00,,7,,on time,8,,,,29.1,0.00,18.0,14640.0,dry and calm
1528,2026-10-06,HYD,IX 2019,IX,Air India Express,BLR,Bangalore,f,VT-BXP,Boeing 737 MAX 8,,2026-10-06 08:05:00,2026-10-06 08:08:00,2026-10-06 09:25:00,,3,,on time,8,,,,26.5,0.00,12.6,13540.0,dry and calm
1529,2026-10-06,BLR,OG 183,OG,Ghodawat Enterprises,NDC,Nanded,f,VT-GSO,Embraer 175,,2026-10-06 08:08:00,2026-10-06 08:08:00,,,0,,on time,8,,,,23.4,0.00,14.8,14880.0,dry and calm
1530,2026-10-06,BLR,6E 442,6E,IndiGo,CCU,Kolkata,f,VT-ILT,Airbus A321 NEO,1,2026-10-06 08:10:00,2026-10-06 08:15:00,2026-10-06 10:35:00,2026-10-06 10:25:00,5,-10,on time,8,,,,23.4,0.00,14.8,14880.0,dry and calm
1531,2026-10-06,BLR,6E 6170,6E,IndiGo,IXM,Madurai,f,VT-ILQ,Airbus A321 NEO,1,2026-10-06 08:10:00,2026-10-06 08:12:00,2026-10-06 09:05:00,,2,,on time,8,,,,23.4,0.00,14.8,14880.0,dry and calm
1532,2026-10-06,BOM,6E 1451,6E,IndiGo,DXB,Dubai,t,VT-NHI,Airbus A320,2,2026-10-06 08:10:00,2026-10-06 08:35:00,2026-10-06 09:40:00,2026-10-06 09:40:00,25,0,on time,8,,,,29.1,0.00,18.0,14640.0,dry and calm
1533,2026-10-06,BOM,AI 1891,AI,Air India,IDR,Indore,f,,Airbus A320 NEO,2,2026-10-06 08:10:00,2026-10-06 08:29:00,2026-10-06 09:45:00,,19,,on time,8,,,,29.1,0.00,18.0,14640.0,dry and calm
1534,2026-10-06,HYD,6E 1465,6E,IndiGo,DXB,Dubai,t,VT-IQY,Airbus A320 NEO,,2026-10-06 08:10:00,2026-10-06 08:22:00,2026-10-06 10:25:00,2026-10-06 10:18:00,12,-7,on time,8,,,,26.5,0.00,12.6,13540.0,dry and calm
1535,2026-10-06,BLR,6E 443,6E,IndiGo,IXB,Siliguri,f,VT-ICL,Airbus A321 NEO,1,2026-10-06 08:15:00,2026-10-06 08:34:00,2026-10-06 11:00:00,,19,,on time,8,,,,23.4,0.00,14.8,14880.0,dry and calm
1536,2026-10-06,BLR,6E 484,6E,IndiGo,HYD,Hyderabad,f,VT-IAX,Airbus A320 (Sharklets),1,2026-10-06 08:15:00,2026-10-06 08:27:00,2026-10-06 09:30:00,2026-10-06 09:11:00,12,-19,on time,8,,,,23.4,0.00,14.8,14880.0,dry and calm
1537,2026-10-06,BLR,6E 849,6E,IndiGo,DEL,New Delhi,f,VT-NCC,Airbus A320,1,2026-10-06 08:15:00,2026-10-06 08:31:00,2026-10-06 10:49:00,,16,,on time,8,,,,23.4,0.00,14.8,14880.0,dry and calm
1538,2026-10-06,BOM,6E 5204,6E,IndiGo,MAA,Chennai,f,,Airbus A320,1,2026-10-06 08:15:00,2026-10-06 09:25:00,2026-10-06 10:20:00,,70,,late,8,,,,29.1,0.00,18.0,14640.0,dry and calm
1539,2026-10-06,HYD,6E 664,6E,IndiGo,CCU,Kolkata,f,VT-NOF,Airbus A321 NEO,,2026-10-06 08:15:00,2026-10-06 08:27:00,2026-10-06 10:25:00,2026-10-06 10:11:00,12,-14,on time,8,,,,26.5,0.00,12.6,13540.0,dry and calm
1540,2026-10-06,HYD,6E 6872,6E,IndiGo,IXB,Siliguri,f,VT-IAZ,Airbus A321 NEO,,2026-10-06 08:15:00,2026-10-06 08:32:00,2026-10-06 10:40:00,,17,,on time,8,,,,26.5,0.00,12.6,13540.0,dry and calm
1541,2026-10-06,BLR,6E 6863,6E,IndiGo,NAG,Naqpur,f,,Airbus A320,1,2026-10-06 08:20:00,,2026-10-06 09:55:00,,,,no actual time,8,,,,23.4,0.00,14.8,14880.0,dry and calm
1542,2026-10-06,BLR,AI 2846,AI,Air India,BOM,Mumbai,f,VT-TVA,Airbus A321 NEO,2,2026-10-06 08:20:00,2026-10-06 08:29:00,2026-10-06 10:20:00,,9,,on time,8,AI 2845,BOM,-36,23.4,0.00,14.8,14880.0,dry and calm
1543,2026-10-06,BLR,QP 1902,QP,Akasa Air,AMD,Ahmedabad,f,,Boeing 737,1,2026-10-06 08:20:00,,2026-10-06 10:35:00,,,,no actual time,8,,,,23.4,0.00,14.8,14880.0,dry and calm
1544,2026-10-06,BLR,VS 317,VS,Virgin Atlantic,LHR,London,t,G-VFAN,Boeing 787-9,2,2026-10-06 08:20:00,2026-10-06 08:36:00,2026-10-06 14:35:00,2026-10-06 14:20:00,16,-15,on time,8,,,,23.4,0.00,14.8,14880.0,dry and calm
1545,2026-10-06,BOM,QP 1143,QP,Akasa Air,BLR,Bangalore,f,,Boeing 737,2,2026-10-06 08:20:00,2026-10-06 08:36:00,2026-10-06 10:10:00,,16,,on time,8,,,,29.1,0.00,18.0,14640.0,dry and calm
1546,2026-10-06,HYD,6E 7417,6E,IndiGo,HBX,Hubli,f,VT-IYS,ATR 72,,2026-10-06 08:20:00,2026-10-06 08:29:00,2026-10-06 09:35:00,,9,,on time,8,,,,26.5,0.00,12.6,13540.0,dry and calm
1547,2026-10-06,BLR,6E 6801,6E,IndiGo,PAT,Patna,f,VT-IPC,Airbus A320 NEO,1,2026-10-06 08:25:00,2026-10-06 08:39:00,2026-10-06 11:00:00,,14,,on time,8,6E 413,HYD,-21,23.4,0.00,14.8,14880.0,dry and calm
1548,2026-10-06,BLR,IX 1489,IX,Air India Express,CCJ,Calicut,f,,Boeing 737,2,2026-10-06 08:25:00,,2026-10-06 09:20:00,,,,no actual time,8,,,,23.4,0.00,14.8,14880.0,dry and calm
1549,2026-10-06,BOM,6E 5268,6E,IndiGo,IXC,Chandigarh,f,VT-IMY,Airbus A320,1,2026-10-06 08:25:00,2026-10-06 08:37:00,2026-10-06 10:40:00,,12,,on time,8,,,,29.1,0.00,18.0,14640.0,dry and calm
1550,2026-10-06,HYD,6E 946,6E,IndiGo,GOX,Mopa,f,VT-IKU,Airbus A321 NEO,,2026-10-06 08:25:00,2026-10-06 08:40:00,2026-10-06 09:30:00,,15,,on time,8,,,,26.5,0.00,12.6,13540.0,dry and calm
1551,2026-10-06,BLR,6E 5051,6E,IndiGo,BOM,Mumbai,f,VT-NOH,Airbus A321 NEO,1,2026-10-06 08:30:00,2026-10-06 08:47:00,2026-10-06 10:15:00,,17,,on time,8,6E 5296,BOM,-18,23.4,0.00,14.8,14880.0,dry and calm
1552,2026-10-06,BOM,6E 1115,6E,IndiGo,DAC,Dhaka,t,VT-IXD,Airbus A320,2,2026-10-06 08:30:00,2026-10-06 08:31:00,2026-10-06 12:05:00,2026-10-06 11:37:00,1,-28,on time,8,,,,29.1,0.00,18.0,14640.0,dry and calm
1553,2026-10-06,BOM,AI 2970,AI,Air India,DEL,New Delhi,f,VT-RTM,Airbus A320 NEO,2,2026-10-06 08:30:00,2026-10-06 08:43:00,2026-10-06 10:32:00,,13,,on time,8,AI 2872,HYD,,29.1,0.00,18.0,14640.0,dry and calm
1554,2026-10-06,HYD,6E 6719,6E,IndiGo,PAT,Patna,f,VT-IXG,Airbus A320 NEO,,2026-10-06 08:30:00,2026-10-06 08:46:00,2026-10-06 10:30:00,,16,,on time,8,,,,26.5,0.00,12.6,13540.0,dry and calm
1555,2026-10-06,HYD,6E 889,6E,IndiGo,DEL,New Delhi,f,VT-NHT,Airbus A321 NEO,,2026-10-06 08:30:00,2026-10-06 08:42:00,2026-10-06 10:36:00,,12,,on time,8,,,,26.5,0.00,12.6,13540.0,dry and calm
1556,2026-10-06,BOM,6E 17,6E,IndiGo,IST,Istanbul,t,VT-NLC,Airbus A320,2,2026-10-06 08:35:00,2026-10-06 08:59:00,2026-10-06 13:50:00,,24,,on time,8,,,,29.1,0.00,18.0,14640.0,dry and calm
1557,2026-10-06,HYD,AI 2466,AI,Air India,DEL,New Delhi,f,VT-TQN,Airbus A320 NEO,,2026-10-06 08:35:00,2026-10-06 08:38:00,2026-10-06 10:30:00,,3,,on time,8,AI 2625,BOM,-20,26.5,0.00,12.6,13540.0,dry and calm
1558,2026-10-06,BLR,IX 1893,IX,Air India Express,COK,Kochi,f,,Boeing 737,2,2026-10-06 08:40:00,,2026-10-06 09:55:00,,,,no actual time,8,,,,23.4,0.00,14.8,14880.0,dry and calm
1559,2026-10-06,BLR,IX 2926,IX,Air India Express,MAA,Chennai,f,,Boeing 737,2,2026-10-06 08:40:00,,2026-10-06 09:50:00,,,,no actual time,8,,,,23.4,0.00,14.8,14880.0,dry and calm
1560,2026-10-06,BOM,6E 204,6E,IndiGo,DED,Dehradun,f,VT-IQM,Airbus A320 NEO,2,2026-10-06 08:40:00,2026-10-06 08:30:00,2026-10-06 11:00:00,,-10,,on time,8,,,,29.1,0.00,18.0,14640.0,dry and calm
1561,2026-10-06,BOM,6E 5281,6E,IndiGo,JAI,Jaipur,f,VT-NHV,Airbus A320,1,2026-10-06 08:40:00,2026-10-06 08:54:00,2026-10-06 10:30:00,,14,,on time,8,,,,29.1,0.00,18.0,14640.0,dry and calm
1562,2026-10-06,BOM,QP 1129,QP,Akasa Air,LKO,Lucknow,f,,Boeing 737,2,2026-10-06 08:40:00,,2026-10-06 11:00:00,,,,canceled,8,,,,29.1,0.00,18.0,14640.0,dry and calm
1563,2026-10-06,BLR,IX 2931,IX,Air India Express,GAU,Guwahati,f,VT-BWJ,Boeing 737 MAX 8,2,2026-10-06 08:45:00,2026-10-06 09:00:00,2026-10-06 11:55:00,,15,,on time,8,,,,23.4,0.00,14.8,14880.0,dry and calm
1564,2026-10-06,BOM,6E 2347,6E,IndiGo,AMD,Ahmedabad,f,VT-ILR,Airbus A320 NEO,2,2026-10-06 08:50:00,2026-10-06 09:02:00,2026-10-06 10:15:00,,12,,on time,8,,,,29.1,0.00,18.0,14640.0,dry and calm
1565,2026-10-06,HYD,6E 134,6E,IndiGo,AMD,Ahmedabad,f,VT-ISV,Airbus A320 NEO,,2026-10-06 08:50:00,2026-10-06 08:58:00,2026-10-06 10:35:00,,8,,on time,8,,,,26.5,0.00,12.6,13540.0,dry and calm
1566,2026-10-06,BOM,6E 1163,6E,IndiGo,SIN,Singapore,t,VT-IWU,Airbus A320,2,2026-10-06 08:55:00,2026-10-06 09:10:00,2026-10-06 17:20:00,2026-10-06 17:09:00,15,-11,on time,8,,,,29.1,0.00,18.0,14640.0,dry and calm
1567,2026-10-06,BOM,6E 5150,6E,IndiGo,JGA,Jamnagar,f,VT-IAN,Airbus A320,1,2026-10-06 08:55:00,2026-10-06 08:47:00,2026-10-06 10:10:00,,-8,,on time,8,,,,29.1,0.00,18.0,14640.0,dry and calm
1568,2026-10-06,HYD,XY 326,XY,flynas,RUH,Riyadh,t,HZ-NS44,Airbus A320 NEO,,2026-10-06 08:55:00,2026-10-06 09:31:00,2026-10-06 11:15:00,,36,,late,8,,,,26.5,0.00,12.6,13540.0,dry and calm
1569,2026-10-06,BOM,6E 355,6E,IndiGo,DEL,New Delhi,f,VT-NCL,Airbus A320,2,2026-10-06 09:00:00,2026-10-06 09:08:00,2026-10-06 10:53:00,,8,,on time,9,6E 6196,HYD,,30.9,0.00,22.0,14920.0,dry and calm
1570,2026-10-06,BOM,AI 2739,AI,Air India,MAA,Chennai,f,,Airbus A320 NEO,2,2026-10-06 09:00:00,2026-10-06 09:09:00,2026-10-06 11:10:00,,9,,on time,9,,,,30.9,0.00,22.0,14920.0,dry and calm
1571,2026-10-06,BLR,6E 1167,6E,IndiGo,CMB,Colombo,t,VT-ILU,Airbus A321 NEO,2,2026-10-06 09:05:00,2026-10-06 09:14:00,2026-10-06 10:30:00,,9,,on time,9,,,,25.3,0.00,15.5,11120.0,dry and calm
1572,2026-10-06,BLR,6E 6558,6E,IndiGo,VNS,Varanasi,f,,Airbus A320 NEO,1,2026-10-06 09:05:00,,2026-10-06 11:25:00,,,,no actual time,9,,,,25.3,0.00,15.5,11120.0,dry and calm
1573,2026-10-06,BOM,6E 6674,6E,IndiGo,IXE,Mangalore,f,VT-IIM,Airbus A320 NEO,2,2026-10-06 09:05:00,2026-10-06 09:16:00,2026-10-06 10:35:00,,11,,on time,9,,,,30.9,0.00,22.0,14920.0,dry and calm
1574,2026-10-06,BOM,IX 1283,IX,Air India Express,BBI,Bhubaneswar,f,,Boeing 737,2,2026-10-06 09:05:00,2026-10-06 09:11:00,2026-10-06 11:35:00,,6,,on time,9,,,,30.9,0.00,22.0,14920.0,dry and calm
1575,2026-10-06,BOM,SG 5060,SG,SpiceJet,DXB,Dubai,t,,Boeing 737-800,2,2026-10-06 09:05:00,2026-10-06 08:00:00,,,-65,,on time,9,,,,30.9,0.00,22.0,14920.0,dry and calm
1576,2026-10-06,HYD,6E 7208,6E,IndiGo,VGA,Vidzhayavada,f,,ATR 72,,2026-10-06 09:05:00,,2026-10-06 10:10:00,,,,no actual time,9,,,,28.2,0.00,16.9,16960.0,dry and calm
1577,2026-10-06,BLR,IX 1506,IX,Air India Express,DED,Dehradun,f,,Boeing 737,2,2026-10-06 09:10:00,,2026-10-06 12:15:00,,,,no actual time,9,,,,25.3,0.00,15.5,11120.0,dry and calm
1578,2026-10-06,HYD,6E 6817,6E,IndiGo,IXD,Allahabad,f,VT-ICZ,Airbus A321 NEO,,2026-10-06 09:10:00,2026-10-06 09:23:00,2026-10-06 11:10:00,,13,,on time,9,,,,28.2,0.00,16.9,16960.0,dry and calm
1579,2026-10-06,BLR,6E 312,6E,IndiGo,HYD,Hyderabad,f,VT-NHQ,Airbus A321 NEO,1,2026-10-06 09:15:00,2026-10-06 09:31:00,2026-10-06 10:30:00,2026-10-06 10:11:00,16,-19,on time,9,,,,25.3,0.00,15.5,11120.0,dry and calm
1580,2026-10-06,BLR,AI 2604,AI,Air India,BOM,Mumbai,f,VT-TQG,Airbus A320 NEO,2,2026-10-06 09:15:00,2026-10-06 09:28:00,2026-10-06 11:15:00,,13,,on time,9,AI 2603,BOM,-36,25.3,0.00,15.5,11120.0,dry and calm
1581,2026-10-06,BOM,6E 2024,6E,IndiGo,PAT,Patna,f,VT-IPY,Airbus A320,2,2026-10-06 09:15:00,2026-10-06 09:31:00,2026-10-06 11:45:00,,16,,on time,9,,,,30.9,0.00,22.0,14920.0,dry and calm
1582,2026-10-06,BOM,6E 6057,6E,IndiGo,GOX,Mopa,f,VT-NHJ,Airbus A320,2,2026-10-06 09:15:00,2026-10-06 09:27:00,2026-10-06 10:30:00,,12,,on time,9,,,,30.9,0.00,22.0,14920.0,dry and calm
1583,2026-10-06,HYD,6E 392,6E,IndiGo,VNS,Varanasi,f,VT-IMH,Airbus A321 NEO,,2026-10-06 09:15:00,2026-10-06 09:19:00,2026-10-06 11:05:00,,4,,on time,9,,,,28.2,0.00,16.9,16960.0,dry and calm
1584,2026-10-06,HYD,6E 421,6E,IndiGo,IXR,Ranchi,f,VT-ICC,Airbus A321 NEO,,2026-10-06 09:15:00,2026-10-06 09:21:00,2026-10-06 11:10:00,,6,,on time,9,,,,28.2,0.00,16.9,16960.0,dry and calm
1585,2026-10-06,BLR,6E 2518,6E,IndiGo,HDO,Ghaziabad,f,VT-IPI,Airbus A320 NEO,1,2026-10-06 09:20:00,2026-10-06 09:24:00,2026-10-06 12:10:00,,4,,on time,9,,,,25.3,0.00,15.5,11120.0,dry and calm
1586,2026-10-06,BLR,IX 2786,IX,Air India Express,IXR,Ranchi,f,VT-BXV,Boeing 737 MAX 8,2,2026-10-06 09:20:00,2026-10-06 09:17:00,2026-10-06 11:45:00,,-3,,on time,9,,,,25.3,0.00,15.5,11120.0,dry and calm
1587,2026-10-06,BOM,IX 1809,IX,Air India Express,VNS,Varanasi,f,VT-BWX,Boeing 737 MAX 8,2,2026-10-06 09:20:00,2026-10-06 07:55:00,2026-10-06 09:55:00,,-85,,on time,9,,,,30.9,0.00,22.0,14920.0,dry and calm
1588,2026-10-06,BLR,6E 2086,6E,IndiGo,NMI,Mumbai,f,VT-IWN,Airbus A321 NEO,1,2026-10-06 09:25:00,2026-10-06 09:59:00,2026-10-06 10:55:00,,34,,late,9,6E 151,HYD,-5,25.3,0.00,15.5,11120.0,dry and calm
1589,2026-10-06,BLR,6E 524,6E,IndiGo,IXA,Agartala,f,VT-IOG,Airbus A320 NEO,1,2026-10-06 09:25:00,2026-10-06 09:37:00,2026-10-06 12:20:00,,12,,on time,9,,,,25.3,0.00,15.5,11120.0,dry and calm
1590,2026-10-06,BOM,QP 1153,QP,Akasa Air,BLR,Bangalore,f,,Boeing 737,2,2026-10-06 09:25:00,2026-10-06 09:40:00,2026-10-06 11:25:00,,15,,on time,9,,,,30.9,0.00,22.0,14920.0,dry and calm
1591,2026-10-06,BLR,6E 830,6E,IndiGo,DEL,New Delhi,f,VT-NCD,Airbus A321 NEO,1,2026-10-06 09:30:00,2026-10-06 09:43:00,2026-10-06 11:58:00,,13,,on time,9,,,,25.3,0.00,15.5,11120.0,dry and calm
1592,2026-10-06,BLR,QP 1513,QP,Akasa Air,DBR,Darbhanga,f,,Boeing 737,1,2026-10-06 09:30:00,,2026-10-06 12:10:00,,,,no actual time,9,,,,25.3,0.00,15.5,11120.0,dry and calm
1593,2026-10-06,BOM,AI 2432,AI,Air India,DEL,New Delhi,f,VT-TCV,Airbus A320 NEO,2,2026-10-06 09:30:00,2026-10-06 09:40:00,2026-10-06 11:30:00,,10,,on time,9,,,,30.9,0.00,22.0,14920.0,dry and calm
1594,2026-10-06,BOM,BA 134,BA,British,LHR,London,t,G-YMMG,Boeing 777,2,2026-10-06 09:30:00,2026-10-06 09:49:00,2026-10-06 15:00:00,2026-10-06 15:12:00,19,12,on time,9,,,,30.9,0.00,22.0,14920.0,dry and calm
1595,2026-10-06,HYD,6E 5174,6E,IndiGo,BOM,Mumbai,f,VT-NCV,Airbus A321 NEO,,2026-10-06 09:30:00,2026-10-06 09:38:00,2026-10-06 10:55:00,,8,,on time,9,6E 5246,BOM,-23,28.2,0.00,16.9,16960.0,dry and calm
1596,2026-10-06,BLR,6E 415,6E,IndiGo,JAI,Jaipur,f,VT-NHS,Airbus A321 NEO,1,2026-10-06 09:35:00,2026-10-06 09:52:00,2026-10-06 12:05:00,,17,,on time,9,,,,25.3,0.00,15.5,11120.0,dry and calm
1597,2026-10-06,BOM,6E 2034,6E,IndiGo,KNU,Kanpur,f,VT-IRX,Airbus A320,2,2026-10-06 09:35:00,2026-10-06 09:47:00,2026-10-06 12:00:00,,12,,on time,9,,,,30.9,0.00,22.0,14920.0,dry and calm
1598,2026-10-06,BOM,6E 5109,6E,IndiGo,CJB,Coimbatore,f,VT-NHD,Airbus A320,1,2026-10-06 09:35:00,2026-10-06 09:52:00,2026-10-06 11:25:00,,17,,on time,9,,,,30.9,0.00,22.0,14920.0,dry and calm
1599,2026-10-06,HYD,6E 6066,6E,IndiGo,BLR,Bangalore,f,VT-IQJ,Airbus A320 NEO,,2026-10-06 09:35:00,2026-10-06 09:40:00,2026-10-06 10:55:00,2026-10-06 10:25:00,5,-30,on time,9,,,,28.2,0.00,16.9,16960.0,dry and calm
1600,2026-10-06,BOM,KU 304,KU,Kuwait,KWI,Kuwait City,t,9K-API,Airbus A330-900,2,2026-10-06 09:40:00,2026-10-06 09:42:00,2026-10-06 11:20:00,,2,,on time,9,,,,30.9,0.00,22.0,14920.0,dry and calm
1601,2026-10-06,BLR,QP 1523,QP,Akasa Air,VNS,Varanasi,f,,Boeing 737,1,2026-10-06 09:45:00,,2026-10-06 12:25:00,,,,no actual time,9,,,,25.3,0.00,15.5,11120.0,dry and calm
1602,2026-10-06,BOM,AI 2245,AI,Air India,JED,Jeddah,t,VT-TQA,Airbus A320 NEO,2,2026-10-06 09:45:00,2026-10-06 10:02:00,2026-10-06 12:35:00,,17,,on time,9,,,,30.9,0.00,22.0,14920.0,dry and calm
1603,2026-10-06,BLR,QP 623,QP,Akasa Air,HKT,Phuket,t,,Boeing 737,2,2026-10-06 09:50:00,,2026-10-06 15:05:00,,,,no actual time,9,,,,25.3,0.00,15.5,11120.0,dry and calm
1604,2026-10-06,BOM,6E 5092,6E,IndiGo,BLR,Bangalore,f,VT-NCP,Airbus A320,1,2026-10-06 09:50:00,2026-10-06 10:12:00,2026-10-06 11:55:00,2026-10-06 11:27:00,22,-28,on time,9,,,,30.9,0.00,22.0,14920.0,dry and calm
1605,2026-10-06,BOM,6E 5313,6E,IndiGo,MAA,Chennai,f,VT-NOE,Airbus A320,1,2026-10-06 09:50:00,2026-10-06 10:05:00,2026-10-06 12:00:00,,15,,on time,9,,,,30.9,0.00,22.0,14920.0,dry and calm
1606,2026-10-06,BOM,AI 2855,AI,Air India,COK,Kochi,f,VT-TQD,Airbus A320 NEO,2,2026-10-06 09:50:00,2026-10-06 10:01:00,2026-10-06 12:05:00,,11,,on time,9,,,,30.9,0.00,22.0,14920.0,dry and calm
1607,2026-10-06,HYD,6E 7503,6E,IndiGo,TIR,Tirumala - Tirupati,f,VT-IYC,ATR 72,,2026-10-06 09:50:00,2026-10-06 10:02:00,2026-10-06 11:15:00,,12,,on time,9,,,,28.2,0.00,16.9,16960.0,dry and calm
1608,2026-10-06,BOM,AI 2863,AI,Air India,BLR,Bangalore,f,VT-TNU,Airbus A320 NEO,2,2026-10-06 09:55:00,2026-10-06 10:08:00,2026-10-06 12:05:00,2026-10-06 11:26:00,13,-39,on time,9,AI 2626,HYD,,30.9,0.00,22.0,14920.0,dry and calm
1609,2026-10-06,HYD,6E 6707,6E,IndiGo,COK,Kochi,f,VT-IMU,Airbus A321 NEO,,2026-10-06 09:55:00,2026-10-06 09:55:00,2026-10-06 11:35:00,,0,,on time,9,,,,28.2,0.00,16.9,16960.0,dry and calm
1610,2026-10-06,BLR,6E 503,6E,IndiGo,LKO,Lucknow,f,VT-ICO,Airbus A321 NEO,1,2026-10-06 10:00:00,2026-10-06 10:03:00,2026-10-06 12:35:00,,3,,on time,10,,,,26.8,0.00,20.9,11060.0,dry and calm
1611,2026-10-06,BLR,AI 2804,AI,Air India,DEL,New Delhi,f,,Airbus A320 NEO,2,2026-10-06 10:00:00,,2026-10-06 12:36:00,,,,no actual time,10,,,,26.8,0.00,20.9,11060.0,dry and calm
1612,2026-10-06,BLR,QP 1313,QP,Akasa Air,PNQ,Pune,f,,Boeing 737,1,2026-10-06 10:00:00,,2026-10-06 11:40:00,,,,no actual time,10,,,,26.8,0.00,20.9,11060.0,dry and calm
1613,2026-10-06,BLR,QP 590,QP,Akasa Air,AUH,Abu Dhabi,t,,Boeing 737,2,2026-10-06 10:00:00,,2026-10-06 12:35:00,,,,no actual time,10,,,,26.8,0.00,20.9,11060.0,dry and calm
1614,2026-10-06,BOM,6E 6052,6E,IndiGo,DEL,New Delhi,f,,Airbus A320,2,2026-10-06 10:00:00,2026-10-06 10:19:00,2026-10-06 12:08:00,,19,,on time,10,,,,32.3,0.00,23.8,16380.0,dry and calm
1615,2026-10-06,BOM,AI 2430,AI,Air India,DEL,New Delhi,f,VT-TQH,Airbus A320 NEO,2,2026-10-06 10:00:00,2026-10-06 10:20:00,2026-10-06 12:06:00,,20,,on time,10,,,,32.3,0.00,23.8,16380.0,dry and calm
1616,2026-10-06,HYD,6E 6151,6E,IndiGo,MAA,Chennai,f,VT-IAX,Airbus A320 (Sharklets),,2026-10-06 10:00:00,2026-10-06 10:24:00,2026-10-06 11:20:00,,24,,on time,10,6E 484,BLR,-19,29.8,0.00,20.5,17000.0,dry and calm
1617,2026-10-06,HYD,6E 6281,6E,IndiGo,DEL,New Delhi,f,VT-NHA,Airbus A321 NEO,,2026-10-06 10:00:00,2026-10-06 10:06:00,2026-10-06 11:53:00,,6,,on time,10,,,,29.8,0.00,20.5,17000.0,dry and calm
1618,2026-10-06,BOM,6E 2060,6E,IndiGo,NAG,Naqpur,f,VT-IAS,Airbus A320 NEO,2,2026-10-06 10:05:00,2026-10-06 10:31:00,2026-10-06 11:40:00,,26,,on time,10,,,,32.3,0.00,23.8,16380.0,dry and calm
1619,2026-10-06,BOM,6E 5165,6E,IndiGo,CCU,Kolkata,f,VT-NOH,Airbus A321 NEO,1,2026-10-06 10:05:00,2026-10-06 11:30:00,2026-10-06 12:55:00,2026-10-06 13:42:00,85,47,late,10,6E 5051,BLR,,32.3,0.00,23.8,16380.0,dry and calm
1620,2026-10-06,BLR,6E 6059,6E,IndiGo,JRG,Jharsuguda,f,VT-ILY,Airbus A321 NEO,1,2026-10-06 10:10:00,2026-10-06 10:26:00,2026-10-06 12:20:00,,16,,on time,10,,,,26.8,0.00,20.9,11060.0,dry and calm
1621,2026-10-06,BLR,6E 7176,6E,IndiGo,KJB,Kurnool,f,VT-IYG,ATR 72,1,2026-10-06 10:10:00,2026-10-06 10:28:00,2026-10-06 11:15:00,,18,,on time,10,,,,26.8,0.00,20.9,11060.0,dry and calm
1622,2026-10-06,BOM,6E 1855,6E,IndiGo,SEZ,Mahe Island,t,VT-IXA,Airbus A320 NEO,2,2026-10-06 10:10:00,2026-10-06 10:14:00,2026-10-06 13:10:00,,4,,on time,10,,,,32.3,0.00,23.8,16380.0,dry and calm
1623,2026-10-06,BOM,6E 535,6E,IndiGo,DGH,Deoghar,f,VT-IPS,Airbus A320 NEO,2,2026-10-06 10:10:00,2026-10-06 10:28:00,2026-10-06 13:00:00,,18,,on time,10,,,,32.3,0.00,23.8,16380.0,dry and calm
1624,2026-10-06,BOM,AI 2997,AI,Air India,ATQ,Amritsar,f,VT-TQE,Airbus A320 NEO,2,2026-10-06 10:10:00,2026-10-06 10:18:00,2026-10-06 12:35:00,,8,,on time,10,,,,32.3,0.00,23.8,16380.0,dry and calm
1625,2026-10-06,BOM,QP 1139,QP,Akasa Air,DBR,Darbhanga,f,,Boeing 737,2,2026-10-06 10:10:00,2026-10-06 10:23:00,2026-10-06 13:05:00,,13,,on time,10,,,,32.3,0.00,23.8,16380.0,dry and calm
1626,2026-10-06,HYD,6E 468,6E,IndiGo,CJB,Coimbatore,f,VT-ISY,Airbus A320 NEO,,2026-10-06 10:10:00,2026-10-06 10:11:00,2026-10-06 11:35:00,,1,,on time,10,,,,29.8,0.00,20.5,17000.0,dry and calm
1627,2026-10-06,BLR,6E 5237,6E,IndiGo,BOM,Mumbai,f,VT-NOB,Airbus A321 NEO,1,2026-10-06 10:15:00,2026-10-06 10:37:00,2026-10-06 12:05:00,,22,,on time,10,6E 5193,BOM,-23,26.8,0.00,20.9,11060.0,dry and calm
1628,2026-10-06,BLR,6E 537,6E,IndiGo,HYD,Hyderabad,f,VT-ITR,Airbus A320 (Sharklets),1,2026-10-06 10:15:00,2026-10-06 10:24:00,2026-10-06 11:30:00,2026-10-06 11:05:00,9,-25,on time,10,,,,26.8,0.00,20.9,11060.0,dry and calm
1629,2026-10-06,BOM,6E 5318,6E,IndiGo,HYD,Hyderabad,f,VT-NCU,Airbus A320,1,2026-10-06 10:15:00,2026-10-06 10:36:00,2026-10-06 11:40:00,2026-10-06 11:34:00,21,-6,on time,10,6E 5213,HYD,,32.3,0.00,23.8,16380.0,dry and calm
1630,2026-10-06,BOM,EK 505,EK,Emirates,DXB,Dubai,t,A6-EPJ,Boeing 777,2,2026-10-06 10:15:00,2026-10-06 10:39:00,2026-10-06 11:40:00,2026-10-06 11:37:00,24,-3,on time,10,,,,32.3,0.00,23.8,16380.0,dry and calm
1631,2026-10-06,BOM,QP 1131,QP,Akasa Air,CCU,Kolkata,f,,Boeing 737,2,2026-10-06 10:15:00,,,,,,canceled,10,,,,32.3,0.00,23.8,16380.0,dry and calm
1632,2026-10-06,HYD,EK 527,EK,Emirates,DXB,Dubai,t,A6-ENK,Boeing 777-300,,2026-10-06 10:15:00,2026-10-06 10:21:00,2026-10-06 12:25:00,2026-10-06 12:15:00,6,-10,on time,10,,,,29.8,0.00,20.5,17000.0,dry and calm
1633,2026-10-06,BLR,6E 1457,6E,IndiGo,SIN,Singapore,t,VT-NCF,Airbus A321 NEO,2,2026-10-06 10:20:00,2026-10-06 10:19:00,2026-10-06 17:40:00,,-1,,on time,10,,,,26.8,0.00,20.9,11060.0,dry and calm
1634,2026-10-06,BLR,IX 2816,IX,Air India Express,PAT,Patna,f,VT-TNN,Airbus A320 (Sharklets),2,2026-10-06 10:20:00,2026-10-06 10:32:00,2026-10-06 12:55:00,,12,,on time,10,,,,26.8,0.00,20.9,11060.0,dry and calm
1635,2026-10-06,HYD,6E 7228,6E,IndiGo,RJA,Rajahmundry,f,VT-IRM,ATR 72,,2026-10-06 10:20:00,2026-10-06 10:33:00,2026-10-06 11:45:00,,13,,on time,10,,,,29.8,0.00,20.5,17000.0,dry and calm
1636,2026-10-06,BLR,6E 6445,6E,IndiGo,COK,Kochi,f,VT-IPH,Airbus A320 NEO,1,2026-10-06 10:25:00,2026-10-06 10:35:00,2026-10-06 11:30:00,,10,,on time,10,,,,26.8,0.00,20.9,11060.0,dry and calm
1637,2026-10-06,BLR,S5 701,S5,Star Air,VDY,Vidyanagar,f,,Embraer 175,,2026-10-06 10:25:00,,2026-10-06 11:15:00,,,,no actual time,10,,,,26.8,0.00,20.9,11060.0,dry and calm
1638,2026-10-06,BOM,6E 5181,6E,IndiGo,IDR,Indore,f,,Airbus A320,1,2026-10-06 10:25:00,2026-10-06 10:42:00,2026-10-06 11:50:00,,17,,on time,10,,,,32.3,0.00,23.8,16380.0,dry and calm
1639,2026-10-06,BOM,AI 2663,AI,Air India,SXR,Srinagar,f,,Airbus A320 NEO,2,2026-10-06 10:25:00,2026-10-06 10:49:00,2026-10-06 13:10:00,,24,,on time,10,,,,32.3,0.00,23.8,16380.0,dry and calm
1640,2026-10-06,BOM,QP 1834,QP,Akasa Air,DEL,New Delhi,f,,Boeing 737,2,2026-10-06 10:25:00,2026-10-06 10:45:00,2026-10-06 12:29:00,,20,,on time,10,,,,32.3,0.00,23.8,16380.0,dry and calm
1641,2026-10-06,HYD,6E 422,6E,IndiGo,DED,Dehradun,f,VT-IOK,Airbus A320 NEO,,2026-10-06 10:25:00,2026-10-06 10:27:00,2026-10-06 12:50:00,,2,,on time,10,,,,29.8,0.00,20.5,17000.0,dry and calm
1642,2026-10-06,BLR,6E 6144,6E,IndiGo,TRV,Trivandrum,f,VT-ILV,Airbus A321 NEO,1,2026-10-06 10:30:00,2026-10-06 10:39:00,2026-10-06 11:50:00,2026-10-06 11:33:00,9,-17,on time,10,,,,26.8,0.00,20.9,11060.0,dry and calm
1643,2026-10-06,BLR,AI 2852,AI,Air India,BOM,Mumbai,f,VT-EXM,Airbus A320 (Sharklets),2,2026-10-06 10:30:00,2026-10-06 10:33:00,2026-10-06 12:35:00,,3,,on time,10,,,,26.8,0.00,20.9,11060.0,dry and calm
1644,2026-10-06,BLR,EK 565,EK,Emirates,DXB,Dubai,t,A6-ECW,Boeing 777-300,2,2026-10-06 10:30:00,2026-10-06 11:18:00,2026-10-06 12:40:00,2026-10-06 13:00:00,48,20,late,10,,,,26.8,0.00,20.9,11060.0,dry and calm
1645,2026-10-06,BLR,6E 331,6E,IndiGo,BEK,Bareilly,f,VT-IIA,Airbus A320 NEO,1,2026-10-06 10:35:00,2026-10-06 10:42:00,2026-10-06 13:20:00,,7,,on time,10,,,,26.8,0.00,20.9,11060.0,dry and calm
1646,2026-10-06,BOM,6E 310,6E,IndiGo,DEL,New Delhi,f,,Airbus A320,2,2026-10-06 10:35:00,2026-10-06 10:53:00,2026-10-06 12:38:00,,18,,on time,10,,,,32.3,0.00,23.8,16380.0,dry and calm
1647,2026-10-06,BOM,AI 2579,AI,Air India,UDR,Udaipur,f,,Airbus A319,2,2026-10-06 10:35:00,2026-10-06 11:18:00,2026-10-06 12:05:00,,43,,late,10,,,,32.3,0.00,23.8,16380.0,dry and calm
1648,2026-10-06,HYD,6E 997,6E,IndiGo,AMD,Ahmedabad,f,VT-IBK,Airbus A321 NEO,,2026-10-06 10:35:00,2026-10-06 10:42:00,2026-10-06 12:25:00,,7,,on time,10,,,,29.8,0.00,20.5,17000.0,dry and calm
1649,2026-10-06,HYD,AI 2543,AI,Air India,DEL,New Delhi,f,VT-EXK,Airbus A320 (Sharklets),,2026-10-06 10:35:00,2026-10-06 11:37:00,2026-10-06 13:28:00,,62,,late,10,,,,29.8,0.00,20.5,17000.0,dry and calm
1650,2026-10-06,BLR,6E 6583,6E,IndiGo,GOX,Mopa,f,VT-IRW,Airbus A321 NEO,1,2026-10-06 10:40:00,2026-10-06 10:49:00,2026-10-06 11:45:00,,9,,on time,10,,,,26.8,0.00,20.9,11060.0,dry and calm
1651,2026-10-06,BLR,IX 1498,IX,Air India Express,IXC,Chandigarh,f,VT-BXP,Boeing 737 MAX 8,2,2026-10-06 10:40:00,2026-10-06 10:47:00,2026-10-06 13:50:00,,7,,on time,10,IX 2019,HYD,,26.8,0.00,20.9,11060.0,dry and calm
1652,2026-10-06,HYD,6E 7919,6E,IndiGo,SXV,Salem,f,VT-IXZ,ATR 72,,2026-10-06 10:40:00,2026-10-06 10:48:00,2026-10-06 12:35:00,,8,,on time,10,,,,29.8,0.00,20.5,17000.0,dry and calm
1653,2026-10-06,BLR,OG 701,OG,Ghodawat Enterprises,VDY,VDY,f,VT-GSU,Embraer 175,,2026-10-06 10:44:00,2026-10-06 10:44:00,,,0,,on time,10,,,,26.8,0.00,20.9,11060.0,dry and calm
1654,2026-10-06,BLR,6E 175,6E,IndiGo,DEL,New Delhi,f,VT-NHO,Airbus A321 NEO,1,2026-10-06 10:45:00,2026-10-06 10:54:00,2026-10-06 13:06:00,,9,,on time,10,,,,26.8,0.00,20.9,11060.0,dry and calm
1655,2026-10-06,BOM,6E 6087,6E,IndiGo,IXR,Ranchi,f,VT-IRV,Airbus A320,2,2026-10-06 10:45:00,2026-10-06 10:59:00,2026-10-06 13:10:00,,14,,on time,10,,,,32.3,0.00,23.8,16380.0,dry and calm
1656,2026-10-06,BOM,AI 2781,AI,Air India,JAI,Jaipur,f,VT-SCH,Airbus A319,2,2026-10-06 10:45:00,2026-10-06 10:55:00,2026-10-06 12:45:00,,10,,on time,10,,,,32.3,0.00,23.8,16380.0,dry and calm
1657,2026-10-06,BLR,6E 904,6E,IndiGo,MAA,Chennai,f,VT-IMB,Airbus A321 NEO,1,2026-10-06 10:50:00,2026-10-06 10:59:00,2026-10-06 11:45:00,,9,,on time,10,,,,26.8,0.00,20.9,11060.0,dry and calm
1658,2026-10-06,BOM,6E 1131,6E,IndiGo,MLE,Malé,t,VT-IRZ,Airbus A320,2,2026-10-06 10:50:00,2026-10-06 10:56:00,2026-10-06 13:10:00,,6,,on time,10,,,,32.3,0.00,23.8,16380.0,dry and calm
1659,2026-10-06,BOM,AI 2444,AI,Air India,HYD,Hyderabad,f,,Airbus A320 NEO,2,2026-10-06 10:50:00,2026-10-06 10:59:00,2026-10-06 12:25:00,,9,,on time,10,,,,32.3,0.00,23.8,16380.0,dry and calm
1660,2026-10-06,HYD,6E 6471,6E,IndiGo,PNQ,Pune,f,,Airbus A320,,2026-10-06 10:50:00,,2026-10-06 11:55:00,,,,no actual time,10,,,,29.8,0.00,20.5,17000.0,dry and calm
1661,2026-10-06,BLR,6E 7711,6E,IndiGo,TRZ,Tiruchirappally,f,VT-IYZ,ATR 72,1,2026-10-06 10:55:00,,2026-10-06 12:10:00,,,,no actual time,10,,,,26.8,0.00,20.9,11060.0,dry and calm
1662,2026-10-06,BLR,IX 1385,IX,Air India Express,SXR,Srinagar,f,VT-RTF,Airbus A320 NEO,2,2026-10-06 10:55:00,2026-10-06 11:01:00,2026-10-06 14:30:00,,6,,on time,10,,,,26.8,0.00,20.9,11060.0,dry and calm
1663,2026-10-06,BOM,AI 2789,AI,Air India,PAT,Patna,f,VT-TNF,Airbus A320 NEO,2,2026-10-06 10:55:00,2026-10-06 11:05:00,2026-10-06 13:25:00,,10,,on time,10,,,,32.3,0.00,23.8,16380.0,dry and calm
1664,2026-10-06,BLR,AI 2406,AI,Air India,DEL,New Delhi,f,VT-TNV,Airbus A320 (Sharklets),2,2026-10-06 11:00:00,2026-10-06 11:11:00,2026-10-06 13:29:00,,11,,on time,11,,,,27.5,0.00,23.8,8320.0,dry and calm
1665,2026-10-06,BOM,6E 5217,6E,IndiGo,BLR,Bangalore,f,VT-NOU,Airbus A320,1,2026-10-06 11:00:00,2026-10-06 11:27:00,2026-10-06 12:55:00,2026-10-06 12:43:00,27,-12,on time,11,6E 5089,BLR,,33.5,0.00,23.8,16360.0,dry and calm
1666,2026-10-06,HYD,6E 6911,6E,IndiGo,BBI,Bhubaneswar,f,VT-IIY,Airbus A320 NEO,,2026-10-06 11:00:00,2026-10-06 11:25:00,2026-10-06 12:40:00,,25,,on time,11,,,,30.8,0.00,25.6,18840.0,dry and calm
1667,2026-10-06,BLR,6E 574,6E,IndiGo,SAG,Shirdi,f,VT-IBT,Airbus A321 NEO,1,2026-10-06 11:05:00,2026-10-06 11:24:00,2026-10-06 12:45:00,,19,,on time,11,,,,27.5,0.00,23.8,8320.0,dry and calm
1668,2026-10-06,BOM,ET 641,ET,Ethiopian,ADD,Addis Ababa,t,,Boeing 777-200LR,2,2026-10-06 11:05:00,2026-10-06 11:16:00,2026-10-06 13:45:00,,11,,on time,11,,,,33.5,0.00,23.8,16360.0,dry and calm
1669,2026-10-06,HYD,6E 879,6E,IndiGo,VTZ,Visakhapatnam,f,VT-IAO,Airbus A320 (Sharklets),,2026-10-06 11:05:00,2026-10-06 11:17:00,2026-10-06 12:20:00,2026-10-06 12:15:00,12,-5,on time,11,,,,30.8,0.00,25.6,18840.0,dry and calm
1670,2026-10-06,BLR,6E 6547,6E,IndiGo,ISK,Nasik,f,VT-IPE,Airbus A320 NEO,1,2026-10-06 11:10:00,2026-10-06 11:21:00,2026-10-06 12:40:00,,11,,on time,11,,,,27.5,0.00,23.8,8320.0,dry and calm
1671,2026-10-06,BOM,6E 1157,6E,IndiGo,KTM,Kathmandu,t,VT-IOQ,Airbus A320 NEO,2,2026-10-06 11:10:00,2026-10-06 14:24:00,2026-10-06 14:10:00,,194,,late,11,,,,33.5,0.00,23.8,16360.0,dry and calm
1672,2026-10-06,BOM,6E 5125,6E,IndiGo,IXJ,Jammu,f,VT-IXK,Airbus A320,1,2026-10-06 11:10:00,2026-10-06 11:11:00,2026-10-06 13:40:00,,1,,on time,11,,,,33.5,0.00,23.8,16360.0,dry and calm
1673,2026-10-06,HYD,6E 875,6E,IndiGo,CCJ,Calicut,f,VT-IQC,Airbus A320 NEO,,2026-10-06 11:10:00,2026-10-06 11:23:00,2026-10-06 12:30:00,,13,,on time,11,,,,30.8,0.00,25.6,18840.0,dry and calm
1674,2026-10-06,HYD,6E 886,6E,IndiGo,GOP,Gorakhpur,f,VT-NHQ,Airbus A321 NEO,,2026-10-06 11:10:00,2026-10-06 11:30:00,2026-10-06 13:15:00,,20,,on time,11,6E 312,BLR,-19,30.8,0.00,25.6,18840.0,dry and calm
1675,2026-10-06,BLR,6E 6531,6E,IndiGo,IXD,Allahabad,f,VT-IPF,Airbus A320 NEO,1,2026-10-06 11:15:00,2026-10-06 11:50:00,2026-10-06 13:35:00,,35,,late,11,,,,27.5,0.00,23.8,8320.0,dry and calm
1676,2026-10-06,BOM,AI 2491,AI,Air India,LKO,Lucknow,f,VT-TQM,Airbus A320 NEO,2,2026-10-06 11:15:00,2026-10-06 11:24:00,2026-10-06 13:35:00,,9,,on time,11,,,,33.5,0.00,23.8,16360.0,dry and calm
1677,2026-10-06,BOM,EY 201,EY,Etihad,AUH,Abu Dhabi,t,,Airbus A320,2,2026-10-06 11:15:00,2026-10-06 11:56:00,2026-10-06 12:55:00,,41,,late,11,,,,33.5,0.00,23.8,16360.0,dry and calm
1678,2026-10-06,BLR,QP 1880,QP,Akasa Air,GOP,Gorakhpur,f,,Boeing 737,1,2026-10-06 11:20:00,,2026-10-06 14:05:00,,,,no actual time,11,,,,27.5,0.00,23.8,8320.0,dry and calm
1679,2026-10-06,BOM,6E 261,6E,IndiGo,GOI,Vasco da Gama,f,VT-ICY,Airbus A320,2,2026-10-06 11:20:00,2026-10-06 11:26:00,2026-10-06 12:30:00,,6,,on time,11,,,,33.5,0.00,23.8,16360.0,dry and calm
1680,2026-10-06,BOM,AI 2841,AI,Air India,GOI,Vasco da Gama,f,VT-TVA,Airbus A321,2,2026-10-06 11:20:00,2026-10-06 11:33:00,2026-10-06 12:40:00,,13,,on time,11,AI 2846,BLR,,33.5,0.00,23.8,16360.0,dry and calm
1681,2026-10-06,BOM,IX 1023,IX,Air India Express,VNS,Varanasi,f,VT-BWR,Boeing 737,2,2026-10-06 11:20:00,2026-10-06 12:04:00,2026-10-06 13:55:00,,44,,late,11,,,,33.5,0.00,23.8,16360.0,dry and calm
1682,2026-10-06,HYD,6E 362,6E,IndiGo,GOI,Vasco da Gama,f,VT-IQU,Airbus A320 NEO,,2026-10-06 11:20:00,2026-10-06 11:56:00,2026-10-06 12:35:00,,36,,late,11,,,,30.8,0.00,25.6,18840.0,dry and calm
1683,2026-10-06,HYD,6E 7563,6E,IndiGo,KLH,Kolkhapur,f,VT-IYJ,ATR 72,,2026-10-06 11:20:00,2026-10-06 11:27:00,2026-10-06 12:45:00,,7,,on time,11,,,,30.8,0.00,25.6,18840.0,dry and calm
1684,2026-10-06,BOM,AI 2952,AI,Air India,DEL,New Delhi,f,VT-JRF,Airbus A350-900,2,2026-10-06 11:25:00,2026-10-06 11:49:00,2026-10-06 13:32:00,,24,,on time,11,,,,33.5,0.00,23.8,16360.0,dry and calm
1685,2026-10-06,BOM,VS 355,VS,Virgin Atlantic,LHR,London,t,G-VOWS,Boeing 787-9,2,2026-10-06 11:25:00,2026-10-06 11:41:00,2026-10-06 16:45:00,2026-10-06 16:31:00,16,-14,on time,11,,,,33.5,0.00,23.8,16360.0,dry and calm
1686,2026-10-06,HYD,6E 7096,6E,IndiGo,CDP,Kuddapakh,f,VT-IRG,ATR 72,,2026-10-06 11:25:00,2026-10-06 14:53:00,2026-10-06 12:35:00,,208,,late,11,,,,30.8,0.00,25.6,18840.0,dry and calm
1687,2026-10-06,BLR,6E 5069,6E,IndiGo,BOM,Mumbai,f,VT-NCK,Airbus A321 NEO,1,2026-10-06 11:30:00,2026-10-06 11:42:00,2026-10-06 13:20:00,,12,,on time,11,,,,27.5,0.00,23.8,8320.0,dry and calm
1688,2026-10-06,BLR,6E 6537,6E,IndiGo,DGH,Deoghar,f,,Airbus A320,1,2026-10-06 11:30:00,,2026-10-06 14:00:00,,,,no actual time,11,,,,27.5,0.00,23.8,8320.0,dry and calm
1689,2026-10-06,BLR,IX 863,IX,Air India Express,DMM,Ad Dammam,t,VT-RNT,Boeing 737 MAX 8,2,2026-10-06 11:30:00,,2026-10-06 13:45:00,,,,no actual time,11,,,,27.5,0.00,23.8,8320.0,dry and calm
1690,2026-10-06,BOM,6E 6827,6E,IndiGo,DEL,New Delhi,f,VT-NCO,Airbus A320,2,2026-10-06 11:30:00,2026-10-06 11:37:00,2026-10-06 13:27:00,,7,,on time,11,,,,33.5,0.00,23.8,16360.0,dry and calm
1691,2026-10-06,BOM,6E 6937,6E,IndiGo,IXD,Allahabad,f,VT-IBL,Airbus A320,2,2026-10-06 11:30:00,2026-10-06 12:06:00,2026-10-06 13:25:00,,36,,late,11,,,,33.5,0.00,23.8,16360.0,dry and calm
1692,2026-10-06,BLR,6E 6404,6E,IndiGo,HYD,Hyderabad,f,VT-IQJ,Airbus A320 NEO,1,2026-10-06 11:35:00,2026-10-06 11:47:00,2026-10-06 12:50:00,2026-10-06 12:33:00,12,-17,on time,11,6E 6066,HYD,-30,27.5,0.00,23.8,8320.0,dry and calm
1693,2026-10-06,BLR,SQ 509,SQ,Singapore,SIN,Singapore,t,9V-MBY,Boeing 737 MAX 8,2,2026-10-06 11:35:00,2026-10-06 12:18:00,2026-10-06 19:00:00,2026-10-06 19:09:00,43,9,late,11,,,,27.5,0.00,23.8,8320.0,dry and calm
1694,2026-10-06,HYD,6E 6202,6E,IndiGo,DEL,New Delhi,f,VT-NCB,Airbus A321 NEO,,2026-10-06 11:35:00,2026-10-06 11:47:00,2026-10-06 13:39:00,,12,,on time,11,,,,30.8,0.00,25.6,18840.0,dry and calm
1695,2026-10-06,BLR,6E 6104,6E,IndiGo,PNQ,Pune,f,VT-IWW,Airbus A320,1,2026-10-06 11:40:00,2026-10-06 12:04:00,2026-10-06 13:10:00,2026-10-06 13:26:00,24,16,on time,11,,,,27.5,0.00,23.8,8320.0,dry and calm
1696,2026-10-06,BLR,6E 6356,6E,IndiGo,IXZ,Port Blair,f,VT-IBB,Airbus A321 NEO,1,2026-10-06 11:40:00,2026-10-06 12:34:00,2026-10-06 14:15:00,,54,,late,11,,,,27.5,0.00,23.8,8320.0,dry and calm
1697,2026-10-06,BLR,6E 6535,6E,IndiGo,BBI,Bhubaneswar,f,VT-IBQ,Airbus A321 NEO,1,2026-10-06 11:40:00,2026-10-06 12:12:00,2026-10-06 13:45:00,,32,,late,11,,,,27.5,0.00,23.8,8320.0,dry and calm
1698,2026-10-06,BOM,6E 1,6E,IndiGo,LHR,London,t,LN-FND,Boeing 787-9,2,2026-10-06 11:40:00,2026-10-06 12:34:00,2026-10-06 17:45:00,2026-10-06 17:36:00,54,-9,late,11,,,,33.5,0.00,23.8,16360.0,dry and calm
1699,2026-10-06,BOM,6E 5178,6E,IndiGo,HYD,Hyderabad,f,VT-NCV,Airbus A320,1,2026-10-06 11:40:00,2026-10-06 12:09:00,2026-10-06 13:20:00,2026-10-06 13:22:00,29,2,on time,11,6E 5174,HYD,,33.5,0.00,23.8,16360.0,dry and calm
1700,2026-10-06,BOM,6E 6349,6E,IndiGo,MAA,Chennai,f,VT-NCX,Airbus A320,2,2026-10-06 11:40:00,2026-10-06 11:44:00,2026-10-06 13:45:00,,4,,on time,11,,,,33.5,0.00,23.8,16360.0,dry and calm
1701,2026-10-06,BOM,SQ 421,SQ,Singapore,SIN,Singapore,t,9V-SCB,Boeing 787,2,2026-10-06 11:45:00,2026-10-06 12:17:00,2026-10-06 19:50:00,2026-10-06 19:37:00,32,-13,late,11,,,,33.5,0.00,23.8,16360.0,dry and calm
1702,2026-10-06,HYD,6E 7144,6E,IndiGo,PNY,Puduchcheri,f,VT-IYS,ATR 72,,2026-10-06 11:45:00,2026-10-06 11:58:00,2026-10-06 13:40:00,,13,,on time,11,,,,30.8,0.00,25.6,18840.0,dry and calm
1703,2026-10-06,BLR,IX 927,IX,Air India Express,KWI,Kuwait City,t,VT-ATH,Airbus A320 NEO,2,2026-10-06 11:50:00,2026-10-06 12:06:00,2026-10-06 14:15:00,,16,,on time,11,,,,27.5,0.00,23.8,8320.0,dry and calm
1704,2026-10-06,BOM,IX 1803,IX,Air India Express,JDH,Jodhpur,f,VT-BWF,Boeing 737,2,2026-10-06 11:50:00,2026-10-06 12:56:00,2026-10-06 13:40:00,,66,,late,11,,,,33.5,0.00,23.8,16360.0,dry and calm
1705,2026-10-06,HYD,6E 905,6E,IndiGo,GOX,Mopa,f,VT-IKU,Airbus A321 NEO,,2026-10-06 11:50:00,2026-10-06 12:16:00,2026-10-06 13:05:00,,26,,on time,11,,,,30.8,0.00,25.6,18840.0,dry and calm
1706,2026-10-06,HYD,6E 913,6E,IndiGo,JAI,Jaipur,f,VT-IBV,Airbus A321 NEO,,2026-10-06 11:50:00,2026-10-06 12:04:00,2026-10-06 13:45:00,,14,,on time,11,,,,30.8,0.00,25.6,18840.0,dry and calm
1707,2026-10-06,BLR,6E 6586,6E,IndiGo,JLR,Dzhabalpur,f,,Airbus A320 NEO,1,2026-10-06 11:55:00,,2026-10-06 14:00:00,,,,no actual time,11,,,,27.5,0.00,23.8,8320.0,dry and calm
1708,2026-10-06,HYD,6E 1117,6E,IndiGo,DAC,Dhaka,t,VT-IMX,Airbus A321 NEO,,2026-10-06 11:55:00,2026-10-06 12:10:00,2026-10-06 14:55:00,2026-10-06 14:30:00,15,-25,on time,11,,,,30.8,0.00,25.6,18840.0,dry and calm
1709,2026-10-06,HYD,6E 376,6E,IndiGo,CCU,Kolkata,f,VT-ICS,Airbus A321 NEO,,2026-10-06 11:55:00,2026-10-06 12:12:00,2026-10-06 14:10:00,2026-10-06 13:50:00,17,-20,on time,11,,,,30.8,0.00,25.6,18840.0,dry and calm
1710,2026-10-06,BLR,6E 809,6E,IndiGo,DEL,New Delhi,f,VT-NCE,Airbus A321 NEO,1,2026-10-06 12:00:00,2026-10-06 12:20:00,2026-10-06 14:38:00,,20,,on time,12,,,,28.2,0.20,24.1,6380.0,light rain
1711,2026-10-06,BLR,IX 1537,IX,Air India Express,CCU,Kolkata,f,VT-BXF,Airbus A320 NEO,2,2026-10-06 12:00:00,,2026-10-06 14:40:00,2026-10-06 15:11:00,,31,no actual time,12,,,,28.2,0.20,24.1,6380.0,light rain
1712,2026-10-06,BLR,IX 2648,IX,Air India Express,IXZ,Port Blair,f,VT-BWL,Boeing 737 MAX 8,2,2026-10-06 12:00:00,2026-10-06 12:32:00,2026-10-06 14:40:00,,32,,late,12,,,,28.2,0.20,24.1,6380.0,light rain
1713,2026-10-06,BOM,AI 2419,AI,Air India,DEL,New Delhi,f,VT-TQG,Airbus A320 NEO,2,2026-10-06 12:00:00,2026-10-06 12:19:00,2026-10-06 14:06:00,,19,,on time,12,AI 2604,BLR,,33.6,0.00,33.8,16360.0,dry and calm
1714,2026-10-06,BOM,AI 2632,AI,Air India,BLR,Bangalore,f,,Airbus A320 NEO,2,2026-10-06 12:00:00,2026-10-06 12:31:00,2026-10-06 14:05:00,,31,,late,12,,,,33.6,0.00,33.8,16360.0,dry and calm
1715,2026-10-06,BOM,IX 1027,IX,Air India Express,IXE,Mangalore,f,VT-BWT,Boeing 737,2,2026-10-06 12:00:00,2026-10-06 12:30:00,2026-10-06 13:35:00,,30,,late,12,,,,33.6,0.00,33.8,16360.0,dry and calm
1716,2026-10-06,HYD,6E 1181,6E,IndiGo,CMB,Colombo,t,VT-IQL,Airbus A320 NEO,,2026-10-06 12:00:00,2026-10-06 12:14:00,2026-10-06 14:00:00,,14,,on time,12,,,,31.5,0.00,31.3,19020.0,dry and calm
1717,2026-10-06,BLR,AI 2630,AI,Air India,BOM,Mumbai,f,VT-EXS,Airbus A320 (Sharklets),2,2026-10-06 12:05:00,2026-10-06 12:21:00,2026-10-06 14:05:00,,16,,on time,12,,,,28.2,0.20,24.1,6380.0,light rain
1718,2026-10-06,BLR,QP 1154,QP,Akasa Air,BOM,Mumbai,f,,Boeing 737,1,2026-10-06 12:05:00,,2026-10-06 13:55:00,,,,no actual time,12,,,,28.2,0.20,24.1,6380.0,light rain
1719,2026-10-06,BOM,6E 2284,6E,IndiGo,HSR,Rajkot,f,VT-IMM,Airbus A320,2,2026-10-06 12:05:00,2026-10-06 12:25:00,2026-10-06 13:15:00,,20,,on time,12,,,,33.6,0.00,33.8,16360.0,dry and calm
1720,2026-10-06,HYD,6E 6574,6E,IndiGo,VGA,Vidzhayavada,f,VT-IVB,Airbus A320 NEO,,2026-10-06 12:05:00,2026-10-06 12:18:00,2026-10-06 13:05:00,,13,,on time,12,,,,31.5,0.00,31.3,19020.0,dry and calm
1721,2026-10-06,BOM,6E 5251,6E,IndiGo,LKO,Lucknow,f,VT-IPV,Airbus A320 NEO,1,2026-10-06 12:10:00,2026-10-06 12:41:00,2026-10-06 14:20:00,,31,,late,12,,,,33.6,0.00,33.8,16360.0,dry and calm
1722,2026-10-06,BOM,AI 431,AI,Air India,DED,Dehradun,f,,Airbus A320 NEO,2,2026-10-06 12:10:00,2026-10-06 12:45:00,2026-10-06 14:20:00,,35,,late,12,,,,33.6,0.00,33.8,16360.0,dry and calm
1723,2026-10-06,HYD,6E 537,6E,IndiGo,DBR,Darbhanga,f,VT-ITR,Airbus A320 (Sharklets),,2026-10-06 12:10:00,2026-10-06 12:24:00,2026-10-06 14:20:00,,14,,on time,12,6E 537,BLR,-25,31.5,0.00,31.3,19020.0,dry and calm
1724,2026-10-06,BOM,6E 2247,6E,IndiGo,JDH,Jodhpur,f,,Airbus A320,2,2026-10-06 12:15:00,2026-10-06 12:50:00,2026-10-06 13:50:00,,35,,late,12,,,,33.6,0.00,33.8,16360.0,dry and calm
1725,2026-10-06,BOM,6E 6028,6E,IndiGo,DEL,New Delhi,f,,Airbus A320,2,2026-10-06 12:15:00,2026-10-06 12:48:00,2026-10-06 14:29:00,,33,,late,12,,,,33.6,0.00,33.8,16360.0,dry and calm
1726,2026-10-06,HYD,6E 6409,6E,IndiGo,SXR,Srinagar,f,VT-ISW,Airbus A320 NEO,,2026-10-06 12:15:00,2026-10-06 12:30:00,2026-10-06 15:05:00,,15,,on time,12,,,,31.5,0.00,31.3,19020.0,dry and calm
1727,2026-10-06,BLR,6E 6336,6E,IndiGo,VTZ,Visakhapatnam,f,VT-IOU,Airbus A320 NEO,1,2026-10-06 12:25:00,2026-10-06 12:59:00,2026-10-06 14:10:00,2026-10-06 14:21:00,34,11,late,12,,,,28.2,0.20,24.1,6380.0,light rain
1728,2026-10-06,BOM,6E 21,6E,IndiGo,AMS,Amsterdam,t,LN-FNE,Boeing 787-9,2,2026-10-06 12:25:00,2026-10-06 14:29:00,2026-10-06 18:35:00,2026-10-06 19:54:00,124,79,late,12,,,,33.6,0.00,33.8,16360.0,dry and calm
1729,2026-10-06,BOM,9I 623,9I,Alliance Air,IXK,Keshod,f,,ATR 72,1,2026-10-06 12:25:00,2026-10-06 12:43:00,,,18,,on time,12,,,,33.6,0.00,33.8,16360.0,dry and calm
1730,2026-10-06,BOM,AI 2276,AI,Air India,CMB,Colombo,t,VT-EXN,Airbus A320 NEO,2,2026-10-06 12:25:00,2026-10-06 12:58:00,2026-10-06 15:05:00,,33,,late,12,,,,33.6,0.00,33.8,16360.0,dry and calm
1731,2026-10-06,HYD,6E 7121,6E,IndiGo,BHO,Bhopal,f,VT-IRA,ATR 72,,2026-10-06 12:25:00,2026-10-06 12:31:00,2026-10-06 14:50:00,,6,,on time,12,,,,31.5,0.00,31.3,19020.0,dry and calm
1732,2026-10-06,BLR,IX 2819,IX,Air India Express,HYD,Hyderabad,f,VT-BXN,Boeing 737,2,2026-10-06 12:30:00,,2026-10-06 13:45:00,2026-10-06 13:40:00,,-5,no actual time,12,,,,28.2,0.20,24.1,6380.0,light rain
1733,2026-10-06,BOM,6E 5184,6E,IndiGo,BLR,Bangalore,f,VT-NCA,Airbus A320,1,2026-10-06 12:30:00,2026-10-06 12:54:00,2026-10-06 14:25:00,2026-10-06 14:12:00,24,-13,on time,12,,,,33.6,0.00,33.8,16360.0,dry and calm
1734,2026-10-06,BOM,6E 6122,6E,IndiGo,RPR,Raipur,f,VT-IBI,Airbus A320,2,2026-10-06 12:30:00,2026-10-06 12:51:00,2026-10-06 14:15:00,,21,,on time,12,,,,33.6,0.00,33.8,16360.0,dry and calm
1735,2026-10-06,BOM,IX 1238,IX,Air India Express,GOI,Vasco da Gama,f,VT-BWA,Boeing 737,2,2026-10-06 12:30:00,2026-10-06 12:47:00,2026-10-06 13:45:00,,17,,on time,12,,,,33.6,0.00,33.8,16360.0,dry and calm
1736,2026-10-06,BLR,6E 6653,6E,IndiGo,GOI,Vasco da Gama,f,VT-ILQ,Airbus A321 NEO,1,2026-10-06 12:35:00,,2026-10-06 13:50:00,,,,no actual time,12,,,,28.2,0.20,24.1,6380.0,light rain
1737,2026-10-06,BOM,6E 673,6E,IndiGo,IXE,Mangalore,f,VT-NCI,Airbus A320,2,2026-10-06 12:35:00,2026-10-06 13:35:00,2026-10-06 14:00:00,,60,,late,12,,,,33.6,0.00,33.8,16360.0,dry and calm
1738,2026-10-06,HYD,6E 6294,6E,IndiGo,VNS,Varanasi,f,VT-IME,Airbus A321 NEO,,2026-10-06 12:35:00,2026-10-06 12:42:00,2026-10-06 14:30:00,,7,,on time,12,,,,31.5,0.00,31.3,19020.0,dry and calm
1739,2026-10-06,BLR,6E 941,6E,IndiGo,AGR,Agra,f,VT-IZB,Airbus A320 NEO,1,2026-10-06 12:40:00,2026-10-06 12:54:00,2026-10-06 15:10:00,,14,,on time,12,,,,28.2,0.20,24.1,6380.0,light rain
1740,2026-10-06,BOM,6E 214,6E,IndiGo,SXR,Srinagar,f,,Airbus A320 NEO,2,2026-10-06 12:40:00,2026-10-06 13:02:00,2026-10-06 15:20:00,,22,,on time,12,,,,33.6,0.00,33.8,16360.0,dry and calm
1741,2026-10-06,HYD,6E 6296,6E,IndiGo,TIR,Tirumala - Tirupati,f,VT-ICI,Airbus A321 NEO,,2026-10-06 12:40:00,2026-10-06 12:56:00,2026-10-06 13:50:00,,16,,on time,12,,,,31.5,0.00,31.3,19020.0,dry and calm
1742,2026-10-06,BLR,IX 1971,IX,Air India Express,PNQ,Pune,f,VT-VTZ,Airbus A320,2,2026-10-06 12:45:00,2026-10-06 12:52:00,2026-10-06 14:20:00,2026-10-06 13:58:00,7,-22,on time,12,,,,28.2,0.20,24.1,6380.0,light rain
1743,2026-10-06,BOM,6E 5239,6E,IndiGo,CCU,Kolkata,f,VT-NOB,Airbus A320,1,2026-10-06 12:45:00,2026-10-06 13:09:00,2026-10-06 15:30:00,2026-10-06 15:19:00,24,-11,on time,12,6E 5237,BLR,,33.6,0.00,33.8,16360.0,dry and calm
1744,2026-10-06,BOM,AI 2780,AI,Air India,MAA,Chennai,f,VT-TQI,Airbus A320 NEO,2,2026-10-06 12:45:00,2026-10-06 14:19:00,2026-10-06 16:10:00,,94,,late,12,,,,33.6,0.00,33.8,16360.0,dry and calm
1745,2026-10-06,HYD,AI 2559,AI,Air India,DEL,New Delhi,f,VT-TQB,Airbus A320 NEO,,2026-10-06 12:45:00,2026-10-06 12:53:00,2026-10-06 14:42:00,,8,,on time,12,,,,31.5,0.00,31.3,19020.0,dry and calm
1746,2026-10-06,BLR,6E 1127,6E,IndiGo,MLE,Malé,t,VT-ILG,Airbus A321 NEO,2,2026-10-06 12:50:00,2026-10-06 13:13:00,2026-10-06 14:15:00,,23,,on time,12,,,,28.2,0.20,24.1,6380.0,light rain
1747,2026-10-06,BLR,6E 6208,6E,IndiGo,MAA,Chennai,f,VT-IFZ,Airbus A320 (Sharklets),1,2026-10-06 12:50:00,2026-10-06 13:10:00,2026-10-06 13:55:00,,20,,on time,12,,,,28.2,0.20,24.1,6380.0,light rain
1748,2026-10-06,BOM,BA 198,BA,British,LHR,London,t,G-ZBKO,Boeing 787-9,2,2026-10-06 12:50:00,2026-10-06 13:06:00,2026-10-06 18:15:00,2026-10-06 17:56:00,16,-19,on time,12,,,,33.6,0.00,33.8,16360.0,dry and calm
1749,2026-10-06,HYD,6E 311,6E,IndiGo,PNQ,Pune,f,VT-IPU,Airbus A320 NEO,,2026-10-06 12:50:00,2026-10-06 12:59:00,2026-10-06 14:10:00,2026-10-06 13:54:00,9,-16,on time,12,,,,31.5,0.00,31.3,19020.0,dry and calm
1750,2026-10-06,BLR,6E 465,6E,IndiGo,STV,Surat,f,VT-IMD,Airbus A321 NEO,1,2026-10-06 12:55:00,2026-10-06 13:07:00,2026-10-06 14:50:00,,12,,on time,12,,,,28.2,0.20,24.1,6380.0,light rain
1751,2026-10-06,BOM,AI 2503,AI,Air India,AMD,Ahmedabad,f,,Airbus A321,2,2026-10-06 12:55:00,2026-10-06 14:36:00,2026-10-06 14:15:00,,101,,late,12,,,,33.6,0.00,33.8,16360.0,dry and calm
1752,2026-10-06,BOM,QP 1123,QP,Akasa Air,IXD,Allahabad,f,,Boeing 737,2,2026-10-06 12:55:00,2026-10-06 13:29:00,2026-10-06 15:15:00,,34,,late,12,,,,33.6,0.00,33.8,16360.0,dry and calm
1753,2026-10-06,BOM,SG 5113,SG,SpiceJet,DXB,Dubai,t,,Boeing 737-800,2,2026-10-06 12:55:00,,2026-10-06 14:40:00,,,,canceled,12,,,,33.6,0.00,33.8,16360.0,dry and calm
1754,2026-10-06,HYD,6E 5384,6E,IndiGo,BOM,Mumbai,f,VT-NCU,Airbus A321 NEO,,2026-10-06 12:55:00,2026-10-06 13:07:00,2026-10-06 14:25:00,,12,,on time,12,6E 5318,BOM,-6,31.5,0.00,31.3,19020.0,dry and calm
1755,2026-10-06,HYD,6E 6974,6E,IndiGo,GOX,Mopa,f,VT-NHJ,Airbus A321 NEO,,2026-10-06 12:55:00,2026-10-06 13:11:00,2026-10-06 14:05:00,,16,,on time,12,,,,31.5,0.00,31.3,19020.0,dry and calm
1756,2026-10-06,BLR,6E 5218,6E,IndiGo,BOM,Mumbai,f,VT-NCP,Airbus A321 NEO,1,2026-10-06 13:00:00,,2026-10-06 14:50:00,,,,no actual time,13,6E 5092,BOM,-28,28.3,0.30,26.6,6000.0,light rain
1757,2026-10-06,BOM,6E 615,6E,IndiGo,DEL,New Delhi,f,VT-NHX,Airbus A320,2,2026-10-06 13:00:00,2026-10-06 13:23:00,2026-10-06 15:06:00,,23,,on time,13,,,,33.3,0.00,34.2,15960.0,dry and calm
1758,2026-10-06,BOM,AI 2677,AI,Air India,DEL,New Delhi,f,VT-CIN,Airbus A320 NEO,2,2026-10-06 13:00:00,2026-10-06 13:13:00,2026-10-06 14:55:00,,13,,on time,13,,,,33.3,0.00,34.2,15960.0,dry and calm
1759,2026-10-06,BOM,QP 1127,QP,Akasa Air,DEL,New Delhi,f,,Boeing 737,2,2026-10-06 13:00:00,2026-10-06 13:30:00,2026-10-06 15:25:00,,30,,late,13,,,,33.3,0.00,34.2,15960.0,dry and calm
1760,2026-10-06,HYD,6E 6031,6E,IndiGo,DEL,New Delhi,f,VT-NOD,Airbus A321 NEO,,2026-10-06 13:00:00,2026-10-06 13:21:00,2026-10-06 15:13:00,,21,,on time,13,,,,32.0,0.00,31.0,19140.0,dry and calm
1761,2026-10-06,BLR,IX 1386,IX,Air India Express,GOI,Vasco da Gama,f,VT-BXF,Boeing 737 MAX 8,2,2026-10-06 13:05:00,2026-10-06 13:02:00,2026-10-06 14:15:00,,-3,,on time,13,,,,28.3,0.30,26.6,6000.0,light rain
1762,2026-10-06,BLR,QP 1821,QP,Akasa Air,DEL,New Delhi,f,,Boeing 737,1,2026-10-06 13:05:00,,2026-10-06 15:33:00,,,,no actual time,13,,,,28.3,0.30,26.6,6000.0,light rain
1763,2026-10-06,BOM,6E 1059,6E,IndiGo,BKK,Bangkok,t,VT-IWQ,Airbus A320,2,2026-10-06 13:05:00,2026-10-06 13:15:00,2026-10-06 19:15:00,2026-10-06 18:46:00,10,-29,on time,13,,,,33.3,0.00,34.2,15960.0,dry and calm
1764,2026-10-06,BOM,AI 2477,AI,Air India,GOI,Vasco da Gama,f,,Airbus A319,2,2026-10-06 13:05:00,2026-10-06 13:26:00,2026-10-06 14:20:00,,21,,on time,13,,,,33.3,0.00,34.2,15960.0,dry and calm
1765,2026-10-06,BLR,6E 6542,6E,IndiGo,CJB,Coimbatore,f,VT-ICN,Airbus A321 NEO,1,2026-10-06 13:10:00,2026-10-06 13:21:00,2026-10-06 14:10:00,,11,,on time,13,,,,28.3,0.30,26.6,6000.0,light rain
1766,2026-10-06,BLR,6E 869,6E,IndiGo,DEL,New Delhi,f,VT-ICH,Airbus A321 NEO,1,2026-10-06 13:10:00,2026-10-06 13:17:00,2026-10-06 15:36:00,,7,,on time,13,,,,28.3,0.30,26.6,6000.0,light rain
1767,2026-10-06,BOM,IX 1787,IX,Air India Express,BHO,Bhopal,f,,Boeing 737,2,2026-10-06 13:10:00,2026-10-06 13:38:00,2026-10-06 14:50:00,,28,,on time,13,,,,33.3,0.00,34.2,15960.0,dry and calm
1768,2026-10-06,HYD,6E 409,6E,IndiGo,VTZ,Visakhapatnam,f,VT-IPU,Airbus A320 NEO,,2026-10-06 13:10:00,2026-10-06 17:20:00,2026-10-06 14:25:00,2026-10-06 17:03:00,250,158,late,13,,,,32.0,0.00,31.0,19140.0,dry and calm
1769,2026-10-06,BLR,6E 6507,6E,IndiGo,HSR,Rajkot,f,VT-IXL,Airbus A320 NEO,1,2026-10-06 13:15:00,2026-10-06 13:30:00,2026-10-06 15:20:00,,15,,on time,13,,,,28.3,0.30,26.6,6000.0,light rain
1770,2026-10-06,BOM,QP 1427,QP,Akasa Air,VNS,Varanasi,f,,Boeing 737,2,2026-10-06 13:20:00,2026-10-06 13:42:00,2026-10-06 15:50:00,,22,,on time,13,,,,33.3,0.00,34.2,15960.0,dry and calm
1771,2026-10-06,HYD,6E 108,6E,IndiGo,IXC,Chandigarh,f,VT-ILL,Airbus A321 NEO,,2026-10-06 13:20:00,2026-10-06 13:24:00,2026-10-06 15:50:00,,4,,on time,13,,,,32.0,0.00,31.0,19140.0,dry and calm
1772,2026-10-06,BOM,QP 1105,QP,Akasa Air,GOX,Mopa,f,,Boeing 737,2,2026-10-06 13:25:00,2026-10-06 14:54:00,2026-10-06 14:50:00,,89,,late,13,,,,33.3,0.00,34.2,15960.0,dry and calm
1773,2026-10-06,HYD,6E 149,6E,IndiGo,PAT,Patna,f,VT-IQJ,Airbus A320 NEO,,2026-10-06 13:25:00,2026-10-06 13:39:00,2026-10-06 15:35:00,,14,,on time,13,6E 6404,BLR,-17,32.0,0.00,31.0,19140.0,dry and calm
1774,2026-10-06,BLR,S5 181,S5,Star Air,GOX,Mopa,f,,Embraer 175,,2026-10-06 13:30:00,,2026-10-06 14:40:00,,,,no actual time,13,,,,28.3,0.30,26.6,6000.0,light rain
1775,2026-10-06,BOM,6E 5276,6E,IndiGo,GWL,Gwalior,f,VT-IAN,Airbus A320 NEO,1,2026-10-06 13:30:00,2026-10-06 13:34:00,2026-10-06 15:40:00,,4,,on time,13,,,,33.3,0.00,34.2,15960.0,dry and calm
1776,2026-10-06,HYD,AI 2541,AI,Air India,DEL,New Delhi,f,VT-TQQ,Airbus A320 NEO,,2026-10-06 13:30:00,2026-10-06 13:33:00,2026-10-06 15:29:00,,3,,on time,13,,,,32.0,0.00,31.0,19140.0,dry and calm
1777,2026-10-06,BLR,QP 1144,QP,Akasa Air,BOM,Mumbai,f,,Boeing 737,1,2026-10-06 13:35:00,,2026-10-06 15:35:00,,,,no actual time,13,,,,28.3,0.30,26.6,6000.0,light rain
1778,2026-10-06,BOM,6E 2016,6E,IndiGo,TRZ,Tiruchirappally,f,VT-NHW,Airbus A320,2,2026-10-06 13:35:00,2026-10-06 13:43:00,2026-10-06 15:40:00,,8,,on time,13,,,,33.3,0.00,34.2,15960.0,dry and calm
1779,2026-10-06,BOM,QP 1141,QP,Akasa Air,GAU,Guwahati,f,,Boeing 737,2,2026-10-06 13:35:00,2026-10-06 13:56:00,2026-10-06 16:50:00,,21,,on time,13,,,,33.3,0.00,34.2,15960.0,dry and calm
1780,2026-10-06,BLR,6E 172,6E,IndiGo,CCU,Kolkata,f,VT-IBY,Airbus A321 NEO,1,2026-10-06 13:40:00,2026-10-06 13:46:00,2026-10-06 16:20:00,2026-10-06 15:45:00,6,-35,on time,13,,,,28.3,0.30,26.6,6000.0,light rain
1781,2026-10-06,HYD,6E 93,6E,IndiGo,RUH,Riyadh,t,VT-IBD,Airbus A321 NEO,,2026-10-06 13:40:00,2026-10-06 13:51:00,2026-10-06 16:10:00,,11,,on time,13,,,,32.0,0.00,31.0,19140.0,dry and calm
1782,2026-10-06,BOM,6E 5337,6E,IndiGo,MAA,Chennai,f,VT-NHB,Airbus A321 NEO,1,2026-10-06 13:45:00,,2026-10-06 15:50:00,,,,no actual time,13,,,,33.3,0.00,34.2,15960.0,dry and calm
1783,2026-10-06,BOM,AI 2753,AI,Air India,BHJ,Bhuj,f,VT-TQP,Airbus A320 NEO,2,2026-10-06 13:50:00,2026-10-06 14:02:00,2026-10-06 15:15:00,,12,,on time,13,,,,33.3,0.00,34.2,15960.0,dry and calm
1784,2026-10-06,HYD,6E 6062,6E,IndiGo,SAG,Shirdi,f,VT-IXG,Airbus A320 NEO,,2026-10-06 13:50:00,2026-10-06 14:07:00,2026-10-06 15:10:00,,17,,on time,13,,,,32.0,0.00,31.0,19140.0,dry and calm
1785,2026-10-06,BLR,6E 196,6E,IndiGo,LKO,Lucknow,f,VT-IPH,Airbus A320 NEO,1,2026-10-06 13:55:00,2026-10-06 14:10:00,2026-10-06 16:25:00,,15,,on time,13,,,,28.3,0.30,26.6,6000.0,light rain
1786,2026-10-06,BLR,6E 6595,6E,IndiGo,AMD,Ahmedabad,f,VT-IXE,Airbus A320 NEO,1,2026-10-06 13:55:00,2026-10-06 13:52:00,2026-10-06 16:00:00,,-3,,on time,13,,,,28.3,0.30,26.6,6000.0,light rain
1787,2026-10-06,BLR,6E 840,6E,IndiGo,DEL,New Delhi,f,VT-NOU,Airbus A321 NEO,1,2026-10-06 13:55:00,2026-10-06 14:04:00,2026-10-06 16:22:00,,9,,on time,13,6E 5217,BOM,-12,28.3,0.30,26.6,6000.0,light rain
1788,2026-10-06,BOM,6E 230,6E,IndiGo,GOI,Vasco da Gama,f,VT-ICB,Airbus A320,2,2026-10-06 13:55:00,2026-10-06 14:22:00,2026-10-06 15:10:00,,27,,on time,13,,,,33.3,0.00,34.2,15960.0,dry and calm
1789,2026-10-06,HYD,6E 6682,6E,IndiGo,GOX,Mopa,f,VT-ISU,Airbus A320 NEO,,2026-10-06 13:55:00,2026-10-06 14:06:00,2026-10-06 15:20:00,,11,,on time,13,,,,32.0,0.00,31.0,19140.0,dry and calm
1790,2026-10-06,BLR,AI 2486,AI,Air India,DEL,New Delhi,f,VT-TQF,Airbus A320 NEO,2,2026-10-06 14:00:00,2026-10-06 14:14:00,2026-10-06 16:35:00,,14,,on time,14,,,,28.6,0.10,25.9,23000.0,light rain
1791,2026-10-06,BOM,6E 6704,6E,IndiGo,DEL,New Delhi,f,VT-IWV,Airbus A320,2,2026-10-06 14:00:00,2026-10-06 14:18:00,2026-10-06 16:07:00,,18,,on time,14,,,,32.5,0.30,34.6,6720.0,light rain
1792,2026-10-06,BOM,AI 131,AI,Air India,LHR,London,t,VT-AWA,Boeing 787-9,2,2026-10-06 14:00:00,2026-10-06 14:12:00,2026-10-06 19:30:00,2026-10-06 18:47:00,12,-43,on time,14,,,,32.5,0.30,34.6,6720.0,light rain
1793,2026-10-06,HYD,6E 7126,6E,IndiGo,MYQ,Mysore,f,VT-IXV,ATR 72,,2026-10-06 14:00:00,,2026-10-06 15:55:00,,,,no actual time,14,,,,31.8,0.00,31.3,19260.0,dry and calm
1794,2026-10-06,BLR,6E 1037,6E,IndiGo,KUL,Kuala Lumpur,t,VT-ILU,Airbus A321 NEO,2,2026-10-06 14:05:00,,2026-10-06 20:45:00,,,,no actual time,14,,,,28.6,0.10,25.9,23000.0,light rain
1795,2026-10-06,BOM,AI 2773,AI,Air India,CCU,Kolkata,f,VT-CIE,Airbus A320 NEO,2,2026-10-06 14:05:00,2026-10-06 14:27:00,2026-10-06 16:55:00,2026-10-06 16:46:00,22,-9,on time,14,,,,32.5,0.30,34.6,6720.0,light rain
1796,2026-10-06,HYD,6E 6263,6E,IndiGo,RPR,Raipur,f,VT-ICC,Airbus A321 NEO,,2026-10-06 14:05:00,2026-10-06 14:46:00,2026-10-06 15:25:00,,41,,late,14,,,,31.8,0.00,31.3,19260.0,dry and calm
1797,2026-10-06,BOM,6E 2280,6E,IndiGo,GOP,Gorakhpur,f,VT-IRY,Airbus A320,2,2026-10-06 14:10:00,2026-10-06 14:31:00,2026-10-06 16:35:00,,21,,on time,14,,,,32.5,0.30,34.6,6720.0,light rain
1798,2026-10-06,HYD,6E 514,6E,IndiGo,MAA,Chennai,f,VT-IAZ,Airbus A321 NEO,,2026-10-06 14:10:00,2026-10-06 15:05:00,2026-10-06 15:30:00,,55,,late,14,,,,31.8,0.00,31.3,19260.0,dry and calm
1799,2026-10-06,BLR,6E 5306,6E,IndiGo,IXE,Mangalore,f,VT-ILF,Airbus A321 NEO,1,2026-10-06 14:15:00,2026-10-06 14:47:00,2026-10-06 15:20:00,,32,,late,14,,,,28.6,0.10,25.9,23000.0,light rain
1800,2026-10-06,BOM,6E 6393,6E,IndiGo,IXC,Chandigarh,f,VT-IMY,Airbus A320,2,2026-10-06 14:15:00,2026-10-06 14:42:00,2026-10-06 16:35:00,,27,,on time,14,,,,32.5,0.30,34.6,6720.0,light rain
1801,2026-10-06,HYD,6E 297,6E,IndiGo,JDH,Jodhpur,f,VT-ISY,Airbus A320 NEO,,2026-10-06 14:15:00,2026-10-06 14:34:00,2026-10-06 16:10:00,,19,,on time,14,,,,31.8,0.00,31.3,19260.0,dry and calm
1802,2026-10-06,HYD,6E 5099,6E,IndiGo,BOM,Mumbai,f,VT-NCV,Airbus A321 NEO,,2026-10-06 14:15:00,2026-10-06 14:37:00,2026-10-06 15:55:00,,22,,on time,14,6E 5178,BOM,2,31.8,0.00,31.3,19260.0,dry and calm
1803,2026-10-06,BLR,6E 5351,6E,IndiGo,BOM,Mumbai,f,VT-NOT,Airbus A321 NEO,1,2026-10-06 14:20:00,2026-10-06 14:42:00,2026-10-06 16:05:00,,22,,on time,14,,,,28.6,0.10,25.9,23000.0,light rain
1804,2026-10-06,BLR,AI 133,AI,Air India,LHR,London,t,VT-ANA,Boeing 787-8,2,2026-10-06 14:20:00,2026-10-06 14:45:00,2026-10-06 20:20:00,2026-10-06 20:05:00,25,-15,on time,14,,,,28.6,0.10,25.9,23000.0,light rain
1805,2026-10-06,HYD,6E 504,6E,IndiGo,VTZ,Visakhapatnam,f,VT-IMH,Airbus A321 NEO,,2026-10-06 14:20:00,2026-10-06 14:50:00,2026-10-06 15:45:00,2026-10-06 15:48:00,30,3,late,14,,,,31.8,0.00,31.3,19260.0,dry and calm
1806,2026-10-06,HYD,6E 6915,6E,IndiGo,IDR,Indore,f,VT-IMU,Airbus A321 NEO,,2026-10-06 14:20:00,2026-10-06 14:41:00,2026-10-06 15:45:00,,21,,on time,14,,,,31.8,0.00,31.3,19260.0,dry and calm
1807,2026-10-06,BOM,6E 5345,6E,IndiGo,RPR,Raipur,f,VT-IAS,Airbus A320 NEO,1,2026-10-06 14:25:00,2026-10-06 14:32:00,2026-10-06 16:25:00,,7,,on time,14,,,,32.5,0.30,34.6,6720.0,light rain
1808,2026-10-06,BOM,AI 2595,AI,Air India,UDR,Udaipur,f,,Airbus A320 NEO,2,2026-10-06 14:25:00,2026-10-06 15:02:00,2026-10-06 16:00:00,,37,,late,14,,,,32.5,0.30,34.6,6720.0,light rain
1809,2026-10-06,HYD,6E 6481,6E,IndiGo,BDQ,Vadodara,f,VT-ILS,Airbus A321 NEO,,2026-10-06 14:25:00,2026-10-06 14:56:00,2026-10-06 16:00:00,,31,,late,14,,,,31.8,0.00,31.3,19260.0,dry and calm
1810,2026-10-06,HYD,AI 2445,AI,Air India,BOM,Mumbai,f,VT-RTZ,Airbus A320 NEO,,2026-10-06 14:25:00,2026-10-06 14:20:00,2026-10-06 16:25:00,,-5,,on time,14,,,,31.8,0.00,31.3,19260.0,dry and calm
1811,2026-10-06,BOM,6E 5382,6E,IndiGo,BLR,Bangalore,f,VT-NCK,Airbus A320,1,2026-10-06 14:30:00,2026-10-06 14:37:00,2026-10-06 16:25:00,2026-10-06 15:47:00,7,-38,on time,14,6E 5069,BLR,,32.5,0.30,34.6,6720.0,light rain
1812,2026-10-06,BOM,QP 1819,QP,Akasa Air,DEL,New Delhi,f,,Boeing 737,2,2026-10-06 14:30:00,2026-10-06 14:52:00,2026-10-06 16:42:00,,22,,on time,14,,,,32.5,0.30,34.6,6720.0,light rain
1813,2026-10-06,BOM,WY 204,WY,Oman Air,MCT,Muscat,t,A4O-MD,Boeing 737-800,2,2026-10-06 14:30:00,2026-10-06 14:38:00,2026-10-06 15:45:00,,8,,on time,14,,,,32.5,0.30,34.6,6720.0,light rain
1814,2026-10-06,HYD,6E 6405,6E,IndiGo,BLR,Bangalore,f,VT-ICZ,Airbus A321 NEO,,2026-10-06 14:30:00,2026-10-06 15:09:00,2026-10-06 15:50:00,2026-10-06 16:01:00,39,11,late,14,,,,31.8,0.00,31.3,19260.0,dry and calm
1815,2026-10-06,HYD,IX 2819,IX,Air India Express,VTZ,Visakhapatnam,f,VT-BXN,Boeing 737 MAX 8,,2026-10-06 14:30:00,2026-10-06 15:04:00,2026-10-06 15:55:00,2026-10-06 16:02:00,34,7,late,14,IX 2819,BLR,-5,31.8,0.00,31.3,19260.0,dry and calm
1816,2026-10-06,BOM,AI 2659,AI,Air India,IXC,Chandigarh,f,VT-EXL,Airbus A320 NEO,2,2026-10-06 14:35:00,2026-10-06 14:52:00,2026-10-06 17:15:00,,17,,on time,14,,,,32.5,0.30,34.6,6720.0,light rain
1817,2026-10-06,BOM,AI 2944,AI,Air India,DEL,New Delhi,f,VT-TQS,Airbus A320 NEO,2,2026-10-06 14:35:00,2026-10-06 14:44:00,2026-10-06 16:29:00,,9,,on time,14,,,,32.5,0.30,34.6,6720.0,light rain
1818,2026-10-06,BLR,6E 602,6E,IndiGo,CJB,Coimbatore,f,VT-IRW,Airbus A321 NEO,1,2026-10-06 14:40:00,2026-10-06 15:07:00,2026-10-06 15:45:00,,27,,on time,14,,,,28.6,0.10,25.9,23000.0,light rain
1819,2026-10-06,BOM,6E 273,6E,IndiGo,HSR,Rajkot,f,VT-IOX,Airbus A320 NEO,2,2026-10-06 14:40:00,2026-10-06 14:57:00,2026-10-06 15:50:00,,17,,on time,14,,,,32.5,0.30,34.6,6720.0,light rain
1820,2026-10-06,BOM,6E 5123,6E,IndiGo,RJA,Rajahmundry,f,VT-IQM,Airbus A320 NEO,1,2026-10-06 14:40:00,2026-10-06 14:41:00,2026-10-06 16:35:00,,1,,on time,14,,,,32.5,0.30,34.6,6720.0,light rain
1821,2026-10-06,HYD,6E 711,6E,IndiGo,DEL,New Delhi,f,VT-NHT,Airbus A321 NEO,,2026-10-06 14:40:00,2026-10-06 15:07:00,2026-10-06 16:59:00,,27,,on time,14,,,,31.8,0.00,31.3,19260.0,dry and calm
1822,2026-10-06,BLR,6E 6277,6E,IndiGo,PAT,Patna,f,VT-IWY,Airbus A320,1,2026-10-06 14:45:00,2026-10-06 15:02:00,2026-10-06 17:20:00,,17,,on time,14,,,,28.6,0.10,25.9,23000.0,light rain
1823,2026-10-06,BOM,IX 1050,IX,Air India Express,DEL,New Delhi,f,,Airbus A320,2,2026-10-06 14:45:00,2026-10-06 15:00:00,2026-10-06 16:53:00,,15,,on time,14,,,,32.5,0.30,34.6,6720.0,light rain
1824,2026-10-06,BOM,IX 1176,IX,Air India Express,IXB,Siliguri,f,VT-BWX,Airbus A320,2,2026-10-06 14:45:00,2026-10-06 15:48:00,2026-10-06 18:20:00,,63,,late,14,,,,32.5,0.30,34.6,6720.0,light rain
1825,2026-10-06,BLR,QP 1423,QP,Akasa Air,VNS,Varanasi,f,,Boeing 737,1,2026-10-06 14:50:00,,2026-10-06 17:15:00,,,,no actual time,14,,,,28.6,0.10,25.9,23000.0,light rain
1826,2026-10-06,BLR,IX 2051,IX,Air India Express,HYD,Hyderabad,f,VT-BXK,Boeing 737 MAX 8,2,2026-10-06 14:55:00,2026-10-06 15:13:00,2026-10-06 16:05:00,2026-10-06 16:02:00,18,-3,on time,14,,,,28.6,0.10,25.9,23000.0,light rain
1827,2026-10-06,BOM,6E 5201,6E,IndiGo,AMD,Ahmedabad,f,VT-IKQ,Airbus A320 NEO,1,2026-10-06 14:55:00,2026-10-06 15:05:00,2026-10-06 16:20:00,,10,,on time,14,,,,32.5,0.30,34.6,6720.0,light rain
1828,2026-10-06,BLR,6E 182,6E,IndiGo,MAA,Chennai,f,VT-IQS,Airbus A320 NEO,1,2026-10-06 15:00:00,,2026-10-06 16:15:00,,,,no actual time,15,,,,28.4,0.00,22.0,8360.0,dry and calm
1829,2026-10-06,BLR,6E 6030,6E,IndiGo,NMI,Mumbai,f,VT-IPC,Airbus A320 NEO,1,2026-10-06 15:00:00,2026-10-06 15:35:00,2026-10-06 16:40:00,,35,,late,15,,,,28.4,0.00,22.0,8360.0,dry and calm
1830,2026-10-06,BLR,AI 2511,AI,Air India,DEL,New Delhi,f,,Airbus A320 NEO,2,2026-10-06 15:00:00,,2026-10-06 17:42:00,,,,no actual time,15,,,,28.4,0.00,22.0,8360.0,dry and calm
1831,2026-10-06,BLR,IX 1536,IX,Air India Express,BBI,Bhubaneswar,f,,Boeing 737,2,2026-10-06 15:00:00,,2026-10-06 17:05:00,,,,no actual time,15,,,,28.4,0.00,22.0,8360.0,dry and calm
1832,2026-10-06,BOM,6E 349,6E,IndiGo,DEL,New Delhi,f,VT-NCC,Airbus A320,2,2026-10-06 15:00:00,2026-10-06 15:07:00,2026-10-06 16:57:00,,7,,on time,15,,,,31.8,0.10,36.0,12800.0,light rain
1833,2026-10-06,BOM,AI 2442,AI,Air India,DEL,New Delhi,f,,Airbus A320 NEO,2,2026-10-06 15:00:00,2026-10-06 15:16:00,2026-10-06 17:05:00,,16,,on time,15,,,,31.8,0.10,36.0,12800.0,light rain
1834,2026-10-06,HYD,6E 6781,6E,IndiGo,IXM,Madurai,f,,Airbus A320 NEO,,2026-10-06 15:00:00,,2026-10-06 16:40:00,,,,no actual time,15,,,,31.3,0.00,30.6,19280.0,dry and calm
1835,2026-10-06,BLR,6E 6572,6E,IndiGo,CCU,Kolkata,f,VT-IMI,Airbus A321 NEO,1,2026-10-06 15:05:00,2026-10-06 15:40:00,2026-10-06 17:45:00,2026-10-06 17:47:00,35,2,late,15,,,,28.4,0.00,22.0,8360.0,dry and calm
1836,2026-10-06,BOM,6E 1453,6E,IndiGo,DXB,Dubai,t,VT-NHL,Airbus A321 NEO,2,2026-10-06 15:05:00,2026-10-06 15:31:00,2026-10-06 16:40:00,2026-10-06 16:28:00,26,-12,on time,15,,,,31.8,0.10,36.0,12800.0,light rain
1837,2026-10-06,BOM,AI 2531,AI,Air India,HYD,Hyderabad,f,VT-TQR,Airbus A320 NEO,2,2026-10-06 15:05:00,2026-10-06 15:30:00,2026-10-06 16:35:00,2026-10-06 16:28:00,25,-7,on time,15,AI 2402,BLR,,31.8,0.10,36.0,12800.0,light rain
1838,2026-10-06,HYD,IX 2746,IX,Air India Express,IXB,Siliguri,f,VT-BWD,Boeing 737 MAX 8,,2026-10-06 15:05:00,2026-10-06 15:14:00,2026-10-06 17:35:00,,9,,on time,15,,,,31.3,0.00,30.6,19280.0,dry and calm
1839,2026-10-06,BLR,6E 852,6E,IndiGo,DED,Dehradun,f,VT-IQF,Airbus A320 NEO,1,2026-10-06 15:10:00,2026-10-06 15:29:00,2026-10-06 18:05:00,,19,,on time,15,,,,28.4,0.00,22.0,8360.0,dry and calm
1840,2026-10-06,BLR,QP 1904,QP,Akasa Air,AMD,Ahmedabad,f,,Boeing 737,1,2026-10-06 15:10:00,,2026-10-06 17:30:00,,,,no actual time,15,,,,28.4,0.00,22.0,8360.0,dry and calm
1841,2026-10-06,BOM,6E 5386,6E,IndiGo,HYD,Hyderabad,f,VT-NCU,Airbus A320,1,2026-10-06 15:10:00,2026-10-06 15:35:00,2026-10-06 16:45:00,2026-10-06 16:35:00,25,-10,on time,15,6E 5384,HYD,,31.8,0.10,36.0,12800.0,light rain
1842,2026-10-06,BOM,6E 624,6E,IndiGo,TRV,Trivandrum,f,VT-NHD,Airbus A321 NEO,2,2026-10-06 15:10:00,2026-10-06 15:27:00,2026-10-06 17:25:00,2026-10-06 17:16:00,17,-9,on time,15,,,,31.8,0.10,36.0,12800.0,light rain
1843,2026-10-06,HYD,6E 7136,6E,IndiGo,ISK,Nasik,f,VT-IXZ,ATR 72,,2026-10-06 15:10:00,,2026-10-06 16:50:00,,,,no actual time,15,,,,31.3,0.00,30.6,19280.0,dry and calm
1844,2026-10-06,BLR,6E 6427,6E,IndiGo,TRV,Trivandrum,f,VT-IMZ,Airbus A321 NEO,1,2026-10-06 15:15:00,2026-10-06 15:31:00,2026-10-06 16:35:00,2026-10-06 16:22:00,16,-13,on time,15,,,,28.4,0.00,22.0,8360.0,dry and calm
1845,2026-10-06,BLR,6E 6596,6E,IndiGo,VNS,Varanasi,f,VT-IXN,Airbus A320 NEO,1,2026-10-06 15:15:00,2026-10-06 16:01:00,2026-10-06 17:45:00,,46,,late,15,,,,28.4,0.00,22.0,8360.0,dry and calm
1846,2026-10-06,BLR,6E 6753,6E,IndiGo,GOI,Vasco da Gama,f,VT-ICL,Airbus A321 NEO,1,2026-10-06 15:15:00,2026-10-06 16:36:00,2026-10-06 16:35:00,,81,,late,15,,,,28.4,0.00,22.0,8360.0,dry and calm
1847,2026-10-06,BLR,QP 1315,QP,Akasa Air,PNQ,Pune,f,,Boeing 737,1,2026-10-06 15:15:00,,2026-10-06 16:55:00,,,,no actual time,15,,,,28.4,0.00,22.0,8360.0,dry and calm
1848,2026-10-06,BOM,6E 5354,6E,IndiGo,CCU,Kolkata,f,VT-IWT,Airbus A321 NEO,1,2026-10-06 15:15:00,2026-10-06 15:23:00,2026-10-06 18:00:00,2026-10-06 17:34:00,8,-26,on time,15,,,,31.8,0.10,36.0,12800.0,light rain
1849,2026-10-06,BLR,6E 7445,6E,IndiGo,KLH,Kolkhapur,f,VT-IYJ,ATR 72,1,2026-10-06 15:20:00,2026-10-06 15:50:00,2026-10-06 17:05:00,,30,,late,15,,,,28.4,0.00,22.0,8360.0,dry and calm
1850,2026-10-06,BLR,IX 1540,IX,Air India Express,VNS,Varanasi,f,,Boeing 737,2,2026-10-06 15:25:00,,2026-10-06 17:55:00,,,,no actual time,15,,,,28.4,0.00,22.0,8360.0,dry and calm
1851,2026-10-06,BOM,6E 5196,6E,IndiGo,MAA,Chennai,f,VT-NHG,Airbus A320,1,2026-10-06 15:25:00,2026-10-06 15:36:00,2026-10-06 17:30:00,,11,,on time,15,6E 5216,BLR,,31.8,0.10,36.0,12800.0,light rain
1852,2026-10-06,BOM,AI 2853,AI,Air India,BLR,Bangalore,f,VT-TQJ,Airbus A320 NEO,2,2026-10-06 15:25:00,2026-10-06 15:39:00,2026-10-06 17:35:00,2026-10-06 16:55:00,14,-40,on time,15,,,,31.8,0.10,36.0,12800.0,light rain
1853,2026-10-06,HYD,6E 6223,6E,IndiGo,PAT,Patna,f,VT-IIY,Airbus A320 NEO,,2026-10-06 15:25:00,2026-10-06 15:55:00,2026-10-06 17:30:00,,30,,late,15,,,,31.3,0.00,30.6,19280.0,dry and calm
1854,2026-10-06,BLR,6E 7223,6E,IndiGo,VGA,Vidzhayavada,f,VT-IYO,ATR 72,1,2026-10-06 15:30:00,,2026-10-06 17:00:00,,,,no actual time,15,,,,28.4,0.00,22.0,8360.0,dry and calm
1855,2026-10-06,BLR,AI 428,AI,Air India,DEL,New Delhi,f,,Boeing 787-8,2,2026-10-06 15:30:00,,2026-10-06 18:05:00,,,,no actual time,15,,,,28.4,0.00,22.0,8360.0,dry and calm
1856,2026-10-06,BOM,AI 2745,AI,Air India,GOI,Vasco da Gama,f,,Airbus A320 NEO,2,2026-10-06 15:30:00,2026-10-06 15:51:00,2026-10-06 16:50:00,,21,,on time,15,,,,31.8,0.10,36.0,12800.0,light rain
1857,2026-10-06,BOM,AI 2915,AI,Air India,AMD,Ahmedabad,f,,Airbus A320 NEO,2,2026-10-06 15:30:00,2026-10-06 15:52:00,2026-10-06 16:50:00,,22,,on time,15,,,,31.8,0.10,36.0,12800.0,light rain
1858,2026-10-06,HYD,6E 2073,6E,IndiGo,TRZ,Tiruchirappally,f,VT-IQV,Airbus A320 NEO,,2026-10-06 15:30:00,2026-10-06 16:04:00,2026-10-06 17:00:00,,34,,late,15,,,,31.3,0.00,30.6,19280.0,dry and calm
1859,2026-10-06,BLR,6E 6003,6E,IndiGo,NAG,Naqpur,f,VT-ILY,Airbus A321 NEO,1,2026-10-06 15:35:00,2026-10-06 16:03:00,2026-10-06 17:20:00,,28,,on time,15,,,,28.4,0.00,22.0,8360.0,dry and calm
1860,2026-10-06,BOM,6E 5071,6E,IndiGo,BLR,Bangalore,f,VT-NCP,Airbus A320,1,2026-10-06 15:35:00,2026-10-06 15:53:00,2026-10-06 17:25:00,2026-10-06 17:05:00,18,-20,on time,15,6E 5218,BLR,,31.8,0.10,36.0,12800.0,light rain
1861,2026-10-06,BOM,AI 598,AI,Air India,VGA,Gannavaram,f,VT-TQK,Airbus A319,2,2026-10-06 15:35:00,2026-10-06 15:39:00,2026-10-06 17:30:00,,4,,on time,15,,,,31.8,0.10,36.0,12800.0,light rain
1862,2026-10-06,BOM,IX 1807,IX,Air India Express,JGA,Jamnagar,f,,Airbus A320 NEO,2,2026-10-06 15:35:00,2026-10-06 15:58:00,2026-10-06 17:00:00,,23,,on time,15,,,,31.8,0.10,36.0,12800.0,light rain
1863,2026-10-06,BOM,QP 1137,QP,Akasa Air,COK,Kochi,f,,Boeing 737,2,2026-10-06 15:35:00,2026-10-06 16:06:00,2026-10-06 17:35:00,,31,,late,15,,,,31.8,0.10,36.0,12800.0,light rain
1864,2026-10-06,HYD,6E 121,6E,IndiGo,GOI,Vasco da Gama,f,VT-IBK,Airbus A321 NEO,,2026-10-06 15:35:00,2026-10-06 15:48:00,2026-10-06 16:45:00,,13,,on time,15,,,,31.3,0.00,30.6,19280.0,dry and calm
1865,2026-10-06,HYD,6E 6540,6E,IndiGo,TIR,Tirumala - Tirupati,f,VT-IVB,Airbus A320 NEO,,2026-10-06 15:35:00,2026-10-06 15:39:00,2026-10-06 16:35:00,,4,,on time,15,,,,31.3,0.00,30.6,19280.0,dry and calm
1866,2026-10-06,BLR,6E 516,6E,IndiGo,IXU,Aurangabad,f,VT-IPE,Airbus A320 NEO,1,2026-10-06 15:40:00,2026-10-06 16:24:00,2026-10-06 17:20:00,,44,,late,15,,,,28.4,0.00,22.0,8360.0,dry and calm
1867,2026-10-06,BLR,6E 807,6E,IndiGo,BDQ,Vadodara,f,,Airbus A320,1,2026-10-06 15:40:00,,2026-10-06 17:50:00,,,,no actual time,15,,,,28.4,0.00,22.0,8360.0,dry and calm
1868,2026-10-06,HYD,6E 1315,6E,IndiGo,DOH,Doha,t,VT-IQG,Airbus A320 NEO,,2026-10-06 15:40:00,2026-10-06 15:57:00,2026-10-06 17:30:00,2026-10-06 17:30:00,17,0,on time,15,,,,31.3,0.00,30.6,19280.0,dry and calm
1869,2026-10-06,BLR,6E 860,6E,IndiGo,DEL,New Delhi,f,VT-NCA,Airbus A321 NEO,1,2026-10-06 15:45:00,2026-10-06 16:12:00,2026-10-06 18:28:00,,27,,on time,15,6E 5184,BOM,-13,28.4,0.00,22.0,8360.0,dry and calm
1870,2026-10-06,BOM,6E 240,6E,IndiGo,CJB,Coimbatore,f,VT-IMM,Airbus A320,2,2026-10-06 15:45:00,2026-10-06 15:56:00,2026-10-06 17:40:00,,11,,on time,15,,,,31.8,0.10,36.0,12800.0,light rain
1871,2026-10-06,BOM,6E 5154,6E,IndiGo,UDR,Udaipur,f,VT-ILR,Airbus A320,1,2026-10-06 15:45:00,2026-10-06 15:55:00,2026-10-06 17:10:00,,10,,on time,15,,,,31.8,0.10,36.0,12800.0,light rain
1872,2026-10-06,BOM,6E 5131,6E,IndiGo,BHO,Bhopal,f,VT-ICY,Airbus A321 NEO,1,2026-10-06 15:50:00,2026-10-06 16:08:00,2026-10-06 17:25:00,,18,,on time,15,,,,31.8,0.10,36.0,12800.0,light rain
1873,2026-10-06,HYD,6E 7512,6E,IndiGo,IXG,Belgaum,f,VT-IRG,ATR 72,,2026-10-06 15:50:00,2026-10-06 18:16:00,2026-10-06 17:15:00,,146,,late,15,,,,31.3,0.00,30.6,19280.0,dry and calm
1874,2026-10-06,BOM,6E 1311,6E,IndiGo,HKT,Phuket,t,VT-NHF,Airbus A320,2,2026-10-06 15:55:00,2026-10-06 16:15:00,2026-10-06 21:55:00,,20,,on time,15,,,,31.8,0.10,36.0,12800.0,light rain
1875,2026-10-06,BLR,EK 9711,EK,Emirates,DWC,Jebel Ali,t,A6-EWN,Boeing 777,,2026-10-06 15:57:00,2026-10-06 15:57:00,2026-10-06 17:41:00,2026-10-06 17:41:00,0,0,on time,15,,,,28.4,0.00,22.0,8360.0,dry and calm
1876,2026-10-06,BLR,6E 469,6E,IndiGo,JAI,Jaipur,f,VT-NHS,Airbus A321 NEO,1,2026-10-06 16:00:00,2026-10-06 16:33:00,2026-10-06 18:20:00,,33,,late,16,,,,27.8,0.10,19.8,13980.0,light rain
1877,2026-10-06,BLR,6E 5031,6E,IndiGo,BOM,Mumbai,f,VT-NCT,Airbus A321 NEO,1,2026-10-06 16:00:00,,2026-10-06 17:45:00,,,,no actual time,16,,,,27.8,0.10,19.8,13980.0,light rain
1878,2026-10-06,BLR,6E 7142,6E,IndiGo,PNY,Puduchcheri,f,VT-IYS,ATR 72,1,2026-10-06 16:00:00,,2026-10-06 17:10:00,,,,no actual time,16,,,,27.8,0.10,19.8,13980.0,light rain
1879,2026-10-06,BOM,6E 313,6E,IndiGo,DEL,New Delhi,f,VT-NCR,Airbus A321 NEO,2,2026-10-06 16:00:00,2026-10-06 16:13:00,2026-10-06 17:56:00,,13,,on time,16,,,,31.3,0.00,35.6,11140.0,dry and calm
1880,2026-10-06,BOM,AI 2730,AI,Air India,HSR,Rajkot,f,,Airbus A320 NEO,2,2026-10-06 16:00:00,2026-10-06 16:09:00,2026-10-06 17:20:00,,9,,on time,16,,,,31.3,0.00,35.6,11140.0,dry and calm
1881,2026-10-06,BOM,EK 507,EK,Emirates,DXB,Dubai,t,A6-EGI,Boeing 777-300ER,2,2026-10-06 16:00:00,2026-10-06 16:18:00,2026-10-06 17:35:00,2026-10-06 17:09:00,18,-26,on time,16,,,,31.3,0.00,35.6,11140.0,dry and calm
1882,2026-10-06,BLR,QP 1150,QP,Akasa Air,BOM,Mumbai,f,,Boeing 737,1,2026-10-06 16:05:00,,2026-10-06 17:55:00,,,,no actual time,16,,,,27.8,0.10,19.8,13980.0,light rain
1883,2026-10-06,HYD,6E 6234,6E,IndiGo,COK,Kochi,f,VT-IBJ,Airbus A321 NEO,,2026-10-06 16:05:00,2026-10-06 16:24:00,2026-10-06 17:45:00,,19,,on time,16,,,,30.4,0.00,28.1,19220.0,dry and calm
1884,2026-10-06,BLR,IX 2052,IX,Air India Express,STV,Surat,f,,Boeing 737,2,2026-10-06 16:10:00,,2026-10-06 18:05:00,,,,no actual time,16,,,,27.8,0.10,19.8,13980.0,light rain
1885,2026-10-06,BOM,6E 6931,6E,IndiGo,CCJ,Calicut,f,VT-IMS,Airbus A320,2,2026-10-06 16:10:00,2026-10-06 16:33:00,2026-10-06 18:05:00,,23,,on time,16,,,,31.3,0.00,35.6,11140.0,dry and calm
1886,2026-10-06,BLR,IX 2608,IX,Air India Express,COK,Kochi,f,VT-BWO,Boeing 737 MAX 8,2,2026-10-06 16:15:00,2026-10-06 16:39:00,2026-10-06 17:40:00,,24,,on time,16,,,,27.8,0.10,19.8,13980.0,light rain
1887,2026-10-06,HYD,6E 501,6E,IndiGo,VNS,Varanasi,f,VT-ICI,Airbus A321 NEO,,2026-10-06 16:15:00,2026-10-06 16:31:00,2026-10-06 18:10:00,,16,,on time,16,,,,30.4,0.00,28.1,19220.0,dry and calm
1888,2026-10-06,BLR,6E 451,6E,IndiGo,LKO,Lucknow,f,VT-IIW,Airbus A320 NEO,1,2026-10-06 16:20:00,2026-10-06 16:42:00,2026-10-06 18:55:00,,22,,on time,16,,,,27.8,0.10,19.8,13980.0,light rain
1889,2026-10-06,BLR,6E 851,6E,IndiGo,IXC,Chandigarh,f,VT-IFZ,Airbus A320 (Sharklets),1,2026-10-06 16:20:00,2026-10-06 16:41:00,2026-10-06 19:20:00,,21,,on time,16,,,,27.8,0.10,19.8,13980.0,light rain
1890,2026-10-06,BLR,6E 6548,6E,IndiGo,BLR,Bangalore,f,VT-IPE,Airbus A320 NEO,,2026-10-06 16:24:00,2026-10-06 16:24:00,,,0,,on time,16,,,,27.8,0.10,19.8,13980.0,light rain
1891,2026-10-06,BLR,6E 6774,6E,IndiGo,GAU,Guwahati,f,VT-ICN,Airbus A321 NEO,1,2026-10-06 16:25:00,2026-10-06 16:44:00,2026-10-06 19:30:00,,19,,on time,16,,,,27.8,0.10,19.8,13980.0,light rain
1892,2026-10-06,BOM,IX 1242,IX,Air India Express,GOI,Vasco da Gama,f,VT-BWA,Boeing 737,2,2026-10-06 16:25:00,2026-10-06 16:35:00,2026-10-06 17:50:00,,10,,on time,16,,,,31.3,0.00,35.6,11140.0,dry and calm
1893,2026-10-06,HYD,6E 6372,6E,IndiGo,DEL,New Delhi,f,VT-NHA,Airbus A321 NEO,,2026-10-06 16:25:00,2026-10-06 16:42:00,2026-10-06 18:33:00,,17,,on time,16,,,,30.4,0.00,28.1,19220.0,dry and calm
1894,2026-10-06,BLR,6E 6067,6E,IndiGo,HYD,Hyderabad,f,VT-ICZ,Airbus A321 NEO,1,2026-10-06 16:30:00,2026-10-06 17:45:00,2026-10-06 17:45:00,2026-10-06 18:33:00,75,48,late,16,6E 6405,HYD,11,27.8,0.10,19.8,13980.0,light rain
1895,2026-10-06,BLR,AI 2418,AI,Air India,DEL,New Delhi,f,VT-TNX,Airbus A320 NEO,2,2026-10-06 16:30:00,,2026-10-06 19:04:00,,,,no actual time,16,,,,27.8,0.10,19.8,13980.0,light rain
1896,2026-10-06,BOM,AI 2687,AI,Air India,DEL,New Delhi,f,,Airbus A320 NEO,2,2026-10-06 16:30:00,2026-10-06 16:50:00,2026-10-06 18:28:00,,20,,on time,16,,,,31.3,0.00,35.6,11140.0,dry and calm
1897,2026-10-06,HYD,6E 314,6E,IndiGo,BLR,Bangalore,f,VT-NHQ,Airbus A321 NEO,,2026-10-06 16:30:00,2026-10-06 16:54:00,2026-10-06 17:50:00,2026-10-06 17:41:00,24,-9,on time,16,,,,30.4,0.00,28.1,19220.0,dry and calm
1898,2026-10-06,BLR,6E 309,6E,IndiGo,GOX,Mopa,f,VT-IOT,Airbus A320 NEO,1,2026-10-06 16:40:00,2026-10-06 16:46:00,2026-10-06 17:55:00,,6,,on time,16,,,,27.8,0.10,19.8,13980.0,light rain
1899,2026-10-06,BOM,6E 5241,6E,IndiGo,GOI,Vasco da Gama,f,VT-IOM,Airbus A320,1,2026-10-06 16:40:00,2026-10-06 16:42:00,2026-10-06 18:05:00,,2,,on time,16,,,,31.3,0.00,35.6,11140.0,dry and calm
1900,2026-10-06,HYD,6E 2015,6E,IndiGo,NMI,Mumbai,f,VT-IQW,Airbus A320 NEO,,2026-10-06 16:40:00,2026-10-06 17:18:00,2026-10-06 18:10:00,,38,,late,16,,,,30.4,0.00,28.1,19220.0,dry and calm
1901,2026-10-06,BLR,6E 6451,6E,IndiGo,PAT,Patna,f,VT-IPI,Airbus A320 NEO,1,2026-10-06 16:45:00,2026-10-06 17:08:00,2026-10-06 19:15:00,,23,,on time,16,,,,27.8,0.10,19.8,13980.0,light rain
1902,2026-10-06,BLR,IX 1527,IX,Air India Express,DED,Dehradun,f,,Boeing 737,2,2026-10-06 16:45:00,,2026-10-06 19:50:00,,,,no actual time,16,,,,27.8,0.10,19.8,13980.0,light rain
1903,2026-10-06,BLR,IX 2945,IX,Air India Express,GAU,Guwahati,f,VT-TNN,Airbus A320 (Sharklets),2,2026-10-06 16:45:00,2026-10-06 17:13:00,2026-10-06 19:55:00,,28,,on time,16,,,,27.8,0.10,19.8,13980.0,light rain
1904,2026-10-06,BOM,6E 5228,6E,IndiGo,HYD,Hyderabad,f,VT-NOT,Airbus A320,1,2026-10-06 16:45:00,2026-10-06 17:04:00,2026-10-06 18:20:00,2026-10-06 18:15:00,19,-5,on time,16,6E 5351,BLR,,31.3,0.00,35.6,11140.0,dry and calm
1905,2026-10-06,BOM,6E 6082,6E,IndiGo,DEL,New Delhi,f,,Airbus A320,2,2026-10-06 16:45:00,2026-10-06 17:00:00,2026-10-06 18:44:00,,15,,on time,16,,,,31.3,0.00,35.6,11140.0,dry and calm
1906,2026-10-06,BOM,IX 1671,IX,Air India Express,DEL,New Delhi,f,VT-BWT,Boeing 737,2,2026-10-06 16:45:00,2026-10-06 17:27:00,2026-10-06 19:11:00,,42,,late,16,,,,31.3,0.00,35.6,11140.0,dry and calm
1907,2026-10-06,BLR,AI 8XX,AI,Air India,DEL,New Delhi,f,VT-TNX,Airbus A320 NEO,,2026-10-06 16:47:00,2026-10-06 16:48:00,,,1,,on time,16,,,,27.8,0.10,19.8,13980.0,light rain
1908,2026-10-06,BLR,6E 239,6E,IndiGo,AMD,Ahmedabad,f,VT-ICO,Airbus A321 NEO,1,2026-10-06 16:50:00,2026-10-06 17:10:00,2026-10-06 19:00:00,,20,,on time,16,,,,27.8,0.10,19.8,13980.0,light rain
1909,2026-10-06,BOM,6E 463,6E,IndiGo,BBI,Bhubaneswar,f,VT-IPS,Airbus A320 NEO,2,2026-10-06 16:50:00,2026-10-06 17:13:00,2026-10-06 19:25:00,,23,,on time,16,,,,31.3,0.00,35.6,11140.0,dry and calm
1910,2026-10-06,BOM,6E 6599,6E,IndiGo,IDR,Indore,f,VT-IRV,Airbus A320,2,2026-10-06 16:50:00,2026-10-06 17:09:00,2026-10-06 18:15:00,,19,,on time,16,,,,31.3,0.00,35.6,11140.0,dry and calm
1911,2026-10-06,BOM,QP 1808,QP,Akasa Air,DEL,New Delhi,f,,Boeing 737,2,2026-10-06 16:50:00,2026-10-06 17:07:00,2026-10-06 18:52:00,,17,,on time,16,,,,31.3,0.00,35.6,11140.0,dry and calm
1912,2026-10-06,HYD,IX 1345,IX,Air India Express,BLR,Bangalore,f,VT-BXK,Boeing 737 MAX 8,,2026-10-06 16:50:00,2026-10-06 17:07:00,2026-10-06 18:20:00,2026-10-06 17:54:00,17,-26,on time,16,IX 2051,BLR,-3,30.4,0.00,28.1,19220.0,dry and calm
1913,2026-10-06,BLR,EY 237,EY,Etihad,AUH,Abu Dhabi,t,A6-LRE,Airbus A321 NEO,2,2026-10-06 16:55:00,2026-10-06 17:05:00,2026-10-06 19:10:00,,10,,on time,16,,,,27.8,0.10,19.8,13980.0,light rain
1914,2026-10-06,BOM,6E 6802,6E,IndiGo,NAG,Naqpur,f,,Airbus A320 NEO,2,2026-10-06 16:55:00,2026-10-06 17:24:00,2026-10-06 18:30:00,,29,,on time,16,,,,31.3,0.00,35.6,11140.0,dry and calm
1915,2026-10-06,BOM,AI 621,AI,Air India,JAI,Jaipur,f,,Airbus A320 NEO,2,2026-10-06 16:55:00,2026-10-06 17:17:00,2026-10-06 18:50:00,,22,,on time,16,,,,31.3,0.00,35.6,11140.0,dry and calm
1916,2026-10-06,BOM,AI 681,AI,Air India,COK,Kochi,f,,Airbus A319,2,2026-10-06 16:55:00,2026-10-06 17:06:00,2026-10-06 18:55:00,,11,,on time,16,,,,31.3,0.00,35.6,11140.0,dry and calm
1917,2026-10-06,BOM,EY 203,EY,Etihad,AUH,Abu Dhabi,t,A6-LRJ,Airbus A320,2,2026-10-06 16:55:00,2026-10-06 17:15:00,2026-10-06 18:30:00,,20,,on time,16,,,,31.3,0.00,35.6,11140.0,dry and calm
1918,2026-10-06,BOM,QP 1825,QP,Akasa Air,DEL,New Delhi,f,,Boeing 737,2,2026-10-06 16:55:00,2026-10-06 17:05:00,2026-10-06 18:50:00,,10,,on time,16,,,,31.3,0.00,35.6,11140.0,dry and calm
1919,2026-10-06,BLR,6E 109,6E,IndiGo,IXE,Mangalore,f,VT-IQU,Airbus A320 NEO,1,2026-10-06 17:00:00,2026-10-06 17:54:00,2026-10-06 18:00:00,,54,,late,17,,,,26.5,0.60,28.4,22940.0,light rain
1920,2026-10-06,BLR,6E 6039,6E,IndiGo,DEL,New Delhi,f,VT-NCD,Airbus A321 NEO,1,2026-10-06 17:00:00,2026-10-06 17:24:00,2026-10-06 19:48:00,,24,,on time,17,,,,26.5,0.60,28.4,22940.0,light rain
1921,2026-10-06,BLR,QP 1503,QP,Akasa Air,BBI,Bhubaneswar,f,,Boeing 737,1,2026-10-06 17:00:00,,2026-10-06 19:10:00,,,,no actual time,17,,,,26.5,0.60,28.4,22940.0,light rain
1922,2026-10-06,BOM,6E 5221,6E,IndiGo,BLR,Bangalore,f,VT-NCV,Airbus A320,1,2026-10-06 17:00:00,2026-10-06 17:10:00,2026-10-06 18:55:00,2026-10-06 18:28:00,10,-27,on time,17,6E 5099,HYD,,30.8,0.00,33.1,14220.0,dry and calm
1923,2026-10-06,BOM,IY 855,IY,Yemenia,ADE,Aden,t,,,2,2026-10-06 17:00:00,2026-10-06 17:57:00,,,57,,late,17,,,,30.8,0.00,33.1,14220.0,dry and calm
1924,2026-10-06,BOM,QP 1429,QP,Akasa Air,VNS,Varanasi,f,,Boeing 737,2,2026-10-06 17:00:00,2026-10-06 17:32:00,2026-10-06 19:20:00,,32,,late,17,,,,30.8,0.00,33.1,14220.0,dry and calm
1925,2026-10-06,BLR,6E 223,6E,IndiGo,CCU,Kolkata,f,VT-ISX,Airbus A320 NEO,1,2026-10-06 17:05:00,2026-10-06 17:50:00,2026-10-06 19:55:00,2026-10-06 19:51:00,45,-4,late,17,,,,26.5,0.60,28.4,22940.0,light rain
1926,2026-10-06,BOM,AI 2481,AI,Air India,CCU,Kolkata,f,VT-TNF,Airbus A321,2,2026-10-06 17:05:00,2026-10-06 17:39:00,2026-10-06 19:55:00,2026-10-06 19:59:00,34,4,late,17,,,,30.8,0.00,33.1,14220.0,dry and calm
1927,2026-10-06,BLR,6E 7231,6E,IndiGo,RJA,Rajahmundry,f,VT-IYG,ATR 72,1,2026-10-06 17:10:00,2026-10-06 17:56:00,2026-10-06 19:15:00,,46,,late,17,,,,26.5,0.60,28.4,22940.0,light rain
1928,2026-10-06,BOM,6E 437,6E,IndiGo,COK,Kochi,f,VT-IBL,Airbus A320,2,2026-10-06 17:10:00,2026-10-06 17:20:00,2026-10-06 19:10:00,,10,,on time,17,,,,30.8,0.00,33.1,14220.0,dry and calm
1929,2026-10-06,HYD,6E 67,6E,IndiGo,JED,Jeddah,t,VT-IXD,Airbus A320 NEO,,2026-10-06 17:10:00,2026-10-06 17:17:00,2026-10-06 20:25:00,,7,,on time,17,,,,29.4,0.00,27.4,17280.0,dry and calm
1930,2026-10-06,BLR,6E 356,6E,IndiGo,MAA,Chennai,f,VT-ILQ,Airbus A321 NEO,1,2026-10-06 17:15:00,2026-10-06 17:49:00,2026-10-06 18:10:00,,34,,late,17,,,,26.5,0.60,28.4,22940.0,light rain
1931,2026-10-06,BLR,6E 6465,6E,IndiGo,BHO,Bhopal,f,VT-IBQ,Airbus A321 NEO,1,2026-10-06 17:15:00,2026-10-06 17:47:00,2026-10-06 19:25:00,,32,,late,17,,,,26.5,0.60,28.4,22940.0,light rain
1932,2026-10-06,BLR,IX 1538,IX,Air India Express,GOI,Vasco da Gama,f,VT-BWJ,Boeing 737 MAX 8,2,2026-10-06 17:15:00,2026-10-06 17:27:00,2026-10-06 18:30:00,,12,,on time,17,,,,26.5,0.60,28.4,22940.0,light rain
1933,2026-10-06,BLR,IX 2506,IX,Air India Express,HYD,Hyderabad,f,,Boeing 737,2,2026-10-06 17:15:00,,2026-10-06 18:40:00,,,,no actual time,17,,,,26.5,0.60,28.4,22940.0,light rain
1934,2026-10-06,BOM,6E 843,6E,IndiGo,GAU,Guwahati,f,VT-ICQ,Airbus A320,2,2026-10-06 17:15:00,2026-10-06 17:52:00,2026-10-06 20:25:00,,37,,late,17,,,,30.8,0.00,33.1,14220.0,dry and calm
1935,2026-10-06,HYD,6E 208,6E,IndiGo,VTZ,Visakhapatnam,f,,Airbus A320 NEO,,2026-10-06 17:15:00,,2026-10-06 18:40:00,2026-10-06 18:18:00,,-22,no actual time,17,,,,29.4,0.00,27.4,17280.0,dry and calm
1936,2026-10-06,BLR,6E 6008,6E,IndiGo,STV,Surat,f,,Airbus A320 NEO,1,2026-10-06 17:20:00,,2026-10-06 19:15:00,,,,no actual time,17,,,,26.5,0.60,28.4,22940.0,light rain
1937,2026-10-06,BOM,6E 1455,6E,IndiGo,DXB,Dubai,t,VT-NHI,Airbus A320,2,2026-10-06 17:20:00,2026-10-06 17:36:00,2026-10-06 18:45:00,2026-10-06 18:34:00,16,-11,on time,17,,,,30.8,0.00,33.1,14220.0,dry and calm
1938,2026-10-06,BOM,6E 315,6E,IndiGo,DEL,New Delhi,f,VT-NOJ,Airbus A320,2,2026-10-06 17:20:00,2026-10-06 18:14:00,2026-10-06 19:58:00,,54,,late,17,,,,30.8,0.00,33.1,14220.0,dry and calm
1939,2026-10-06,BOM,QP 552,QP,Akasa Air,JED,Jeddah,t,,Boeing 737,2,2026-10-06 17:20:00,2026-10-06 17:46:00,2026-10-06 20:45:00,,26,,on time,17,,,,30.8,0.00,33.1,14220.0,dry and calm
1940,2026-10-06,HYD,6E 5259,6E,IndiGo,BOM,Mumbai,f,VT-NCU,Airbus A321 NEO,,2026-10-06 17:20:00,2026-10-06 17:36:00,2026-10-06 18:50:00,,16,,on time,17,6E 5386,BOM,-10,29.4,0.00,27.4,17280.0,dry and calm
1941,2026-10-06,BLR,6E 5255,6E,IndiGo,BOM,Mumbai,f,VT-NCK,Airbus A321 NEO,1,2026-10-06 17:25:00,2026-10-06 17:32:00,2026-10-06 19:05:00,,7,,on time,17,6E 5382,BOM,-38,26.5,0.60,28.4,22940.0,light rain
1942,2026-10-06,BLR,AI 2820,AI,Air India,DEL,New Delhi,f,VT-TNY,Airbus A320 NEO,2,2026-10-06 17:25:00,2026-10-06 17:39:00,2026-10-06 19:57:00,,14,,on time,17,,,,26.5,0.60,28.4,22940.0,light rain
1943,2026-10-06,BLR,IX 2913,IX,Air India Express,PNQ,Pune,f,VT-VTZ,Airbus A320,2,2026-10-06 17:25:00,2026-10-06 17:43:00,2026-10-06 19:00:00,2026-10-06 18:49:00,18,-11,on time,17,,,,26.5,0.60,28.4,22940.0,light rain
1944,2026-10-06,BOM,6E 5048,6E,IndiGo,MAA,Chennai,f,VT-NCG,Airbus A320,1,2026-10-06 17:25:00,2026-10-06 17:35:00,2026-10-06 19:35:00,,10,,on time,17,,,,30.8,0.00,33.1,14220.0,dry and calm
1945,2026-10-06,BOM,QP 1183,QP,Akasa Air,CCU,Kolkata,f,,Boeing 737,2,2026-10-06 17:25:00,2026-10-06 17:49:00,2026-10-06 20:10:00,,24,,on time,17,,,,30.8,0.00,33.1,14220.0,dry and calm
1946,2026-10-06,HYD,AI 2447,AI,Air India,BOM,Mumbai,f,VT-TQT,Airbus A320 NEO,,2026-10-06 17:25:00,2026-10-06 17:33:00,2026-10-06 19:25:00,,8,,on time,17,,,,29.4,0.00,27.4,17280.0,dry and calm
1947,2026-10-06,BLR,6E 978,6E,IndiGo,RPR,Raipur,f,,Airbus A320,1,2026-10-06 17:30:00,,2026-10-06 19:20:00,,,,no actual time,17,,,,26.5,0.60,28.4,22940.0,light rain
1948,2026-10-06,BOM,AI 2849,AI,Air India,BLR,Bangalore,f,VT-TQM,Airbus A320 NEO,2,2026-10-06 17:30:00,2026-10-06 17:43:00,2026-10-06 19:35:00,2026-10-06 18:59:00,13,-36,on time,17,,,,30.8,0.00,33.1,14220.0,dry and calm
1949,2026-10-06,BOM,AI 2910,AI,Air India,DEL,New Delhi,f,,Airbus A321,2,2026-10-06 17:30:00,2026-10-06 17:54:00,2026-10-06 19:46:00,,24,,on time,17,,,,30.8,0.00,33.1,14220.0,dry and calm
1950,2026-10-06,BOM,IX 1164,IX,Air India Express,BBI,Bhubaneswar,f,VT-BWR,Boeing 737,2,2026-10-06 17:30:00,2026-10-06 18:07:00,2026-10-06 20:00:00,,37,,late,17,,,,30.8,0.00,33.1,14220.0,dry and calm
1951,2026-10-06,HYD,AI 2890,AI,Air India,DEL,New Delhi,f,VT-TQR,Airbus A320 NEO,,2026-10-06 17:30:00,2026-10-06 17:47:00,2026-10-06 19:36:00,,17,,on time,17,AI 2531,BOM,-7,29.4,0.00,27.4,17280.0,dry and calm
1952,2026-10-06,HYD,QP 1407,QP,Akasa Air,DEL,New Delhi,f,,Boeing 737,,2026-10-06 17:30:00,,2026-10-06 19:33:00,,,,no actual time,17,,,,29.4,0.00,27.4,17280.0,dry and calm
1953,2026-10-06,BLR,IX 1040,IX,Air India Express,DEL,New Delhi,f,,Boeing 737,2,2026-10-06 17:35:00,,2026-10-06 20:21:00,,,,no actual time,17,,,,26.5,0.60,28.4,22940.0,light rain
1954,2026-10-06,BOM,6E 6027,6E,IndiGo,UDR,Udaipur,f,VT-IPY,Airbus A320,2,2026-10-06 17:35:00,2026-10-06 18:04:00,2026-10-06 19:00:00,,29,,on time,17,,,,30.8,0.00,33.1,14220.0,dry and calm
1955,2026-10-06,BOM,AI 2655,AI,Air India,TRV,Trivandrum,f,VT-TQE,Airbus A320 NEO,2,2026-10-06 17:35:00,2026-10-06 17:41:00,2026-10-06 19:45:00,2026-10-06 19:46:00,6,1,on time,17,,,,30.8,0.00,33.1,14220.0,dry and calm
1956,2026-10-06,BOM,AI 2749,AI,Air India,IDR,Indore,f,,Airbus A319,2,2026-10-06 17:35:00,2026-10-06 17:59:00,2026-10-06 19:10:00,,24,,on time,17,,,,30.8,0.00,33.1,14220.0,dry and calm
1957,2026-10-06,HYD,6E 567,6E,IndiGo,GAU,Guwahati,f,VT-IFI,Airbus A320 (Sharklets),,2026-10-06 17:35:00,2026-10-06 17:49:00,2026-10-06 20:15:00,,14,,on time,17,,,,29.4,0.00,27.4,17280.0,dry and calm
1958,2026-10-06,HYD,6E 7546,6E,IndiGo,RJA,Rajahmundry,f,,ATR 72,,2026-10-06 17:35:00,,2026-10-06 18:45:00,,,,no actual time,17,,,,29.4,0.00,27.4,17280.0,dry and calm
1959,2026-10-06,BLR,6E 6168,6E,IndiGo,GOI,Vasco da Gama,f,VT-IBO,Airbus A321 NEO,1,2026-10-06 17:40:00,2026-10-06 17:59:00,2026-10-06 18:55:00,,19,,on time,17,,,,26.5,0.60,28.4,22940.0,light rain
1960,2026-10-06,HYD,6E 57,6E,IndiGo,MED,Medina,t,VT-IXG,Airbus A320 NEO,,2026-10-06 17:40:00,2026-10-06 18:05:00,2026-10-06 20:50:00,,25,,on time,17,,,,29.4,0.00,27.4,17280.0,dry and calm
1961,2026-10-06,BLR,6E 221,6E,IndiGo,IXR,Ranchi,f,VT-IQA,Airbus A320 NEO,1,2026-10-06 17:45:00,2026-10-06 18:05:00,2026-10-06 20:10:00,,20,,on time,17,,,,26.5,0.60,28.4,22940.0,light rain
1962,2026-10-06,BLR,QP 1581,QP,Akasa Air,AMD,Ahmedabad,f,,Boeing 737,1,2026-10-06 17:45:00,,2026-10-06 20:05:00,,,,no actual time,17,,,,26.5,0.60,28.4,22940.0,light rain
1963,2026-10-06,BOM,6E 272,6E,IndiGo,VNS,Varanasi,f,VT-IBI,Airbus A320,2,2026-10-06 17:45:00,2026-10-06 18:11:00,2026-10-06 20:00:00,,26,,on time,17,,,,30.8,0.00,33.1,14220.0,dry and calm
1964,2026-10-06,BOM,AI 2251,AI,Air India,JED,Jeddah,t,VT-EXM,Airbus A320 NEO,2,2026-10-06 17:45:00,2026-10-07 14:01:00,2026-10-06 16:35:00,,1216,,late,17,AI 2852,BLR,,30.8,0.00,33.1,14220.0,dry and calm
1965,2026-10-06,HYD,6E 6417,6E,IndiGo,BLR,Bangalore,f,VT-ITR,Airbus A320 (Sharklets),,2026-10-06 17:45:00,2026-10-06 18:08:00,2026-10-06 19:05:00,2026-10-06 18:57:00,23,-8,on time,17,,,,29.4,0.00,27.4,17280.0,dry and calm
1966,2026-10-06,HYD,6E 710,6E,IndiGo,DEL,New Delhi,f,VT-NCB,Airbus A321 NEO,,2026-10-06 17:45:00,2026-10-06 18:01:00,2026-10-06 19:52:00,,16,,on time,17,,,,29.4,0.00,27.4,17280.0,dry and calm
1967,2026-10-06,BOM,6E 2100,6E,IndiGo,HSR,Rajkot,f,,Airbus A320,2,2026-10-06 17:50:00,2026-10-06 18:29:00,2026-10-06 19:05:00,,39,,late,17,,,,30.8,0.00,33.1,14220.0,dry and calm
1968,2026-10-06,HYD,6E 6823,6E,IndiGo,HSR,Rajkot,f,VT-ICC,Airbus A321 NEO,,2026-10-06 17:50:00,2026-10-06 18:35:00,2026-10-06 19:40:00,,45,,late,17,,,,29.4,0.00,27.4,17280.0,dry and calm
1969,2026-10-06,HYD,9I 867,9I,Alliance Air,PNQ,Pune,f,VT-RKC,ATR 72,,2026-10-06 17:50:00,2026-10-06 18:11:00,2026-10-06 19:30:00,,21,,on time,17,,,,29.4,0.00,27.4,17280.0,dry and calm
1970,2026-10-06,BLR,6E 747,6E,IndiGo,IDR,Indore,f,VT-IIM,Airbus A320 NEO,1,2026-10-06 17:55:00,2026-10-06 18:07:00,2026-10-06 19:50:00,,12,,on time,17,,,,26.5,0.60,28.4,22940.0,light rain
1971,2026-10-06,BOM,SG 9090,SG,SpiceJet,DEL,New Delhi,f,XU-729,Boeing 737-800,1,2026-10-06 17:55:00,2026-10-06 22:41:00,2026-10-06 23:10:00,,286,,late,17,,,,30.8,0.00,33.1,14220.0,dry and calm
1972,2026-10-06,HYD,6E 283,6E,IndiGo,CCU,Kolkata,f,VT-ICS,Airbus A321 NEO,,2026-10-06 17:55:00,2026-10-06 18:21:00,2026-10-06 20:05:00,2026-10-06 19:54:00,26,-11,on time,17,,,,29.4,0.00,27.4,17280.0,dry and calm
1973,2026-10-06,HYD,6E 598,6E,IndiGo,MAA,Chennai,f,VT-IME,Airbus A321 NEO,,2026-10-06 17:55:00,2026-10-06 18:13:00,2026-10-06 19:10:00,,18,,on time,17,,,,29.4,0.00,27.4,17280.0,dry and calm
1974,2026-10-06,BLR,6E 144,6E,IndiGo,COK,Kochi,f,,Airbus A320,1,2026-10-06 18:00:00,,2026-10-06 19:05:00,,,,no actual time,18,,,,24.6,0.00,11.5,22820.0,dry and calm
1975,2026-10-06,BLR,6E 738,6E,IndiGo,VNS,Varanasi,f,VT-IRW,Airbus A321 NEO,1,2026-10-06 18:00:00,2026-10-06 18:22:00,2026-10-06 20:25:00,,22,,on time,18,,,,24.6,0.00,11.5,22820.0,dry and calm
1976,2026-10-06,BOM,6E 5086,6E,IndiGo,CCU,Kolkata,f,VT-NOH,Airbus A320,1,2026-10-06 18:00:00,2026-10-06 18:19:00,2026-10-06 20:50:00,2026-10-06 20:39:00,19,-11,on time,18,,,,29.9,0.00,32.4,13220.0,dry and calm
1977,2026-10-06,BOM,AI 2440,AI,Air India,DEL,New Delhi,f,VT-TVE,Airbus A320 NEO,2,2026-10-06 18:00:00,2026-10-06 18:17:00,2026-10-06 20:01:00,,17,,on time,18,,,,29.9,0.00,32.4,13220.0,dry and calm
1978,2026-10-06,BOM,AI 2619,AI,Air India,HYD,Hyderabad,f,VT-TQC,Airbus A320 NEO,2,2026-10-06 18:00:00,2026-10-06 18:24:00,2026-10-06 19:35:00,2026-10-06 19:24:00,24,-11,on time,18,,,,29.9,0.00,32.4,13220.0,dry and calm
1979,2026-10-06,BLR,AI 2854,AI,Air India,BOM,Mumbai,f,VT-TQJ,Airbus A320 NEO,2,2026-10-06 18:05:00,2026-10-06 18:18:00,2026-10-06 20:05:00,,13,,on time,18,AI 2853,BOM,-40,24.6,0.00,11.5,22820.0,dry and calm
1980,2026-10-06,BOM,6E 5082,6E,IndiGo,HBX,Hubli,f,VT-IAN,Airbus A320,1,2026-10-06 18:05:00,2026-10-06 19:06:00,2026-10-06 19:25:00,,61,,late,18,,,,29.9,0.00,32.4,13220.0,dry and calm
1981,2026-10-06,HYD,6E 6167,6E,IndiGo,LKO,Lucknow,f,VT-IAZ,Airbus A321 NEO,,2026-10-06 18:05:00,2026-10-06 19:02:00,2026-10-06 20:05:00,2026-10-06 20:33:00,57,28,late,18,,,,28.6,0.00,21.6,17160.0,dry and calm
1982,2026-10-06,BLR,OG 117,OG,Ghodawat Enterprises,GBI,Kalaburagi,f,VT-GSU,Embraer 175,,2026-10-06 18:08:00,2026-10-06 18:08:00,,,0,,on time,18,,,,24.6,0.00,11.5,22820.0,dry and calm
1983,2026-10-06,BOM,AI 435,AI,Air India,MAA,Chennai,f,,Airbus A320 NEO,2,2026-10-06 18:10:00,2026-10-06 18:40:00,2026-10-06 20:25:00,,30,,late,18,,,,29.9,0.00,32.4,13220.0,dry and calm
1984,2026-10-06,HYD,6E 6533,6E,IndiGo,TIR,Tirumala - Tirupati,f,VT-ISU,Airbus A320 NEO,,2026-10-06 18:10:00,2026-10-06 18:24:00,2026-10-06 19:20:00,,14,,on time,18,,,,28.6,0.00,21.6,17160.0,dry and calm
1985,2026-10-06,BLR,6E 6017,6E,IndiGo,MAA,Chennai,f,VT-IMR,Airbus A321 NEO,1,2026-10-06 18:15:00,2026-10-06 18:42:00,2026-10-06 19:15:00,,27,,on time,18,,,,24.6,0.00,11.5,22820.0,dry and calm
1986,2026-10-06,BLR,6E 6034,6E,IndiGo,DEL,New Delhi,f,VT-NHO,Airbus A321 NEO,1,2026-10-06 18:15:00,2026-10-06 18:44:00,2026-10-06 21:10:00,,29,,on time,18,,,,24.6,0.00,11.5,22820.0,dry and calm
1987,2026-10-06,BOM,6E 5126,6E,IndiGo,IXM,Madurai,f,VT-IXK,Airbus A320,1,2026-10-06 18:15:00,2026-10-06 18:25:00,2026-10-06 20:20:00,,10,,on time,18,,,,29.9,0.00,32.4,13220.0,dry and calm
1988,2026-10-06,BOM,6E 6613,6E,IndiGo,DEL,New Delhi,f,VT-NCM,Airbus A320,2,2026-10-06 18:15:00,2026-10-06 18:30:00,2026-10-06 20:14:00,,15,,on time,18,,,,29.9,0.00,32.4,13220.0,dry and calm
1989,2026-10-06,HYD,6E 6308,6E,IndiGo,CJB,Coimbatore,f,VT-IMH,Airbus A321 NEO,,2026-10-06 18:15:00,2026-10-06 18:43:00,2026-10-06 19:35:00,,28,,on time,18,,,,28.6,0.00,21.6,17160.0,dry and calm
1990,2026-10-06,HYD,6E 6727,6E,IndiGo,AMD,Ahmedabad,f,VT-ISR,Airbus A320 NEO,,2026-10-06 18:15:00,2026-10-06 18:28:00,2026-10-06 20:05:00,,13,,on time,18,,,,28.6,0.00,21.6,17160.0,dry and calm
1991,2026-10-06,BLR,6E 6141,6E,IndiGo,JAI,Jaipur,f,VT-IBB,Airbus A321 NEO,1,2026-10-06 18:20:00,2026-10-06 19:28:00,2026-10-06 20:50:00,,68,,late,18,,,,24.6,0.00,11.5,22820.0,dry and calm
1992,2026-10-06,BLR,AI 2802,AI,Air India,DEL,New Delhi,f,VT-RTY,Airbus A320 NEO,2,2026-10-06 18:20:00,2026-10-06 19:15:00,2026-10-06 21:39:00,,55,,late,18,,,,24.6,0.00,11.5,22820.0,dry and calm
1993,2026-10-06,HYD,6E 6329,6E,IndiGo,GOI,Vasco da Gama,f,VT-ICZ,Airbus A321 NEO,,2026-10-06 18:20:00,2026-10-06 19:53:00,2026-10-06 19:35:00,,93,,late,18,6E 6067,BLR,48,28.6,0.00,21.6,17160.0,dry and calm
1994,2026-10-06,BOM,QP 1175,QP,Akasa Air,GOX,Mopa,f,,Boeing 737,2,2026-10-06 18:25:00,2026-10-06 18:52:00,2026-10-06 19:55:00,,27,,on time,18,,,,29.9,0.00,32.4,13220.0,dry and calm
1995,2026-10-06,HYD,6E 7543,6E,IndiGo,NAG,Naqpur,f,,ATR 72,,2026-10-06 18:25:00,,2026-10-06 19:55:00,,,,no actual time,18,,,,28.6,0.00,21.6,17160.0,dry and calm
1996,2026-10-06,HYD,AI 2880,AI,Air India,DEL,New Delhi,f,VT-RTN,Airbus A320 NEO,,2026-10-06 18:25:00,2026-10-06 18:31:00,2026-10-06 20:17:00,,6,,on time,18,,,,28.6,0.00,21.6,17160.0,dry and calm
1997,2026-10-06,BLR,3U 9640,3U,Sichuan Airlines,CTU,Chengdu,t,B-308L,Airbus A330,,2026-10-06 18:29:00,2026-10-06 18:29:00,,,0,,on time,18,,,,24.6,0.00,11.5,22820.0,dry and calm
1998,2026-10-06,BLR,6E 676,6E,IndiGo,CCU,Kolkata,f,VT-ITP,Airbus A320,1,2026-10-06 18:30:00,2026-10-06 18:53:00,2026-10-06 21:10:00,2026-10-06 20:54:00,23,-16,on time,18,,,,24.6,0.00,11.5,22820.0,dry and calm
1999,2026-10-06,BLR,6E 7162,6E,IndiGo,HBX,Hubli,f,VT-IYZ,ATR 72,1,2026-10-06 18:30:00,,2026-10-06 19:55:00,,,,no actual time,18,,,,24.6,0.00,11.5,22820.0,dry and calm
2000,2026-10-06,BOM,6E 5047,6E,IndiGo,BLR,Bangalore,f,VT-NCT,Airbus A320,1,2026-10-06 18:30:00,2026-10-06 19:14:00,2026-10-06 20:25:00,2026-10-06 20:25:00,44,0,late,18,6E 5031,BLR,,29.9,0.00,32.4,13220.0,dry and calm
2001,2026-10-06,BOM,AI 2493,AI,Air India,AMD,Ahmedabad,f,,Airbus A321,2,2026-10-06 18:30:00,2026-10-06 18:56:00,2026-10-06 19:40:00,,26,,on time,18,,,,29.9,0.00,32.4,13220.0,dry and calm
2002,2026-10-06,BOM,AI 2641,AI,Air India,BLR,Bangalore,f,VT-EXI,Airbus A320 NEO,2,2026-10-06 18:30:00,2026-10-06 18:51:00,2026-10-06 20:35:00,2026-10-06 20:05:00,21,-30,on time,18,,,,29.9,0.00,32.4,13220.0,dry and calm
2003,2026-10-06,BOM,AI 2996,AI,Air India,DEL,New Delhi,f,VT-RTZ,Airbus A320 NEO,2,2026-10-06 18:30:00,2026-10-06 18:47:00,2026-10-06 20:35:00,,17,,on time,18,AI 2445,HYD,,29.9,0.00,32.4,13220.0,dry and calm
2004,2026-10-06,HYD,6E 7248,6E,IndiGo,RPR,Raipur,f,,ATR 72,,2026-10-06 18:30:00,,2026-10-06 20:20:00,,,,no actual time,18,,,,28.6,0.00,21.6,17160.0,dry and calm
2005,2026-10-06,BLR,6E 638,6E,IndiGo,HYD,Hyderabad,f,VT-NHQ,Airbus A321 NEO,1,2026-10-06 18:35:00,2026-10-06 18:51:00,2026-10-06 19:45:00,2026-10-06 19:36:00,16,-9,on time,18,6E 314,HYD,-9,24.6,0.00,11.5,22820.0,dry and calm
2006,2026-10-06,BOM,6E 5147,6E,IndiGo,NAG,Naqpur,f,VT-ICB,Airbus A320,1,2026-10-06 18:35:00,2026-10-06 18:58:00,2026-10-06 20:10:00,,23,,on time,18,,,,29.9,0.00,32.4,13220.0,dry and calm
2007,2026-10-06,BOM,6E 5273,6E,IndiGo,IDR,Indore,f,VT-IOX,Airbus A320 NEO,1,2026-10-06 18:35:00,2026-10-06 18:47:00,2026-10-06 20:00:00,,12,,on time,18,,,,29.9,0.00,32.4,13220.0,dry and calm
2008,2026-10-06,HYD,6E 186,6E,IndiGo,IXR,Ranchi,f,VT-IWW,Airbus A320,,2026-10-06 18:35:00,2026-10-06 18:47:00,2026-10-06 20:30:00,,12,,on time,18,,,,28.6,0.00,21.6,17160.0,dry and calm
2009,2026-10-06,HYD,6E 7103,6E,IndiGo,IXE,Mangalore,f,VT-IXV,ATR 72,,2026-10-06 18:35:00,,2026-10-06 20:20:00,,,,no actual time,18,,,,28.6,0.00,21.6,17160.0,dry and calm
2010,2026-10-06,BLR,IX 1543,IX,Air India Express,NAG,Naqpur,f,VT-BWL,Boeing 737 MAX 8,2,2026-10-06 18:40:00,2026-10-06 19:06:00,2026-10-06 20:30:00,,26,,on time,18,,,,24.6,0.00,11.5,22820.0,dry and calm
2011,2026-10-06,BOM,6E 2237,6E,IndiGo,AMD,Ahmedabad,f,VT-ILF,Airbus A320,2,2026-10-06 18:40:00,2026-10-06 19:03:00,2026-10-06 20:00:00,,23,,on time,18,,,,29.9,0.00,32.4,13220.0,dry and calm
2012,2026-10-06,HYD,IX 2743,IX,Air India Express,VGA,Vidzhayavada,f,VT-BXN,Boeing 737 MAX 8,,2026-10-06 18:40:00,2026-10-06 18:57:00,2026-10-06 19:45:00,,17,,on time,18,,,,28.6,0.00,21.6,17160.0,dry and calm
2013,2026-10-06,BLR,IX 1581,IX,Air India Express,NMI,Mumbai,f,VT-BXP,Boeing 737 MAX 8,2,2026-10-06 18:45:00,2026-10-06 19:12:00,2026-10-06 20:25:00,,27,,on time,18,,,,24.6,0.00,11.5,22820.0,dry and calm
2014,2026-10-06,BOM,6E 6549,6E,IndiGo,IXE,Mangalore,f,VT-NCO,Airbus A320 NEO,2,2026-10-06 18:45:00,2026-10-06 19:01:00,2026-10-06 20:20:00,,16,,on time,18,,,,29.9,0.00,32.4,13220.0,dry and calm
2015,2026-10-06,BOM,6E 825,6E,IndiGo,PAT,Patna,f,VT-IPK,Airbus A320 NEO,2,2026-10-06 18:45:00,2026-10-06 19:22:00,2026-10-06 21:25:00,,37,,late,18,,,,29.9,0.00,32.4,13220.0,dry and calm
2016,2026-10-06,BOM,QP 1837,QP,Akasa Air,LKO,Lucknow,f,,Boeing 737,2,2026-10-06 18:45:00,2026-10-06 19:09:00,2026-10-06 21:05:00,,24,,on time,18,,,,29.9,0.00,32.4,13220.0,dry and calm
2017,2026-10-06,HYD,6E 6783,6E,IndiGo,BLR,Bangalore,f,VT-IQL,Airbus A320 NEO,,2026-10-06 18:45:00,2026-10-06 18:54:00,2026-10-06 20:05:00,2026-10-06 19:48:00,9,-17,on time,18,,,,28.6,0.00,21.6,17160.0,dry and calm
2018,2026-10-06,BLR,6E 105,6E,IndiGo,PNQ,Pune,f,VT-ILX,Airbus A321 NEO,1,2026-10-06 18:50:00,2026-10-06 19:08:00,2026-10-06 20:15:00,2026-10-06 20:21:00,18,6,on time,18,,,,24.6,0.00,11.5,22820.0,dry and calm
2019,2026-10-06,BLR,6E 6162,6E,IndiGo,IXE,Mangalore,f,VT-IXL,Airbus A320 NEO,1,2026-10-06 18:50:00,2026-10-06 19:10:00,2026-10-06 19:45:00,,20,,on time,18,,,,24.6,0.00,11.5,22820.0,dry and calm
2020,2026-10-06,BLR,6E 969,6E,IndiGo,VTZ,Visakhapatnam,f,,Airbus A320 NEO,1,2026-10-06 19:00:00,,2026-10-06 20:40:00,2026-10-06 20:17:00,,-23,no actual time,19,,,,24.5,0.00,14.0,20720.0,dry and calm
2021,2026-10-06,BLR,AI 2610,AI,Air India,BOM,Mumbai,f,VT-TQO,Airbus A320 NEO,2,2026-10-06 19:00:00,2026-10-06 19:43:00,2026-10-06 21:05:00,,43,,late,19,,,,24.5,0.00,14.0,20720.0,dry and calm
2022,2026-10-06,BOM,6E 317,6E,IndiGo,DEL,New Delhi,f,,Airbus A320,2,2026-10-06 19:00:00,2026-10-06 19:41:00,2026-10-06 21:19:00,,41,,late,19,,,,29.6,0.00,27.0,13240.0,dry and calm
2023,2026-10-06,BOM,QP 1120,QP,Akasa Air,DEL,New Delhi,f,,Boeing 737,2,2026-10-06 19:00:00,2026-10-06 19:15:00,2026-10-06 21:02:00,,15,,on time,19,,,,29.6,0.00,27.0,13240.0,dry and calm
2024,2026-10-06,HYD,6E 5039,6E,IndiGo,BOM,Mumbai,f,VT-NOT,Airbus A321 NEO,,2026-10-06 19:00:00,2026-10-06 19:32:00,2026-10-06 20:30:00,,32,,late,19,6E 5228,BOM,-5,27.7,0.00,18.7,17060.0,dry and calm
2025,2026-10-06,HYD,6E 6486,6E,IndiGo,MAA,Chennai,f,VT-ICG,Airbus A321 NEO,,2026-10-06 19:00:00,2026-10-06 19:50:00,2026-10-06 20:20:00,,50,,late,19,,,,27.7,0.00,18.7,17060.0,dry and calm
2026,2026-10-06,BLR,6E 6283,6E,IndiGo,BOM,Mumbai,f,VT-NCP,Airbus A321 NEO,1,2026-10-06 19:05:00,2026-10-06 19:18:00,2026-10-06 20:40:00,,13,,on time,19,6E 5071,BOM,-20,24.5,0.00,14.0,20720.0,dry and calm
2027,2026-10-06,BLR,IX 1250,IX,Air India Express,HYD,Hyderabad,f,VT-BXK,Boeing 737 MAX 8,2,2026-10-06 19:10:00,2026-10-06 19:20:00,2026-10-06 20:20:00,2026-10-06 20:13:00,10,-7,on time,19,IX 1345,HYD,-26,24.5,0.00,14.0,20720.0,dry and calm
2028,2026-10-06,BOM,6E 5177,6E,IndiGo,GOX,Mopa,f,VT-IKQ,Airbus A320 NEO,1,2026-10-06 19:10:00,2026-10-06 19:20:00,2026-10-06 20:25:00,,10,,on time,19,,,,29.6,0.00,27.0,13240.0,dry and calm
2029,2026-10-06,HYD,6E 6043,6E,IndiGo,DEL,New Delhi,f,VT-NOD,Airbus A321 NEO,,2026-10-06 19:10:00,2026-10-06 19:35:00,2026-10-06 21:26:00,,25,,on time,19,,,,27.7,0.00,18.7,17060.0,dry and calm
2030,2026-10-06,HYD,6E 6565,6E,IndiGo,TIR,Tirumala - Tirupati,f,VT-IVB,Airbus A320 NEO,,2026-10-06 19:10:00,2026-10-06 19:18:00,2026-10-06 20:20:00,,8,,on time,19,,,,27.7,0.00,18.7,17060.0,dry and calm
2031,2026-10-06,BLR,6E 6554,6E,IndiGo,GOI,Vasco da Gama,f,VT-IZB,Airbus A320 NEO,1,2026-10-06 19:15:00,2026-10-06 19:22:00,2026-10-06 20:25:00,,7,,on time,19,,,,24.5,0.00,14.0,20720.0,dry and calm
2032,2026-10-06,BOM,6E 618,6E,IndiGo,BDQ,Vadodara,f,,Airbus A320,2,2026-10-06 19:15:00,2026-10-06 19:53:00,2026-10-06 20:20:00,,38,,late,19,,,,29.6,0.00,27.0,13240.0,dry and calm
2033,2026-10-06,HYD,6E 1235,6E,IndiGo,KWI,Kuwait City,t,VT-ILS,Airbus A321 NEO,,2026-10-06 19:15:00,2026-10-06 19:47:00,2026-10-06 22:00:00,,32,,late,19,,,,27.7,0.00,18.7,17060.0,dry and calm
2034,2026-10-06,HYD,6E 922,6E,IndiGo,BBI,Bhubaneswar,f,VT-IBK,Airbus A321 NEO,,2026-10-06 19:15:00,2026-10-06 19:51:00,2026-10-06 20:55:00,,36,,late,19,,,,27.7,0.00,18.7,17060.0,dry and calm
2035,2026-10-06,BLR,6E 7134,6E,IndiGo,VGA,Vidzhayavada,f,VT-IYP,ATR 72,1,2026-10-06 19:20:00,2026-10-06 19:48:00,2026-10-06 20:50:00,,28,,on time,19,,,,24.5,0.00,14.0,20720.0,dry and calm
2036,2026-10-06,BOM,6E 1401,6E,IndiGo,AUH,Abu Dhabi,t,VT-IRZ,Airbus A320,2,2026-10-06 19:20:00,2026-10-06 19:32:00,,,12,,on time,19,,,,29.6,0.00,27.0,13240.0,dry and calm
2037,2026-10-06,BOM,6E 544,6E,IndiGo,LKO,Lucknow,f,VT-IQD,Airbus A320 NEO,2,2026-10-06 19:20:00,2026-10-06 19:50:00,2026-10-06 21:25:00,2026-10-06 21:35:00,30,10,late,19,,,,29.6,0.00,27.0,13240.0,dry and calm
2038,2026-10-06,BOM,QP 1125,QP,Akasa Air,CCU,Kolkata,f,,Boeing 737,2,2026-10-06 19:20:00,2026-10-06 19:34:00,2026-10-06 22:20:00,,14,,on time,19,,,,29.6,0.00,27.0,13240.0,dry and calm
2039,2026-10-06,HYD,6E 7283,6E,IndiGo,VGA,Vidzhayavada,f,,ATR 72,,2026-10-06 19:20:00,,2026-10-06 20:25:00,,,,no actual time,19,,,,27.7,0.00,18.7,17060.0,dry and calm
2040,2026-10-06,HYD,IX 2983,IX,Air India Express,BLR,Bangalore,f,VT-AXN,Boeing 737-800,,2026-10-06 19:20:00,2026-10-06 19:39:00,2026-10-06 20:50:00,2026-10-06 20:28:00,19,-22,on time,19,,,,27.7,0.00,18.7,17060.0,dry and calm
2041,2026-10-06,BLR,6E 152,6E,IndiGo,CCJ,Calicut,f,VT-IOU,Airbus A320 NEO,1,2026-10-06 19:25:00,2026-10-06 19:33:00,2026-10-06 20:25:00,,8,,on time,19,,,,24.5,0.00,14.0,20720.0,dry and calm
2042,2026-10-06,BOM,6E 5105,6E,IndiGo,MAA,Chennai,f,VT-NCZ,Airbus A321 NEO,1,2026-10-06 19:25:00,2026-10-06 20:01:00,2026-10-06 21:30:00,,36,,late,19,,,,29.6,0.00,27.0,13240.0,dry and calm
2043,2026-10-06,BOM,AI 2505,AI,Air India,GOI,Vasco da Gama,f,VT-EXR,Airbus A320 NEO,2,2026-10-06 19:25:00,2026-10-06 19:43:00,2026-10-06 20:50:00,,18,,on time,19,,,,29.6,0.00,27.0,13240.0,dry and calm
2044,2026-10-06,HYD,AI 2520,AI,Air India,DEL,New Delhi,f,VT-JRH,Airbus A350-900,,2026-10-06 19:25:00,2026-10-06 19:42:00,2026-10-06 21:30:00,,17,,on time,19,,,,27.7,0.00,18.7,17060.0,dry and calm
2045,2026-10-06,BLR,6E 6012,6E,IndiGo,MAA,Chennai,f,VT-IOG,Airbus A320 NEO,1,2026-10-06 19:30:00,2026-10-06 19:59:00,2026-10-06 20:35:00,,29,,on time,19,,,,24.5,0.00,14.0,20720.0,dry and calm
2046,2026-10-06,BLR,6E 6585,6E,IndiGo,IXM,Madurai,f,VT-ICL,Airbus A321 NEO,1,2026-10-06 19:30:00,2026-10-06 20:29:00,2026-10-06 20:55:00,,59,,late,19,,,,24.5,0.00,14.0,20720.0,dry and calm
2047,2026-10-06,BLR,6E 870,6E,IndiGo,DEL,New Delhi,f,VT-NCE,Airbus A321 NEO,1,2026-10-06 19:30:00,2026-10-06 20:07:00,2026-10-06 22:25:00,,37,,late,19,,,,24.5,0.00,14.0,20720.0,dry and calm
2048,2026-10-06,BOM,AI 2408,AI,Air India,DEL,New Delhi,f,VT-EXS,Airbus A320 NEO,2,2026-10-06 19:30:00,2026-10-06 20:51:00,2026-10-06 22:26:00,,81,,late,19,AI 2630,BLR,,29.6,0.00,27.0,13240.0,dry and calm
2049,2026-10-06,BOM,EK 503,EK,Emirates,DXB,Dubai,t,A6-EXU,Airbus A350-900,2,2026-10-06 19:30:00,2026-10-06 19:47:00,2026-10-06 21:00:00,2026-10-06 20:38:00,17,-22,on time,19,,,,29.6,0.00,27.0,13240.0,dry and calm
2050,2026-10-06,BOM,NH 830,NH,ANA,NRT,Tokyo,t,JA894A,Boeing 787-9,2,2026-10-06 19:30:00,2026-10-06 19:58:00,2026-10-07 07:50:00,2026-10-07 06:53:00,28,-57,on time,19,,,,29.6,0.00,27.0,13240.0,dry and calm
2051,2026-10-06,BOM,QP 1911,QP,Akasa Air,AMD,Ahmedabad,f,,,2,2026-10-06 19:30:00,,,,,,canceled,19,,,,29.6,0.00,27.0,13240.0,dry and calm
2052,2026-10-06,HYD,6E 6638,6E,IndiGo,JAI,Jaipur,f,VT-IQJ,Airbus A320 NEO,,2026-10-06 19:30:00,2026-10-06 19:49:00,2026-10-06 21:25:00,,19,,on time,19,,,,27.7,0.00,18.7,17060.0,dry and calm
2053,2026-10-06,BLR,6E 7165,6E,IndiGo,TRZ,Tiruchirappally,f,,ATR 72,1,2026-10-06 19:35:00,,2026-10-06 20:50:00,,,,no actual time,19,,,,24.5,0.00,14.0,20720.0,dry and calm
2054,2026-10-06,BOM,6E 5028,6E,IndiGo,ATQ,Amritsar,f,VT-IQM,Airbus A320 NEO,1,2026-10-06 19:35:00,2026-10-06 19:55:00,2026-10-06 22:00:00,,20,,on time,19,,,,29.6,0.00,27.0,13240.0,dry and calm
2055,2026-10-06,BLR,IX 2175,IX,Air India Express,VTZ,Visakhapatnam,f,VT-BWP,Boeing 737 MAX 8,2,2026-10-06 19:40:00,2026-10-06 19:57:00,2026-10-06 21:20:00,2026-10-06 21:16:00,17,-4,on time,19,,,,24.5,0.00,14.0,20720.0,dry and calm
2056,2026-10-06,BLR,QP 1262,QP,Akasa Air,CCU,Kolkata,f,,Boeing 737,1,2026-10-06 19:40:00,,2026-10-06 22:25:00,,,,no actual time,19,,,,24.5,0.00,14.0,20720.0,dry and calm
2057,2026-10-06,BOM,6E 5326,6E,IndiGo,HYD,Hyderabad,f,VT-NCU,Airbus A320,1,2026-10-06 19:40:00,2026-10-06 20:11:00,2026-10-06 21:20:00,2026-10-06 21:09:00,31,-11,late,19,6E 5259,HYD,,29.6,0.00,27.0,13240.0,dry and calm
2058,2026-10-06,BOM,QP 1133,QP,Akasa Air,BLR,Bangalore,f,,Boeing 737,2,2026-10-06 19:40:00,2026-10-06 20:07:00,2026-10-06 21:45:00,,27,,on time,19,,,,29.6,0.00,27.0,13240.0,dry and calm
2059,2026-10-06,BOM,QP 1195,QP,Akasa Air,AMD,Ahmedabad,f,,Boeing 737,2,2026-10-06 19:40:00,2026-10-06 20:06:00,2026-10-06 20:55:00,,26,,on time,19,,,,29.6,0.00,27.0,13240.0,dry and calm
2060,2026-10-06,HYD,6E 6252,6E,IndiGo,IXC,Chandigarh,f,VT-ISP,Airbus A320 NEO,,2026-10-06 19:40:00,2026-10-06 20:00:00,2026-10-06 22:15:00,,20,,on time,19,,,,27.7,0.00,18.7,17060.0,dry and calm
2061,2026-10-06,HYD,6E 984,6E,IndiGo,GOI,Vasco da Gama,f,,Airbus A320 NEO,,2026-10-06 19:40:00,,2026-10-06 20:55:00,,,,no actual time,19,,,,27.7,0.00,18.7,17060.0,dry and calm
2062,2026-10-06,HYD,IX 951,IX,Air India Express,DXB,Dubai,t,VT-NTA,Boeing 737 MAX 8,,2026-10-06 19:40:00,2026-10-06 20:23:00,2026-10-06 21:55:00,2026-10-06 22:16:00,43,21,late,19,,,,27.7,0.00,18.7,17060.0,dry and calm
2063,2026-10-06,BLR,6E 855,6E,IndiGo,HYD,Hyderabad,f,VT-ITR,Airbus A320 (Sharklets),1,2026-10-06 19:45:00,2026-10-06 20:21:00,2026-10-06 21:00:00,2026-10-06 21:04:00,36,4,late,19,6E 6417,HYD,-8,24.5,0.00,14.0,20720.0,dry and calm
2064,2026-10-06,BOM,6E 6049,6E,IndiGo,DEL,New Delhi,f,VT-NCQ,Airbus A320,2,2026-10-06 19:45:00,2026-10-06 20:10:00,2026-10-06 21:49:00,,25,,on time,19,,,,29.6,0.00,27.0,13240.0,dry and calm
2065,2026-10-06,BOM,AI 2865,AI,Air India,BLR,Bangalore,f,VT-EXV,Airbus A320 NEO,2,2026-10-06 19:45:00,2026-10-06 20:03:00,2026-10-06 21:50:00,2026-10-06 21:21:00,18,-29,on time,19,,,,29.6,0.00,27.0,13240.0,dry and calm
2066,2026-10-06,BOM,6E 5032,6E,IndiGo,BLR,Bangalore,f,VT-NCK,Airbus A320,1,2026-10-06 19:50:00,2026-10-06 20:20:00,2026-10-06 21:45:00,2026-10-06 21:37:00,30,-8,late,19,6E 5255,BLR,,29.6,0.00,27.0,13240.0,dry and calm
2067,2026-10-06,BOM,6E 6287,6E,IndiGo,CCU,Kolkata,f,VT-NCN,Airbus A321 NEO,2,2026-10-06 19:50:00,2026-10-06 20:27:00,2026-10-06 22:45:00,2026-10-06 22:42:00,37,-3,late,19,,,,29.6,0.00,27.0,13240.0,dry and calm
2068,2026-10-06,HYD,6E 7146,6E,IndiGo,RJA,Rajahmundry,f,VT-IPP,Airbus A320 NEO,,2026-10-06 19:50:00,2026-10-06 20:04:00,2026-10-06 21:05:00,,14,,on time,19,,,,27.7,0.00,18.7,17060.0,dry and calm
2069,2026-10-06,BLR,6E 6875,6E,IndiGo,CJB,Coimbatore,f,VT-IXE,Airbus A320 NEO,1,2026-10-06 19:55:00,2026-10-06 20:12:00,2026-10-06 20:55:00,,17,,on time,19,,,,24.5,0.00,14.0,20720.0,dry and calm
2070,2026-10-06,BLR,QP 1317,QP,Akasa Air,PNQ,Pune,f,,Boeing 737,1,2026-10-06 19:55:00,,2026-10-06 21:35:00,,,,no actual time,19,,,,24.5,0.00,14.0,20720.0,dry and calm
2071,2026-10-06,BOM,AI 2583,AI,Air India,NAG,Naqpur,f,VT-RTU,Airbus A320 NEO,2,2026-10-06 19:55:00,2026-10-06 20:20:00,2026-10-06 21:35:00,,25,,on time,19,,,,29.6,0.00,27.0,13240.0,dry and calm
2072,2026-10-06,BOM,IX 1795,IX,Air India Express,CJB,Coimbatore,f,,Airbus A320 NEO,2,2026-10-06 19:55:00,2026-10-06 20:25:00,2026-10-06 21:45:00,,30,,late,19,,,,29.6,0.00,27.0,13240.0,dry and calm
2073,2026-10-06,BLR,6E 6423,6E,IndiGo,AMD,Ahmedabad,f,VT-IXF,Airbus A320 NEO,1,2026-10-06 20:00:00,2026-10-06 20:31:00,2026-10-06 22:10:00,,31,,late,20,,,,23.5,0.00,22.0,18520.0,dry and calm
2074,2026-10-06,BLR,AI 2818,AI,Air India,DEL,New Delhi,f,VT-TNV,Airbus A320 (Sharklets),2,2026-10-06 20:00:00,2026-10-06 20:18:00,2026-10-06 22:39:00,,18,,on time,20,,,,23.5,0.00,22.0,18520.0,dry and calm
2075,2026-10-06,BOM,6E 5107,6E,IndiGo,AMD,Ahmedabad,f,,Airbus A320 NEO,1,2026-10-06 20:00:00,2026-10-06 20:32:00,2026-10-06 21:20:00,,32,,late,20,,,,29.2,0.00,23.4,13240.0,dry and calm
2076,2026-10-06,BOM,AI 2289,AI,Air India,DOH,Doha,t,VT-TQI,Airbus A320 NEO,2,2026-10-06 20:00:00,2026-10-06 20:26:00,2026-10-06 21:15:00,2026-10-06 20:59:00,26,-16,on time,20,,,,29.2,0.00,23.4,13240.0,dry and calm
2077,2026-10-06,BOM,AI 2940,AI,Air India,DEL,New Delhi,f,,Airbus A320 NEO,2,2026-10-06 20:00:00,2026-10-06 20:35:00,2026-10-06 22:16:00,,35,,late,20,,,,29.2,0.00,23.4,13240.0,dry and calm
2078,2026-10-06,HYD,6E 285,6E,IndiGo,BLR,Bangalore,f,VT-ISW,Airbus A320 NEO,,2026-10-06 20:00:00,2026-10-06 20:09:00,2026-10-06 21:20:00,2026-10-06 20:58:00,9,-22,on time,20,,,,26.6,0.00,16.2,16960.0,dry and calm
2079,2026-10-06,BLR,QP 1743,QP,Akasa Air,CCJ,Calicut,f,,Boeing 737,1,2026-10-06 20:05:00,,2026-10-06 21:15:00,,,,no actual time,20,,,,23.5,0.00,22.0,18520.0,dry and calm
2080,2026-10-06,BOM,IX 1219,IX,Air India Express,JAI,Jaipur,f,VT-RTQ,Airbus A320,2,2026-10-06 20:10:00,2026-10-06 20:44:00,2026-10-06 22:00:00,,34,,late,20,,,,29.2,0.00,23.4,13240.0,dry and calm
2081,2026-10-06,BOM,QP 1107,QP,Akasa Air,CCU,Kolkata,f,,,2,2026-10-06 20:10:00,,,,,,canceled,20,,,,29.2,0.00,23.4,13240.0,dry and calm
2082,2026-10-06,BLR,6E 5376,6E,IndiGo,BOM,Mumbai,f,VT-NCV,Airbus A321 NEO,1,2026-10-06 20:15:00,2026-10-06 20:37:00,2026-10-06 22:00:00,,22,,on time,20,6E 5221,BOM,-27,23.5,0.00,22.0,18520.0,dry and calm
2083,2026-10-06,BLR,6E 6120,6E,IndiGo,PAT,Patna,f,VT-IIR,Airbus A320 NEO,1,2026-10-06 20:15:00,2026-10-06 20:23:00,2026-10-06 22:50:00,,8,,on time,20,,,,23.5,0.00,22.0,18520.0,dry and calm
2084,2026-10-06,BOM,6E 5233,6E,IndiGo,IXC,Chandigarh,f,VT-ICY,Airbus A320,1,2026-10-06 20:15:00,2026-10-06 20:40:00,2026-10-06 22:45:00,,25,,on time,20,,,,29.2,0.00,23.4,13240.0,dry and calm
2085,2026-10-06,BLR,6E 6077,6E,IndiGo,MAA,Chennai,f,VT-IPE,Airbus A320 NEO,1,2026-10-06 20:20:00,2026-10-06 20:49:00,2026-10-06 21:25:00,,29,,on time,20,6E 6548,BLR,,23.5,0.00,22.0,18520.0,dry and calm
2086,2026-10-06,BLR,6E 975,6E,IndiGo,CCU,Kolkata,f,VT-ILW,Airbus A321 NEO,1,2026-10-06 20:20:00,2026-10-06 20:52:00,2026-10-06 23:00:00,2026-10-06 22:51:00,32,-9,late,20,,,,23.5,0.00,22.0,18520.0,dry and calm
2087,2026-10-06,BOM,6E 330,6E,IndiGo,DEL,New Delhi,f,VT-NHX,Airbus A320,2,2026-10-06 20:20:00,2026-10-06 20:40:00,2026-10-06 22:20:00,,20,,on time,20,,,,29.2,0.00,23.4,13240.0,dry and calm
2088,2026-10-06,BOM,6E 5164,6E,IndiGo,IDR,Indore,f,VT-IXP,Airbus A320,1,2026-10-06 20:20:00,2026-10-06 21:45:00,2026-10-06 21:30:00,,85,,late,20,,,,29.2,0.00,23.4,13240.0,dry and calm
2089,2026-10-06,BOM,IX 1801,IX,Air India Express,COK,Kochi,f,VT-BWF,Boeing 737 MAX 8,2,2026-10-06 20:20:00,2026-10-06 20:55:00,2026-10-06 22:20:00,,35,,late,20,,,,29.2,0.00,23.4,13240.0,dry and calm
2090,2026-10-06,HYD,6E 426,6E,IndiGo,PNQ,Pune,f,VT-NHQ,Airbus A321 NEO,,2026-10-06 20:20:00,2026-10-06 20:40:00,2026-10-06 21:30:00,2026-10-06 21:26:00,20,-4,on time,20,6E 638,BLR,-9,26.6,0.00,16.2,16960.0,dry and calm
2091,2026-10-06,BLR,6E 435,6E,IndiGo,COK,Kochi,f,VT-IPH,Airbus A320 NEO,1,2026-10-06 20:25:00,2026-10-06 20:45:00,2026-10-06 21:30:00,,20,,on time,20,,,,23.5,0.00,22.0,18520.0,dry and calm
2092,2026-10-06,HYD,6E 1407,6E,IndiGo,AUH,Abu Dhabi,t,VT-NOF,Airbus A321 NEO,,2026-10-06 20:25:00,2026-10-06 20:35:00,,,10,,on time,20,,,,26.6,0.00,16.2,16960.0,dry and calm
2093,2026-10-06,HYD,6E 621,6E,IndiGo,IDR,Indore,f,VT-NHD,Airbus A321 NEO,,2026-10-06 20:25:00,2026-10-06 20:38:00,2026-10-06 21:50:00,,13,,on time,20,,,,26.6,0.00,16.2,16960.0,dry and calm
2094,2026-10-06,BLR,6E 6385,6E,IndiGo,IXC,Chandigarh,f,VT-ICR,Airbus A321 NEO,1,2026-10-06 20:30:00,2026-10-06 20:43:00,2026-10-06 23:40:00,,13,,on time,20,,,,23.5,0.00,22.0,18520.0,dry and calm
2095,2026-10-06,BLR,AI 2850,AI,Air India,BOM,Mumbai,f,VT-TQM,Airbus A320 NEO,2,2026-10-06 20:30:00,2026-10-06 20:41:00,2026-10-06 22:40:00,,11,,on time,20,AI 2849,BOM,-36,23.5,0.00,22.0,18520.0,dry and calm
2096,2026-10-06,BOM,AI 2827,AI,Air India,MAA,Chennai,f,,Airbus A320 NEO,2,2026-10-06 20:30:00,2026-10-06 20:36:00,2026-10-06 22:35:00,,6,,on time,20,,,,29.2,0.00,23.4,13240.0,dry and calm
2097,2026-10-06,BOM,AI 2988,AI,Air India,DEL,New Delhi,f,VT-TVJ,Airbus A321 NEO,2,2026-10-06 20:30:00,2026-10-06 21:00:00,2026-10-06 22:41:00,,30,,late,20,,,,29.2,0.00,23.4,13240.0,dry and calm
2098,2026-10-06,BOM,SG 9113,SG,SpiceJet,DXB,Dubai,t,VT-SGV,Boeing 737-800,2,2026-10-06 20:30:00,2026-10-06 23:31:00,2026-10-06 19:45:00,2026-10-07 00:33:00,181,288,late,20,,,,29.2,0.00,23.4,13240.0,dry and calm
2099,2026-10-06,HYD,6E 1421,6E,IndiGo,SHJ,Sharjah,t,VT-ISY,Airbus A320 NEO,,2026-10-06 20:30:00,2026-10-06 20:44:00,2026-10-06 22:40:00,2026-10-06 22:27:00,14,-13,on time,20,,,,26.6,0.00,16.2,16960.0,dry and calm
2100,2026-10-06,BOM,QP 1103,QP,Akasa Air,AMD,Ahmedabad,f,,Boeing 737,2,2026-10-06 20:35:00,2026-10-06 21:12:00,2026-10-06 21:50:00,,37,,late,20,,,,29.2,0.00,23.4,13240.0,dry and calm
2101,2026-10-06,HYD,AI 2876,AI,Air India,BOM,Mumbai,f,VT-TQC,Airbus A320 NEO,,2026-10-06 20:35:00,2026-10-06 20:37:00,2026-10-06 22:30:00,,2,,on time,20,AI 2619,BOM,-11,26.6,0.00,16.2,16960.0,dry and calm
2102,2026-10-06,BLR,6E 441,6E,IndiGo,PNQ,Pune,f,VT-IOT,Airbus A320 NEO,1,2026-10-06 20:40:00,2026-10-06 20:58:00,2026-10-06 22:05:00,2026-10-06 22:03:00,18,-2,on time,20,,,,23.5,0.00,22.0,18520.0,dry and calm
2103,2026-10-06,BLR,6E 817,6E,IndiGo,DEL,New Delhi,f,VT-ICH,Airbus A321 NEO,1,2026-10-06 20:40:00,2026-10-06 21:05:00,2026-10-06 23:29:00,,25,,on time,20,,,,23.5,0.00,22.0,18520.0,dry and calm
2104,2026-10-06,BOM,6E 5182,6E,IndiGo,BBI,Bhubaneswar,f,VT-IOM,Airbus A320,1,2026-10-06 20:40:00,2026-10-06 20:49:00,2026-10-06 23:00:00,,9,,on time,20,,,,29.2,0.00,23.4,13240.0,dry and calm
2105,2026-10-06,BOM,UL 144,UL,SriLankan,CMB,Colombo,t,4R-ANE,Airbus A320,2,2026-10-06 20:40:00,2026-10-06 22:54:00,2026-10-06 23:10:00,,134,,late,20,,,,29.2,0.00,23.4,13240.0,dry and calm
2106,2026-10-06,BLR,6E 6086,6E,IndiGo,BBI,Bhubaneswar,f,VT-IQL,Airbus A320 NEO,1,2026-10-06 20:45:00,2026-10-06 21:00:00,2026-10-06 22:50:00,,15,,on time,20,6E 6783,HYD,-17,23.5,0.00,22.0,18520.0,dry and calm
2107,2026-10-06,BOM,6E 5145,6E,IndiGo,LKO,Lucknow,f,VT-IMY,Airbus A320,1,2026-10-06 20:45:00,2026-10-06 21:04:00,2026-10-06 23:05:00,2026-10-06 22:50:00,19,-15,on time,20,,,,29.2,0.00,23.4,13240.0,dry and calm
2108,2026-10-06,BOM,AI 2401,AI,Air India,BLR,Bangalore,f,VT-TQP,Airbus A320 NEO,2,2026-10-06 20:45:00,2026-10-06 21:07:00,2026-10-06 22:45:00,2026-10-06 22:25:00,22,-20,on time,20,,,,29.2,0.00,23.4,13240.0,dry and calm
2109,2026-10-06,BOM,IX 1163,IX,Air India Express,GOX,Mopa,f,VT-BWA,Boeing 737,2,2026-10-06 20:45:00,2026-10-06 21:18:00,2026-10-06 22:00:00,,33,,late,20,,,,29.2,0.00,23.4,13240.0,dry and calm
2110,2026-10-06,BLR,6E 6743,6E,IndiGo,IDR,Indore,f,VT-IAX,Airbus A320 (Sharklets),1,2026-10-06 20:50:00,2026-10-06 21:11:00,2026-10-06 22:45:00,,21,,on time,20,,,,23.5,0.00,22.0,18520.0,dry and calm
2111,2026-10-06,BLR,9I 517,9I,Alliance Air,HYD,Hyderabad,f,VT-RKJ,ATR 72,,2026-10-06 20:50:00,,2026-10-06 22:35:00,,,,no actual time,20,,,,23.5,0.00,22.0,18520.0,dry and calm
2112,2026-10-06,BOM,6E 1201,6E,IndiGo,BAH,Manama,t,VT-IRY,Airbus A321 NEO,2,2026-10-06 20:50:00,2026-10-06 21:23:00,2026-10-06 21:55:00,,33,,late,20,,,,29.2,0.00,23.4,13240.0,dry and calm
2113,2026-10-06,BLR,IX 1360,IX,Air India Express,NMI,Mumbai,f,,Boeing 737,2,2026-10-06 20:55:00,,2026-10-06 22:40:00,,,,no actual time,20,,,,23.5,0.00,22.0,18520.0,dry and calm
2114,2026-10-06,BOM,QP 1254,QP,Akasa Air,CCU,Kolkata,f,,Boeing 737,2,2026-10-06 20:55:00,2026-10-06 21:31:00,2026-10-06 23:30:00,,36,,late,20,,,,29.2,0.00,23.4,13240.0,dry and calm
2115,2026-10-06,BLR,EK 567,EK,Emirates,DXB,Dubai,t,A6-ECJ,Boeing 777-300,2,2026-10-06 21:00:00,2026-10-06 21:17:00,2026-10-06 23:20:00,2026-10-06 23:00:00,17,-20,on time,21,,,,22.8,0.00,18.4,18480.0,dry and calm
2116,2026-10-06,BLR,IX 2116,IX,Air India Express,COK,Kochi,f,VT-BXJ,Boeing 737 MAX 8,2,2026-10-06 21:00:00,2026-10-06 21:22:00,2026-10-06 22:05:00,,22,,on time,21,,,,22.8,0.00,18.4,18480.0,dry and calm
2117,2026-10-06,BOM,6E 5291,6E,IndiGo,MAA,Chennai,f,VT-NHG,Airbus A321 NEO,1,2026-10-06 21:00:00,2026-10-06 21:20:00,2026-10-06 23:05:00,,20,,on time,21,,,,28.8,0.00,22.3,13220.0,dry and calm
2118,2026-10-06,BOM,AI 816,AI,Air India,DEL,New Delhi,f,VT-TQK,Airbus A320 NEO,2,2026-10-06 21:00:00,2026-10-06 21:42:00,2026-10-06 23:15:00,,42,,late,21,,,,28.8,0.00,22.3,13220.0,dry and calm
2119,2026-10-06,HYD,6E 890,6E,IndiGo,DEL,New Delhi,f,VT-NCC,Airbus A320,,2026-10-06 21:00:00,2026-10-06 21:12:00,2026-10-06 22:57:00,,12,,on time,21,,,,25.6,0.00,11.2,14820.0,dry and calm
2120,2026-10-06,BLR,IX 1089,IX,Air India Express,IXC,Chandigarh,f,VT-BXF,Boeing 737 MAX 8,2,2026-10-06 21:05:00,2026-10-06 21:26:00,2026-10-07 00:15:00,,21,,on time,21,,,,22.8,0.00,18.4,18480.0,dry and calm
2121,2026-10-06,HYD,6E 2084,6E,IndiGo,NMI,Mumbai,f,VT-IPZ,Airbus A320 NEO,,2026-10-06 21:05:00,2026-10-06 21:26:00,2026-10-06 22:35:00,,21,,on time,21,,,,25.6,0.00,11.2,14820.0,dry and calm
2122,2026-10-06,HYD,IX 1378,IX,Air India Express,BLR,Bangalore,f,VT-BXK,Boeing 737 MAX 8,,2026-10-06 21:05:00,2026-10-06 21:28:00,2026-10-06 22:30:00,2026-10-06 22:16:00,23,-14,on time,21,IX 1250,BLR,-7,25.6,0.00,11.2,14820.0,dry and calm
2123,2026-10-06,BLR,6E 1301,6E,IndiGo,DOH,Doha,t,VT-ILL,Airbus A321 NEO,2,2026-10-06 21:10:00,2026-10-06 21:21:00,2026-10-06 23:00:00,2026-10-06 22:41:00,11,-19,on time,21,,,,22.8,0.00,18.4,18480.0,dry and calm
2124,2026-10-06,BLR,QP 1264,QP,Akasa Air,CCU,Kolkata,f,,Boeing 737,1,2026-10-06 21:10:00,,2026-10-06 23:35:00,,,,no actual time,21,,,,22.8,0.00,18.4,18480.0,dry and calm
2125,2026-10-06,BOM,6E 1491,6E,IndiGo,RKT,Ras Al Khaimah,t,VT-IXI,Airbus A320 NEO,2,2026-10-06 21:10:00,2026-10-06 21:51:00,2026-10-06 22:40:00,2026-10-06 22:52:00,41,12,late,21,,,,28.8,0.00,22.3,13220.0,dry and calm
2126,2026-10-06,BOM,6E 5056,6E,IndiGo,HYD,Hyderabad,f,VT-NOT,Airbus A320,1,2026-10-06 21:10:00,2026-10-06 22:02:00,2026-10-06 22:45:00,2026-10-06 23:07:00,52,22,late,21,6E 5039,HYD,,28.8,0.00,22.3,13220.0,dry and calm
2127,2026-10-06,BOM,AI 2643,AI,Air India,CCU,Kolkata,f,VT-CID,Airbus A320,2,2026-10-06 21:10:00,2026-10-06 21:40:00,2026-10-07 00:10:00,2026-10-06 23:59:00,30,-11,late,21,,,,28.8,0.00,22.3,13220.0,dry and calm
2128,2026-10-06,BOM,IX 261,IX,Air India Express,AUH,Abu Dhabi,t,VT-RTI,Airbus A320,2,2026-10-06 21:10:00,2026-10-06 21:37:00,,,27,,on time,21,,,,28.8,0.00,22.3,13220.0,dry and calm
2129,2026-10-06,HYD,6E 6174,6E,IndiGo,MAA,Chennai,f,VT-IMR,Airbus A321 NEO,,2026-10-06 21:10:00,2026-10-06 22:20:00,2026-10-06 22:40:00,,70,,late,21,,,,25.6,0.00,11.2,14820.0,dry and calm
2130,2026-10-06,BLR,6E 1247,6E,IndiGo,SIN,Singapore,t,VT-NOA,Airbus A321 NEO,2,2026-10-06 21:15:00,2026-10-06 21:40:00,2026-10-07 04:40:00,2026-10-07 04:18:00,25,-22,on time,21,,,,22.8,0.00,18.4,18480.0,dry and calm
2131,2026-10-06,BLR,QP 2002,QP,Akasa Air,NMI,Mumbai,f,,Boeing 737,1,2026-10-06 21:15:00,,2026-10-06 23:00:00,,,,no actual time,21,,,,22.8,0.00,18.4,18480.0,dry and calm
2132,2026-10-06,BOM,6E 102,6E,IndiGo,DEL,New Delhi,f,,Airbus A320,2,2026-10-06 21:15:00,2026-10-06 21:35:00,2026-10-06 23:20:00,,20,,on time,21,,,,28.8,0.00,22.3,13220.0,dry and calm
2133,2026-10-06,BOM,AI 413,AI,Air India,JAI,Jaipur,f,VT-TQT,Airbus A320 NEO,2,2026-10-06 21:15:00,2026-10-06 21:26:00,2026-10-06 23:10:00,,11,,on time,21,AI 2447,HYD,,28.8,0.00,22.3,13220.0,dry and calm
2134,2026-10-06,HYD,6E 216,6E,IndiGo,AMD,Ahmedabad,f,VT-IPU,Airbus A320 NEO,,2026-10-06 21:15:00,2026-10-06 21:22:00,2026-10-06 23:00:00,,7,,on time,21,,,,25.6,0.00,11.2,14820.0,dry and calm
2135,2026-10-06,HYD,6E 944,6E,IndiGo,CCU,Kolkata,f,VT-IMH,Airbus A321 NEO,,2026-10-06 21:15:00,2026-10-07 00:20:00,2026-10-06 23:25:00,2026-10-07 01:55:00,185,150,late,21,,,,25.6,0.00,11.2,14820.0,dry and calm
2136,2026-10-06,BLR,IX 1367,IX,Air India Express,TRV,Trivandrum,f,VT-AXJ,Boeing 737,2,2026-10-06 21:20:00,,2026-10-06 22:45:00,2026-10-06 22:42:00,,-3,no actual time,21,,,,22.8,0.00,18.4,18480.0,dry and calm
2137,2026-10-06,HYD,6E 1027,6E,IndiGo,SIN,Singapore,t,VT-IIY,Airbus A320 NEO,,2026-10-06 21:20:00,2026-10-06 21:48:00,2026-10-07 04:55:00,,28,,on time,21,,,,25.6,0.00,11.2,14820.0,dry and calm
2138,2026-10-06,HYD,EY 359,EY,Etihad,AUH,Abu Dhabi,t,A6-BMB,Boeing 787-10,,2026-10-06 21:20:00,2026-10-06 21:36:00,,,16,,on time,21,,,,25.6,0.00,11.2,14820.0,dry and calm
2139,2026-10-06,BLR,6E 6784,6E,IndiGo,HYD,Hyderabad,f,VT-ITS,Airbus A321 (Sharklets),1,2026-10-06 21:25:00,2026-10-06 21:33:00,2026-10-06 22:40:00,2026-10-06 22:17:00,8,-23,on time,21,,,,22.8,0.00,18.4,18480.0,dry and calm
2140,2026-10-06,BOM,AI 2869,AI,Air India,HYD,Hyderabad,f,VT-TQJ,Airbus A320 NEO,2,2026-10-06 21:25:00,2026-10-06 21:48:00,2026-10-06 23:05:00,2026-10-06 22:46:00,23,-19,on time,21,AI 2854,BLR,,28.8,0.00,22.3,13220.0,dry and calm
2141,2026-10-06,BLR,IX 36L,IX,Air India Express,TRZ,Tiruchirappally,f,VT-BWJ,Boeing 737 MAX 8,,2026-10-06 21:28:00,2026-10-06 21:28:00,,,0,,on time,21,,,,22.8,0.00,18.4,18480.0,dry and calm
2142,2026-10-06,BLR,6E 6526,6E,IndiGo,GOX,Mopa,f,VT-IXN,Airbus A320 NEO,1,2026-10-06 21:30:00,2026-10-06 22:27:00,2026-10-06 22:45:00,,57,,late,21,,,,22.8,0.00,18.4,18480.0,dry and calm
2143,2026-10-06,BLR,AI 2642,AI,Air India,BOM,Mumbai,f,VT-EXI,Airbus A320 NEO,2,2026-10-06 21:30:00,2026-10-06 21:52:00,2026-10-06 23:35:00,,22,,on time,21,AI 2641,BOM,-30,22.8,0.00,18.4,18480.0,dry and calm
2144,2026-10-06,BOM,6E 61,6E,IndiGo,JED,Jeddah,t,VT-IRX,Airbus A321 NEO,2,2026-10-06 21:30:00,2026-10-06 22:11:00,2026-10-07 00:05:00,,41,,late,21,,,,28.8,0.00,22.3,13220.0,dry and calm
2145,2026-10-06,BOM,6E 6188,6E,IndiGo,BLR,Bangalore,f,VT-NCP,Airbus A321 NEO,2,2026-10-06 21:30:00,2026-10-06 22:04:00,2026-10-06 23:25:00,2026-10-06 23:20:00,34,-5,late,21,6E 6283,BLR,,28.8,0.00,22.3,13220.0,dry and calm
2146,2026-10-06,BOM,AI 1895,AI,Air India,DEL,New Delhi,f,VT-AEO,Boeing 777-300,2,2026-10-06 21:30:00,2026-10-06 21:53:00,2026-10-06 23:38:00,,23,,on time,21,,,,28.8,0.00,22.3,13220.0,dry and calm
2147,2026-10-06,HYD,AI 2870,AI,Air India,DEL,New Delhi,f,VT-RTW,Airbus A320 NEO,,2026-10-06 21:30:00,2026-10-06 21:32:00,2026-10-06 23:26:00,,2,,on time,21,,,,25.6,0.00,11.2,14820.0,dry and calm
2148,2026-10-06,BOM,AI 2919,AI,Air India,AMD,Ahmedabad,f,,Airbus A320 NEO,2,2026-10-06 21:35:00,2026-10-06 21:55:00,2026-10-06 22:55:00,,20,,on time,21,,,,28.8,0.00,22.3,13220.0,dry and calm
2149,2026-10-06,HYD,6E 6505,6E,IndiGo,BLR,Bangalore,f,VT-ITR,Airbus A320 (Sharklets),,2026-10-06 21:35:00,2026-10-06 22:06:00,2026-10-06 22:50:00,2026-10-06 22:51:00,31,1,late,21,6E 855,BLR,4,25.6,0.00,11.2,14820.0,dry and calm
2150,2026-10-06,BLR,6E 528,6E,IndiGo,PNQ,Pune,f,VT-ICP,Airbus A321 NEO,1,2026-10-06 21:40:00,2026-10-06 22:01:00,2026-10-06 23:10:00,2026-10-06 23:02:00,21,-8,on time,21,,,,22.8,0.00,18.4,18480.0,dry and calm
2151,2026-10-06,BLR,QP 1906,QP,Akasa Air,AMD,Ahmedabad,f,,Boeing 737,1,2026-10-06 21:40:00,,2026-10-06 23:50:00,,,,no actual time,21,,,,22.8,0.00,18.4,18480.0,dry and calm
2152,2026-10-06,BOM,AI 191,AI,Air India,FCO,Rome,t,VT-AEP,Boeing 777-300ER,2,2026-10-06 21:40:00,2026-10-06 22:17:00,2026-10-07 02:30:00,2026-10-07 02:21:00,37,-9,late,21,,,,28.8,0.00,22.3,13220.0,dry and calm
2153,2026-10-06,HYD,6E 5381,6E,IndiGo,TRV,Trivandrum,f,VT-ISU,Airbus A320 NEO,,2026-10-06 21:40:00,2026-10-06 21:45:00,2026-10-06 23:35:00,2026-10-06 23:14:00,5,-21,on time,21,,,,25.6,0.00,11.2,14820.0,dry and calm
2154,2026-10-06,BLR,6E 977,6E,IndiGo,GOI,Vasco da Gama,f,VT-IMD,Airbus A321 NEO,1,2026-10-06 21:45:00,2026-10-06 21:59:00,2026-10-06 23:00:00,,14,,on time,21,,,,22.8,0.00,18.4,18480.0,dry and calm
2155,2026-10-06,BOM,GF 65,GF,Gulf Air,BAH,Manama,t,A9C-XC,Airbus A321 NEO,2,2026-10-06 21:45:00,2026-10-06 21:58:00,2026-10-06 23:10:00,,13,,on time,21,,,,28.8,0.00,22.3,13220.0,dry and calm
2156,2026-10-06,BOM,QP 1518,QP,Akasa Air,BLR,Bangalore,f,,Boeing 737,2,2026-10-06 21:45:00,2026-10-06 22:20:00,2026-10-06 23:35:00,,35,,late,21,,,,28.8,0.00,22.3,13220.0,dry and calm
2157,2026-10-06,BLR,6E 6562,6E,IndiGo,MAA,Chennai,f,VT-IBO,Airbus A321 NEO,1,2026-10-06 21:50:00,2026-10-06 21:55:00,2026-10-06 22:55:00,,5,,on time,21,,,,22.8,0.00,18.4,18480.0,dry and calm
2158,2026-10-06,BLR,IX 2680,IX,Air India Express,PNQ,Pune,f,VT-BWN,Boeing 737 MAX 8,2,2026-10-06 21:50:00,2026-10-06 22:06:00,2026-10-06 23:30:00,2026-10-06 23:15:00,16,-15,on time,21,,,,22.8,0.00,18.4,18480.0,dry and calm
2159,2026-10-06,BOM,6E 1267,6E,IndiGo,MCT,Muscat,t,,Airbus A320,2,2026-10-06 21:50:00,2026-10-06 22:27:00,2026-10-06 22:55:00,,37,,late,21,,,,28.8,0.00,22.3,13220.0,dry and calm
2160,2026-10-06,BOM,6E 5283,6E,IndiGo,AMD,Ahmedabad,f,,Airbus A320 NEO,1,2026-10-06 21:50:00,2026-10-06 22:06:00,2026-10-06 23:25:00,,16,,on time,21,,,,28.8,0.00,22.3,13220.0,dry and calm
2161,2026-10-06,HYD,6E 695,6E,IndiGo,COK,Kochi,f,VT-ICZ,Airbus A321 NEO,,2026-10-06 21:50:00,2026-10-06 23:33:00,2026-10-06 23:25:00,,103,,late,21,,,,25.6,0.00,11.2,14820.0,dry and calm
2162,2026-10-06,BOM,G9 402,G9,Air Arabia,SHJ,Sharjah,t,A6-AQF,Airbus A320,2,2026-10-06 21:55:00,2026-10-06 22:57:00,2026-10-06 23:25:00,2026-10-07 00:00:00,62,35,late,21,,,,28.8,0.00,22.3,13220.0,dry and calm
2163,2026-10-06,BLR,6E 6406,6E,IndiGo,DEL,New Delhi,f,VT-NOU,Airbus A321 NEO,1,2026-10-06 22:00:00,2026-10-06 22:12:00,2026-10-07 00:27:00,,12,,on time,22,,,,22.3,0.00,13.3,18460.0,dry and calm
2164,2026-10-06,BLR,AI 2814,AI,Air India,DEL,New Delhi,f,,Airbus A320 NEO,2,2026-10-06 22:00:00,,2026-10-07 00:49:00,,,,no actual time,22,,,,22.3,0.00,13.3,18460.0,dry and calm
2165,2026-10-06,BOM,6E 81,6E,IndiGo,DMM,Ad Dammam,t,VT-IMM,Airbus A320,2,2026-10-06 22:00:00,2026-10-06 22:33:00,2026-10-06 23:20:00,,33,,late,22,,,,28.3,0.00,16.6,11440.0,dry and calm
2166,2026-10-06,HYD,EK 529,EK,Emirates,DXB,Dubai,t,A6-EGD,Boeing 777-300,,2026-10-06 22:00:00,2026-10-06 22:10:00,2026-10-07 00:10:00,2026-10-06 23:50:00,10,-20,on time,22,,,,25.3,0.00,6.5,14820.0,dry and calm
2167,2026-10-06,BOM,IX 235,IX,Air India Express,MCT,Muscat,t,VT-ATD,Boeing 737,2,2026-10-06 22:05:00,2026-10-06 22:25:00,2026-10-06 23:15:00,,20,,on time,22,,,,28.3,0.00,16.6,11440.0,dry and calm
2168,2026-10-06,BOM,RX 698,RX,Riyadh Air,RUH,Riyadh,t,HZ-RXAA,Boeing 787-9,2,2026-10-06 22:05:00,2026-10-06 23:17:00,2026-10-06 23:50:00,,72,,late,22,,,,28.3,0.00,16.6,11440.0,dry and calm
2169,2026-10-06,HYD,6E 5203,6E,IndiGo,BOM,Mumbai,f,VT-NCU,Airbus A321 NEO,,2026-10-06 22:05:00,2026-10-06 22:26:00,2026-10-06 23:30:00,,21,,on time,22,6E 5326,BOM,-11,25.3,0.00,6.5,14820.0,dry and calm
2170,2026-10-06,BLR,IX 2787,IX,Air India Express,MAA,Chennai,f,VT-BXV,Boeing 737 MAX 8,2,2026-10-06 22:10:00,2026-10-06 22:17:00,2026-10-06 23:20:00,,7,,on time,22,,,,22.3,0.00,13.3,18460.0,dry and calm
2171,2026-10-06,BOM,6E 5106,6E,IndiGo,GOI,Vasco da Gama,f,,Airbus A320 NEO,1,2026-10-06 22:10:00,2026-10-06 23:02:00,2026-10-06 23:30:00,,52,,late,22,,,,28.3,0.00,16.6,11440.0,dry and calm
2172,2026-10-06,HYD,GF 277,GF,Gulf Air,BAH,Manama,t,A9C-TH,Airbus A320 NEO,,2026-10-06 22:10:00,2026-10-06 22:08:00,2026-10-07 00:10:00,,-2,,on time,22,,,,25.3,0.00,6.5,14820.0,dry and calm
2173,2026-10-06,BLR,EY 239,EY,Etihad,AUH,Abu Dhabi,t,A6-BLA,Boeing 787-9,2,2026-10-06 22:15:00,2026-10-06 22:19:00,2026-10-07 00:35:00,,4,,on time,22,,,,22.3,0.00,13.3,18460.0,dry and calm
2174,2026-10-06,BLR,IX 1370,IX,Air India Express,CCU,Kolkata,f,VT-EXC,Airbus A320,2,2026-10-06 22:15:00,2026-10-06 22:34:00,2026-10-07 00:50:00,2026-10-07 00:38:00,19,-12,on time,22,,,,22.3,0.00,13.3,18460.0,dry and calm
2175,2026-10-06,BOM,6E 1341,6E,IndiGo,DOH,Doha,t,,Airbus A320,2,2026-10-06 22:15:00,2026-10-06 23:07:00,2026-10-06 23:10:00,2026-10-06 23:40:00,52,30,late,22,,,,28.3,0.00,16.6,11440.0,dry and calm
2176,2026-10-06,BOM,6E 651,6E,IndiGo,DEL,New Delhi,f,,Airbus A320,2,2026-10-06 22:15:00,2026-10-06 22:44:00,2026-10-07 00:24:00,,29,,on time,22,,,,28.3,0.00,16.6,11440.0,dry and calm
2177,2026-10-06,HYD,6E 2257,6E,IndiGo,CCU,Kolkata,f,VT-IPN,Airbus A320 NEO,,2026-10-06 22:15:00,2026-10-06 22:30:00,2026-10-07 00:25:00,2026-10-07 00:04:00,15,-21,on time,22,,,,25.3,0.00,6.5,14820.0,dry and calm
2178,2026-10-06,BLR,6E 5094,6E,IndiGo,BOM,Mumbai,f,VT-NCT,Airbus A321 NEO,1,2026-10-06 22:20:00,2026-10-06 22:29:00,2026-10-07 00:05:00,,9,,on time,22,6E 5047,BOM,0,22.3,0.00,13.3,18460.0,dry and calm
2179,2026-10-06,BLR,6E 952,6E,IndiGo,CCU,Kolkata,f,VT-NHS,Airbus A321 NEO,1,2026-10-06 22:20:00,2026-10-06 22:55:00,2026-10-07 01:00:00,2026-10-07 00:57:00,35,-3,late,22,,,,22.3,0.00,13.3,18460.0,dry and calm
2180,2026-10-06,BLR,GF 281,GF,Gulf Air,BAH,Manama,t,A9C-XE,Airbus A321 NEO,2,2026-10-06 22:20:00,2026-10-06 22:35:00,2026-10-07 00:30:00,,15,,on time,22,,,,22.3,0.00,13.3,18460.0,dry and calm
2181,2026-10-06,BOM,6E 1501,6E,IndiGo,FJR,Fujairah,t,VT-NHW,Airbus A320,2,2026-10-06 22:20:00,2026-10-06 22:29:00,2026-10-06 23:35:00,,9,,on time,22,,,,28.3,0.00,16.6,11440.0,dry and calm
2182,2026-10-06,BOM,6E 5388,6E,IndiGo,BLR,Bangalore,f,VT-IWT,Airbus A320,1,2026-10-06 22:20:00,2026-10-06 22:46:00,2026-10-07 00:20:00,2026-10-07 00:00:00,26,-20,on time,22,,,,28.3,0.00,16.6,11440.0,dry and calm
2183,2026-10-06,BOM,CX 696,CX,Cathay Pacific,HKG,Hong Kong,t,B-KQP,Boeing 777-300ER,2,2026-10-06 22:25:00,2026-10-06 23:04:00,2026-10-07 06:55:00,2026-10-07 06:36:00,39,-19,late,22,,,,28.3,0.00,16.6,11440.0,dry and calm
2184,2026-10-06,BOM,EK 509,EK,Emirates,DXB,Dubai,t,A6-ECT,Boeing 777-300ER,2,2026-10-06 22:25:00,2026-10-06 22:58:00,2026-10-06 23:55:00,2026-10-06 23:53:00,33,-2,late,22,,,,28.3,0.00,16.6,11440.0,dry and calm
2185,2026-10-06,HYD,6E 6617,6E,IndiGo,MAA,Chennai,f,VT-IOF,Airbus A320 NEO,,2026-10-06 22:25:00,2026-10-06 22:33:00,2026-10-06 23:50:00,,8,,on time,22,,,,25.3,0.00,6.5,14820.0,dry and calm
2186,2026-10-06,BLR,AI 2488,AI,Air India,DEL,New Delhi,f,VT-TQS,Airbus A320 NEO,2,2026-10-06 22:30:00,2026-10-06 22:45:00,2026-10-07 01:07:00,,15,,on time,22,,,,22.3,0.00,13.3,18460.0,dry and calm
2187,2026-10-06,BOM,AI 2986,AI,Air India,DEL,New Delhi,f,,Airbus A320 NEO,2,2026-10-06 22:35:00,2026-10-06 23:15:00,2026-10-07 00:54:00,,40,,late,22,,,,28.3,0.00,16.6,11440.0,dry and calm
2188,2026-10-06,BLR,6E 838,6E,IndiGo,JAI,Jaipur,f,VT-IMI,Airbus A321 NEO,1,2026-10-06 22:40:00,2026-10-06 22:53:00,2026-10-07 01:05:00,,13,,on time,22,,,,22.3,0.00,13.3,18460.0,dry and calm
2189,2026-10-06,HYD,6E 85,6E,IndiGo,DMM,Ad Dammam,t,VT-IRV,Airbus A321 NEO,,2026-10-06 22:40:00,2026-10-06 22:55:00,2026-10-07 00:40:00,,15,,on time,22,,,,25.3,0.00,6.5,14820.0,dry and calm
2190,2026-10-06,BOM,6E 2093,6E,IndiGo,COK,Kochi,f,VT-IBL,Airbus A320,2,2026-10-06 22:45:00,2026-10-06 23:08:00,2026-10-07 00:40:00,,23,,on time,22,,,,28.3,0.00,16.6,11440.0,dry and calm
2191,2026-10-06,BOM,6E 5328,6E,IndiGo,NAG,Naqpur,f,VT-IPY,Airbus A320,1,2026-10-06 22:45:00,2026-10-06 23:12:00,2026-10-07 00:20:00,,27,,on time,22,,,,28.3,0.00,16.6,11440.0,dry and calm
2192,2026-10-06,BOM,6E 59,6E,IndiGo,MED,Medina,t,VT-IOQ,Airbus A320 NEO,2,2026-10-06 22:50:00,2026-10-06 23:24:00,2026-10-07 01:15:00,,34,,late,22,,,,28.3,0.00,16.6,11440.0,dry and calm
2193,2026-10-06,BLR,QP 1134,QP,Akasa Air,BOM,Mumbai,f,,Boeing 737,1,2026-10-06 22:55:00,,2026-10-07 00:45:00,,,,no actual time,22,,,,22.3,0.00,13.3,18460.0,dry and calm
2194,2026-10-06,BOM,AI 639,AI,Air India,MAA,Chennai,f,VT-EXL,Airbus A320 (Sharklets),2,2026-10-06 22:55:00,2026-10-06 23:25:00,2026-10-07 01:05:00,,30,,late,22,,,,28.3,0.00,16.6,11440.0,dry and calm
2195,2026-10-06,BLR,IX 5303,IX,Air India Express,TRZ,Tiruchirappally,f,VT-GHD,Boeing 737-800,2,2026-10-06 23:00:00,2026-10-06 23:02:00,2026-10-07 00:15:00,,2,,on time,23,,,,22.5,0.00,13.0,16060.0,dry and calm
2196,2026-10-06,BOM,6E 6137,6E,IndiGo,MAA,Chennai,f,VT-IOX,Airbus A320 NEO,2,2026-10-06 23:00:00,2026-10-06 23:33:00,2026-10-07 01:05:00,,33,,late,23,,,,28.2,0.00,12.2,11420.0,dry and calm
2197,2026-10-06,BOM,6E 6195,6E,IndiGo,HYD,Hyderabad,f,VT-NOJ,Airbus A321 NEO,2,2026-10-06 23:00:00,2026-10-06 23:46:00,2026-10-07 00:35:00,2026-10-07 00:43:00,46,8,late,23,,,,28.2,0.00,12.2,11420.0,dry and calm
2198,2026-10-06,BLR,6E 116,6E,IndiGo,PNQ,Pune,f,VT-ICO,Airbus A321 NEO,1,2026-10-06 23:05:00,2026-10-06 23:10:00,2026-10-07 00:45:00,2026-10-07 00:19:00,5,-26,on time,23,,,,22.5,0.00,13.0,16060.0,dry and calm
2199,2026-10-06,BLR,SQ 511,SQ,Singapore,SIN,Singapore,t,9V-SHQ,Airbus A350-900,2,2026-10-06 23:05:00,2026-10-06 23:34:00,2026-10-07 06:10:00,2026-10-07 06:01:00,29,-9,on time,23,,,,22.5,0.00,13.0,16060.0,dry and calm
2200,2026-10-06,BOM,QP 584,QP,Akasa Air,AUH,Abu Dhabi,t,,,2,2026-10-06 23:05:00,2026-10-06 23:49:00,2026-10-07 00:50:00,,44,,late,23,,,,28.2,0.00,12.2,11420.0,dry and calm
2201,2026-10-06,HYD,9I 519,9I,Alliance Air,BLR,Bangalore,f,VT-RKC,ATR 72,,2026-10-06 23:05:00,,2026-10-07 01:00:00,,,,no actual time,23,,,,25.4,0.00,10.8,14840.0,dry and calm
2202,2026-10-06,BOM,6E 5152,6E,IndiGo,AMD,Ahmedabad,f,,Airbus A320 NEO,1,2026-10-06 23:10:00,2026-10-06 23:38:00,2026-10-07 00:35:00,,28,,on time,23,,,,28.2,0.00,12.2,11420.0,dry and calm
2203,2026-10-06,BOM,EY 205,EY,Etihad,AUH,Abu Dhabi,t,A6-XWN,Airbus A350-1000,2,2026-10-06 23:10:00,2026-10-06 23:36:00,2026-10-07 00:45:00,,26,,on time,23,,,,28.2,0.00,12.2,11420.0,dry and calm
2204,2026-10-06,BOM,VN 972,VN,Vietnam,HAN,Hanoi,t,VN-A870,Boeing 787,2,2026-10-06 23:10:00,2026-10-06 23:43:00,2026-10-07 05:25:00,,33,,late,23,,,,28.2,0.00,12.2,11420.0,dry and calm
2205,2026-10-06,HYD,SQ 523,SQ,Singapore,SIN,Singapore,t,9V-SHE,Airbus A350,,2026-10-06 23:15:00,2026-10-06 23:34:00,2026-10-07 06:40:00,2026-10-07 06:09:00,19,-31,on time,23,,,,25.4,0.00,10.8,14840.0,dry and calm
2206,2026-10-06,BOM,6E 5135,6E,IndiGo,JAI,Jaipur,f,VT-NHV,Airbus A320,1,2026-10-06 23:20:00,2026-10-07 00:06:00,2026-10-07 01:00:00,,46,,late,23,,,,28.2,0.00,12.2,11420.0,dry and calm
2207,2026-10-06,BOM,AI 2105,AI,Air India,SIN,Singapore,t,VT-TVA,Airbus A321,2,2026-10-06 23:25:00,2026-10-06 23:54:00,2026-10-07 07:45:00,2026-10-07 07:29:00,29,-16,on time,23,,,,28.2,0.00,12.2,11420.0,dry and calm
2208,2026-10-06,BOM,MH 195,MH,Malaysia,KUL,Kuala Lumpur,t,9M-MTL,Airbus A330-300,2,2026-10-06 23:25:00,2026-10-07 00:05:00,2026-10-07 07:25:00,,40,,late,23,,,,28.2,0.00,12.2,11420.0,dry and calm
2209,2026-10-06,BOM,OD 216,OD,Malindo Air,KUL,Kuala Lumpur,t,9M-LDF,Boeing 737-800,2,2026-10-06 23:25:00,2026-10-07 00:30:00,2026-10-07 07:00:00,,65,,late,23,,,,28.2,0.00,12.2,11420.0,dry and calm
2210,2026-10-06,BLR,6E 2313,6E,IndiGo,DEL,New Delhi,f,VT-NCA,Airbus A321 NEO,1,2026-10-06 23:30:00,2026-10-06 23:37:00,2026-10-07 01:58:00,,7,,on time,23,,,,22.5,0.00,13.0,16060.0,dry and calm
2211,2026-10-06,BLR,IX 865,IX,Air India Express,AUH,Abu Dhabi,t,VT-RNT,Boeing 737 MAX 8,2,2026-10-06 23:30:00,2026-10-06 23:57:00,2026-10-07 02:00:00,,27,,on time,23,,,,22.5,0.00,13.0,16060.0,dry and calm
2212,2026-10-06,BOM,AI 2857,AI,Air India,BLR,Bangalore,f,VT-ATV,Airbus A320 NEO,2,2026-10-06 23:30:00,2026-10-06 23:50:00,2026-10-07 01:35:00,,20,,on time,23,,,,28.2,0.00,12.2,11420.0,dry and calm
2213,2026-10-06,HYD,6E 6363,6E,IndiGo,BOM,Mumbai,f,VT-NOT,Airbus A321 NEO,,2026-10-06 23:30:00,2026-10-07 00:06:00,2026-10-07 01:00:00,,36,,late,23,6E 5056,BOM,22,25.4,0.00,10.8,14840.0,dry and calm
2214,2026-10-06,HYD,AI 2776,AI,Air India,DEL,New Delhi,f,VT-TNX,Airbus A320 NEO,,2026-10-06 23:30:00,2026-10-07 00:08:00,2026-10-07 02:01:00,,38,,late,23,,,,25.4,0.00,10.8,14840.0,dry and calm
2215,2026-10-06,BOM,SG 164,SG,SpiceJet,DEL,New Delhi,f,VT-SLA,Boeing 737-700,1,2026-10-06 23:35:00,2026-10-06 23:56:00,2026-10-07 01:32:00,,21,,on time,23,,,,28.2,0.00,12.2,11420.0,dry and calm
2216,2026-10-06,BOM,TG 318,TG,Thai  International,BKK,Bangkok,t,HS-TOG,Airbus A320,2,2026-10-06 23:35:00,2026-10-07 00:01:00,2026-10-07 05:35:00,2026-10-07 05:19:00,26,-16,on time,23,,,,28.2,0.00,12.2,11420.0,dry and calm
2217,2026-10-06,HYD,VJ 1804,VJ,VietJetAir,SGN,Ho Chi Minh City,t,VN-A580,Airbus A321 NEO,,2026-10-06 23:35:00,2026-10-07 00:10:00,2026-10-07 05:35:00,,35,,late,23,,,,25.4,0.00,10.8,14840.0,dry and calm
2218,2026-10-06,BLR,AI 2811,AI,Air India,BOM,Mumbai,f,VT-CIP,Airbus A320,2,2026-10-06 23:40:00,2026-10-06 23:42:00,2026-10-07 01:45:00,,2,,on time,23,,,,22.5,0.00,13.0,16060.0,dry and calm
2219,2026-10-06,BOM,SQ 423,SQ,Singapore,SIN,Singapore,t,9V-SKP,Airbus A380-800,2,2026-10-06 23:40:00,2026-10-07 00:10:00,2026-10-07 07:40:00,2026-10-07 07:31:00,30,-9,late,23,,,,28.2,0.00,12.2,11420.0,dry and calm
2220,2026-10-06,BLR,VN 982,VN,Vietnam,HAN,Hanoi,t,VN-A616,Airbus A321,2,2026-10-06 23:45:00,2026-10-07 00:13:00,2026-10-07 06:00:00,,28,,on time,23,,,,22.5,0.00,13.0,16060.0,dry and calm
2221,2026-10-06,BLR,BZ 354,BZ,Blue Dart Aviation,BOM,Mumbai,f,VT-BDQ,Boeing 737-800,,2026-10-06 23:46:00,2026-10-07 00:44:00,,,58,,late,23,,,,22.5,0.00,13.0,16060.0,dry and calm
2222,2026-10-06,HYD,6E 6025,6E,IndiGo,DEL,New Delhi,f,VT-NHA,Airbus A321 NEO,,2026-10-06 23:50:00,2026-10-07 00:03:00,2026-10-07 01:51:00,,13,,on time,23,,,,25.4,0.00,10.8,14840.0,dry and calm
2223,2026-10-06,BOM,AI 1882,AI,Air India,DEL,New Delhi,f,VT-EXR,Airbus A320 (Sharklets),2,2026-10-06 23:55:00,2026-10-07 00:12:00,2026-10-07 01:56:00,,17,,on time,23,,,,28.2,0.00,12.2,11420.0,dry and calm
2224,2026-10-07,HYD,6E 1273,6E,IndiGo,MCT,Muscat,t,VT-IBK,Airbus A321 NEO,,2026-10-07 00:05:00,2026-10-07 00:29:00,2026-10-07 01:50:00,,24,,on time,0,,,,24.7,0.00,13.0,14860.0,dry and calm
2225,2026-10-07,BLR,AI 2758,AI,Air India,DEL,New Delhi,f,VT-TNC,Airbus A320 NEO,2,2026-10-07 00:15:00,2026-10-07 00:31:00,2026-10-07 02:50:00,,16,,on time,0,,,,21.9,0.00,16.6,14120.0,dry and calm
2226,2026-10-07,BOM,VJ 884,VJ,VietJetAir,SGN,Ho Chi Minh City,t,VN-A693,Airbus A321,2,2026-10-07 00:15:00,2026-10-07 00:55:00,2026-10-07 07:15:00,,40,,late,0,,,,27.8,0.00,13.7,10020.0,dry and calm
2227,2026-10-07,BLR,BZ 304,BZ,Blue Dart Aviation,DEL,New Delhi,f,VT-BDC,Boeing 737-800,,2026-10-07 00:25:00,2026-10-07 00:25:00,,,0,,on time,0,,,,21.9,0.00,16.6,14120.0,dry and calm
2228,2026-10-07,BOM,6E 91,6E,IndiGo,JED,Jeddah,t,VT-ILF,Airbus A320,2,2026-10-07 00:25:00,2026-10-07 00:42:00,2026-10-07 03:10:00,,17,,on time,0,,,,27.8,0.00,13.7,10020.0,dry and calm
2229,2026-10-07,HYD,MH 199,MH,Malaysia,KUL,Kuala Lumpur,t,9M-MXX,Boeing 737-800,,2026-10-07 00:25:00,2026-10-07 00:22:00,2026-10-07 07:20:00,,-3,,on time,0,,,,24.7,0.00,13.0,14860.0,dry and calm
2230,2026-10-07,BLR,SG 369,SG,SpiceJet,BOM,Mumbai,f,,,1,2026-10-07 00:30:00,,,,,,no actual time,0,,,,21.9,0.00,16.6,14120.0,dry and calm
2231,2026-10-07,BOM,6E 6187,6E,IndiGo,HYD,Hyderabad,f,VT-IXK,Airbus A320,2,2026-10-07 00:30:00,2026-10-07 00:34:00,2026-10-07 02:10:00,2026-10-07 01:30:00,4,-40,on time,0,,,,27.8,0.00,13.7,10020.0,dry and calm
2232,2026-10-07,BOM,QP 1135,QP,Akasa Air,CCU,Kolkata,f,,Boeing 737,2,2026-10-07 00:35:00,2026-10-07 01:14:00,2026-10-07 03:20:00,,39,,late,0,,,,27.8,0.00,13.7,10020.0,dry and calm
2233,2026-10-07,HYD,BZ 154,BZ,Blue Dart Aviation,BOM,Mumbai,f,VT-BDB,Boeing 757-200,,2026-10-07 00:37:00,2026-10-07 00:37:00,,,0,,on time,0,,,,24.7,0.00,13.0,14860.0,dry and calm
2234,2026-10-07,BLR,MH 193,MH,Malaysia,KUL,Kuala Lumpur,t,9M-MXY,Boeing 737-800,2,2026-10-07 00:40:00,,2026-10-07 07:30:00,,,,no actual time,0,,,,21.9,0.00,16.6,14120.0,dry and calm
2235,2026-10-07,BOM,LX 155,LX,SWISS,ZRH,Zurich,t,HB-JHE,Airbus A330-300,2,2026-10-07 00:40:00,2026-10-07 01:01:00,2026-10-07 06:15:00,2026-10-07 06:20:00,21,5,on time,0,,,,27.8,0.00,13.7,10020.0,dry and calm
2236,2026-10-07,BOM,QP 1516,QP,Akasa Air,BLR,Bangalore,f,VT-YBG,Boeing 737,2,2026-10-07 00:40:00,2026-10-07 00:47:00,2026-10-07 02:35:00,,7,,on time,0,,,,27.8,0.00,13.7,10020.0,dry and calm
2237,2026-10-07,BOM,6E 1049,6E,IndiGo,BKK,Bangkok,t,VT-IWU,Airbus A320,2,2026-10-07 00:45:00,2026-10-07 00:51:00,2026-10-07 06:55:00,2026-10-07 06:29:00,6,-26,on time,0,,,,27.8,0.00,13.7,10020.0,dry and calm
2238,2026-10-07,BLR,6E 1605,6E,IndiGo,DPS,Denpasar-Bali Island,t,VT-IPL,Airbus A320 NEO,2,2026-10-07 00:50:00,2026-10-07 00:49:00,2026-10-07 10:20:00,,-1,,on time,0,,,,21.9,0.00,16.6,14120.0,dry and calm
2239,2026-10-07,BLR,TG 326,TG,Thai  International,BKK,Bangkok,t,HS-THV,Airbus A350,2,2026-10-07 00:55:00,2026-10-07 01:38:00,2026-10-07 06:20:00,2026-10-07 06:15:00,43,-5,late,0,,,,21.9,0.00,16.6,14120.0,dry and calm
2240,2026-10-07,BOM,VZ 761,VZ,Thai Vietjet Air,BKK,Bangkok,t,HS-VZE,Boeing 737,2,2026-10-07 00:55:00,2026-10-07 02:07:00,2026-10-07 06:50:00,2026-10-07 07:37:00,72,47,late,0,,,,27.8,0.00,13.7,10020.0,dry and calm
2241,2026-10-07,BLR,6E 5293,6E,IndiGo,BOM,Mumbai,f,VT-NCD,Airbus A321 NEO,1,2026-10-07 01:00:00,2026-10-07 01:01:00,2026-10-07 02:50:00,,1,,on time,1,,,,21.3,0.00,16.2,14140.0,dry and calm
2242,2026-10-07,BLR,6E 839,6E,IndiGo,DEL,New Delhi,f,VT-NCP,Airbus A321 NEO,1,2026-10-07 01:00:00,2026-10-07 01:03:00,2026-10-07 03:13:00,,3,,on time,1,6E 6188,BOM,-5,21.3,0.00,16.2,14140.0,dry and calm
2243,2026-10-07,BLR,KL 880,KL,KLM,AMS,Amsterdam,t,PH-BKA,Boeing 787-10,2,2026-10-07 01:00:00,2026-10-07 01:15:00,2026-10-07 07:55:00,2026-10-07 07:40:00,15,-15,on time,1,,,,21.3,0.00,16.2,14140.0,dry and calm
2244,2026-10-07,BLR,6E 6563,6E,IndiGo,PNQ,Pune,f,VT-IRW,Airbus A321 NEO,1,2026-10-07 01:05:00,2026-10-07 01:12:00,2026-10-07 02:35:00,2026-10-07 02:13:00,7,-22,on time,1,,,,21.3,0.00,16.2,14140.0,dry and calm
2245,2026-10-07,BLR,IX 931,IX,Air India Express,DOH,Doha,t,VT-BWP,Boeing 737 MAX 8,2,2026-10-07 01:05:00,2026-10-07 01:26:00,2026-10-07 02:55:00,2026-10-07 02:50:00,21,-5,on time,1,,,,21.3,0.00,16.2,14140.0,dry and calm
2246,2026-10-07,BOM,6E 1413,6E,IndiGo,AUH,Abu Dhabi,t,,Airbus A320 NEO,2,2026-10-07 01:05:00,2026-10-07 01:26:00,2026-10-07 02:45:00,,21,,on time,1,,,,27.6,0.00,12.2,11400.0,dry and calm
2247,2026-10-07,BLR,6E 6779,6E,IndiGo,AMD,Ahmedabad,f,VT-IOV,Airbus A320 NEO,1,2026-10-07 01:10:00,2026-10-07 01:14:00,2026-10-07 03:20:00,,4,,on time,1,,,,21.3,0.00,16.2,14140.0,dry and calm
2248,2026-10-07,BOM,6E 5323,6E,IndiGo,BLR,Bangalore,f,VT-NCT,Airbus A320,1,2026-10-07 01:10:00,2026-10-07 01:17:00,2026-10-07 03:05:00,2026-10-07 02:30:00,7,-35,on time,1,6E 5094,BLR,,27.6,0.00,12.2,11400.0,dry and calm
2249,2026-10-07,HYD,6E 337,6E,IndiGo,PNQ,Pune,f,VT-NHQ,Airbus A321 NEO,,2026-10-07 01:10:00,2026-10-07 01:08:00,2026-10-07 02:20:00,2026-10-07 01:55:00,-2,-25,on time,1,,,,23.9,0.00,13.0,13540.0,dry and calm
2250,2026-10-07,HYD,TG 330,TG,Thai  International,BKK,Bangkok,t,HS-TTC,Boeing 777-300ER,,2026-10-07 01:10:00,2026-10-07 02:06:00,2026-10-07 06:15:00,2026-10-07 06:35:00,56,20,late,1,,,,23.9,0.00,13.0,13540.0,dry and calm
2251,2026-10-07,HYD,BZ 684,BZ,Blue Dart Aviation,DEL,New Delhi,f,VT-BDO,Boeing 757-200,,2026-10-07 01:13:00,2026-10-07 01:13:00,,,0,,on time,1,,,,23.9,0.00,13.0,13540.0,dry and calm
2252,2026-10-07,BLR,CX 624,CX,Cathay Pacific,HKG,Hong Kong,t,B-LRI,Airbus A350-900,2,2026-10-07 01:15:00,2026-10-07 01:52:00,2026-10-07 09:50:00,2026-10-07 09:10:00,37,-40,late,1,,,,21.3,0.00,16.2,14140.0,dry and calm
2253,2026-10-07,BOM,6E 1339,6E,IndiGo,SIN,Singapore,t,VT-NHD,Airbus A320,2,2026-10-07 01:20:00,2026-10-07 01:48:00,2026-10-07 09:45:00,2026-10-07 09:28:00,28,-17,on time,1,,,,27.6,0.00,12.2,11400.0,dry and calm
2254,2026-10-07,BOM,AF 217,AF,Air France,CDG,Paris,t,F-HTYH,Airbus A350-900,2,2026-10-07 01:20:00,2026-10-07 02:09:00,2026-10-07 07:25:00,2026-10-07 07:43:00,49,18,late,1,,,,27.6,0.00,12.2,11400.0,dry and calm
2255,2026-10-07,BLR,AF 191,AF,Air France,CDG,Paris,t,F-GZCK,Airbus A330-200,2,2026-10-07 01:25:00,2026-10-07 02:11:00,2026-10-07 08:45:00,2026-10-07 08:58:00,46,13,late,1,,,,21.3,0.00,16.2,14140.0,dry and calm
2256,2026-10-07,BOM,6E 911,6E,IndiGo,AMD,Ahmedabad,f,VT-ILR,Airbus A320,2,2026-10-07 01:30:00,2026-10-07 01:35:00,2026-10-07 02:50:00,,5,,on time,1,,,,27.6,0.00,12.2,11400.0,dry and calm
2257,2026-10-07,BLR,6E 77,6E,IndiGo,JED,Jeddah,t,VT-NOG,Airbus A320,2,2026-10-07 01:35:00,2026-10-07 01:42:00,2026-10-07 04:50:00,,7,,on time,1,,,,21.3,0.00,16.2,14140.0,dry and calm
2258,2026-10-07,BLR,6E 1213,6E,IndiGo,BKK,Bangkok,t,VT-IWS,Airbus A321 NEO,2,2026-10-07 01:40:00,2026-10-07 01:51:00,2026-10-07 07:00:00,2026-10-07 06:43:00,11,-17,on time,1,,,,21.3,0.00,16.2,14140.0,dry and calm
2259,2026-10-07,BOM,BA 138,BA,British,LHR,London,t,G-YMMS,Boeing 777,2,2026-10-07 01:40:00,2026-10-07 02:25:00,2026-10-07 07:00:00,2026-10-07 07:19:00,45,19,late,1,,,,27.6,0.00,12.2,11400.0,dry and calm
2260,2026-10-07,BOM,CX 660,CX,Cathay Pacific,HKG,Hong Kong,t,B-KQO,Boeing 777-300ER,2,2026-10-07 01:40:00,2026-10-07 02:29:00,2026-10-07 10:10:00,,49,,late,1,,,,27.6,0.00,12.2,11400.0,dry and calm
2261,2026-10-07,BOM,LH 767,LH,Lufthansa,MUC,Munich,t,D-AIMB,Airbus A380-800,2,2026-10-07 01:45:00,2026-10-07 02:52:00,2026-10-07 06:45:00,2026-10-07 07:38:00,67,53,late,1,,,,27.6,0.00,12.2,11400.0,dry and calm
2262,2026-10-07,BOM,SG 2803,SG,SpiceJet,DEL,New Delhi,f,VT-SQB,Bombardier Dash 8 Q400 / DHC-8-400,1,2026-10-07 01:50:00,2026-10-07 04:11:00,2026-10-07 06:24:00,,141,,late,1,,,,27.6,0.00,12.2,11400.0,dry and calm
2263,2026-10-07,BOM,6E 1853,6E,IndiGo,NBO,Nairobi,t,VT-IXA,Airbus A320 NEO,2,2026-10-07 01:55:00,2026-10-07 02:01:00,2026-10-07 05:40:00,2026-10-07 05:10:00,6,-30,on time,1,,,,27.6,0.00,12.2,11400.0,dry and calm
2264,2026-10-07,BOM,AI 2241,AI,Air India,MRU,Port Louis,t,VT-TVI,Airbus A321,2,2026-10-07 02:00:00,2026-10-07 02:15:00,2026-10-07 06:30:00,,15,,on time,2,,,,27.6,0.00,13.3,11400.0,dry and calm
2265,2026-10-07,BOM,KL 878,KL,KLM,AMS,Amsterdam,t,PH-BKG,Boeing 787,2,2026-10-07 02:00:00,2026-10-07 02:27:00,2026-10-07 07:50:00,2026-10-07 07:42:00,27,-8,on time,2,,,,27.6,0.00,13.3,11400.0,dry and calm
2266,2026-10-07,BLR,LH 765,LH,Lufthansa,MUC,Munich,t,D-AIXY,Airbus A350-900,2,2026-10-07 02:10:00,2026-10-07 02:49:00,2026-10-07 07:55:00,2026-10-07 08:24:00,39,29,late,2,,,,20.8,0.00,12.2,14120.0,dry and calm
2267,2026-10-07,HYD,KL 874,KL,KLM,AMS,Amsterdam,t,PH-BQL,Boeing 777,,2026-10-07 02:10:00,2026-10-07 02:27:00,2026-10-07 08:40:00,2026-10-07 08:13:00,17,-27,on time,2,,,,23.0,0.00,10.4,13560.0,dry and calm
2268,2026-10-07,HYD,6E 706,6E,IndiGo,DEL,New Delhi,f,VT-NCS,Airbus A321 NEO,,2026-10-07 02:15:00,2026-10-07 02:12:00,2026-10-07 03:55:00,,-3,,on time,2,,,,23.0,0.00,10.4,13560.0,dry and calm
2269,2026-10-07,BLR,AI 2858,AI,Air India,BOM,Mumbai,f,VT-TNY,Airbus A320 NEO,2,2026-10-07 02:20:00,2026-10-07 02:40:00,2026-10-07 04:10:00,,20,,on time,2,,,,20.8,0.00,12.2,14120.0,dry and calm
2270,2026-10-07,BOM,J2 60,J2,AZAL Azerbaijan,GYD,Baku,t,VP-BCK,Airbus A320 NEO,2,2026-10-07 02:25:00,2026-10-07 03:15:00,2026-10-07 06:15:00,,50,,late,2,,,,27.6,0.00,13.3,11400.0,dry and calm
2271,2026-10-07,BOM,J9 402,J9,Jazeera,KWI,Kuwait City,t,9K-CBH,Airbus A320,2,2026-10-07 02:30:00,2026-10-07 02:38:00,2026-10-07 04:10:00,,8,,on time,2,,,,27.6,0.00,13.3,11400.0,dry and calm
2272,2026-10-07,HYD,J9 404,J9,Jazeera,KWI,Kuwait City,t,9K-CBF,Airbus A320 NEO,,2026-10-07 02:30:00,2026-10-07 02:30:00,2026-10-07 04:50:00,,0,,on time,2,,,,23.0,0.00,10.4,13560.0,dry and calm
2273,2026-10-07,BLR,6E 6876,6E,IndiGo,PNQ,Pune,f,VT-ILX,Airbus A321 NEO,1,2026-10-07 02:40:00,2026-10-07 02:42:00,2026-10-07 04:05:00,2026-10-07 03:43:00,2,-22,on time,2,,,,20.8,0.00,12.2,14120.0,dry and calm
2274,2026-10-07,BOM,KQ 203,KQ,Kenya,NBO,Nairobi,t,5Y-CYA,Boeing 737-800,2,2026-10-07 02:40:00,2026-10-07 03:18:00,2026-10-07 06:25:00,,38,,late,2,,,,27.6,0.00,13.3,11400.0,dry and calm
2275,2026-10-07,BOM,LH 757,LH,Lufthansa,FRA,Frankfurt-am-Main,t,D-ABPK,Boeing 787-9,2,2026-10-07 02:40:00,2026-10-07 03:24:00,2026-10-07 08:05:00,2026-10-07 08:28:00,44,23,late,2,,,,27.6,0.00,13.3,11400.0,dry and calm
2276,2026-10-07,BOM,TG 352,TG,Thai  International,BKK,Bangkok,t,HS-TOI,Airbus A320,2,2026-10-07 02:40:00,2026-10-07 02:43:00,2026-10-07 08:40:00,2026-10-07 07:59:00,3,-41,on time,2,,,,27.6,0.00,13.3,11400.0,dry and calm
2277,2026-10-07,HYD,CX 672,CX,Cathay Pacific,HKG,Hong Kong,t,B-LAQ,Airbus A330-300,,2026-10-07 02:40:00,2026-10-07 03:00:00,2026-10-07 10:55:00,2026-10-07 09:48:00,20,-67,on time,2,,,,23.0,0.00,10.4,13560.0,dry and calm
2278,2026-10-07,BOM,6E 5179,6E,IndiGo,HYD,Hyderabad,f,VT-NCU,Airbus A320,1,2026-10-07 02:45:00,2026-10-07 02:39:00,2026-10-07 04:20:00,2026-10-07 03:39:00,-6,-41,on time,2,6E 5203,HYD,,27.6,0.00,13.3,11400.0,dry and calm
2279,2026-10-07,BOM,KU 302,KU,Kuwait,KWI,Kuwait City,t,,Airbus A330-900,2,2026-10-07 02:45:00,,2026-10-07 04:25:00,,,,canceled,2,,,,27.6,0.00,13.3,11400.0,dry and calm
2280,2026-10-07,BLR,BA 130,BA,British,LHR,London,t,G-ZBJC,Boeing 787-8,2,2026-10-07 02:50:00,2026-10-07 03:29:00,2026-10-07 09:10:00,2026-10-07 09:13:00,39,3,late,2,,,,20.8,0.00,12.2,14120.0,dry and calm
2281,2026-10-07,BLR,JL 754,JL,Japan Airlines,NRT,Tokyo,t,JA840J,Boeing 787-8,2,2026-10-07 02:55:00,2026-10-07 03:09:00,2026-10-07 14:35:00,2026-10-07 13:57:00,14,-38,on time,2,,,,20.8,0.00,12.2,14120.0,dry and calm
2282,2026-10-07,BLR,6E 804,6E,IndiGo,DEL,New Delhi,f,VT-NCE,Airbus A321 NEO,1,2026-10-07 03:00:00,2026-10-07 03:13:00,2026-10-07 05:29:00,,13,,on time,3,,,,20.6,0.00,11.2,11700.0,dry and calm
2283,2026-10-07,BLR,LH 755,LH,Lufthansa,FRA,Frankfurt-am-Main,t,D-ABVW,Boeing 747,2,2026-10-07 03:00:00,2026-10-07 03:06:00,2026-10-07 09:05:00,2026-10-07 08:56:00,6,-9,on time,3,,,,20.6,0.00,11.2,11700.0,dry and calm
2284,2026-10-07,BOM,6E 6045,6E,IndiGo,DEL,New Delhi,f,VT-NOD,Airbus A320,2,2026-10-07 03:00:00,2026-10-07 03:11:00,2026-10-07 04:50:00,,11,,on time,3,,,,27.5,0.00,15.5,11380.0,dry and calm
2285,2026-10-07,BOM,MS 969,MS,EgyptAir,CAI,Cairo,t,SU-GFJ,Airbus A320 NEO,2,2026-10-07 03:00:00,2026-10-07 03:02:00,2026-10-07 06:30:00,,2,,on time,3,,,,27.5,0.00,15.5,11380.0,dry and calm
2286,2026-10-07,HYD,6E 5143,6E,IndiGo,BOM,Mumbai,f,VT-IPD,Airbus A320 NEO,,2026-10-07 03:00:00,2026-10-07 03:03:00,2026-10-07 04:35:00,,3,,on time,3,,,,22.5,0.00,8.3,13520.0,dry and calm
2287,2026-10-07,HYD,FZ 436,FZ,flydubai,DXB,Dubai,t,A6-FNB,Boeing 737 MAX 9,,2026-10-07 03:05:00,2026-10-07 03:23:00,2026-10-07 05:25:00,2026-10-07 05:17:00,18,-8,on time,3,,,,22.5,0.00,8.3,13520.0,dry and calm
2288,2026-10-07,BOM,UL 142,UL,SriLankan,CMB,Colombo,t,4R-ALT,Airbus A320,2,2026-10-07 03:10:00,2026-10-07 03:12:00,2026-10-07 05:40:00,,2,,on time,3,,,,27.5,0.00,15.5,11380.0,dry and calm
2289,2026-10-07,BLR,UL 174,UL,SriLankan,CMB,Colombo,t,4R-ANE,Airbus A320,2,2026-10-07 03:25:00,2026-10-07 05:01:00,2026-10-07 04:50:00,,96,,late,3,,,,20.6,0.00,11.2,11700.0,dry and calm
2290,2026-10-07,HYD,QR 501,QR,Qatar,DOH,Doha,t,A7-BCA,Boeing 787-8,,2026-10-07 03:30:00,,2026-10-07 05:25:00,2026-10-07 04:54:00,,-31,no actual time,3,,,,22.5,0.00,8.3,13520.0,dry and calm
2291,2026-10-07,BLR,6E 5205,6E,IndiGo,BOM,Mumbai,f,VT-NCT,Airbus A321 NEO,1,2026-10-07 03:45:00,2026-10-07 03:46:00,2026-10-07 05:30:00,,1,,on time,3,6E 5323,BOM,-35,20.6,0.00,11.2,11700.0,dry and calm
2292,2026-10-07,BLR,KU 354,KU,Kuwait,KWI,Kuwait City,t,9K-AKM,Airbus A320 NEO,2,2026-10-07 03:50:00,2026-10-07 04:09:00,2026-10-07 06:30:00,,19,,on time,3,,,,20.6,0.00,11.2,11700.0,dry and calm
2293,2026-10-07,BOM,6E 1071,6E,IndiGo,HKT,Phuket,t,VT-NHF,Airbus A320,2,2026-10-07 03:55:00,2026-10-07 04:26:00,2026-10-07 10:05:00,,31,,late,3,,,,27.5,0.00,15.5,11380.0,dry and calm
2294,2026-10-07,HYD,KU 374,KU,Kuwait,KWI,Kuwait City,t,9K-AKL,Airbus A320 NEO,,2026-10-07 03:55:00,2026-10-07 03:45:00,2026-10-07 06:30:00,,-10,,on time,3,,,,22.5,0.00,8.3,13520.0,dry and calm
2295,2026-10-07,BLR,QO 378,QO,Quikjet,DEL,New Delhi,f,VT-AAZ,,1,2026-10-07 04:00:00,2026-10-07 04:07:00,,,7,,on time,4,,,,20.3,0.00,11.5,11700.0,dry and calm
2296,2026-10-07,BLR,QR 573,QR,Qatar,DOH,Doha,t,A7-ANG,Airbus A350,2,2026-10-07 04:00:00,,2026-10-07 05:50:00,2026-10-07 05:20:00,,-30,no actual time,4,,,,20.3,0.00,11.5,11700.0,dry and calm
2297,2026-10-07,BOM,6E 632,6E,IndiGo,AMD,Ahmedabad,f,,Airbus A320 NEO,2,2026-10-07 04:00:00,2026-10-07 04:03:00,2026-10-07 05:20:00,,3,,on time,4,,,,27.3,0.00,13.7,11380.0,dry and calm
2298,2026-10-07,BOM,6E 136,6E,IndiGo,MAA,Chennai,f,VT-NHL,Airbus A320,2,2026-10-07 04:05:00,2026-10-07 04:07:00,2026-10-07 06:05:00,,2,,on time,4,,,,27.3,0.00,13.7,11380.0,dry and calm
2299,2026-10-07,BOM,ET 611,ET,Ethiopian,ADD,Addis Ababa,t,ET-BBG,Boeing 787-9,2,2026-10-07 04:05:00,2026-10-07 04:15:00,2026-10-07 06:35:00,,10,,on time,4,,,,27.3,0.00,13.7,11380.0,dry and calm
2300,2026-10-07,BLR,QP 1811,QP,Akasa Air,DEL,New Delhi,f,VT-YAX,Boeing 737 MAX 8,1,2026-10-07 04:10:00,,2026-10-07 06:35:00,,,,no actual time,4,,,,20.3,0.00,11.5,11700.0,dry and calm
2301,2026-10-07,BOM,QR 557,QR,Qatar,DOH,Doha,t,A7-BAN,Airbus A350-1000,2,2026-10-07 04:10:00,2026-10-07 04:36:00,2026-10-07 05:15:00,2026-10-07 05:02:00,26,-13,on time,4,,,,27.3,0.00,13.7,11380.0,dry and calm
2302,2026-10-07,BLR,6E 1861,6E,IndiGo,MRU,Port Louis,t,VT-NCF,Airbus A321 NEO,2,2026-10-07 04:15:00,2026-10-07 04:17:00,2026-10-07 08:30:00,,2,,on time,4,,,,20.3,0.00,11.5,11700.0,dry and calm
2303,2026-10-07,BOM,AI 4249,AI,Air India,DMM,Ad Dammam,t,VT-EXN,Airbus A320 NEO,2,2026-10-07 04:15:00,2026-10-07 04:47:00,2026-10-07 06:10:00,,32,,late,4,,,,27.3,0.00,13.7,11380.0,dry and calm
2304,2026-10-07,HYD,OV 736,OV,SalamAir,MCT,Muscat,t,A4O-OVD,Airbus A320 NEO,,2026-10-07 04:15:00,2026-10-07 04:16:00,2026-10-07 06:05:00,,1,,on time,4,,,,22.2,0.00,7.6,12080.0,dry and calm
2305,2026-10-07,BLR,G9 497,G9,Air Arabia,SHJ,Sharjah,t,A6-AQN,Airbus A320,2,2026-10-07 04:20:00,2026-10-07 05:27:00,2026-10-07 06:40:00,2026-10-07 07:37:00,67,57,late,4,,,,20.3,0.00,11.5,11700.0,dry and calm
2306,2026-10-07,BOM,AI 2213,AI,Air India,RUH,Riyadh,t,VT-EXI,Airbus A320 NEO,2,2026-10-07 04:20:00,2026-10-07 04:19:00,2026-10-07 06:15:00,,-1,,on time,4,AI 2642,BLR,,27.3,0.00,13.7,11380.0,dry and calm
2307,2026-10-07,BOM,QP 561,QP,Akasa Air,JED,Jeddah,t,,Boeing 737,2,2026-10-07 04:20:00,2026-10-07 04:31:00,2026-10-07 07:45:00,,11,,on time,4,,,,27.3,0.00,13.7,11380.0,dry and calm
2308,2026-10-07,HYD,G9 468,G9,Air Arabia,SHJ,Sharjah,t,A6-ANE,Airbus A320,,2026-10-07 04:20:00,2026-10-07 05:33:00,2026-10-07 06:30:00,2026-10-07 07:27:00,73,57,late,4,,,,22.2,0.00,7.6,12080.0,dry and calm
2309,2026-10-07,BOM,6E 1303,6E,IndiGo,DOH,Doha,t,VT-ILP,Airbus A321 NEO,2,2026-10-07 04:25:00,2026-10-07 04:48:00,2026-10-07 05:30:00,2026-10-07 05:30:00,23,0,on time,4,,,,27.3,0.00,13.7,11380.0,dry and calm
2310,2026-10-07,BOM,EK 501,EK,Emirates,DXB,Dubai,t,A6-EOD,Airbus A380-800,2,2026-10-07 04:25:00,2026-10-07 05:12:00,2026-10-07 06:00:00,2026-10-07 06:11:00,47,11,late,4,,,,27.3,0.00,13.7,11380.0,dry and calm
2311,2026-10-07,BOM,VS 359,VS,Virgin Atlantic,LHR,London,t,G-VNYL,Boeing 787-9,2,2026-10-07 04:25:00,2026-10-07 04:53:00,2026-10-07 10:00:00,2026-10-07 09:48:00,28,-12,on time,4,,,,27.3,0.00,13.7,11380.0,dry and calm
2312,2026-10-07,BLR,6E 408,6E,IndiGo,PNQ,Pune,f,VT-NHJ,Airbus A321 NEO,1,2026-10-07 04:30:00,2026-10-07 04:31:00,2026-10-07 06:00:00,2026-10-07 05:32:00,1,-28,on time,4,,,,20.3,0.00,11.5,11700.0,dry and calm
2313,2026-10-07,BOM,6E 5294,6E,IndiGo,BLR,Bangalore,f,VT-NCD,Airbus A320,1,2026-10-07 04:30:00,2026-10-07 04:33:00,2026-10-07 06:25:00,2026-10-07 05:47:00,3,-38,on time,4,6E 5293,BLR,,27.3,0.00,13.7,11380.0,dry and calm
2314,2026-10-07,BOM,6E 643,6E,IndiGo,LKO,Lucknow,f,VT-NCZ,Airbus A320 NEO,2,2026-10-07 04:30:00,2026-10-07 04:35:00,2026-10-07 06:30:00,,5,,on time,4,,,,27.3,0.00,13.7,11380.0,dry and calm
2315,2026-10-07,HYD,6E 1313,6E,IndiGo,DOH,Doha,t,VT-IAZ,Airbus A321 NEO,,2026-10-07 04:30:00,2026-10-07 04:31:00,2026-10-07 06:25:00,2026-10-07 05:55:00,1,-30,on time,4,,,,22.2,0.00,7.6,12080.0,dry and calm
2316,2026-10-07,HYD,EY 353,EY,Etihad,AUH,Abu Dhabi,t,A6-AEO,Airbus A321 NEO,,2026-10-07 04:30:00,2026-10-07 05:38:00,2026-10-07 06:40:00,,68,,late,4,,,,22.2,0.00,7.6,12080.0,dry and calm
2317,2026-10-07,BLR,EY 233,EY,Etihad,AUH,Abu Dhabi,t,A6-EIT,Airbus A320 (Sharklets),2,2026-10-07 04:35:00,2026-10-07 05:55:00,2026-10-07 07:00:00,,80,,late,4,,,,20.3,0.00,11.5,11700.0,dry and calm
2318,2026-10-07,BOM,AI 129,AI,Air India,LHR,London,t,VT-NAC,Boeing 787-8,2,2026-10-07 04:35:00,2026-10-07 04:55:00,2026-10-07 10:15:00,2026-10-07 09:32:00,20,-43,on time,4,,,,27.3,0.00,13.7,11380.0,dry and calm
2319,2026-10-07,HYD,6E 351,6E,IndiGo,PNQ,Pune,f,VT-ICX,Airbus A321 NEO,,2026-10-07 04:35:00,2026-10-07 04:36:00,2026-10-07 05:45:00,2026-10-07 05:26:00,1,-19,on time,4,,,,22.2,0.00,7.6,12080.0,dry and calm
2320,2026-10-07,BLR,6E 6633,6E,IndiGo,IXC,Chandigarh,f,VT-ISW,Airbus A320 NEO,1,2026-10-07 04:40:00,2026-10-07 04:52:00,2026-10-07 07:40:00,,12,,on time,4,6E 285,HYD,-22,20.3,0.00,11.5,11700.0,dry and calm
2321,2026-10-07,BOM,6E 1603,6E,IndiGo,BKK,Bangkok,t,VT-NHI,Airbus A320,2,2026-10-07 04:40:00,2026-10-07 04:45:00,2026-10-07 10:40:00,2026-10-07 10:12:00,5,-28,on time,4,,,,27.3,0.00,13.7,11380.0,dry and calm
2322,2026-10-07,HYD,EK 525,EK,Emirates,DXB,Dubai,t,A6-EQN,Boeing 777,,2026-10-07 04:40:00,2026-10-07 04:55:00,2026-10-07 06:45:00,2026-10-07 06:44:00,15,-1,on time,4,,,,22.2,0.00,7.6,12080.0,dry and calm
2323,2026-10-07,BLR,EK 569,EK,Emirates,DXB,Dubai,t,A6-EDV,Airbus A380-800,2,2026-10-07 04:45:00,2026-10-07 05:05:00,2026-10-07 07:05:00,2026-10-07 07:01:00,20,-4,on time,4,,,,20.3,0.00,11.5,11700.0,dry and calm
2324,2026-10-07,BOM,6E 73,6E,IndiGo,RUH,Riyadh,t,,Airbus A320,2,2026-10-07 04:45:00,2026-10-07 05:07:00,2026-10-07 06:45:00,,22,,on time,4,,,,27.3,0.00,13.7,11380.0,dry and calm
2325,2026-10-07,BOM,G9 406,G9,Air Arabia,SHJ,Sharjah,t,A6-ARF,Airbus A320,2,2026-10-07 04:55:00,2026-10-07 06:35:00,2026-10-07 06:25:00,2026-10-07 07:46:00,100,81,late,4,,,,27.3,0.00,13.7,11380.0,dry and calm
2326,2026-10-07,BLR,6E 227,6E,IndiGo,CCU,Kolkata,f,,,1,2026-10-07 05:00:00,,,,,,no actual time,5,,,,20.7,0.00,10.4,11660.0,dry and calm
2327,2026-10-07,BLR,OV 784,OV,SalamAir,MCT,Muscat,t,,Airbus A320 NEO,2,2026-10-07 05:00:00,,,,,,no actual time,5,,,,20.7,0.00,10.4,11660.0,dry and calm
2328,2026-10-07,BLR,QP 1359,QP,Akasa Air,DEL,New Delhi,f,VT-YAI,Boeing 737 MAX 8,1,2026-10-07 05:00:00,,2026-10-07 07:31:00,,,,no actual time,5,,,,20.7,0.00,10.4,11660.0,dry and calm
2329,2026-10-07,BLR,SG 115,SG,SpiceJet,BOM,Mumbai,f,,,1,2026-10-07 05:00:00,,,,,,no actual time,5,,,,20.7,0.00,10.4,11660.0,dry and calm
2330,2026-10-07,BOM,6E 5243,6E,IndiGo,GAU,Guwahati,f,VT-IQO,Airbus A320 NEO,1,2026-10-07 05:00:00,2026-10-07 05:11:00,2026-10-07 08:10:00,,11,,on time,5,,,,27.1,0.00,14.0,11360.0,dry and calm
2331,2026-10-07,BOM,6E 6361,6E,IndiGo,GOI,Vasco da Gama,f,VT-ICK,Airbus A320 NEO,2,2026-10-07 05:00:00,2026-10-07 05:23:00,2026-10-07 06:05:00,,23,,on time,5,,,,27.1,0.00,14.0,11360.0,dry and calm
2332,2026-10-07,BOM,6E 656,6E,IndiGo,DEL,New Delhi,f,VT-NHB,Airbus A320,2,2026-10-07 05:00:00,2026-10-07 05:09:00,2026-10-07 06:45:00,,9,,on time,5,,,,27.1,0.00,14.0,11360.0,dry and calm
2333,2026-10-07,BOM,EY 207,EY,Etihad,AUH,Abu Dhabi,t,A6-BMH,Boeing 787-10,2,2026-10-07 05:00:00,2026-10-07 05:27:00,2026-10-07 06:30:00,,27,,on time,5,,,,27.1,0.00,14.0,11360.0,dry and calm
2334,2026-10-07,BOM,QP 1145,QP,Akasa Air,MAA,Chennai,f,,Boeing 737,2,2026-10-07 05:00:00,2026-10-07 05:20:00,2026-10-07 07:00:00,,20,,on time,5,,,,27.1,0.00,14.0,11360.0,dry and calm
2335,2026-10-07,HYD,6E 5245,6E,IndiGo,BOM,Mumbai,f,VT-NCU,Airbus A321 NEO,,2026-10-07 05:00:00,2026-10-07 04:58:00,2026-10-07 06:25:00,,-2,,on time,5,6E 5179,BOM,-41,21.9,0.00,5.0,10460.0,dry and calm
2336,2026-10-07,BLR,6E 836,6E,IndiGo,DEL,New Delhi,f,VT-NCC,Airbus A320,1,2026-10-07 05:05:00,2026-10-07 04:59:00,2026-10-07 07:11:00,,-6,,on time,5,,,,20.7,0.00,10.4,11660.0,dry and calm
2337,2026-10-07,BLR,QP 1517,QP,Akasa Air,BOM,Mumbai,f,VT-YAO,Boeing 737 MAX 8,1,2026-10-07 05:05:00,,2026-10-07 06:50:00,,,,no actual time,5,,,,20.7,0.00,10.4,11660.0,dry and calm
2338,2026-10-07,BOM,IX 1797,IX,Air India Express,COK,Kochi,f,VT-BWF,Boeing 737,2,2026-10-07 05:05:00,2026-10-07 05:24:00,2026-10-07 07:05:00,,19,,on time,5,,,,27.1,0.00,14.0,11360.0,dry and calm
2339,2026-10-07,HYD,6E 815,6E,IndiGo,JAI,Jaipur,f,VT-IML,Airbus A321 NEO,,2026-10-07 05:05:00,2026-10-07 05:06:00,2026-10-07 07:05:00,,1,,on time,5,,,,21.9,0.00,5.0,10460.0,dry and calm
2340,2026-10-07,BLR,6E 586,6E,IndiGo,AMD,Ahmedabad,f,VT-IIE,Airbus A320 NEO,1,2026-10-07 05:10:00,2026-10-07 05:22:00,2026-10-07 07:20:00,,12,,on time,5,,,,20.7,0.00,10.4,11660.0,dry and calm
2341,2026-10-07,BLR,QP 1311,QP,Akasa Air,PNQ,Pune,f,VT-YBS,Boeing 737,1,2026-10-07 05:10:00,,2026-10-07 06:50:00,,,,no actual time,5,,,,20.7,0.00,10.4,11660.0,dry and calm
2342,2026-10-07,BOM,AI 603,AI,Air India,GOI,Vasco da Gama,f,VT-CIP,Airbus A320 NEO,2,2026-10-07 05:10:00,2026-10-07 05:17:00,2026-10-07 06:30:00,,7,,on time,5,AI 2811,BLR,,27.1,0.00,14.0,11360.0,dry and calm
2343,2026-10-07,BLR,6E 457,6E,IndiGo,GAU,Guwahati,f,VT-ICN,Airbus A321 NEO,1,2026-10-07 05:15:00,2026-10-07 05:24:00,2026-10-07 08:20:00,,9,,on time,5,,,,20.7,0.00,10.4,11660.0,dry and calm
2344,2026-10-07,BOM,6E 1607,6E,IndiGo,MAA,Chennai,f,,Airbus A320,2,2026-10-07 05:15:00,2026-10-07 05:26:00,2026-10-07 07:15:00,,11,,on time,5,,,,27.1,0.00,14.0,11360.0,dry and calm
2345,2026-10-07,BOM,6E 6118,6E,IndiGo,ATQ,Amritsar,f,VT-IMX,Airbus A320,2,2026-10-07 05:15:00,2026-10-07 05:30:00,2026-10-07 07:45:00,,15,,on time,5,,,,27.1,0.00,14.0,11360.0,dry and calm
2346,2026-10-07,BLR,6E 6032,6E,IndiGo,JDH,Jodhpur,f,VT-ICL,Airbus A321 NEO,1,2026-10-07 05:20:00,2026-10-07 05:41:00,2026-10-07 07:50:00,,21,,on time,5,,,,20.7,0.00,10.4,11660.0,dry and calm
2347,2026-10-07,BOM,FZ 446,FZ,flydubai,DXB,Dubai,t,A6-FGA,Boeing 737-800,2,2026-10-07 05:20:00,2026-10-07 07:04:00,2026-10-07 07:05:00,2026-10-07 08:07:00,104,62,late,5,,,,27.1,0.00,14.0,11360.0,dry and calm
2348,2026-10-07,HYD,6E 709,6E,IndiGo,DEL,New Delhi,f,VT-IWV,Airbus A321 NEO,,2026-10-07 05:20:00,2026-10-07 05:18:00,2026-10-07 07:03:00,,-2,,on time,5,,,,21.9,0.00,5.0,10460.0,dry and calm
2349,2026-10-07,HYD,6E 7549,6E,IndiGo,IXE,Mangalore,f,VT-IRA,ATR 72,,2026-10-07 05:20:00,2026-10-07 05:22:00,2026-10-07 07:05:00,,2,,on time,5,,,,21.9,0.00,5.0,10460.0,dry and calm
2350,2026-10-07,BLR,QP 1372,QP,Akasa Air,GAU,Guwahati,f,VT-YBG,Boeing 737 MAX 8,1,2026-10-07 05:25:00,,2026-10-07 08:35:00,,,,no actual time,5,QP 1516,BOM,,20.7,0.00,10.4,11660.0,dry and calm
2351,2026-10-07,BOM,OV 762,OV,SalamAir,MCT,Muscat,t,,Airbus A320 NEO,2,2026-10-07 05:25:00,2026-10-07 05:37:00,2026-10-07 06:50:00,,12,,on time,5,,,,27.1,0.00,14.0,11360.0,dry and calm
2352,2026-10-07,BLR,6E 5089,6E,IndiGo,BOM,Mumbai,f,VT-NCK,Airbus A321 NEO,1,2026-10-07 05:30:00,2026-10-07 05:53:00,2026-10-07 07:15:00,,23,,on time,5,6E 5032,BOM,-8,20.7,0.00,10.4,11660.0,dry and calm
2353,2026-10-07,BLR,AI 2414,AI,Air India,DEL,New Delhi,f,VT-ATV,Airbus A320 NEO,2,2026-10-07 05:30:00,,2026-10-07 08:00:00,,,,no actual time,5,AI 2857,BOM,,20.7,0.00,10.4,11660.0,dry and calm
2354,2026-10-07,BLR,IX 2678,IX,Air India Express,COK,Kochi,f,,,2,2026-10-07 05:30:00,,,,,,no actual time,5,,,,20.7,0.00,10.4,11660.0,dry and calm
2355,2026-10-07,BLR,QP 1571,QP,Akasa Air,DEL,New Delhi,f,VT-YAH,Boeing 737 MAX 8,1,2026-10-07 05:30:00,,2026-10-07 08:19:00,,,,no actual time,5,,,,20.7,0.00,10.4,11660.0,dry and calm
2356,2026-10-07,BLR,QP 1850,QP,Akasa Air,IXB,Siliguri,f,VT-YBN,Boeing 737 MAX 8,1,2026-10-07 05:30:00,,2026-10-07 08:30:00,,,,no actual time,5,,,,20.7,0.00,10.4,11660.0,dry and calm
2357,2026-10-07,BOM,6E 6367,6E,IndiGo,CCU,Kolkata,f,VT-NOH,Airbus A320,2,2026-10-07 05:30:00,2026-10-07 05:50:00,2026-10-07 08:15:00,2026-10-07 07:57:00,20,-18,on time,5,,,,27.1,0.00,14.0,11360.0,dry and calm
2358,2026-10-07,BOM,AI 2845,AI,Air India,BLR,Bangalore,f,VT-RIO,Airbus A321,2,2026-10-07 05:30:00,2026-10-07 05:48:00,2026-10-07 07:35:00,2026-10-07 07:03:00,18,-32,on time,5,,,,27.1,0.00,14.0,11360.0,dry and calm
2359,2026-10-07,HYD,6E 1448,6E,IndiGo,AUH,Abu Dhabi,t,VT-IQS,Airbus A320 NEO,,2026-10-07 05:30:00,2026-10-07 05:40:00,2026-10-07 07:40:00,,10,,on time,5,,,,21.9,0.00,5.0,10460.0,dry and calm
2360,2026-10-07,HYD,6E 972,6E,IndiGo,GAU,Guwahati,f,VT-IAO,Airbus A320 (Sharklets),,2026-10-07 05:30:00,2026-10-07 05:30:00,2026-10-07 08:10:00,,0,,on time,5,,,,21.9,0.00,5.0,10460.0,dry and calm
2361,2026-10-07,HYD,AI 1806,AI,Air India,DEL,New Delhi,f,VT-TNS,Airbus A320 NEO,,2026-10-07 05:30:00,2026-10-07 05:31:00,2026-10-07 07:17:00,,1,,on time,5,,,,21.9,0.00,5.0,10460.0,dry and calm
2362,2026-10-07,BLR,IX 1470,IX,Air India Express,VNS,Varanasi,f,,,2,2026-10-07 05:35:00,,,,,,no actual time,5,,,,20.7,0.00,10.4,11660.0,dry and calm
2363,2026-10-07,BOM,6E 5081,6E,IndiGo,IXU,Aurangabad,f,VT-NCV,Airbus A320 NEO,1,2026-10-07 05:35:00,2026-10-07 05:38:00,2026-10-07 06:40:00,,3,,on time,5,6E 5376,BLR,,27.1,0.00,14.0,11360.0,dry and calm
2364,2026-10-07,BOM,6E 6701,6E,IndiGo,COK,Kochi,f,VT-IRZ,Airbus A320,2,2026-10-07 05:35:00,2026-10-07 05:43:00,2026-10-07 07:30:00,,8,,on time,5,,,,27.1,0.00,14.0,11360.0,dry and calm
2365,2026-10-07,BOM,IX 1793,IX,Air India Express,CJB,Coimbatore,f,,Airbus A320 NEO,2,2026-10-07 05:35:00,2026-10-07 05:41:00,2026-10-07 07:20:00,,6,,on time,5,,,,27.1,0.00,14.0,11360.0,dry and calm
2366,2026-10-07,BOM,QP 1149,QP,Akasa Air,BLR,Bangalore,f,VT-YBB,Boeing 737,2,2026-10-07 05:35:00,2026-10-07 05:52:00,2026-10-07 07:25:00,,17,,on time,5,,,,27.1,0.00,14.0,11360.0,dry and calm
2367,2026-10-07,BLR,6E 194,6E,IndiGo,GOI,Vasco da Gama,f,VT-IQY,Airbus A320 NEO,1,2026-10-07 05:40:00,2026-10-07 05:47:00,2026-10-07 06:45:00,,7,,on time,5,,,,20.7,0.00,10.4,11660.0,dry and calm
2368,2026-10-07,BLR,QP 1511,QP,Akasa Air,BBI,Bhubaneswar,f,VT-YAW,Boeing 737 MAX 8,1,2026-10-07 05:40:00,,2026-10-07 07:40:00,,,,no actual time,5,,,,20.7,0.00,10.4,11660.0,dry and calm
2369,2026-10-07,HYD,6E 1509,6E,IndiGo,BKK,Bangkok,t,VT-IPG,Airbus A320 NEO,,2026-10-07 05:40:00,2026-10-07 05:35:00,2026-10-07 10:55:00,2026-10-07 10:17:00,-5,-38,on time,5,,,,21.9,0.00,5.0,10460.0,dry and calm
2370,2026-10-07,BLR,GF 283,GF,Gulf Air,BAH,Manama,t,A9C-XF,Airbus A321 NEO,2,2026-10-07 05:45:00,2026-10-07 05:49:00,2026-10-07 07:55:00,,4,,on time,5,,,,20.7,0.00,10.4,11660.0,dry and calm
2371,2026-10-07,BOM,6E 5059,6E,IndiGo,BDQ,Vadodara,f,VT-ICQ,Airbus A320,1,2026-10-07 05:45:00,2026-10-07 05:47:00,2026-10-07 06:55:00,,2,,on time,5,,,,27.1,0.00,14.0,11360.0,dry and calm
2372,2026-10-07,BOM,6E 6362,6E,IndiGo,HYD,Hyderabad,f,VT-NOT,Airbus A320,2,2026-10-07 05:45:00,2026-10-07 05:57:00,2026-10-07 07:20:00,2026-10-07 06:55:00,12,-25,on time,5,6E 6363,HYD,,27.1,0.00,14.0,11360.0,dry and calm
2373,2026-10-07,HYD,6E 6207,6E,IndiGo,PAT,Patna,f,VT-IWW,Airbus A320,,2026-10-07 05:45:00,2026-10-07 05:59:00,2026-10-07 07:45:00,,14,,on time,5,,,,21.9,0.00,5.0,10460.0,dry and calm
2374,2026-10-07,BLR,IX 2881,IX,Air India Express,GAU,Guwahati,f,VT-BWV,Boeing 737 MAX 8,2,2026-10-07 05:50:00,2026-10-07 06:08:00,2026-10-07 09:15:00,,18,,on time,5,,,,20.7,0.00,10.4,11660.0,dry and calm
2375,2026-10-07,BLR,QP 1515,QP,Akasa Air,BOM,Mumbai,f,VT-YAE,Boeing 737,1,2026-10-07 05:50:00,,2026-10-07 07:35:00,,,,no actual time,5,,,,20.7,0.00,10.4,11660.0,dry and calm
2376,2026-10-07,BOM,AI 2581,AI,Air India,NAG,Naqpur,f,VT-TNW,Airbus A320 NEO,2,2026-10-07 05:50:00,2026-10-07 05:58:00,2026-10-07 07:20:00,,8,,on time,5,,,,27.1,0.00,14.0,11360.0,dry and calm
2377,2026-10-07,BOM,IX 1026,IX,Air India Express,LKO,Lucknow,f,VT-BWE,Boeing 737,2,2026-10-07 05:50:00,2026-10-07 06:05:00,2026-10-07 08:10:00,,15,,on time,5,,,,27.1,0.00,14.0,11360.0,dry and calm
2378,2026-10-07,BOM,KC 292,KC,Air Astana,ALA,Almaty,t,EI-KBL,Airbus A320,2,2026-10-07 05:50:00,2026-10-07 05:59:00,2026-10-07 09:50:00,,9,,on time,5,,,,27.1,0.00,14.0,11360.0,dry and calm
2379,2026-10-07,BOM,TC 401,TC,Air Tanzania,DAR,Dar es Salaam,t,,Boeing 737-900,2,2026-10-07 05:50:00,2026-10-07 06:49:00,2026-10-07 09:20:00,,59,,late,5,,,,27.1,0.00,14.0,11360.0,dry and calm
2380,2026-10-07,HYD,AI 2872,AI,Air India,BOM,Mumbai,f,VT-TQJ,Airbus A320 NEO,,2026-10-07 05:50:00,2026-10-07 05:55:00,2026-10-07 07:45:00,,5,,on time,5,AI 2869,BOM,-19,21.9,0.00,5.0,10460.0,dry and calm
2381,2026-10-07,BLR,IX 1479,IX,Air India Express,LKO,Lucknow,f,VT-BWL,Boeing 737 MAX 8,2,2026-10-07 05:55:00,,2026-10-07 08:35:00,,,,no actual time,5,,,,20.7,0.00,10.4,11660.0,dry and calm
2382,2026-10-07,BLR,IX 2064,IX,Air India Express,VTZ,Visakhapatnam,f,VT-BXA,Boeing 737 MAX 8,2,2026-10-07 05:55:00,2026-10-07 06:15:00,2026-10-07 07:30:00,2026-10-07 07:28:00,20,-2,on time,5,,,,20.7,0.00,10.4,11660.0,dry and calm
2383,2026-10-07,BLR,TK 6657,TK,Turkish,IST,Istanbul,t,TC-JOU,Airbus A330-200,2,2026-10-07 05:55:00,,,,,,no actual time,5,,,,20.7,0.00,10.4,11660.0,dry and calm
2384,2026-10-07,BOM,AI 4215,AI,Air India,DXB,Dubai,t,VT-TNI,Airbus A320 NEO,2,2026-10-07 05:55:00,2026-10-07 06:03:00,2026-10-07 07:25:00,2026-10-07 07:20:00,8,-5,on time,5,,,,27.1,0.00,14.0,11360.0,dry and calm
2385,2026-10-07,BOM,IX 1237,IX,Air India Express,IXR,Ranchi,f,,Boeing 737,2,2026-10-07 05:55:00,2026-10-07 06:11:00,2026-10-07 08:20:00,,16,,on time,5,,,,27.1,0.00,14.0,11360.0,dry and calm
2386,2026-10-07,HYD,6E 6494,6E,IndiGo,CCU,Kolkata,f,VT-ICS,Airbus A321 NEO,,2026-10-07 05:55:00,2026-10-07 06:04:00,2026-10-07 08:05:00,2026-10-07 07:43:00,9,-22,on time,5,,,,21.9,0.00,5.0,10460.0,dry and calm
2387,2026-10-07,BLR,AI 2810,AI,Air India,DEL,New Delhi,f,VT-RTV,Airbus A320 NEO,2,2026-10-07 06:00:00,2026-10-07 06:03:00,2026-10-07 08:26:00,,3,,on time,6,,,,20.7,0.00,11.9,7900.0,dry and calm
2388,2026-10-07,BLR,S5 181,S5,Star Air,GOX,Mopa,f,,Embraer 175,2,2026-10-07 06:00:00,,,,,,no actual time,6,,,,20.7,0.00,11.9,7900.0,dry and calm
2389,2026-10-07,BOM,6E 762,6E,IndiGo,DEL,New Delhi,f,VT-NCM,Airbus A320,2,2026-10-07 06:00:00,2026-10-07 06:05:00,2026-10-07 07:42:00,,5,,on time,6,,,,26.9,0.00,10.8,9960.0,dry and calm
2390,2026-10-07,BOM,AI 2625,AI,Air India,HYD,Hyderabad,f,VT-RTU,Airbus A320 NEO,2,2026-10-07 06:00:00,2026-10-07 06:14:00,2026-10-07 07:35:00,2026-10-07 07:19:00,14,-16,on time,6,,,,26.9,0.00,10.8,9960.0,dry and calm
2391,2026-10-07,BOM,QP 1121,QP,Akasa Air,SXR,Srinagar,f,,Boeing 737,2,2026-10-07 06:00:00,2026-10-07 06:15:00,2026-10-07 08:35:00,,15,,on time,6,,,,26.9,0.00,10.8,9960.0,dry and calm
2392,2026-10-07,HYD,6E 7452,6E,IndiGo,NAG,Naqpur,f,,ATR 72,,2026-10-07 06:00:00,,2026-10-07 07:40:00,,,,no actual time,6,,,,21.9,0.00,5.8,9080.0,dry and calm
2393,2026-10-07,HYD,QP 1405,QP,Akasa Air,DEL,New Delhi,f,,Boeing 737,,2026-10-07 06:00:00,,2026-10-07 08:18:00,,,,no actual time,6,,,,21.9,0.00,5.8,9080.0,dry and calm
2394,2026-10-07,BLR,6E 2455,6E,IndiGo,IXJ,Jammu,f,VT-IXE,Airbus A320 NEO,1,2026-10-07 06:05:00,,,,,,no actual time,6,,,,20.7,0.00,11.9,7900.0,dry and calm
2395,2026-10-07,BLR,IX 1486,IX,Air India Express,BBI,Bhubaneswar,f,,,2,2026-10-07 06:05:00,,,,,,no actual time,6,,,,20.7,0.00,11.9,7900.0,dry and calm
2396,2026-10-07,BLR,IX 2018,IX,Air India Express,HYD,Hyderabad,f,VT-BXR,Airbus A320 NEO,2,2026-10-07 06:05:00,,2026-10-07 07:25:00,2026-10-07 07:00:00,,-25,no actual time,6,,,,20.7,0.00,11.9,7900.0,dry and calm
2397,2026-10-07,BLR,IX 2914,IX,Air India Express,NMI,Mumbai,f,,,2,2026-10-07 06:05:00,,,,,,no actual time,6,,,,20.7,0.00,11.9,7900.0,dry and calm
2398,2026-10-07,BLR,QP 1823,QP,Akasa Air,DEL,New Delhi,f,VT-YBM,Boeing 737 MAX 8,1,2026-10-07 06:05:00,,2026-10-07 08:57:00,,,,no actual time,6,,,,20.7,0.00,11.9,7900.0,dry and calm
2399,2026-10-07,BOM,6E 1429,6E,IndiGo,AUH,Abu Dhabi,t,VT-IPK,Airbus A320 NEO,2,2026-10-07 06:05:00,2026-10-07 06:35:00,2026-10-07 07:55:00,,30,,late,6,,,,26.9,0.00,10.8,9960.0,dry and calm
2400,2026-10-07,BOM,AI 471,AI,Air India,IXC,Chandigarh,f,VT-TQU,Airbus A320 NEO,2,2026-10-07 06:05:00,2026-10-07 06:09:00,2026-10-07 08:20:00,,4,,on time,6,,,,26.9,0.00,10.8,9960.0,dry and calm
2401,2026-10-07,BOM,GF 57,GF,Gulf Air,BAH,Manama,t,A9C-XD,Airbus A321 NEO,2,2026-10-07 06:05:00,2026-10-07 06:26:00,2026-10-07 07:30:00,,21,,on time,6,,,,26.9,0.00,10.8,9960.0,dry and calm
2402,2026-10-07,HYD,GF 275,GF,Gulf Air,BAH,Manama,t,A9C-TG,Airbus A320,,2026-10-07 06:05:00,2026-10-07 06:21:00,2026-10-07 08:05:00,,16,,on time,6,,,,21.9,0.00,5.8,9080.0,dry and calm
2403,2026-10-07,BLR,6E 368,6E,IndiGo,BHO,Bhopal,f,VT-IBT,Airbus A321 NEO,1,2026-10-07 06:10:00,2026-10-07 06:18:00,2026-10-07 08:10:00,,8,,on time,6,,,,20.7,0.00,11.9,7900.0,dry and calm
2404,2026-10-07,BLR,6E 6178,6E,IndiGo,HYD,Hyderabad,f,VT-IIK,Airbus A320 NEO,1,2026-10-07 06:10:00,2026-10-07 06:30:00,2026-10-07 07:20:00,2026-10-07 07:12:00,20,-8,on time,6,,,,20.7,0.00,11.9,7900.0,dry and calm
2405,2026-10-07,BOM,6E 1185,6E,IndiGo,CMB,Colombo,t,VT-IXD,Airbus A320 NEO,2,2026-10-07 06:10:00,2026-10-07 06:30:00,2026-10-07 08:45:00,,20,,on time,6,,,,26.9,0.00,10.8,9960.0,dry and calm
2406,2026-10-07,BOM,6E 5144,6E,IndiGo,AMD,Ahmedabad,f,VT-IPD,Airbus A320,1,2026-10-07 06:10:00,2026-10-07 06:06:00,2026-10-07 07:25:00,,-4,,on time,6,6E 5143,HYD,,26.9,0.00,10.8,9960.0,dry and calm
2407,2026-10-07,BOM,AI 2276,AI,Air India,CMB,Colombo,t,VT-TQC,Airbus A320 NEO,2,2026-10-07 06:10:00,2026-10-07 06:13:00,2026-10-07 08:40:00,,3,,on time,6,AI 2876,HYD,,26.9,0.00,10.8,9960.0,dry and calm
2408,2026-10-07,BOM,IX 1280,IX,Air India Express,JAI,Jaipur,f,VT-RTI,Airbus A320,2,2026-10-07 06:10:00,2026-10-07 06:32:00,2026-10-07 08:05:00,,22,,on time,6,,,,26.9,0.00,10.8,9960.0,dry and calm
2409,2026-10-07,HYD,6E 5278,6E,IndiGo,TRV,Trivandrum,f,VT-ICC,Airbus A321 NEO,,2026-10-07 06:10:00,2026-10-07 06:12:00,2026-10-07 07:55:00,2026-10-07 07:40:00,2,-15,on time,6,,,,21.9,0.00,5.8,9080.0,dry and calm
2410,2026-10-07,BLR,QP 1501,QP,Akasa Air,LKO,Lucknow,f,VT-YBP,Boeing 737 MAX 8,1,2026-10-07 06:15:00,,2026-10-07 08:45:00,,,,no actual time,6,,,,20.7,0.00,11.9,7900.0,dry and calm
2411,2026-10-07,BLR,QP 1561,QP,Akasa Air,CCU,Kolkata,f,VT-YBA,Boeing 737 MAX 8,1,2026-10-07 06:15:00,,2026-10-07 08:50:00,,,,no actual time,6,,,,20.7,0.00,11.9,7900.0,dry and calm
2412,2026-10-07,BOM,6E 5188,6E,IndiGo,MAA,Chennai,f,VT-NHZ,Airbus A320,1,2026-10-07 06:15:00,2026-10-07 06:18:00,2026-10-07 08:20:00,,3,,on time,6,,,,26.9,0.00,10.8,9960.0,dry and calm
2413,2026-10-07,BOM,6E 5296,6E,IndiGo,BLR,Bangalore,f,VT-NCT,Airbus A320,1,2026-10-07 06:15:00,2026-10-07 06:27:00,2026-10-07 08:00:00,2026-10-07 07:37:00,12,-23,on time,6,6E 5205,BLR,,26.9,0.00,10.8,9960.0,dry and calm
2414,2026-10-07,BOM,6E 6794,6E,IndiGo,UDR,Udaipur,f,VT-NHW,Airbus A320,2,2026-10-07 06:15:00,2026-10-07 06:29:00,2026-10-07 07:40:00,,14,,on time,6,,,,26.9,0.00,10.8,9960.0,dry and calm
2415,2026-10-07,HYD,6E 6305,6E,IndiGo,IXZ,Port Blair,f,VT-IBW,Airbus A321 NEO,,2026-10-07 06:15:00,2026-10-07 06:23:00,2026-10-07 09:00:00,,8,,on time,6,,,,21.9,0.00,5.8,9080.0,dry and calm
2416,2026-10-07,HYD,6E 7201,6E,IndiGo,VGA,Vidzhayavada,f,VT-IRD,ATR 72,,2026-10-07 06:15:00,2026-10-07 06:28:00,2026-10-07 07:15:00,,13,,on time,6,,,,21.9,0.00,5.8,9080.0,dry and calm
2417,2026-10-07,BLR,IX 1957,IX,Air India Express,CNN,Kannur,f,,,2,2026-10-07 06:20:00,,,,,,no actual time,6,,,,20.7,0.00,11.9,7900.0,dry and calm
2418,2026-10-07,BLR,IX 2875,IX,Air India Express,VGA,Vijayawada,f,VT-ATH,Airbus A320 NEO,2,2026-10-07 06:20:00,,2026-10-07 07:25:00,,,,no actual time,6,,,,20.7,0.00,11.9,7900.0,dry and calm
2419,2026-10-07,BOM,6E 802,6E,IndiGo,IXZ,Port Blair,f,VT-IQM,Airbus A320 NEO,2,2026-10-07 06:20:00,2026-10-07 06:30:00,2026-10-07 09:45:00,,10,,on time,6,,,,26.9,0.00,10.8,9960.0,dry and calm
2420,2026-10-07,BOM,AI 601,AI,Air India,BHJ,Bhuj,f,,Airbus A319,2,2026-10-07 06:20:00,2026-10-07 06:40:00,2026-10-07 07:45:00,,20,,on time,6,,,,26.9,0.00,10.8,9960.0,dry and calm
2421,2026-10-07,BOM,IX 251,IX,Air India Express,SHJ,Sharjah,t,VT-ATD,Airbus A320,2,2026-10-07 06:20:00,2026-10-07 06:53:00,2026-10-07 07:55:00,2026-10-07 08:03:00,33,8,late,6,,,,26.9,0.00,10.8,9960.0,dry and calm
2422,2026-10-07,HYD,6E 5209,6E,IndiGo,AMD,Ahmedabad,f,VT-IXK,Airbus A320 NEO,,2026-10-07 06:20:00,2026-10-07 06:27:00,2026-10-07 08:10:00,,7,,on time,6,6E 6187,BOM,-40,21.9,0.00,5.8,9080.0,dry and calm
2423,2026-10-07,HYD,6E 928,6E,IndiGo,STV,Surat,f,,Airbus A320 NEO,,2026-10-07 06:20:00,,2026-10-07 07:55:00,,,,no actual time,6,,,,21.9,0.00,5.8,9080.0,dry and calm
2424,2026-10-07,BLR,6E 7227,6E,IndiGo,HBX,Hubli,f,VT-IYG,ATR 72,1,2026-10-07 06:25:00,2026-10-07 06:37:00,2026-10-07 07:50:00,,12,,on time,6,,,,20.7,0.00,11.9,7900.0,dry and calm
2425,2026-10-07,BLR,IX 2013,IX,Air India Express,AMD,Ahmedabad,f,VT-BWT,Boeing 737 MAX 8,2,2026-10-07 06:25:00,,2026-10-07 08:20:00,,,,no actual time,6,,,,20.7,0.00,11.9,7900.0,dry and calm
2426,2026-10-07,HYD,6E 707,6E,IndiGo,DEL,New Delhi,f,VT-NCY,Airbus A320,,2026-10-07 06:25:00,2026-10-07 06:31:00,2026-10-07 08:22:00,,6,,on time,6,,,,21.9,0.00,5.8,9080.0,dry and calm
2427,2026-10-07,BLR,6E 1077,6E,IndiGo,HKT,Phuket,t,VT-IFZ,Airbus A320 (Sharklets),2,2026-10-07 06:30:00,2026-10-07 06:48:00,2026-10-07 11:45:00,,18,,on time,6,,,,20.7,0.00,11.9,7900.0,dry and calm
2428,2026-10-07,BLR,6E 6439,6E,IndiGo,CCU,Kolkata,f,VT-ICG,Airbus A321 NEO,1,2026-10-07 06:30:00,2026-10-07 06:53:00,2026-10-07 09:10:00,2026-10-07 08:54:00,23,-16,on time,6,,,,20.7,0.00,11.9,7900.0,dry and calm
2429,2026-10-07,BOM,AI 2605,AI,Air India,TRV,Trivandrum,f,VT-SCH,Airbus A319,2,2026-10-07 06:30:00,2026-10-07 06:46:00,2026-10-07 08:50:00,2026-10-07 08:47:00,16,-3,on time,6,,,,26.9,0.00,10.8,9960.0,dry and calm
2430,2026-10-07,BOM,AI 2928,AI,Air India,DEL,New Delhi,f,,Airbus A320 NEO,2,2026-10-07 06:30:00,2026-10-07 06:49:00,2026-10-07 08:30:00,,19,,on time,6,,,,26.9,0.00,10.8,9960.0,dry and calm
2431,2026-10-07,BOM,SK 970,SK,SAS,CPH,Copenhagen,t,LN-RKR,Airbus A330-300,2,2026-10-07 06:30:00,2026-10-07 07:09:00,2026-10-07 12:15:00,2026-10-07 12:24:00,39,9,late,6,,,,26.9,0.00,10.8,9960.0,dry and calm
2432,2026-10-07,HYD,6E 413,6E,IndiGo,BLR,Bangalore,f,VT-ITS,Airbus A321 (Sharklets),,2026-10-07 06:30:00,2026-10-07 06:36:00,2026-10-07 07:50:00,2026-10-07 07:20:00,6,-30,on time,6,6E 6784,BLR,-23,21.9,0.00,5.8,9080.0,dry and calm
2433,2026-10-07,HYD,6E 6196,6E,IndiGo,BOM,Mumbai,f,VT-NOJ,Airbus A321 NEO,,2026-10-07 06:30:00,2026-10-07 06:49:00,2026-10-07 07:55:00,,19,,on time,6,6E 6195,BOM,8,21.9,0.00,5.8,9080.0,dry and calm
2434,2026-10-07,BLR,AI 2402,AI,Air India,BOM,Mumbai,f,VT-EXV,Airbus A320,2,2026-10-07 06:35:00,2026-10-07 06:51:00,2026-10-07 08:35:00,,16,,on time,6,AI 2865,BOM,-29,20.7,0.00,11.9,7900.0,dry and calm
2435,2026-10-07,BLR,IX 1239,IX,Air India Express,IXR,Ranchi,f,VT-RTF,Airbus A320 NEO,2,2026-10-07 06:35:00,2026-10-07 06:32:00,2026-10-07 08:55:00,,-3,,on time,6,,,,20.7,0.00,11.9,7900.0,dry and calm
2436,2026-10-07,BOM,6E 1601,6E,IndiGo,CGK,Jakarta,t,VT-IOV,Airbus A320 NEO,2,2026-10-07 06:35:00,2026-10-07 07:00:00,2026-10-07 14:50:00,2026-10-07 14:35:00,25,-15,on time,6,,,,26.9,0.00,10.8,9960.0,dry and calm
2437,2026-10-07,BOM,AI 2603,AI,Air India,BLR,Bangalore,f,VT-TNF,Airbus A320 NEO,2,2026-10-07 06:35:00,2026-10-07 07:02:00,2026-10-07 08:35:00,2026-10-07 08:21:00,27,-14,on time,6,,,,26.9,0.00,10.8,9960.0,dry and calm
2438,2026-10-07,BOM,AI 2787,AI,Air India,COK,Kochi,f,VT-TQE,Airbus A320 NEO,2,2026-10-07 06:35:00,2026-10-07 06:56:00,2026-10-07 08:35:00,,21,,on time,6,,,,26.9,0.00,10.8,9960.0,dry and calm
2439,2026-10-07,BOM,QP 618,QP,Akasa Air,HKT,Phuket,t,,Boeing 737,2,2026-10-07 06:35:00,2026-10-07 06:38:00,2026-10-07 12:40:00,,3,,on time,6,,,,26.9,0.00,10.8,9960.0,dry and calm
2440,2026-10-07,HYD,6E 179,6E,IndiGo,LKO,Lucknow,f,VT-IBD,Airbus A321 NEO,,2026-10-07 06:35:00,2026-10-07 06:44:00,2026-10-07 08:30:00,,9,,on time,6,,,,21.9,0.00,5.8,9080.0,dry and calm
2441,2026-10-07,BLR,IX 2542,IX,Air India Express,DEL,New Delhi,f,VT-BXK,Boeing 737 MAX 8,2,2026-10-07 06:40:00,2026-10-07 07:23:00,2026-10-07 09:47:00,,43,,late,6,IX 1378,HYD,-14,20.7,0.00,11.9,7900.0,dry and calm
2442,2026-10-07,BOM,6E 5197,6E,IndiGo,SXR,Srinagar,f,VT-IAN,Airbus A320 (Sharklets),1,2026-10-07 06:40:00,2026-10-07 06:43:00,,,3,,on time,6,,,,26.9,0.00,10.8,9960.0,dry and calm
2443,2026-10-07,BOM,AI 2785,AI,Air India,HSR,Rajkot,f,VT-TQM,Airbus A320 NEO,2,2026-10-07 06:40:00,2026-10-07 06:53:00,2026-10-07 08:00:00,,13,,on time,6,AI 2850,BLR,,26.9,0.00,10.8,9960.0,dry and calm
2444,2026-10-07,BOM,AI 2821,AI,Air India,MAA,Chennai,f,VT-TQO,Airbus A320 NEO,2,2026-10-07 06:40:00,2026-10-07 07:08:00,2026-10-07 08:55:00,,28,,on time,6,AI 2610,BLR,,26.9,0.00,10.8,9960.0,dry and calm
2445,2026-10-07,BOM,AI 493,AI,Air India,AMD,Ahmedabad,f,,Airbus A321,2,2026-10-07 06:40:00,2026-10-07 07:07:00,2026-10-07 07:50:00,,27,,on time,6,,,,26.9,0.00,10.8,9960.0,dry and calm
2446,2026-10-07,HYD,6E 7252,6E,IndiGo,IXU,Aurangabad,f,VT-IYS,ATR 72,,2026-10-07 06:40:00,2026-10-07 06:45:00,2026-10-07 08:10:00,,5,,on time,6,,,,21.9,0.00,5.8,9080.0,dry and calm
2447,2026-10-07,BLR,6E 687,6E,IndiGo,UDR,Udaipur,f,VT-ITO,Airbus A320 (Sharklets),1,2026-10-07 06:45:00,2026-10-07 06:55:00,2026-10-07 09:00:00,,10,,on time,6,,,,20.7,0.00,11.9,7900.0,dry and calm
2448,2026-10-07,HYD,S5 173,S5,Star Air,PNQ,Pune,f,,Embraer 175,,2026-10-07 06:45:00,,2026-10-07 07:55:00,,,,no actual time,6,,,,21.9,0.00,5.8,9080.0,dry and calm
2449,2026-10-07,BLR,6E 7204,6E,IndiGo,VGA,Vijayawada,f,VT-IYP,ATR 72,1,2026-10-07 06:50:00,,2026-10-07 08:20:00,,,,no actual time,6,,,,20.7,0.00,11.9,7900.0,dry and calm
2450,2026-10-07,BLR,6E 7285,6E,IndiGo,IXG,Belgaum,f,VT-IYZ,ATR 72,1,2026-10-07 06:50:00,2026-10-07 06:56:00,2026-10-07 08:20:00,,6,,on time,6,,,,20.7,0.00,11.9,7900.0,dry and calm
2451,2026-10-07,BLR,BA 118,BA,British,LHR,London,t,G-ZBJM,Boeing 787-8,2,2026-10-07 06:50:00,2026-10-07 07:04:00,2026-10-07 13:15:00,2026-10-07 12:58:00,14,-17,on time,6,,,,20.7,0.00,11.9,7900.0,dry and calm
2452,2026-10-07,BOM,QP 1252,QP,Akasa Air,CCU,Kolkata,f,,Boeing 737,2,2026-10-07 06:50:00,2026-10-07 07:13:00,2026-10-07 09:30:00,,23,,on time,6,,,,26.9,0.00,10.8,9960.0,dry and calm
2453,2026-10-07,HYD,6E 7118,6E,IndiGo,RJA,Rajahmundry,f,VT-IRB,ATR 72,,2026-10-07 06:50:00,2026-10-07 07:07:00,2026-10-07 08:05:00,,17,,on time,6,,,,21.9,0.00,5.8,9080.0,dry and calm
2454,2026-10-07,HYD,6E 7554,6E,IndiGo,RPR,Raipur,f,VT-IYJ,ATR 72,,2026-10-07 06:50:00,2026-10-07 07:04:00,2026-10-07 08:40:00,,14,,on time,6,,,,21.9,0.00,5.8,9080.0,dry and calm
2455,2026-10-07,HYD,IX 2082,IX,Air India Express,VTZ,Visakhapatnam,f,VT-BWD,Boeing 737 MAX 8,,2026-10-07 06:50:00,2026-10-07 07:00:00,2026-10-07 08:10:00,2026-10-07 07:52:00,10,-18,on time,6,,,,21.9,0.00,5.8,9080.0,dry and calm
2456,2026-10-07,BLR,6E 7236,6E,IndiGo,TRZ,Tiruchirappally,f,VT-IYO,ATR 72,1,2026-10-07 06:55:00,,2026-10-07 08:05:00,,,,no actual time,6,,,,20.7,0.00,11.9,7900.0,dry and calm
2457,2026-10-07,BOM,AI 2771,AI,Air India,CCU,Kolkata,f,VT-TNY,Airbus A320 NEO,2,2026-10-07 06:55:00,2026-10-07 07:18:00,2026-10-07 09:45:00,2026-10-07 09:38:00,23,-7,on time,6,AI 2858,BLR,,26.9,0.00,10.8,9960.0,dry and calm
2458,2026-10-07,BOM,TK 721,TK,Turkish,IST,Istanbul,t,TC-LOB,Airbus A330,2,2026-10-07 06:55:00,2026-10-07 07:32:00,2026-10-07 11:20:00,,37,,late,6,,,,26.9,0.00,10.8,9960.0,dry and calm
2459,2026-10-07,BLR,6E 844,6E,IndiGo,DEL,New Delhi,f,VT-NOU,Airbus A321 NEO,1,2026-10-07 07:00:00,2026-10-07 07:07:00,2026-10-07 09:28:00,,7,,on time,7,,,,22.7,0.00,19.1,13920.0,dry and calm
2460,2026-10-07,BLR,AI 2654,AI,Air India,DEL,New Delhi,f,VT-TQP,Airbus A320 NEO,2,2026-10-07 07:00:00,2026-10-07 07:12:00,2026-10-07 09:35:00,,12,,on time,7,AI 2401,BOM,-20,22.7,0.00,19.1,13920.0,dry and calm
2461,2026-10-07,BLR,QP 1525,QP,Akasa Air,DXN,Gautam Buddha Nagar,f,VT-YAP,Boeing 737 MAX 8,1,2026-10-07 07:00:00,,,,,,no actual time,7,,,,22.7,0.00,19.1,13920.0,dry and calm
2462,2026-10-07,BOM,6E 301,6E,IndiGo,DEL,New Delhi,f,,Airbus A320,2,2026-10-07 07:00:00,2026-10-07 07:12:00,2026-10-07 08:51:00,,12,,on time,7,,,,27.4,0.00,13.7,11360.0,dry and calm
2463,2026-10-07,BOM,AI 2424,AI,Air India,DEL,New Delhi,f,,Airbus A320 NEO,2,2026-10-07 07:00:00,2026-10-07 07:19:00,2026-10-07 09:01:00,,19,,on time,7,,,,27.4,0.00,13.7,11360.0,dry and calm
2464,2026-10-07,BOM,QP 1109,QP,Akasa Air,DEL,New Delhi,f,,Boeing 737,2,2026-10-07 07:00:00,2026-10-07 07:15:00,2026-10-07 09:03:00,,15,,on time,7,,,,27.4,0.00,13.7,11360.0,dry and calm
2465,2026-10-07,HYD,6E 7307,6E,IndiGo,JLR,Dzhabalpur,f,VT-IXV,ATR 72,,2026-10-07 07:00:00,2026-10-07 07:09:00,2026-10-07 09:00:00,,9,,on time,7,,,,24.0,0.00,11.2,10360.0,dry and calm
2466,2026-10-07,HYD,OG 173,OG,Ghodawat Enterprises,PNQ,Pune,f,VT-GSK,Embraer 175,,2026-10-07 07:03:00,2026-10-07 07:03:00,2026-10-07 07:55:00,2026-10-07 07:55:00,0,0,on time,7,,,,24.0,0.00,11.2,10360.0,dry and calm
2467,2026-10-07,BLR,6E 857,6E,IndiGo,CJB,Coimbatore,f,VT-IMD,Airbus A321 NEO,1,2026-10-07 07:05:00,2026-10-07 07:16:00,2026-10-07 07:55:00,,11,,on time,7,,,,22.7,0.00,19.1,13920.0,dry and calm
2468,2026-10-07,BLR,IX 1131,IX,Air India Express,CCU,Kolkata,f,VT-BWN,Boeing 737 MAX 8,2,2026-10-07 07:05:00,2026-10-07 07:28:00,2026-10-07 09:35:00,2026-10-07 09:16:00,23,-19,on time,7,,,,22.7,0.00,19.1,13920.0,dry and calm
2469,2026-10-07,BLR,IX 1472,IX,Air India Express,MAA,Chennai,f,VT-TNN,Airbus A320 (Sharklets),2,2026-10-07 07:05:00,,2026-10-07 08:10:00,,,,no actual time,7,,,,22.7,0.00,19.1,13920.0,dry and calm
2470,2026-10-07,BLR,IX 2097,IX,Air India Express,NAG,Naqpur,f,,,2,2026-10-07 07:05:00,,,,,,no actual time,7,,,,22.7,0.00,19.1,13920.0,dry and calm
2471,2026-10-07,BOM,6E 294,6E,IndiGo,IDR,Indore,f,,Airbus A320 NEO,2,2026-10-07 07:05:00,2026-10-07 07:28:00,2026-10-07 08:30:00,,23,,on time,7,,,,27.4,0.00,13.7,11360.0,dry and calm
2472,2026-10-07,HYD,6E 243,6E,IndiGo,MAA,Chennai,f,VT-IVB,Airbus A320 NEO,,2026-10-07 07:05:00,2026-10-07 07:15:00,2026-10-07 08:25:00,,10,,on time,7,,,,24.0,0.00,11.2,10360.0,dry and calm
2473,2026-10-07,HYD,9I 877,9I,Alliance Air,TIR,Tirumala - Tirupati,f,VT-RKJ,ATR 72,,2026-10-07 07:05:00,2026-10-07 07:18:00,2026-10-07 08:30:00,,13,,on time,7,9I 517,BLR,,24.0,0.00,11.2,10360.0,dry and calm
2474,2026-10-07,BLR,6E 6353,6E,IndiGo,JAI,Jaipur,f,VT-IXF,Airbus A320 NEO,1,2026-10-07 07:10:00,,2026-10-07 09:40:00,,,,no actual time,7,,,,22.7,0.00,19.1,13920.0,dry and calm
2475,2026-10-07,BLR,6E 763,6E,IndiGo,COK,Kochi,f,VT-IPE,Airbus A320 NEO,1,2026-10-07 07:10:00,2026-10-07 07:34:00,2026-10-07 08:15:00,,24,,on time,7,,,,22.7,0.00,19.1,13920.0,dry and calm
2476,2026-10-07,HYD,6E 6408,6E,IndiGo,VTZ,Visakhapatnam,f,VT-NOF,Airbus A321 NEO,,2026-10-07 07:10:00,2026-10-07 07:25:00,2026-10-07 08:30:00,2026-10-07 08:17:00,15,-13,on time,7,,,,24.0,0.00,11.2,10360.0,dry and calm
2477,2026-10-07,BLR,6E 541,6E,IndiGo,IXE,Mangalore,f,VT-IRW,Airbus A321 NEO,1,2026-10-07 07:15:00,2026-10-07 07:30:00,2026-10-07 08:15:00,,15,,on time,7,,,,22.7,0.00,19.1,13920.0,dry and calm
2478,2026-10-07,BLR,6E 6269,6E,IndiGo,MAA,Chennai,f,VT-ILX,Airbus A321 NEO,1,2026-10-07 07:15:00,2026-10-07 07:32:00,2026-10-07 08:15:00,,17,,on time,7,,,,22.7,0.00,19.1,13920.0,dry and calm
2479,2026-10-07,BOM,6E 2387,6E,IndiGo,RPR,Raipur,f,,Airbus A320,2,2026-10-07 07:15:00,2026-10-07 07:23:00,2026-10-07 09:00:00,,8,,on time,7,,,,27.4,0.00,13.7,11360.0,dry and calm
2480,2026-10-07,BOM,6E 5246,6E,IndiGo,HYD,Hyderabad,f,VT-NCU,Airbus A320,1,2026-10-07 07:15:00,2026-10-07 07:35:00,2026-10-07 08:50:00,2026-10-07 08:35:00,20,-15,on time,7,6E 5245,HYD,,27.4,0.00,13.7,11360.0,dry and calm
2481,2026-10-07,HYD,AI 2860,AI,Air India,DEL,New Delhi,f,,Airbus A320 NEO,,2026-10-07 07:15:00,,2026-10-07 09:16:00,,,,no actual time,7,,,,24.0,0.00,11.2,10360.0,dry and calm
2482,2026-10-07,BLR,6E 688,6E,IndiGo,TRV,Trivandrum,f,VT-IME,Airbus A321 NEO,1,2026-10-07 07:20:00,2026-10-07 07:36:00,2026-10-07 08:40:00,2026-10-07 08:34:00,16,-6,on time,7,,,,22.7,0.00,19.1,13920.0,dry and calm
2483,2026-10-07,BLR,9I 507,9I,Alliance Air,COK,Kochi,f,VT-RKC,ATR 72,2,2026-10-07 07:20:00,,,,,,no actual time,7,9I 519,HYD,,22.7,0.00,19.1,13920.0,dry and calm
2484,2026-10-07,BOM,6E 5156,6E,IndiGo,HSR,Rajkot,f,VT-ICB,Airbus A320,1,2026-10-07 07:20:00,2026-10-07 07:41:00,2026-10-07 08:40:00,,21,,on time,7,,,,27.4,0.00,13.7,11360.0,dry and calm
2485,2026-10-07,BOM,AI 2354,AI,Air India,BKK,Bangkok,t,VT-TQA,Airbus A320 NEO,2,2026-10-07 07:20:00,2026-10-07 07:43:00,2026-10-07 13:35:00,2026-10-07 13:15:00,23,-20,on time,7,,,,27.4,0.00,13.7,11360.0,dry and calm
2486,2026-10-07,BOM,IX 2367,IX,Air India Express,GOX,Mopa,f,VT-BWR,Boeing 737,2,2026-10-07 07:20:00,2026-10-07 07:45:00,2026-10-07 08:40:00,,25,,on time,7,,,,27.4,0.00,13.7,11360.0,dry and calm
2487,2026-10-07,HYD,6E 6646,6E,IndiGo,CJB,Coimbatore,f,VT-IIA,Airbus A320 NEO,,2026-10-07 07:20:00,2026-10-07 07:35:00,2026-10-07 08:45:00,,15,,on time,7,,,,24.0,0.00,11.2,10360.0,dry and calm
2488,2026-10-07,HYD,6E 752,6E,IndiGo,COK,Kochi,f,VT-IWN,Airbus A321 NEO,,2026-10-07 07:20:00,2026-10-07 07:31:00,2026-10-07 09:00:00,,11,,on time,7,,,,24.0,0.00,11.2,10360.0,dry and calm
2489,2026-10-07,BLR,6E 5216,6E,IndiGo,BOM,Mumbai,f,VT-NCQ,Airbus A321 NEO,1,2026-10-07 07:25:00,2026-10-07 07:43:00,2026-10-07 09:10:00,,18,,on time,7,,,,22.7,0.00,19.1,13920.0,dry and calm
2490,2026-10-07,BLR,QP 1421,QP,Akasa Air,VNS,Varanasi,f,VT-YAV,Boeing 737 MAX 8,1,2026-10-07 07:25:00,,2026-10-07 10:00:00,,,,no actual time,7,,,,22.7,0.00,19.1,13920.0,dry and calm
2491,2026-10-07,BOM,6E 6128,6E,IndiGo,BHO,Bhopal,f,VT-IXI,Airbus A320 NEO,2,2026-10-07 07:25:00,2026-10-07 07:51:00,2026-10-07 09:00:00,,26,,on time,7,,,,27.4,0.00,13.7,11360.0,dry and calm
2492,2026-10-07,BOM,AI 2183,AI,Air India,DAC,Dhaka,t,VT-TQR,Airbus A320 NEO,2,2026-10-07 07:25:00,2026-10-07 07:39:00,2026-10-07 10:45:00,2026-10-07 10:37:00,14,-8,on time,7,,,,27.4,0.00,13.7,11360.0,dry and calm
2493,2026-10-07,HYD,6E 6242,6E,IndiGo,BBI,Bhubaneswar,f,VT-IOK,Airbus A320 NEO,,2026-10-07 07:25:00,2026-10-07 07:36:00,2026-10-07 09:10:00,,11,,on time,7,,,,24.0,0.00,11.2,10360.0,dry and calm
2494,2026-10-07,HYD,AI 2626,AI,Air India,BOM,Mumbai,f,VT-RTY,Airbus A320 NEO,,2026-10-07 07:25:00,2026-10-07 07:21:00,2026-10-07 09:15:00,,-4,,on time,7,,,,24.0,0.00,11.2,10360.0,dry and calm
2495,2026-10-07,BLR,6E 15RY,6E,IndiGo,LKO,Lucknow,f,VT-IXF,Airbus A320 NEO,,2026-10-07 07:27:00,2026-10-07 07:27:00,,,0,,on time,7,,,,22.7,0.00,19.1,13920.0,dry and calm
2496,2026-10-07,HYD,OG 196,OG,Ghodawat Enterprises,NDC,Nanded,f,VT-GSM,Embraer 175,,2026-10-07 07:29:00,2026-10-07 07:29:00,,,0,,on time,7,,,,24.0,0.00,11.2,10360.0,dry and calm
2497,2026-10-07,BLR,6E 702,6E,IndiGo,BBI,Bhubaneswar,f,VT-IPF,Airbus A320 NEO,1,2026-10-07 07:30:00,2026-10-07 07:38:00,2026-10-07 09:35:00,,8,,on time,7,,,,22.7,0.00,19.1,13920.0,dry and calm
2498,2026-10-07,BLR,6E 959,6E,IndiGo,IDR,Indore,f,VT-IBQ,Airbus A321 NEO,1,2026-10-07 07:30:00,2026-10-07 07:47:00,2026-10-07 09:25:00,,17,,on time,7,,,,22.7,0.00,19.1,13920.0,dry and calm
2499,2026-10-07,BOM,AI 2930,AI,Air India,DEL,New Delhi,f,,Airbus A320 NEO,2,2026-10-07 07:30:00,2026-10-07 07:48:00,2026-10-07 09:30:00,,18,,on time,7,,,,27.4,0.00,13.7,11360.0,dry and calm
2500,2026-10-07,BOM,SG 9004,SG,SpiceJet,BHJ,Bhuj,f,VT-SLA,Boeing 737-700,1,2026-10-07 07:30:00,2026-10-07 08:05:00,,,35,,late,7,,,,27.4,0.00,13.7,11360.0,dry and calm
2501,2026-10-07,BLR,6E 6302,6E,IndiGo,GOP,Gorakhpur,f,VT-IIO,Airbus A320 NEO,1,2026-10-07 07:35:00,2026-10-07 07:49:00,2026-10-07 10:20:00,,14,,on time,7,,,,22.7,0.00,19.1,13920.0,dry and calm
2502,2026-10-07,BOM,QP 1101,QP,Akasa Air,AMD,Ahmedabad,f,,Boeing 737,2,2026-10-07 07:35:00,2026-10-07 07:55:00,2026-10-07 08:55:00,,20,,on time,7,,,,27.4,0.00,13.7,11360.0,dry and calm
2503,2026-10-07,BLR,6E 1043,6E,IndiGo,LGK,Langkawi,t,VT-IZE,Airbus A320,2,2026-10-07 07:40:00,2026-10-07 07:45:00,2026-10-07 13:36:00,,5,,on time,7,,,,22.7,0.00,19.1,13920.0,dry and calm
2504,2026-10-07,BLR,6E 405,6E,IndiGo,RPR,Raipur,f,VT-IIR,Airbus A320 NEO,1,2026-10-07 07:40:00,2026-10-07 07:52:00,2026-10-07 09:25:00,,12,,on time,7,,,,22.7,0.00,19.1,13920.0,dry and calm
2505,2026-10-07,BOM,AI 2741,AI,Air India,DED,Dehradun,f,VT-EXK,Airbus A320 NEO,2,2026-10-07 07:40:00,2026-10-07 08:01:00,2026-10-07 09:55:00,,21,,on time,7,,,,27.4,0.00,13.7,11360.0,dry and calm
2506,2026-10-07,HYD,6E 151,6E,IndiGo,BLR,Bangalore,f,VT-IBB,Airbus A321 NEO,,2026-10-07 07:40:00,2026-10-07 07:47:00,2026-10-07 08:40:00,2026-10-07 08:33:00,7,-7,on time,7,,,,24.0,0.00,11.2,10360.0,dry and calm
2507,2026-10-07,HYD,BZ 481,BZ,Blue Dart Aviation,HYD,Hyderabad,f,VT-BDA,Boeing 757-200,,2026-10-07 07:43:00,2026-10-07 07:43:00,,,0,,on time,7,,,,24.0,0.00,11.2,10360.0,dry and calm
2508,2026-10-07,BLR,6E 6288,6E,IndiGo,ATQ,Amritsar,f,VT-IWY,Airbus A320,1,2026-10-07 07:45:00,2026-10-07 08:27:00,2026-10-07 10:50:00,,42,,late,7,,,,22.7,0.00,19.1,13920.0,dry and calm
2509,2026-10-07,BOM,6E 5193,6E,IndiGo,BLR,Bangalore,f,VT-NHX,Airbus A320,1,2026-10-07 07:45:00,2026-10-07 08:14:00,2026-10-07 09:45:00,2026-10-07 09:25:00,29,-20,on time,7,,,,27.4,0.00,13.7,11360.0,dry and calm
2510,2026-10-07,BOM,6E 5329,6E,IndiGo,CCU,Kolkata,f,VT-NCO,Airbus A320,1,2026-10-07 07:45:00,2026-10-07 08:08:00,2026-10-07 10:30:00,,23,,on time,7,,,,27.4,0.00,13.7,11360.0,dry and calm
2511,2026-10-07,HYD,BA 276,BA,British,LHR,London,t,G-YMMT,Boeing 777-200,,2026-10-07 07:45:00,2026-10-07 07:57:00,2026-10-07 13:50:00,2026-10-07 13:24:00,12,-26,on time,7,,,,24.0,0.00,11.2,10360.0,dry and calm
2512,2026-10-07,BOM,6E 5091,6E,IndiGo,BBI,Bhubaneswar,f,VT-IBI,Airbus A320,1,2026-10-07 07:50:00,2026-10-07 08:53:00,2026-10-07 10:15:00,,63,,late,7,,,,27.4,0.00,13.7,11360.0,dry and calm
2513,2026-10-07,BOM,6E 5305,6E,IndiGo,IXB,Siliguri,f,VT-IPY,Airbus A320,1,2026-10-07 07:50:00,2026-10-07 08:16:00,2026-10-07 10:50:00,,26,,on time,7,,,,27.4,0.00,13.7,11360.0,dry and calm
2514,2026-10-07,BOM,6E 6543,6E,IndiGo,VNS,Varanasi,f,VT-IRY,Airbus A320,2,2026-10-07 07:50:00,2026-10-07 08:11:00,2026-10-07 10:10:00,,21,,on time,7,,,,27.4,0.00,13.7,11360.0,dry and calm
2515,2026-10-07,HYD,6E 6323,6E,IndiGo,UDR,Udaipur,f,VT-ILS,Airbus A321 NEO,,2026-10-07 07:50:00,2026-10-07 08:04:00,2026-10-07 09:45:00,,14,,on time,7,,,,24.0,0.00,11.2,10360.0,dry and calm
2516,2026-10-07,BOM,AI 2851,AI,Air India,BLR,Bangalore,f,VT-EXJ,Airbus A320 NEO,2,2026-10-07 07:55:00,2026-10-07 08:24:00,2026-10-07 10:05:00,2026-10-07 09:37:00,29,-28,on time,7,,,,27.4,0.00,13.7,11360.0,dry and calm
2517,2026-10-07,HYD,6E 371,6E,IndiGo,MAA,Chennai,f,VT-IQU,Airbus A320 NEO,,2026-10-07 07:55:00,2026-10-07 08:02:00,2026-10-07 09:20:00,,7,,on time,7,,,,24.0,0.00,11.2,10360.0,dry and calm
2518,2026-10-07,BLR,AI 2808,AI,Air India,DEL,New Delhi,f,,,2,2026-10-07 08:00:00,,,,,,no actual time,8,,,,24.3,0.00,20.5,18240.0,dry and calm
2519,2026-10-07,BLR,S5 183,S5,Star Air,NDC,Nanded,f,VT-GSO,Embraer 175,2,2026-10-07 08:00:00,,,,,,no actual time,8,,,,24.3,0.00,20.5,18240.0,dry and calm
2520,2026-10-07,BOM,6E 333,6E,IndiGo,DEL,New Delhi,f,VT-NCP,Airbus A321 NEO,2,2026-10-07 08:00:00,2026-10-07 08:23:00,2026-10-07 10:05:00,,23,,on time,8,,,,29.0,0.00,16.9,13100.0,dry and calm
2521,2026-10-07,HYD,6E 5213,6E,IndiGo,BOM,Mumbai,f,VT-NOT,Airbus A321 NEO,,2026-10-07 08:00:00,2026-10-07 08:08:00,2026-10-07 09:30:00,,8,,on time,8,6E 6362,BOM,-25,26.3,0.00,16.2,11880.0,dry and calm
2522,2026-10-07,HYD,6E 6411,6E,IndiGo,RJA,Rajahmundry,f,VT-IIK,Airbus A320 NEO,,2026-10-07 08:00:00,2026-10-07 08:13:00,2026-10-07 09:10:00,,13,,on time,8,6E 6178,BLR,-8,26.3,0.00,16.2,11880.0,dry and calm
2523,2026-10-07,BLR,6E 7005,6E,IndiGo,COK,Kochi,f,VT-IYH,ATR 72,1,2026-10-07 08:05:00,2026-10-07 08:12:00,2026-10-07 09:25:00,,7,,on time,8,,,,24.3,0.00,20.5,18240.0,dry and calm
2524,2026-10-07,BOM,6E 6058,6E,IndiGo,NAG,Naqpur,f,VT-IMS,Airbus A321 NEO,2,2026-10-07 08:05:00,2026-10-07 08:19:00,2026-10-07 09:30:00,,14,,on time,8,,,,29.0,0.00,16.9,13100.0,dry and calm
2525,2026-10-07,HYD,IX 1831,IX,Air India Express,MAA,Chennai,f,VT-TNM,Airbus A320 NEO,,2026-10-07 08:05:00,2026-10-07 08:22:00,2026-10-07 09:40:00,,17,,on time,8,,,,26.3,0.00,16.2,11880.0,dry and calm
2526,2026-10-07,HYD,IX 2019,IX,Air India Express,BLR,Bangalore,f,VT-BXR,Boeing 737,,2026-10-07 08:05:00,,2026-10-07 09:25:00,,,,no actual time,8,IX 2018,BLR,-25,26.3,0.00,16.2,11880.0,dry and calm
2527,2026-10-07,BLR,6E 1485,6E,IndiGo,DXB,Dubai,t,VT-IWT,Airbus A321 NEO,2,2026-10-07 08:10:00,2026-10-07 08:34:00,2026-10-07 10:25:00,2026-10-07 10:34:00,24,9,on time,8,6E 5388,BOM,-20,24.3,0.00,20.5,18240.0,dry and calm
2528,2026-10-07,BLR,6E 442,6E,IndiGo,CCU,Kolkata,f,VT-ILU,Airbus A321 NEO,1,2026-10-07 08:10:00,2026-10-07 08:22:00,2026-10-07 10:35:00,2026-10-07 10:33:00,12,-2,on time,8,,,,24.3,0.00,20.5,18240.0,dry and calm
2529,2026-10-07,BOM,6E 1451,6E,IndiGo,DXB,Dubai,t,VT-NCW,Airbus A321 NEO,2,2026-10-07 08:10:00,2026-10-07 08:26:00,2026-10-07 09:40:00,2026-10-07 09:26:00,16,-14,on time,8,,,,29.0,0.00,16.9,13100.0,dry and calm
2530,2026-10-07,BOM,AI 1891,AI,Air India,IDR,Indore,f,,Airbus A320 NEO,2,2026-10-07 08:10:00,2026-10-07 08:29:00,2026-10-07 09:45:00,,19,,on time,8,,,,29.0,0.00,16.9,13100.0,dry and calm
2531,2026-10-07,HYD,6E 1465,6E,IndiGo,DXB,Dubai,t,VT-ISP,Airbus A320 NEO,,2026-10-07 08:10:00,2026-10-07 08:16:00,2026-10-07 10:25:00,2026-10-07 10:03:00,6,-22,on time,8,,,,26.3,0.00,16.2,11880.0,dry and calm
2532,2026-10-07,BLR,6E 443,6E,IndiGo,IXB,Siliguri,f,VT-ICP,Airbus A321 NEO,1,2026-10-07 08:15:00,2026-10-07 08:32:00,2026-10-07 11:00:00,,17,,on time,8,,,,24.3,0.00,20.5,18240.0,dry and calm
2533,2026-10-07,BLR,6E 484,6E,IndiGo,HYD,Hyderabad,f,VT-IQF,Airbus A320 NEO,1,2026-10-07 08:15:00,2026-10-07 08:31:00,2026-10-07 09:30:00,2026-10-07 09:18:00,16,-12,on time,8,,,,24.3,0.00,20.5,18240.0,dry and calm
2534,2026-10-07,BLR,6E 849,6E,IndiGo,DEL,New Delhi,f,VT-NCD,Airbus A321 NEO,1,2026-10-07 08:15:00,2026-10-07 08:29:00,2026-10-07 10:57:00,,14,,on time,8,6E 5294,BOM,-38,24.3,0.00,20.5,18240.0,dry and calm
2535,2026-10-07,BOM,6E 5204,6E,IndiGo,MAA,Chennai,f,VT-NCK,Airbus A320,1,2026-10-07 08:15:00,2026-10-07 08:31:00,2026-10-07 10:20:00,,16,,on time,8,6E 5089,BLR,,29.0,0.00,16.9,13100.0,dry and calm
2536,2026-10-07,HYD,6E 664,6E,IndiGo,CCU,Kolkata,f,VT-IMH,Airbus A321 NEO,,2026-10-07 08:15:00,2026-10-07 08:25:00,2026-10-07 10:25:00,2026-10-07 10:00:00,10,-25,on time,8,,,,26.3,0.00,16.2,11880.0,dry and calm
2537,2026-10-07,HYD,6E 6872,6E,IndiGo,IXB,Siliguri,f,VT-ICX,Airbus A321 NEO,,2026-10-07 08:15:00,2026-10-07 08:49:00,2026-10-07 10:40:00,,34,,late,8,,,,26.3,0.00,16.2,11880.0,dry and calm
2538,2026-10-07,BLR,6E 6863,6E,IndiGo,NAG,Naqpur,f,VT-ILG,Airbus A321 NEO,1,2026-10-07 08:20:00,,2026-10-07 09:55:00,,,,no actual time,8,,,,24.3,0.00,20.5,18240.0,dry and calm
2539,2026-10-07,BLR,AI 2846,AI,Air India,BOM,Mumbai,f,VT-RIO,Airbus A320 NEO,2,2026-10-07 08:20:00,2026-10-07 08:26:00,2026-10-07 10:20:00,,6,,on time,8,AI 2845,BOM,-32,24.3,0.00,20.5,18240.0,dry and calm
2540,2026-10-07,BLR,QP 1902,QP,Akasa Air,AMD,Ahmedabad,f,VT-YBR,Boeing 737 MAX 8,1,2026-10-07 08:20:00,,2026-10-07 10:35:00,,,,no actual time,8,,,,24.3,0.00,20.5,18240.0,dry and calm
2541,2026-10-07,BLR,VS 317,VS,Virgin Atlantic,LHR,London,t,G-VFAN,Boeing 787-9,2,2026-10-07 08:20:00,2026-10-07 08:43:00,2026-10-07 14:35:00,2026-10-07 14:33:00,23,-2,on time,8,,,,24.3,0.00,20.5,18240.0,dry and calm
2542,2026-10-07,BOM,QP 1143,QP,Akasa Air,IXB,Siliguri,f,,Boeing 737,2,2026-10-07 08:20:00,2026-10-07 08:37:00,2026-10-07 11:25:00,,17,,on time,8,,,,29.0,0.00,16.9,13100.0,dry and calm
2543,2026-10-07,HYD,6E 7417,6E,IndiGo,HBX,Hubli,f,VT-IXY,ATR 72,,2026-10-07 08:20:00,2026-10-07 08:35:00,2026-10-07 09:35:00,,15,,on time,8,,,,26.3,0.00,16.2,11880.0,dry and calm
2544,2026-10-07,BLR,6E 6801,6E,IndiGo,PAT,Patna,f,VT-ITS,Airbus A321 (Sharklets),1,2026-10-07 08:25:00,2026-10-07 08:39:00,2026-10-07 11:00:00,,14,,on time,8,6E 413,HYD,-30,24.3,0.00,20.5,18240.0,dry and calm
2545,2026-10-07,BLR,IX 2935,IX,Air India Express,HYD,Hyderabad,f,,,2,2026-10-07 08:25:00,,,,,,no actual time,8,,,,24.3,0.00,20.5,18240.0,dry and calm
2546,2026-10-07,BOM,6E 5268,6E,IndiGo,IXC,Chandigarh,f,VT-ICR,Airbus A320,1,2026-10-07 08:25:00,2026-10-07 08:39:00,2026-10-07 10:40:00,,14,,on time,8,,,,29.0,0.00,16.9,13100.0,dry and calm
2547,2026-10-07,HYD,6E 946,6E,IndiGo,GOX,Mopa,f,VT-IMM,Airbus A321 NEO,,2026-10-07 08:25:00,2026-10-07 08:34:00,2026-10-07 09:30:00,,9,,on time,8,,,,26.3,0.00,16.2,11880.0,dry and calm
2548,2026-10-07,BLR,6E 5051,6E,IndiGo,BOM,Mumbai,f,VT-NCT,Airbus A321 NEO,1,2026-10-07 08:30:00,2026-10-07 08:51:00,2026-10-07 10:15:00,,21,,on time,8,6E 5296,BOM,-23,24.3,0.00,20.5,18240.0,dry and calm
2549,2026-10-07,BLR,IX 1489,IX,Air India Express,CCJ,Calicut,f,VT-BXI,Boeing 737 MAX 8,2,2026-10-07 08:30:00,,2026-10-07 09:35:00,,,,no actual time,8,,,,24.3,0.00,20.5,18240.0,dry and calm
2550,2026-10-07,BOM,6E 1115,6E,IndiGo,DAC,Dhaka,t,VT-IXG,Airbus A320 NEO,2,2026-10-07 08:30:00,2026-10-07 08:36:00,2026-10-07 12:05:00,2026-10-07 11:35:00,6,-30,on time,8,,,,29.0,0.00,16.9,13100.0,dry and calm
2551,2026-10-07,BOM,AI 2970,AI,Air India,DEL,New Delhi,f,VT-TQJ,Airbus A320 NEO,2,2026-10-07 08:30:00,2026-10-07 08:48:00,2026-10-07 10:27:00,,18,,on time,8,AI 2872,HYD,,29.0,0.00,16.9,13100.0,dry and calm
2552,2026-10-07,HYD,6E 6719,6E,IndiGo,PAT,Patna,f,VT-IPO,Airbus A320 NEO,,2026-10-07 08:30:00,2026-10-07 08:47:00,2026-10-07 10:30:00,,17,,on time,8,,,,26.3,0.00,16.2,11880.0,dry and calm
2553,2026-10-07,HYD,6E 889,6E,IndiGo,DEL,New Delhi,f,,Airbus A320,,2026-10-07 08:30:00,,2026-10-07 10:41:00,,,,no actual time,8,,,,26.3,0.00,16.2,11880.0,dry and calm
2554,2026-10-07,BOM,6E 17,6E,IndiGo,IST,Istanbul,t,VT-NLC,Airbus A321,2,2026-10-07 08:35:00,2026-10-07 08:42:00,2026-10-07 13:50:00,,7,,on time,8,,,,29.0,0.00,16.9,13100.0,dry and calm
2555,2026-10-07,BOM,MK 749,MK,Air Mauritius,MRU,Port Louis,t,,Airbus A330-200,2,2026-10-07 08:35:00,2026-10-07 09:01:00,2026-10-07 13:15:00,,26,,on time,8,,,,29.0,0.00,16.9,13100.0,dry and calm
2556,2026-10-07,HYD,AI 2466,AI,Air India,DEL,New Delhi,f,VT-RTU,Airbus A320 NEO,,2026-10-07 08:35:00,2026-10-07 08:41:00,2026-10-07 10:37:00,,6,,on time,8,AI 2625,BOM,-16,26.3,0.00,16.2,11880.0,dry and calm
2557,2026-10-07,BLR,IX 1893,IX,Air India Express,COK,Kochi,f,,Boeing 737,2,2026-10-07 08:40:00,,,,,,no actual time,8,,,,24.3,0.00,20.5,18240.0,dry and calm
2558,2026-10-07,BLR,IX 2926,IX,Air India Express,MAA,Chennai,f,VT-BXV,Boeing 737 MAX 8,2,2026-10-07 08:40:00,,2026-10-07 09:50:00,,,,no actual time,8,,,,24.3,0.00,20.5,18240.0,dry and calm
2559,2026-10-07,BOM,6E 204,6E,IndiGo,DED,Dehradun,f,,Airbus A320 NEO,2,2026-10-07 08:40:00,2026-10-07 08:52:00,2026-10-07 11:00:00,,12,,on time,8,,,,29.0,0.00,16.9,13100.0,dry and calm
2560,2026-10-07,BOM,6E 5281,6E,IndiGo,JAI,Jaipur,f,VT-NHV,Airbus A320,1,2026-10-07 08:40:00,2026-10-07 08:55:00,2026-10-07 10:30:00,,15,,on time,8,,,,29.0,0.00,16.9,13100.0,dry and calm
2561,2026-10-07,BOM,F3 664,F3,flyadeal,RUH,Riyadh,t,HZ-FBH,Airbus A320 NEO,2,2026-10-07 08:40:00,2026-10-07 08:39:00,2026-10-07 10:15:00,,-1,,on time,8,,,,29.0,0.00,16.9,13100.0,dry and calm
2562,2026-10-07,HYD,IX 971,IX,Air India Express,AUH,Abu Dhabi,t,VT-NTA,Boeing 737 MAX 8,,2026-10-07 08:40:00,2026-10-07 08:53:00,2026-10-07 10:55:00,,13,,on time,8,,,,26.3,0.00,16.2,11880.0,dry and calm
2563,2026-10-07,BLR,OG 183,OG,Ghodawat Enterprises,NDC,Nanded,f,VT-GSO,Embraer 175,,2026-10-07 08:41:00,2026-10-07 08:41:00,,,0,,on time,8,,,,24.3,0.00,20.5,18240.0,dry and calm
2564,2026-10-07,BLR,IX 2931,IX,Air India Express,GAU,Guwahati,f,VT-BWJ,Boeing 737 MAX 8,2,2026-10-07 08:45:00,2026-10-07 08:59:00,2026-10-07 11:55:00,,14,,on time,8,,,,24.3,0.00,20.5,18240.0,dry and calm
2565,2026-10-07,BOM,QP 1129,QP,Akasa Air,BLR,Bangalore,f,VT-YAE,Boeing 737,2,2026-10-07 08:45:00,2026-10-07 09:03:00,2026-10-07 10:40:00,,18,,on time,8,QP 1515,BLR,,29.0,0.00,16.9,13100.0,dry and calm
2566,2026-10-07,HYD,6E 714,6E,IndiGo,VTZ,Visakhapatnam,f,VT-IBK,Airbus A321 NEO,,2026-10-07 08:45:00,2026-10-07 09:03:00,2026-10-07 10:05:00,2026-10-07 09:55:00,18,-10,on time,8,,,,26.3,0.00,16.2,11880.0,dry and calm
2567,2026-10-07,BOM,6E 2347,6E,IndiGo,AMD,Ahmedabad,f,VT-ICK,Airbus A320 NEO,2,2026-10-07 08:50:00,2026-10-07 09:06:00,2026-10-07 10:15:00,,16,,on time,8,,,,29.0,0.00,16.9,13100.0,dry and calm
2568,2026-10-07,HYD,6E 134,6E,IndiGo,AMD,Ahmedabad,f,VT-IQZ,Airbus A320 NEO,,2026-10-07 08:50:00,2026-10-07 08:59:00,2026-10-07 10:40:00,,9,,on time,8,,,,26.3,0.00,16.2,11880.0,dry and calm
2569,2026-10-07,BOM,6E 1163,6E,IndiGo,SIN,Singapore,t,VT-NCV,Airbus A321 NEO,2,2026-10-07 08:55:00,2026-10-07 09:26:00,2026-10-07 17:20:00,,31,,late,8,,,,29.0,0.00,16.9,13100.0,dry and calm
2570,2026-10-07,BOM,6E 5150,6E,IndiGo,JGA,Jamnagar,f,VT-IXP,Airbus A320,1,2026-10-07 08:55:00,2026-10-07 08:57:00,2026-10-07 10:10:00,,2,,on time,8,,,,29.0,0.00,16.9,13100.0,dry and calm
2571,2026-10-07,HYD,XY 326,XY,flynas,RUH,Riyadh,t,HZ-NS34,Airbus A320 NEO,,2026-10-07 08:55:00,2026-10-07 09:14:00,2026-10-07 11:15:00,,19,,on time,8,,,,26.3,0.00,16.2,11880.0,dry and calm
2572,2026-10-07,BLR,AI 2868,AI,Air India,DEL,New Delhi,f,,Airbus A320 NEO,2,2026-10-07 09:00:00,,,,,,no actual time,9,,,,25.9,0.00,23.4,7260.0,dry and calm
2573,2026-10-07,BOM,6E 355,6E,IndiGo,DEL,New Delhi,f,VT-NOJ,Airbus A320,2,2026-10-07 09:00:00,2026-10-07 09:20:00,2026-10-07 11:00:00,,20,,on time,9,6E 6196,HYD,,31.4,0.00,20.2,14640.0,dry and calm
2574,2026-10-07,BOM,AI 2739,AI,Air India,MAA,Chennai,f,VT-RTN,Airbus A320 NEO,2,2026-10-07 09:00:00,2026-10-07 09:14:00,2026-10-07 11:10:00,,14,,on time,9,,,,31.4,0.00,20.2,14640.0,dry and calm
2575,2026-10-07,BLR,6E 1167,6E,IndiGo,CMB,Colombo,t,VT-IMB,Airbus A321 NEO,2,2026-10-07 09:05:00,2026-10-07 09:20:00,2026-10-07 10:30:00,,15,,on time,9,,,,25.9,0.00,23.4,7260.0,dry and calm
2576,2026-10-07,BLR,6E 6558,6E,IndiGo,VNS,Varanasi,f,VT-IQY,Airbus A320 NEO,1,2026-10-07 09:05:00,,2026-10-07 11:25:00,,,,no actual time,9,,,,25.9,0.00,23.4,7260.0,dry and calm
2577,2026-10-07,BOM,6E 6674,6E,IndiGo,IXE,Mangalore,f,VT-IPC,Airbus A320 NEO,2,2026-10-07 09:05:00,2026-10-07 09:19:00,2026-10-07 10:35:00,,14,,on time,9,,,,31.4,0.00,20.2,14640.0,dry and calm
2578,2026-10-07,BOM,IX 1283,IX,Air India Express,BBI,Bhubaneswar,f,,Boeing 737,2,2026-10-07 09:05:00,2026-10-07 09:24:00,2026-10-07 11:35:00,,19,,on time,9,,,,31.4,0.00,20.2,14640.0,dry and calm
2579,2026-10-07,HYD,6E 7208,6E,IndiGo,VGA,Vidzhayavada,f,,ATR 72,,2026-10-07 09:05:00,,2026-10-07 10:10:00,,,,no actual time,9,,,,28.3,0.00,25.6,14540.0,dry and calm
2580,2026-10-07,BLR,IX 1506,IX,Air India Express,DED,Dehradun,f,,Boeing 737,2,2026-10-07 09:10:00,,,,,,no actual time,9,,,,25.9,0.00,23.4,7260.0,dry and calm
2581,2026-10-07,BLR,IX 2892,IX,Air India Express,IXB,Siliguri,f,VT-GHI,Boeing 737-800,2,2026-10-07 09:10:00,2026-10-07 09:25:00,2026-10-07 12:00:00,,15,,on time,9,,,,25.9,0.00,23.4,7260.0,dry and calm
2582,2026-10-07,BLR,6E 312,6E,IndiGo,HYD,Hyderabad,f,VT-NHJ,Airbus A321 NEO,1,2026-10-07 09:15:00,2026-10-07 09:32:00,2026-10-07 10:30:00,2026-10-07 10:18:00,17,-12,on time,9,,,,25.9,0.00,23.4,7260.0,dry and calm
2583,2026-10-07,BLR,AI 2604,AI,Air India,BOM,Mumbai,f,VT-TNF,Airbus A320 NEO,2,2026-10-07 09:15:00,2026-10-07 09:41:00,2026-10-07 11:15:00,,26,,on time,9,AI 2603,BOM,-14,25.9,0.00,23.4,7260.0,dry and calm
2584,2026-10-07,BOM,6E 2024,6E,IndiGo,PAT,Patna,f,VT-IIN,Airbus A320 NEO,2,2026-10-07 09:15:00,2026-10-07 09:29:00,2026-10-07 11:45:00,,14,,on time,9,,,,31.4,0.00,20.2,14640.0,dry and calm
2585,2026-10-07,BOM,6E 6057,6E,IndiGo,GOX,Mopa,f,VT-ILE,Airbus A320,2,2026-10-07 09:15:00,2026-10-07 09:33:00,2026-10-07 10:30:00,,18,,on time,9,,,,31.4,0.00,20.2,14640.0,dry and calm
2586,2026-10-07,HYD,6E 392,6E,IndiGo,VNS,Varanasi,f,VT-ICZ,Airbus A321 NEO,,2026-10-07 09:15:00,2026-10-07 09:30:00,2026-10-07 11:05:00,,15,,on time,9,,,,28.3,0.00,25.6,14540.0,dry and calm
2587,2026-10-07,HYD,6E 421,6E,IndiGo,IXR,Ranchi,f,VT-IBO,Airbus A321 NEO,,2026-10-07 09:15:00,2026-10-07 09:26:00,2026-10-07 11:10:00,,11,,on time,9,,,,28.3,0.00,25.6,14540.0,dry and calm
2588,2026-10-07,BLR,6E 2518,6E,IndiGo,HDO,Ghaziabad,f,VT-IPX,Airbus A320 NEO,1,2026-10-07 09:20:00,2026-10-07 09:43:00,2026-10-07 12:10:00,,23,,on time,9,,,,25.9,0.00,23.4,7260.0,dry and calm
2589,2026-10-07,BLR,IX 2786,IX,Air India Express,IXR,Ranchi,f,VT-BXG,Boeing 737 MAX 8,2,2026-10-07 09:20:00,2026-10-07 09:29:00,2026-10-07 11:45:00,,9,,on time,9,,,,25.9,0.00,23.4,7260.0,dry and calm
2590,2026-10-07,BOM,IX 1809,IX,Air India Express,VNS,Varanasi,f,VT-BWX,Boeing 737 MAX 8,2,2026-10-07 09:20:00,2026-10-07 08:20:00,2026-10-07 09:55:00,,-60,,on time,9,,,,31.4,0.00,20.2,14640.0,dry and calm
2591,2026-10-07,BLR,6E 2086,6E,IndiGo,NMI,Mumbai,f,VT-IBB,Airbus A321 NEO,1,2026-10-07 09:25:00,2026-10-07 09:56:00,2026-10-07 10:55:00,,31,,late,9,6E 151,HYD,-7,25.9,0.00,23.4,7260.0,dry and calm
2592,2026-10-07,BLR,6E 524,6E,IndiGo,IXA,Agartala,f,VT-IIW,Airbus A320 NEO,1,2026-10-07 09:25:00,2026-10-07 09:54:00,2026-10-07 12:20:00,,29,,on time,9,,,,25.9,0.00,23.4,7260.0,dry and calm
2593,2026-10-07,BOM,QP 1153,QP,Akasa Air,BLR,Bangalore,f,VT-YAB,Boeing 737,2,2026-10-07 09:25:00,2026-10-07 09:37:00,2026-10-07 11:25:00,,12,,on time,9,,,,31.4,0.00,20.2,14640.0,dry and calm
2594,2026-10-07,BLR,6E 830,6E,IndiGo,DEL,New Delhi,f,VT-NCA,Airbus A321 NEO,1,2026-10-07 09:30:00,2026-10-07 09:48:00,2026-10-07 12:15:00,,18,,on time,9,,,,25.9,0.00,23.4,7260.0,dry and calm
2595,2026-10-07,BLR,QP 1513,QP,Akasa Air,DBR,Darbhanga,f,VT-YBF,Boeing 737 MAX 8,1,2026-10-07 09:30:00,,2026-10-07 12:10:00,,,,no actual time,9,,,,25.9,0.00,23.4,7260.0,dry and calm
2596,2026-10-07,BOM,AI 2432,AI,Air India,DEL,New Delhi,f,VT-EXV,Airbus A320 NEO,2,2026-10-07 09:30:00,2026-10-07 09:55:00,2026-10-07 11:54:00,,25,,on time,9,AI 2402,BLR,,31.4,0.00,20.2,14640.0,dry and calm
2597,2026-10-07,BOM,BA 134,BA,British,LHR,London,t,G-YMMP,Boeing 777-200,2,2026-10-07 09:30:00,2026-10-07 09:40:00,2026-10-07 15:00:00,2026-10-07 14:54:00,10,-6,on time,9,,,,31.4,0.00,20.2,14640.0,dry and calm
2598,2026-10-07,HYD,6E 5174,6E,IndiGo,BOM,Mumbai,f,VT-NCU,Airbus A321 NEO,,2026-10-07 09:30:00,2026-10-07 09:37:00,2026-10-07 10:55:00,,7,,on time,9,6E 5246,BOM,-15,28.3,0.00,25.6,14540.0,dry and calm
2599,2026-10-07,BLR,6E 415,6E,IndiGo,JAI,Jaipur,f,VT-IMI,Airbus A321 NEO,1,2026-10-07 09:35:00,2026-10-07 09:52:00,2026-10-07 12:05:00,,17,,on time,9,,,,25.9,0.00,23.4,7260.0,dry and calm
2600,2026-10-07,BOM,6E 2034,6E,IndiGo,KNU,Kanpur,f,VT-IRV,Airbus A320,2,2026-10-07 09:35:00,2026-10-07 09:53:00,2026-10-07 12:00:00,,18,,on time,9,,,,31.4,0.00,20.2,14640.0,dry and calm
2601,2026-10-07,BOM,6E 5109,6E,IndiGo,CJB,Coimbatore,f,VT-ICQ,Airbus A320,1,2026-10-07 09:35:00,2026-10-07 09:46:00,2026-10-07 11:25:00,,11,,on time,9,,,,31.4,0.00,20.2,14640.0,dry and calm
2602,2026-10-07,HYD,6E 6066,6E,IndiGo,BLR,Bangalore,f,VT-IOM,Airbus A320 NEO,,2026-10-07 09:35:00,2026-10-07 10:04:00,2026-10-07 10:55:00,2026-10-07 11:00:00,29,5,on time,9,,,,28.3,0.00,25.6,14540.0,dry and calm
2603,2026-10-07,BOM,KU 304,KU,Kuwait,KWI,Kuwait City,t,9K-APH,Airbus A330-900,2,2026-10-07 09:40:00,2026-10-07 09:41:00,2026-10-07 11:20:00,,1,,on time,9,,,,31.4,0.00,20.2,14640.0,dry and calm
2604,2026-10-07,BOM,AI 2245,AI,Air India,JED,Jeddah,t,VT-CIP,Airbus A320 NEO,2,2026-10-07 09:45:00,2026-10-07 09:51:00,2026-10-07 12:35:00,,6,,on time,9,,,,31.4,0.00,20.2,14640.0,dry and calm
2605,2026-10-07,BLR,QP 623,QP,Akasa Air,HKT,Phuket,t,VT-YAA,Boeing 737 MAX 8,2,2026-10-07 09:50:00,,2026-10-07 15:05:00,,,,no actual time,9,,,,25.9,0.00,23.4,7260.0,dry and calm
2606,2026-10-07,BOM,6E 5092,6E,IndiGo,BLR,Bangalore,f,VT-NCQ,Airbus A320,1,2026-10-07 09:50:00,2026-10-07 10:05:00,2026-10-07 11:55:00,2026-10-07 11:21:00,15,-34,on time,9,6E 5216,BLR,,31.4,0.00,20.2,14640.0,dry and calm
2607,2026-10-07,BOM,6E 5313,6E,IndiGo,MAA,Chennai,f,VT-NHL,Airbus A320,1,2026-10-07 09:50:00,2026-10-07 09:58:00,2026-10-07 12:00:00,,8,,on time,9,,,,31.4,0.00,20.2,14640.0,dry and calm
2608,2026-10-07,BOM,AI 2855,AI,Air India,COK,Kochi,f,,Airbus A320 NEO,2,2026-10-07 09:50:00,2026-10-07 10:22:00,2026-10-07 12:05:00,,32,,late,9,,,,31.4,0.00,20.2,14640.0,dry and calm
2609,2026-10-07,HYD,6E 7503,6E,IndiGo,TIR,Tirumala - Tirupati,f,VT-IRA,ATR 72,,2026-10-07 09:50:00,2026-10-07 09:59:00,2026-10-07 11:15:00,,9,,on time,9,,,,28.3,0.00,25.6,14540.0,dry and calm
2610,2026-10-07,BOM,AI 2863,AI,Air India,BLR,Bangalore,f,VT-TQG,Airbus A320 NEO,2,2026-10-07 09:55:00,2026-10-07 10:41:00,2026-10-07 12:05:00,2026-10-07 11:59:00,46,-6,late,9,,,,31.4,0.00,20.2,14640.0,dry and calm
2611,2026-10-07,HYD,6E 6707,6E,IndiGo,COK,Kochi,f,VT-NHR,Airbus A321 NEO,,2026-10-07 09:55:00,2026-10-07 09:58:00,2026-10-07 11:35:00,,3,,on time,9,,,,28.3,0.00,25.6,14540.0,dry and calm
2612,2026-10-07,BLR,AI 2804,AI,Air India,DEL,New Delhi,f,VT-TQQ,Airbus A320 NEO,2,2026-10-07 10:00:00,2026-10-07 10:15:00,2026-10-07 12:37:00,,15,,on time,10,,,,26.8,0.30,25.6,6460.0,light rain
2613,2026-10-07,BLR,IX 882,IX,Air India Express,BKK,Bangkok,t,VT-RNT,Boeing 737 MAX 8,2,2026-10-07 10:00:00,2026-10-07 10:29:00,2026-10-07 15:40:00,2026-10-07 15:21:00,29,-19,on time,10,,,,26.8,0.30,25.6,6460.0,light rain
2614,2026-10-07,BLR,QP 590,QP,Akasa Air,AUH,Abu Dhabi,t,VT-YBB,Boeing 737 MAX 8,2,2026-10-07 10:00:00,,2026-10-07 12:35:00,,,,no actual time,10,QP 1149,BOM,,26.8,0.30,25.6,6460.0,light rain
2615,2026-10-07,BOM,6E 6052,6E,IndiGo,DEL,New Delhi,f,VT-NOD,Airbus A320,2,2026-10-07 10:00:00,2026-10-07 10:15:00,2026-10-07 11:56:00,,15,,on time,10,,,,33.8,0.00,20.2,18220.0,dry and calm
2616,2026-10-07,BOM,AI 2430,AI,Air India,DEL,New Delhi,f,,Airbus A320 NEO,2,2026-10-07 10:00:00,2026-10-07 10:30:00,2026-10-07 12:11:00,,30,,late,10,,,,33.8,0.00,20.2,18220.0,dry and calm
2617,2026-10-07,BOM,SG 9605,SG,SpiceJet,NJF,Najaf,t,VT-SYJ,Boeing 737-800,2,2026-10-07 10:00:00,2026-10-07 12:22:00,2026-10-07 12:15:00,,142,,late,10,,,,33.8,0.00,20.2,18220.0,dry and calm
2618,2026-10-07,HYD,6E 6151,6E,IndiGo,MAA,Chennai,f,VT-ISY,Airbus A320 NEO,,2026-10-07 10:00:00,2026-10-07 10:02:00,2026-10-07 11:20:00,,2,,on time,10,,,,29.5,0.00,29.2,12800.0,dry and calm
2619,2026-10-07,HYD,6E 6281,6E,IndiGo,DEL,New Delhi,f,VT-NHT,Airbus A321 NEO,,2026-10-07 10:00:00,2026-10-07 10:16:00,2026-10-07 12:16:00,,16,,on time,10,,,,29.5,0.00,29.2,12800.0,dry and calm
2620,2026-10-07,BLR,IX 1526,IX,Air India Express,JAI,Jaipur,f,VT-VTZ,Airbus A320,2,2026-10-07 10:05:00,,2026-10-07 12:30:00,,,,no actual time,10,,,,26.8,0.30,25.6,6460.0,light rain
2621,2026-10-07,BOM,6E 2060,6E,IndiGo,NAG,Naqpur,f,VT-NCZ,Airbus A320 NEO,2,2026-10-07 10:05:00,2026-10-07 10:39:00,2026-10-07 11:40:00,,34,,late,10,,,,33.8,0.00,20.2,18220.0,dry and calm
2622,2026-10-07,BOM,6E 5165,6E,IndiGo,CCU,Kolkata,f,VT-NCN,Airbus A320,1,2026-10-07 10:05:00,2026-10-07 10:23:00,2026-10-07 12:50:00,,18,,on time,10,,,,33.8,0.00,20.2,18220.0,dry and calm
2623,2026-10-07,BLR,6E 6059,6E,IndiGo,JRG,Jharsuguda,f,VT-IMD,Airbus A321 NEO,1,2026-10-07 10:10:00,2026-10-07 10:46:00,2026-10-07 12:20:00,,36,,late,10,,,,26.8,0.30,25.6,6460.0,light rain
2624,2026-10-07,BLR,6E 7271,6E,IndiGo,AGX,Agatti Island,f,VT-IYO,ATR 72,1,2026-10-07 10:10:00,,2026-10-07 12:25:00,,,,no actual time,10,,,,26.8,0.30,25.6,6460.0,light rain
2625,2026-10-07,BOM,6E 535,6E,IndiGo,DBR,Darbhanga,f,VT-IPS,Airbus A320 NEO,2,2026-10-07 10:10:00,2026-10-07 10:32:00,2026-10-07 12:55:00,,22,,on time,10,,,,33.8,0.00,20.2,18220.0,dry and calm
2626,2026-10-07,BOM,AI 2997,AI,Air India,ATQ,Amritsar,f,,Airbus A320 NEO,2,2026-10-07 10:10:00,2026-10-07 10:46:00,2026-10-07 12:35:00,,36,,late,10,,,,33.8,0.00,20.2,18220.0,dry and calm
2627,2026-10-07,BOM,QP 1131,QP,Akasa Air,IXB,Siliguri,f,,Boeing 737,2,2026-10-07 10:10:00,2026-10-07 10:35:00,2026-10-07 13:15:00,,25,,on time,10,,,,33.8,0.00,20.2,18220.0,dry and calm
2628,2026-10-07,BOM,QP 1139,QP,Akasa Air,DBR,Darbhanga,f,,Boeing 737,2,2026-10-07 10:10:00,2026-10-07 10:27:00,2026-10-07 13:05:00,,17,,on time,10,,,,33.8,0.00,20.2,18220.0,dry and calm
2629,2026-10-07,HYD,6E 468,6E,IndiGo,CJB,Coimbatore,f,VT-IQF,Airbus A320 NEO,,2026-10-07 10:10:00,2026-10-07 10:33:00,2026-10-07 11:35:00,,23,,on time,10,6E 484,BLR,-12,29.5,0.00,29.2,12800.0,dry and calm
2630,2026-10-07,HYD,IX 2934,IX,Air India Express,BLR,Bangalore,f,VT-BXN,Boeing 737,,2026-10-07 10:10:00,,2026-10-07 11:35:00,2026-10-07 11:51:00,,16,no actual time,10,,,,29.5,0.00,29.2,12800.0,dry and calm
2631,2026-10-07,BLR,6E 5237,6E,IndiGo,BOM,Mumbai,f,VT-NHX,Airbus A321 NEO,1,2026-10-07 10:15:00,2026-10-07 10:35:00,2026-10-07 12:05:00,,20,,on time,10,6E 5193,BOM,-20,26.8,0.30,25.6,6460.0,light rain
2632,2026-10-07,BLR,6E 537,6E,IndiGo,HYD,Hyderabad,f,VT-IXN,Airbus A320 NEO,1,2026-10-07 10:15:00,2026-10-07 10:27:00,2026-10-07 11:30:00,2026-10-07 11:23:00,12,-7,on time,10,,,,26.8,0.30,25.6,6460.0,light rain
2633,2026-10-07,BOM,6E 5318,6E,IndiGo,HYD,Hyderabad,f,VT-NOT,Airbus A320,1,2026-10-07 10:15:00,2026-10-07 10:38:00,2026-10-07 11:40:00,2026-10-07 11:38:00,23,-2,on time,10,6E 5213,HYD,,33.8,0.00,20.2,18220.0,dry and calm
2634,2026-10-07,BOM,EK 505,EK,Emirates,DXB,Dubai,t,A6-EPU,Boeing 777-300ER,2,2026-10-07 10:15:00,2026-10-07 10:44:00,2026-10-07 11:40:00,2026-10-07 11:34:00,29,-6,on time,10,,,,33.8,0.00,20.2,18220.0,dry and calm
2635,2026-10-07,HYD,EK 527,EK,Emirates,DXB,Dubai,t,A6-EGZ,Boeing 777-300,,2026-10-07 10:15:00,2026-10-07 10:42:00,2026-10-07 12:25:00,2026-10-07 12:19:00,27,-6,on time,10,,,,29.5,0.00,29.2,12800.0,dry and calm
2636,2026-10-07,HYD,UL 178,UL,SriLankan,CMB,Colombo,t,4R-ABN,Airbus A320,,2026-10-07 10:15:00,2026-10-07 10:24:00,2026-10-07 12:10:00,,9,,on time,10,,,,29.5,0.00,29.2,12800.0,dry and calm
2637,2026-10-07,BLR,6E 1457,6E,IndiGo,SIN,Singapore,t,VT-NOA,Airbus A321 NEO,2,2026-10-07 10:20:00,2026-10-07 10:25:00,2026-10-07 17:40:00,,5,,on time,10,,,,26.8,0.30,25.6,6460.0,light rain
2638,2026-10-07,BLR,IX 2816,IX,Air India Express,PAT,Patna,f,VT-ATH,Airbus A320 NEO,2,2026-10-07 10:20:00,2026-10-07 10:31:00,2026-10-07 12:55:00,,11,,on time,10,,,,26.8,0.30,25.6,6460.0,light rain
2639,2026-10-07,BLR,QP 1313,QP,Akasa Air,PNQ,Pune,f,VT-YBS,Boeing 737,1,2026-10-07 10:20:00,,2026-10-07 11:40:00,,,,no actual time,10,,,,26.8,0.30,25.6,6460.0,light rain
2640,2026-10-07,HYD,6E 7228,6E,IndiGo,RJA,Rajahmundry,f,VT-IRB,ATR 72,,2026-10-07 10:20:00,2026-10-07 10:39:00,2026-10-07 11:45:00,,19,,on time,10,,,,29.5,0.00,29.2,12800.0,dry and calm
2641,2026-10-07,BLR,6E 6445,6E,IndiGo,COK,Kochi,f,VT-IQX,Airbus A320 NEO,1,2026-10-07 10:25:00,2026-10-07 10:32:00,2026-10-07 11:30:00,,7,,on time,10,,,,26.8,0.30,25.6,6460.0,light rain
2642,2026-10-07,BOM,6E 5181,6E,IndiGo,IDR,Indore,f,,Airbus A320,1,2026-10-07 10:25:00,2026-10-07 10:51:00,2026-10-07 11:50:00,,26,,on time,10,,,,33.8,0.00,20.2,18220.0,dry and calm
2643,2026-10-07,BOM,AI 2663,AI,Air India,SXR,Srinagar,f,,Airbus A320 NEO,2,2026-10-07 10:25:00,2026-10-07 10:54:00,2026-10-07 13:10:00,,29,,on time,10,,,,33.8,0.00,20.2,18220.0,dry and calm
2644,2026-10-07,BOM,QP 1834,QP,Akasa Air,DEL,New Delhi,f,,Boeing 737,2,2026-10-07 10:25:00,2026-10-07 10:56:00,2026-10-07 12:47:00,,31,,late,10,,,,33.8,0.00,20.2,18220.0,dry and calm
2645,2026-10-07,HYD,6E 422,6E,IndiGo,DED,Dehradun,f,,Airbus A320 NEO,,2026-10-07 10:25:00,,2026-10-07 12:50:00,,,,no actual time,10,,,,29.5,0.00,29.2,12800.0,dry and calm
2646,2026-10-07,BLR,6E 503,6E,IndiGo,LKO,Lucknow,f,VT-IRW,Airbus A321 NEO,1,2026-10-07 10:30:00,2026-10-07 10:59:00,2026-10-07 13:15:00,,29,,on time,10,,,,26.8,0.30,25.6,6460.0,light rain
2647,2026-10-07,BLR,6E 6144,6E,IndiGo,TRV,Trivandrum,f,VT-IBY,Airbus A321 NEO,1,2026-10-07 10:30:00,2026-10-07 11:27:00,2026-10-07 11:50:00,2026-10-07 12:19:00,57,29,late,10,,,,26.8,0.30,25.6,6460.0,light rain
2648,2026-10-07,BLR,AI 2852,AI,Air India,BOM,Mumbai,f,VT-TNR,Airbus A321 (Sharklets),2,2026-10-07 10:30:00,2026-10-07 10:48:00,2026-10-07 12:35:00,,18,,on time,10,,,,26.8,0.30,25.6,6460.0,light rain
2649,2026-10-07,BLR,EK 565,EK,Emirates,DXB,Dubai,t,A6-ECF,Boeing 777-300,2,2026-10-07 10:30:00,2026-10-07 10:55:00,2026-10-07 12:45:00,2026-10-07 12:43:00,25,-2,on time,10,,,,26.8,0.30,25.6,6460.0,light rain
2650,2026-10-07,BLR,IX 1502,IX,Air India Express,GOX,Mopa,f,,,2,2026-10-07 10:30:00,,,,,,no actual time,10,,,,26.8,0.30,25.6,6460.0,light rain
2651,2026-10-07,BLR,S5 701,S5,Star Air,VDY,Vijaynagar,f,VT-GSU,Embraer 175,2,2026-10-07 10:30:00,,2026-10-07 11:15:00,,,,no actual time,10,,,,26.8,0.30,25.6,6460.0,light rain
2652,2026-10-07,BOM,6E 310,6E,IndiGo,DEL,New Delhi,f,,Airbus A320,2,2026-10-07 10:35:00,2026-10-07 11:05:00,2026-10-07 12:54:00,,30,,late,10,,,,33.8,0.00,20.2,18220.0,dry and calm
2653,2026-10-07,BOM,AI 2579,AI,Air India,UDR,Udaipur,f,,Airbus A319,2,2026-10-07 10:35:00,2026-10-07 11:02:00,2026-10-07 12:05:00,,27,,on time,10,,,,33.8,0.00,20.2,18220.0,dry and calm
2654,2026-10-07,HYD,6E 997,6E,IndiGo,BDQ,Vadodara,f,VT-ICY,Airbus A321 NEO,,2026-10-07 10:35:00,2026-10-07 10:48:00,2026-10-07 12:10:00,,13,,on time,10,,,,29.5,0.00,29.2,12800.0,dry and calm
2655,2026-10-07,HYD,AI 2543,AI,Air India,DEL,New Delhi,f,VT-TQN,Airbus A320 NEO,,2026-10-07 10:35:00,2026-10-07 10:30:00,2026-10-07 12:24:00,,-5,,on time,10,,,,29.5,0.00,29.2,12800.0,dry and calm
2656,2026-10-07,BLR,6E 6583,6E,IndiGo,GOX,Mopa,f,VT-ILL,Airbus A321 NEO,1,2026-10-07 10:40:00,2026-10-07 10:53:00,2026-10-07 11:45:00,,13,,on time,10,,,,26.8,0.30,25.6,6460.0,light rain
2657,2026-10-07,BLR,IX 1498,IX,Air India Express,IXC,Chandigarh,f,VT-BXF,Boeing 737 MAX 8,2,2026-10-07 10:40:00,2026-10-07 11:07:00,2026-10-07 13:50:00,,27,,on time,10,,,,26.8,0.30,25.6,6460.0,light rain
2658,2026-10-07,BOM,S5 164,S5,Star Air,KLH,Kolhapur,f,,Embraer 175,1,2026-10-07 10:40:00,2026-10-07 10:59:00,2026-10-07 11:40:00,,19,,on time,10,,,,33.8,0.00,20.2,18220.0,dry and calm
2659,2026-10-07,HYD,IX 2745,IX,Air India Express,GOX,Mopa,f,VT-BWD,Boeing 737 MAX 8,,2026-10-07 10:40:00,2026-10-07 11:19:00,2026-10-07 12:00:00,,39,,late,10,,,,29.5,0.00,29.2,12800.0,dry and calm
2660,2026-10-07,BLR,6E 175,6E,IndiGo,DEL,New Delhi,f,VT-NCE,Airbus A321 NEO,1,2026-10-07 10:45:00,2026-10-07 11:15:00,2026-10-07 13:33:00,,30,,late,10,,,,26.8,0.30,25.6,6460.0,light rain
2661,2026-10-07,BLR,6E 904,6E,IndiGo,MAA,Chennai,f,VT-ILX,Airbus A321 NEO,1,2026-10-07 10:45:00,2026-10-07 11:22:00,2026-10-07 11:45:00,,37,,late,10,,,,26.8,0.30,25.6,6460.0,light rain
2662,2026-10-07,BLR,IX 1501,IX,Air India Express,TRV,Trivandrum,f,,,2,2026-10-07 10:45:00,,,,,,no actual time,10,,,,26.8,0.30,25.6,6460.0,light rain
2663,2026-10-07,BOM,6E 6087,6E,IndiGo,IXR,Ranchi,f,VT-IMU,Airbus A320,2,2026-10-07 10:45:00,2026-10-07 11:08:00,2026-10-07 13:10:00,,23,,on time,10,,,,33.8,0.00,20.2,18220.0,dry and calm
2664,2026-10-07,BOM,AI 2781,AI,Air India,JAI,Jaipur,f,VT-TQT,Airbus A319,2,2026-10-07 10:45:00,2026-10-07 11:03:00,2026-10-07 12:45:00,,18,,on time,10,,,,33.8,0.00,20.2,18220.0,dry and calm
2665,2026-10-07,BLR,OG 701,OG,Ghodawat Enterprises,VDY,VDY,f,VT-GSU,Embraer 175,,2026-10-07 10:49:00,2026-10-07 10:49:00,,,0,,on time,10,,,,26.8,0.30,25.6,6460.0,light rain
2666,2026-10-07,BLR,6E 7737,6E,IndiGo,TIR,Tirumala - Tirupati,f,VT-IYG,ATR 72,1,2026-10-07 10:50:00,,2026-10-07 11:55:00,,,,no actual time,10,,,,26.8,0.30,25.6,6460.0,light rain
2667,2026-10-07,BOM,6E 1131,6E,IndiGo,MLE,Malé,t,VT-IRX,Airbus A320,2,2026-10-07 10:50:00,2026-10-07 11:19:00,2026-10-07 13:10:00,,29,,on time,10,,,,33.8,0.00,20.2,18220.0,dry and calm
2668,2026-10-07,BOM,AI 2444,AI,Air India,HYD,Hyderabad,f,VT-CID,Airbus A320 NEO,2,2026-10-07 10:50:00,2026-10-07 11:10:00,2026-10-07 12:25:00,2026-10-07 12:11:00,20,-14,on time,10,,,,33.8,0.00,20.2,18220.0,dry and calm
2669,2026-10-07,BOM,IX 1805,IX,Air India Express,JGA,Jamnagar,f,,Airbus A320 NEO,2,2026-10-07 10:50:00,2026-10-07 16:42:00,2026-10-07 12:25:00,,352,,late,10,,,,33.8,0.00,20.2,18220.0,dry and calm
2670,2026-10-07,HYD,6E 6471,6E,IndiGo,PNQ,Pune,f,VT-NOF,Airbus A321 NEO,,2026-10-07 10:50:00,2026-10-07 11:15:00,2026-10-07 11:55:00,2026-10-07 12:10:00,25,15,on time,10,,,,29.5,0.00,29.2,12800.0,dry and calm
2671,2026-10-07,BLR,IX 1385,IX,Air India Express,SXR,Srinagar,f,VT-TNN,Airbus A320 (Sharklets),2,2026-10-07 10:55:00,2026-10-07 11:10:00,2026-10-07 14:30:00,,15,,on time,10,,,,26.8,0.30,25.6,6460.0,light rain
2672,2026-10-07,BOM,AI 2789,AI,Air India,PAT,Patna,f,VT-TQM,Airbus A320 NEO,2,2026-10-07 10:55:00,2026-10-07 11:11:00,2026-10-07 13:25:00,,16,,on time,10,,,,33.8,0.00,20.2,18220.0,dry and calm
2673,2026-10-07,BLR,AI 2406,AI,Air India,DEL,New Delhi,f,VT-TNU,Airbus A321 (Sharklets),2,2026-10-07 11:00:00,,2026-10-07 13:40:00,,,,no actual time,11,,,,27.9,0.20,25.9,10720.0,light rain
2674,2026-10-07,BLR,QP 6511,QP,Akasa Air,LKO,Lucknow,f,VT-YBC,Boeing 737 MAX 8,1,2026-10-07 11:00:00,,2026-10-07 13:30:00,,,,no actual time,11,,,,27.9,0.20,25.9,10720.0,light rain
2675,2026-10-07,BOM,6E 5217,6E,IndiGo,BLR,Bangalore,f,VT-NCT,Airbus A320,1,2026-10-07 11:00:00,2026-10-07 11:26:00,2026-10-07 12:55:00,2026-10-07 12:39:00,26,-16,on time,11,6E 5051,BLR,,36.2,0.00,19.4,8120.0,dry and calm
2676,2026-10-07,BOM,SV 771,SV,Saudi Arabian,JED,Jeddah,t,HZ-AQL,Airbus A330-300,2,2026-10-07 11:00:00,2026-10-07 11:46:00,2026-10-07 13:20:00,,46,,late,11,,,,36.2,0.00,19.4,8120.0,dry and calm
2677,2026-10-07,HYD,6E 6911,6E,IndiGo,BBI,Bhubaneswar,f,VT-IIX,Airbus A320 NEO,,2026-10-07 11:00:00,2026-10-07 11:25:00,2026-10-07 12:40:00,,25,,on time,11,,,,30.5,0.00,29.2,16660.0,dry and calm
2678,2026-10-07,HYD,9I 893,9I,Alliance Air,MAA,Chennai,f,VT-RKJ,ATR 72,,2026-10-07 11:00:00,2026-10-07 11:23:00,2026-10-07 12:50:00,,23,,on time,11,,,,30.5,0.00,29.2,16660.0,dry and calm
2679,2026-10-07,BLR,6E 574,6E,IndiGo,SAG,Shirdi,f,VT-IME,Airbus A321 NEO,1,2026-10-07 11:05:00,2026-10-07 11:50:00,2026-10-07 12:45:00,,45,,late,11,,,,27.9,0.20,25.9,10720.0,light rain
2680,2026-10-07,BOM,ET 641,ET,Ethiopian,ADD,Addis Ababa,t,,Boeing 777-200LR,2,2026-10-07 11:05:00,,,,,,no actual time,11,,,,36.2,0.00,19.4,8120.0,dry and calm
2681,2026-10-07,HYD,6E 879,6E,IndiGo,VTZ,Visakhapatnam,f,VT-IVB,Airbus A320 NEO,,2026-10-07 11:05:00,2026-10-07 11:06:00,2026-10-07 12:20:00,2026-10-07 12:00:00,1,-20,on time,11,,,,30.5,0.00,29.2,16660.0,dry and calm
2682,2026-10-07,BLR,IX 5306,IX,Air India Express,TRZ,Tiruchirappally,f,VT-AXU,Boeing 737-800,2,2026-10-07 11:10:00,,2026-10-07 12:20:00,,,,no actual time,11,,,,27.9,0.20,25.9,10720.0,light rain
2683,2026-10-07,BOM,6E 1157,6E,IndiGo,KTM,Kathmandu,t,VT-IXK,Airbus A320 NEO,2,2026-10-07 11:10:00,2026-10-07 11:35:00,2026-10-07 14:10:00,,25,,on time,11,,,,36.2,0.00,19.4,8120.0,dry and calm
2684,2026-10-07,BOM,WY 202,WY,Oman Air,MCT,Muscat,t,,Boeing 737-900,2,2026-10-07 11:10:00,2026-10-07 11:22:00,2026-10-07 12:25:00,,12,,on time,11,,,,36.2,0.00,19.4,8120.0,dry and calm
2685,2026-10-07,HYD,6E 875,6E,IndiGo,CCJ,Calicut,f,VT-IIK,Airbus A320 NEO,,2026-10-07 11:10:00,2026-10-07 11:29:00,2026-10-07 12:30:00,,19,,on time,11,,,,30.5,0.00,29.2,16660.0,dry and calm
2686,2026-10-07,HYD,6E 886,6E,IndiGo,GOP,Gorakhpur,f,VT-NHJ,Airbus A321 NEO,,2026-10-07 11:10:00,2026-10-07 11:34:00,2026-10-07 13:15:00,,24,,on time,11,6E 312,BLR,-12,30.5,0.00,29.2,16660.0,dry and calm
2687,2026-10-07,BOM,AI 2491,AI,Air India,LKO,Lucknow,f,VT-TNW,Airbus A320 NEO,2,2026-10-07 11:15:00,2026-10-07 11:29:00,2026-10-07 13:35:00,,14,,on time,11,,,,36.2,0.00,19.4,8120.0,dry and calm
2688,2026-10-07,BOM,EY 201,EY,Etihad,AUH,Abu Dhabi,t,A6-LRH,Airbus A321 NEO,2,2026-10-07 11:15:00,2026-10-07 11:32:00,2026-10-07 12:55:00,,17,,on time,11,,,,36.2,0.00,19.4,8120.0,dry and calm
2689,2026-10-07,BLR,IX 2648,IX,Air India Express,IXZ,Port Blair,f,VT-BXA,Boeing 737 MAX 8,2,2026-10-07 11:20:00,2026-10-07 11:44:00,2026-10-07 14:00:00,,24,,on time,11,,,,27.9,0.20,25.9,10720.0,light rain
2690,2026-10-07,BLR,QP 1130,QP,Akasa Air,BOM,Mumbai,f,VT-YAE,Boeing 737,1,2026-10-07 11:20:00,,2026-10-07 13:10:00,,,,no actual time,11,QP 1129,BOM,,27.9,0.20,25.9,10720.0,light rain
2691,2026-10-07,BLR,QP 1880,QP,Akasa Air,GOP,Gorakhpur,f,VT-YAW,Boeing 737 MAX 8,1,2026-10-07 11:20:00,,2026-10-07 14:05:00,,,,no actual time,11,,,,27.9,0.20,25.9,10720.0,light rain
2692,2026-10-07,BOM,6E 261,6E,IndiGo,GOI,Vasco da Gama,f,VT-ICB,Airbus A320,2,2026-10-07 11:20:00,2026-10-07 11:37:00,2026-10-07 12:30:00,,17,,on time,11,,,,36.2,0.00,19.4,8120.0,dry and calm
2693,2026-10-07,BOM,AI 2841,AI,Air India,GOI,Vasco da Gama,f,VT-RIO,Airbus A321,2,2026-10-07 11:20:00,2026-10-07 11:30:00,2026-10-07 12:40:00,,10,,on time,11,AI 2846,BLR,,36.2,0.00,19.4,8120.0,dry and calm
2694,2026-10-07,BOM,IX 1023,IX,Air India Express,VNS,Varanasi,f,VT-BWR,Boeing 737,2,2026-10-07 11:20:00,2026-10-07 12:06:00,2026-10-07 13:55:00,,46,,late,11,,,,36.2,0.00,19.4,8120.0,dry and calm
2695,2026-10-07,HYD,6E 362,6E,IndiGo,GOI,Vasco da Gama,f,VT-IIA,Airbus A320 NEO,,2026-10-07 11:20:00,2026-10-07 11:41:00,2026-10-07 12:35:00,,21,,on time,11,,,,30.5,0.00,29.2,16660.0,dry and calm
2696,2026-10-07,HYD,6E 7563,6E,IndiGo,KLH,Kolkhapur,f,VT-IYJ,ATR 72,,2026-10-07 11:20:00,2026-10-07 11:37:00,2026-10-07 12:45:00,,17,,on time,11,,,,30.5,0.00,29.2,16660.0,dry and calm
2697,2026-10-07,BLR,SV 867,SV,Saudi Arabian,JED,Jeddah,t,HZ-AQE,Airbus A330-300,2,2026-10-07 11:25:00,2026-10-07 11:59:00,2026-10-07 14:35:00,,34,,late,11,,,,27.9,0.20,25.9,10720.0,light rain
2698,2026-10-07,BOM,AI 2952,AI,Air India,DEL,New Delhi,f,VT-JRH,Airbus A350-900,2,2026-10-07 11:25:00,2026-10-07 11:54:00,2026-10-07 13:37:00,,29,,on time,11,,,,36.2,0.00,19.4,8120.0,dry and calm
2699,2026-10-07,BOM,VS 355,VS,Virgin Atlantic,LHR,London,t,G-VBZZ,Boeing 787-9,2,2026-10-07 11:25:00,2026-10-07 12:01:00,2026-10-07 16:45:00,2026-10-07 16:44:00,36,-1,late,11,,,,36.2,0.00,19.4,8120.0,dry and calm
2700,2026-10-07,HYD,6E 7096,6E,IndiGo,CDP,Kuddapakh,f,VT-IYS,ATR 72,,2026-10-07 11:25:00,2026-10-07 11:43:00,2026-10-07 12:35:00,,18,,on time,11,,,,30.5,0.00,29.2,16660.0,dry and calm
2701,2026-10-07,HYD,SV 755,SV,Saudi Arabian,JED,Jeddah,t,HZ-AQB,Airbus A330-300,,2026-10-07 11:25:00,2026-10-07 12:56:00,2026-10-07 14:35:00,,91,,late,11,,,,30.5,0.00,29.2,16660.0,dry and calm
2702,2026-10-07,BLR,6E 5069,6E,IndiGo,BOM,Mumbai,f,VT-IWS,Airbus A321 NEO,1,2026-10-07 11:30:00,2026-10-07 12:12:00,2026-10-07 13:20:00,,42,,late,11,,,,27.9,0.20,25.9,10720.0,light rain
2703,2026-10-07,BLR,6E 6035,6E,IndiGo,KNU,Kanpur,f,VT-IIZ,Airbus A320 NEO,1,2026-10-07 11:30:00,,2026-10-07 13:55:00,,,,no actual time,11,,,,27.9,0.20,25.9,10720.0,light rain
2704,2026-10-07,BLR,6E 6537,6E,IndiGo,DGH,Deoghar,f,VT-IBT,Airbus A321 NEO,1,2026-10-07 11:30:00,,2026-10-07 14:00:00,,,,no actual time,11,,,,27.9,0.20,25.9,10720.0,light rain
2705,2026-10-07,BOM,6E 6827,6E,IndiGo,DEL,New Delhi,f,VT-NHB,Airbus A321 NEO,2,2026-10-07 11:30:00,2026-10-07 12:36:00,2026-10-07 14:18:00,,66,,late,11,,,,36.2,0.00,19.4,8120.0,dry and calm
2706,2026-10-07,BOM,6E 6937,6E,IndiGo,IXD,Allahabad,f,VT-IRZ,Airbus A320,2,2026-10-07 11:30:00,2026-10-07 11:40:00,2026-10-07 13:25:00,,10,,on time,11,,,,36.2,0.00,19.4,8120.0,dry and calm
2707,2026-10-07,BOM,IX 1176,IX,Air India Express,IXB,Siliguri,f,,Airbus A320,2,2026-10-07 11:30:00,2026-10-07 11:43:00,2026-10-07 14:20:00,,13,,on time,11,,,,36.2,0.00,19.4,8120.0,dry and calm
2708,2026-10-07,BLR,6E 6404,6E,IndiGo,HYD,Hyderabad,f,VT-ISW,Airbus A320 NEO,1,2026-10-07 11:35:00,2026-10-07 12:23:00,2026-10-07 12:50:00,2026-10-07 13:16:00,48,26,late,11,,,,27.9,0.20,25.9,10720.0,light rain
2709,2026-10-07,BLR,6E 7917,6E,IndiGo,SXV,Salem,f,VT-IYZ,ATR 72,1,2026-10-07 11:35:00,,2026-10-07 12:35:00,,,,no actual time,11,,,,27.9,0.20,25.9,10720.0,light rain
2710,2026-10-07,BLR,SQ 509,SQ,Singapore,SIN,Singapore,t,9V-MBS,Boeing 737 MAX 8,2,2026-10-07 11:35:00,2026-10-07 12:15:00,2026-10-07 19:00:00,2026-10-07 19:10:00,40,10,late,11,,,,27.9,0.20,25.9,10720.0,light rain
2711,2026-10-07,HYD,6E 6202,6E,IndiGo,DEL,New Delhi,f,VT-NHO,Airbus A321 NEO,,2026-10-07 11:35:00,2026-10-07 11:46:00,2026-10-07 13:37:00,,11,,on time,11,,,,30.5,0.00,29.2,16660.0,dry and calm
2712,2026-10-07,BLR,6E 6104,6E,IndiGo,PNQ,Pune,f,VT-IQA,Airbus A320 NEO,1,2026-10-07 11:40:00,2026-10-07 11:54:00,2026-10-07 13:10:00,2026-10-07 13:04:00,14,-6,on time,11,,,,27.9,0.20,25.9,10720.0,light rain
2713,2026-10-07,BLR,6E 6356,6E,IndiGo,IXZ,Port Blair,f,VT-NHN,Airbus A321 NEO,1,2026-10-07 11:40:00,2026-10-07 12:18:00,2026-10-07 14:15:00,,38,,late,11,,,,27.9,0.20,25.9,10720.0,light rain
2714,2026-10-07,BLR,6E 6535,6E,IndiGo,BBI,Bhubaneswar,f,VT-ICO,Airbus A321 NEO,1,2026-10-07 11:40:00,2026-10-07 11:57:00,2026-10-07 13:45:00,,17,,on time,11,,,,27.9,0.20,25.9,10720.0,light rain
2715,2026-10-07,BOM,6E 1,6E,IndiGo,LHR,London,t,LN-FNC,Boeing 787-9,2,2026-10-07 11:40:00,2026-10-07 12:12:00,2026-10-07 17:45:00,2026-10-07 17:33:00,32,-12,late,11,,,,36.2,0.00,19.4,8120.0,dry and calm
2716,2026-10-07,BOM,6E 6349,6E,IndiGo,MAA,Chennai,f,VT-NCG,Airbus A321 NEO,2,2026-10-07 11:40:00,2026-10-07 11:44:00,2026-10-07 13:45:00,,4,,on time,11,,,,36.2,0.00,19.4,8120.0,dry and calm
2717,2026-10-07,BOM,9I 635,9I,Alliance Air,PBD,Porbandar,f,,ATR 72,1,2026-10-07 11:40:00,2026-10-07 13:09:00,,,89,,late,11,,,,36.2,0.00,19.4,8120.0,dry and calm
2718,2026-10-07,BLR,IX 1405,IX,Air India Express,LKO,Lucknow,f,,,2,2026-10-07 11:45:00,,,,,,no actual time,11,,,,27.9,0.20,25.9,10720.0,light rain
2719,2026-10-07,BOM,6E 5178,6E,IndiGo,HYD,Hyderabad,f,VT-NCU,Airbus A321 NEO,1,2026-10-07 11:45:00,2026-10-07 12:04:00,2026-10-07 13:20:00,2026-10-07 13:06:00,19,-14,on time,11,6E 5174,HYD,,36.2,0.00,19.4,8120.0,dry and calm
2720,2026-10-07,BOM,SQ 421,SQ,Singapore,SIN,Singapore,t,9V-SCS,Boeing 787,2,2026-10-07 11:45:00,2026-10-07 12:19:00,2026-10-07 19:50:00,2026-10-07 19:48:00,34,-2,late,11,,,,36.2,0.00,19.4,8120.0,dry and calm
2721,2026-10-07,HYD,6E 7144,6E,IndiGo,PNY,Puduchcheri,f,VT-IYE,ATR 72,,2026-10-07 11:45:00,2026-10-07 11:54:00,2026-10-07 13:40:00,,9,,on time,11,,,,30.5,0.00,29.2,16660.0,dry and calm
2722,2026-10-07,BOM,IX 1803,IX,Air India Express,JDH,Jodhpur,f,VT-BWF,Boeing 737 MAX 8,2,2026-10-07 11:50:00,2026-10-07 12:44:00,2026-10-07 13:40:00,,54,,late,11,,,,36.2,0.00,19.4,8120.0,dry and calm
2723,2026-10-07,HYD,6E 905,6E,IndiGo,GOX,Mopa,f,VT-IMM,Airbus A321 NEO,,2026-10-07 11:50:00,2026-10-07 12:10:00,2026-10-07 13:05:00,,20,,on time,11,,,,30.5,0.00,29.2,16660.0,dry and calm
2724,2026-10-07,HYD,6E 913,6E,IndiGo,JAI,Jaipur,f,VT-IWN,Airbus A321 NEO,,2026-10-07 11:50:00,2026-10-07 11:58:00,2026-10-07 13:45:00,,8,,on time,11,,,,30.5,0.00,29.2,16660.0,dry and calm
2725,2026-10-07,BLR,6E 6586,6E,IndiGo,JLR,Jabalpur,f,VT-IOM,Airbus A320 NEO,1,2026-10-07 11:55:00,2026-10-07 12:22:00,2026-10-07 14:00:00,,27,,on time,11,6E 6066,HYD,5,27.9,0.20,25.9,10720.0,light rain
2726,2026-10-07,HYD,6E 1117,6E,IndiGo,DAC,Dhaka,t,VT-ICS,Airbus A321 NEO,,2026-10-07 11:55:00,2026-10-07 12:02:00,2026-10-07 14:55:00,2026-10-07 14:26:00,7,-29,on time,11,,,,30.5,0.00,29.2,16660.0,dry and calm
2727,2026-10-07,HYD,6E 376,6E,IndiGo,CCU,Kolkata,f,VT-IBD,Airbus A321 NEO,,2026-10-07 11:55:00,2026-10-07 12:22:00,2026-10-07 14:10:00,2026-10-07 14:02:00,27,-8,on time,11,,,,30.5,0.00,29.2,16660.0,dry and calm
2728,2026-10-07,BLR,6E 809,6E,IndiGo,DEL,New Delhi,f,VT-NCS,Airbus A321 NEO,1,2026-10-07 12:00:00,2026-10-07 12:19:00,2026-10-07 14:39:00,,19,,on time,12,,,,28.6,0.00,24.1,14340.0,dry and calm
2729,2026-10-07,BLR,IX 1537,IX,Air India Express,CCU,Kolkata,f,VT-BWT,Boeing 737 MAX 8,2,2026-10-07 12:00:00,,2026-10-07 14:40:00,2026-10-07 14:35:00,,-5,no actual time,12,,,,28.6,0.00,24.1,14340.0,dry and calm
2730,2026-10-07,BOM,AI 2632,AI,Air India,BLR,Bangalore,f,VT-TQB,Airbus A320 NEO,2,2026-10-07 12:00:00,2026-10-07 12:33:00,2026-10-07 14:05:00,2026-10-07 14:00:00,33,-5,late,12,,,,36.0,0.00,21.2,11700.0,dry and calm
2731,2026-10-07,BOM,IX 1027,IX,Air India Express,IXE,Mangalore,f,VT-BWE,Boeing 737,2,2026-10-07 12:00:00,2026-10-07 12:27:00,2026-10-07 13:35:00,,27,,on time,12,,,,36.0,0.00,21.2,11700.0,dry and calm
2732,2026-10-07,BLR,AI 2630,AI,Air India,BOM,Mumbai,f,VT-EXJ,Airbus A321 (Sharklets),2,2026-10-07 12:05:00,2026-10-07 12:28:00,2026-10-07 14:05:00,,23,,on time,12,AI 2851,BOM,-28,28.6,0.00,24.1,14340.0,dry and calm
2733,2026-10-07,BOM,6E 2284,6E,IndiGo,HSR,Rajkot,f,,Airbus A320,2,2026-10-07 12:05:00,2026-10-07 12:08:00,2026-10-07 13:15:00,,3,,on time,12,,,,36.0,0.00,21.2,11700.0,dry and calm
2734,2026-10-07,HYD,6E 6574,6E,IndiGo,VGA,Vidzhayavada,f,VT-ISU,Airbus A320 NEO,,2026-10-07 12:05:00,2026-10-07 13:00:00,2026-10-07 13:05:00,,55,,late,12,,,,31.0,0.00,30.2,9160.0,dry and calm
2735,2026-10-07,BLR,QP 1154,QP,Akasa Air,BOM,Mumbai,f,VT-YAB,Boeing 737 MAX 8,1,2026-10-07 12:10:00,,2026-10-07 13:55:00,,,,no actual time,12,QP 1153,BOM,,28.6,0.00,24.1,14340.0,dry and calm
2736,2026-10-07,BOM,AI 2027,AI,Air India,FRA,Frankfurt-am-Main,t,VT-ANZ,Boeing 787-8,2,2026-10-07 12:10:00,2026-10-07 12:58:00,2026-10-07 17:55:00,2026-10-07 17:44:00,48,-11,late,12,,,,36.0,0.00,21.2,11700.0,dry and calm
2737,2026-10-07,BOM,AI 431,AI,Air India,DED,Dehradun,f,VT-TQU,Airbus A320 NEO,2,2026-10-07 12:10:00,2026-10-07 12:35:00,2026-10-07 14:20:00,,25,,on time,12,,,,36.0,0.00,21.2,11700.0,dry and calm
2738,2026-10-07,HYD,6E 537,6E,IndiGo,DBR,Darbhanga,f,VT-IXN,Airbus A320 NEO,,2026-10-07 12:10:00,2026-10-07 12:29:00,2026-10-07 14:20:00,,19,,on time,12,6E 537,BLR,-7,31.0,0.00,30.2,9160.0,dry and calm
2739,2026-10-07,BOM,6E 2247,6E,IndiGo,JDH,Jodhpur,f,VT-IMX,Airbus A320,2,2026-10-07 12:15:00,2026-10-07 12:30:00,2026-10-07 13:50:00,,15,,on time,12,,,,36.0,0.00,21.2,11700.0,dry and calm
2740,2026-10-07,BOM,6E 6028,6E,IndiGo,DEL,New Delhi,f,VT-NHB,Airbus A321 NEO,2,2026-10-07 12:15:00,2026-10-07 12:40:00,2026-10-07 14:24:00,,25,,on time,12,,,,36.0,0.00,21.2,11700.0,dry and calm
2741,2026-10-07,HYD,6E 6409,6E,IndiGo,SXR,Srinagar,f,VT-IOQ,Airbus A320 NEO,,2026-10-07 12:15:00,2026-10-07 12:34:00,2026-10-07 15:05:00,,19,,on time,12,,,,31.0,0.00,30.2,9160.0,dry and calm
2742,2026-10-07,BLR,6E 6336,6E,IndiGo,VTZ,Visakhapatnam,f,VT-IIR,Airbus A320 NEO,1,2026-10-07 12:25:00,2026-10-07 12:52:00,2026-10-07 14:10:00,2026-10-07 14:13:00,27,3,on time,12,,,,28.6,0.00,24.1,14340.0,dry and calm
2743,2026-10-07,BOM,6E 21,6E,IndiGo,AMS,Amsterdam,t,LN-FND,Boeing 787-9,2,2026-10-07 12:25:00,2026-10-07 13:12:00,2026-10-07 18:35:00,2026-10-07 19:06:00,47,31,late,12,,,,36.0,0.00,21.2,11700.0,dry and calm
2744,2026-10-07,HYD,6E 7121,6E,IndiGo,BHO,Bhopal,f,VT-IRD,ATR 72,,2026-10-07 12:25:00,2026-10-07 12:37:00,2026-10-07 14:50:00,,12,,on time,12,,,,31.0,0.00,30.2,9160.0,dry and calm
2745,2026-10-07,BLR,AI 2652,AI,Air India,DEL,New Delhi,f,,,2,2026-10-07 12:30:00,,,,,,no actual time,12,,,,28.6,0.00,24.1,14340.0,dry and calm
2746,2026-10-07,BLR,IX 2819,IX,Air India Express,HYD,Hyderabad,f,VT-BXN,Boeing 737 MAX 8,2,2026-10-07 12:30:00,,2026-10-07 13:45:00,,,,no actual time,12,IX 2934,HYD,16,28.6,0.00,24.1,14340.0,dry and calm
2747,2026-10-07,BOM,6E 5184,6E,IndiGo,BLR,Bangalore,f,VT-NOH,Airbus A321 NEO,1,2026-10-07 12:30:00,2026-10-07 12:49:00,2026-10-07 14:25:00,2026-10-07 14:07:00,19,-18,on time,12,,,,36.0,0.00,21.2,11700.0,dry and calm
2748,2026-10-07,BOM,6E 6122,6E,IndiGo,RPR,Raipur,f,VT-IMS,Airbus A320,2,2026-10-07 12:30:00,2026-10-07 12:53:00,2026-10-07 14:15:00,,23,,on time,12,,,,36.0,0.00,21.2,11700.0,dry and calm
2749,2026-10-07,BOM,IX 1238,IX,Air India Express,GOI,Vasco da Gama,f,VT-BWA,Boeing 737,2,2026-10-07 12:30:00,2026-10-07 13:02:00,2026-10-07 13:45:00,,32,,late,12,,,,36.0,0.00,21.2,11700.0,dry and calm
2750,2026-10-07,BLR,6E 6653,6E,IndiGo,GOI,Vasco da Gama,f,VT-ICL,Airbus A321 NEO,1,2026-10-07 12:35:00,2026-10-07 12:58:00,2026-10-07 13:50:00,,23,,on time,12,,,,28.6,0.00,24.1,14340.0,dry and calm
2751,2026-10-07,BLR,6E 6712,6E,IndiGo,DED,Dehradun,f,VT-IQD,Airbus A320 NEO,1,2026-10-07 12:35:00,2026-10-07 13:10:00,2026-10-07 15:30:00,,35,,late,12,,,,28.6,0.00,24.1,14340.0,dry and calm
2752,2026-10-07,BOM,6E 673,6E,IndiGo,COK,Kochi,f,VT-ICW,Airbus A320,2,2026-10-07 12:35:00,2026-10-07 12:55:00,2026-10-07 14:25:00,,20,,on time,12,,,,36.0,0.00,21.2,11700.0,dry and calm
2753,2026-10-07,HYD,6E 6294,6E,IndiGo,VNS,Varanasi,f,VT-IBK,Airbus A321 NEO,,2026-10-07 12:35:00,2026-10-07 13:01:00,2026-10-07 14:30:00,,26,,on time,12,,,,31.0,0.00,30.2,9160.0,dry and calm
2754,2026-10-07,BLR,6E 941,6E,IndiGo,AGR,Agra,f,VT-ITO,Airbus A320 (Sharklets),1,2026-10-07 12:40:00,2026-10-07 12:49:00,2026-10-07 15:10:00,,9,,on time,12,,,,28.6,0.00,24.1,14340.0,dry and calm
2755,2026-10-07,BLR,IX 2942,IX,Air India Express,MAA,Chennai,f,,,2,2026-10-07 12:40:00,,,,,,no actual time,12,,,,28.6,0.00,24.1,14340.0,dry and calm
2756,2026-10-07,BOM,6E 214,6E,IndiGo,SXR,Srinagar,f,,Airbus A320 NEO,2,2026-10-07 12:40:00,2026-10-07 13:19:00,2026-10-07 15:20:00,,39,,late,12,,,,36.0,0.00,21.2,11700.0,dry and calm
2757,2026-10-07,HYD,6E 6296,6E,IndiGo,TIR,Tirumala - Tirupati,f,VT-IIY,Airbus A320 NEO,,2026-10-07 12:40:00,2026-10-07 12:49:00,2026-10-07 13:50:00,,9,,on time,12,,,,31.0,0.00,30.2,9160.0,dry and calm
2758,2026-10-07,BLR,6E 6208,6E,IndiGo,MAA,Chennai,f,VT-ILG,Airbus A321 NEO,1,2026-10-07 12:45:00,2026-10-07 13:29:00,2026-10-07 13:55:00,,44,,late,12,,,,28.6,0.00,24.1,14340.0,dry and calm
2759,2026-10-07,BLR,IX 1971,IX,Air India Express,PNQ,Pune,f,VT-RTF,Airbus A320 NEO,2,2026-10-07 12:45:00,2026-10-07 13:02:00,2026-10-07 14:20:00,2026-10-07 14:18:00,17,-2,on time,12,,,,28.6,0.00,24.1,14340.0,dry and calm
2760,2026-10-07,BOM,6E 5239,6E,IndiGo,CCU,Kolkata,f,VT-NHX,Airbus A320,1,2026-10-07 12:45:00,2026-10-07 13:16:00,2026-10-07 15:30:00,2026-10-07 15:31:00,31,1,late,12,6E 5237,BLR,,36.0,0.00,21.2,11700.0,dry and calm
2761,2026-10-07,BOM,AI 2780,AI,Air India,MAA,Chennai,f,,Airbus A320 NEO,2,2026-10-07 12:45:00,2026-10-07 14:38:00,2026-10-07 16:10:00,,113,,late,12,,,,36.0,0.00,21.2,11700.0,dry and calm
2762,2026-10-07,HYD,AI 2559,AI,Air India,DEL,New Delhi,f,VT-RTV,Airbus A320 NEO,,2026-10-07 12:45:00,2026-10-07 13:05:00,2026-10-07 14:57:00,,20,,on time,12,,,,31.0,0.00,30.2,9160.0,dry and calm
2763,2026-10-07,BLR,6E 1127,6E,IndiGo,MLE,Malé,t,VT-IML,Airbus A321 NEO,2,2026-10-07 12:50:00,2026-10-07 13:06:00,2026-10-07 14:15:00,,16,,on time,12,,,,28.6,0.00,24.1,14340.0,dry and calm
2764,2026-10-07,BLR,IX 1410,IX,Air India Express,LKO,Lucknow,f,,,2,2026-10-07 12:50:00,,,,,,no actual time,12,,,,28.6,0.00,24.1,14340.0,dry and calm
2765,2026-10-07,BLR,IX 2084,IX,Air India Express,IXR,Ranchi,f,,,2,2026-10-07 12:50:00,,,,,,no actual time,12,,,,28.6,0.00,24.1,14340.0,dry and calm
2766,2026-10-07,BOM,BA 198,BA,British,LHR,London,t,G-ZBKB,Boeing 787-9,2,2026-10-07 12:50:00,2026-10-07 13:21:00,2026-10-07 18:15:00,2026-10-07 18:11:00,31,-4,late,12,,,,36.0,0.00,21.2,11700.0,dry and calm
2767,2026-10-07,HYD,6E 311,6E,IndiGo,PNQ,Pune,f,VT-IQU,Airbus A320 NEO,,2026-10-07 12:50:00,2026-10-07 12:53:00,2026-10-07 14:10:00,2026-10-07 13:55:00,3,-15,on time,12,,,,31.0,0.00,30.2,9160.0,dry and calm
2768,2026-10-07,BLR,6E 465,6E,IndiGo,STV,Surat Gujarat,f,VT-IOX,Airbus A320,1,2026-10-07 12:55:00,2026-10-07 13:04:00,2026-10-07 14:50:00,,9,,on time,12,,,,28.6,0.00,24.1,14340.0,dry and calm
2769,2026-10-07,BLR,6E 703,6E,IndiGo,COK,Kochi,f,VT-IPF,Airbus A320 NEO,1,2026-10-07 12:55:00,2026-10-07 13:00:00,2026-10-07 14:00:00,,5,,on time,12,,,,28.6,0.00,24.1,14340.0,dry and calm
2770,2026-10-07,BOM,QP 1123,QP,Akasa Air,IXD,Allahabad,f,,Boeing 737,2,2026-10-07 12:55:00,2026-10-07 13:28:00,2026-10-07 15:15:00,,33,,late,12,,,,36.0,0.00,21.2,11700.0,dry and calm
2771,2026-10-07,BOM,SG 5113,SG,SpiceJet,DXB,Dubai,t,,Boeing 737-800,2,2026-10-07 12:55:00,2026-10-08 05:12:00,2026-10-07 14:40:00,2026-10-08 06:21:00,977,941,late,12,,,,36.0,0.00,21.2,11700.0,dry and calm
2772,2026-10-07,HYD,6E 5384,6E,IndiGo,BOM,Mumbai,f,VT-NOT,Airbus A321 NEO,,2026-10-07 12:55:00,2026-10-07 13:09:00,2026-10-07 14:25:00,,14,,on time,12,6E 5318,BOM,-2,31.0,0.00,30.2,9160.0,dry and calm
2773,2026-10-07,HYD,6E 6974,6E,IndiGo,GOX,Mopa,f,VT-ILE,Airbus A321 NEO,,2026-10-07 12:55:00,2026-10-07 13:31:00,2026-10-07 14:05:00,,36,,late,12,,,,31.0,0.00,30.2,9160.0,dry and calm
2774,2026-10-07,BLR,6E 5218,6E,IndiGo,BOM,Mumbai,f,VT-NCQ,Airbus A321 NEO,1,2026-10-07 13:00:00,2026-10-07 13:08:00,2026-10-07 14:50:00,,8,,on time,13,6E 5092,BOM,-34,29.2,0.00,23.8,16140.0,dry and calm
2775,2026-10-07,BOM,6E 615,6E,IndiGo,DEL,New Delhi,f,VT-NOP,Airbus A321 NEO,2,2026-10-07 13:00:00,2026-10-07 13:59:00,2026-10-07 15:45:00,,59,,late,13,,,,35.6,0.30,23.8,4440.0,light rain
2776,2026-10-07,BOM,AI 2677,AI,Air India,DEL,New Delhi,f,,Airbus A320 NEO,2,2026-10-07 13:00:00,2026-10-07 13:14:00,2026-10-07 15:09:00,,14,,on time,13,,,,35.6,0.30,23.8,4440.0,light rain
2777,2026-10-07,BOM,QP 1127,QP,Akasa Air,DEL,New Delhi,f,,Boeing 737,2,2026-10-07 13:00:00,2026-10-07 13:16:00,2026-10-07 15:07:00,,16,,on time,13,,,,35.6,0.30,23.8,4440.0,light rain
2778,2026-10-07,HYD,6E 6031,6E,IndiGo,DEL,New Delhi,f,VT-NCY,Airbus A320,,2026-10-07 13:00:00,2026-10-07 13:21:00,2026-10-07 15:12:00,,21,,on time,13,,,,30.9,0.10,30.2,8580.0,light rain
2779,2026-10-07,BLR,IX 1386,IX,Air India Express,GOI,Vasco da Gama,f,VT-BXR,Boeing 737,2,2026-10-07 13:05:00,2026-10-07 13:23:00,2026-10-07 14:15:00,,18,,on time,13,IX 2019,HYD,,29.2,0.00,23.8,16140.0,dry and calm
2780,2026-10-07,BOM,6E 1059,6E,IndiGo,BKK,Bangkok,t,VT-NCM,Airbus A320,2,2026-10-07 13:05:00,2026-10-07 13:15:00,2026-10-07 19:15:00,2026-10-07 18:42:00,10,-33,on time,13,,,,35.6,0.30,23.8,4440.0,light rain
2781,2026-10-07,BOM,AI 2477,AI,Air India,GOI,Vasco da Gama,f,VT-TQO,Airbus A319,2,2026-10-07 13:05:00,2026-10-07 13:24:00,2026-10-07 14:20:00,,19,,on time,13,,,,35.6,0.30,23.8,4440.0,light rain
2782,2026-10-07,BLR,6E 6542,6E,IndiGo,CJB,Coimbatore,f,VT-ICN,Airbus A321 NEO,1,2026-10-07 13:10:00,2026-10-07 13:27:00,2026-10-07 14:10:00,,17,,on time,13,,,,29.2,0.00,23.8,16140.0,dry and calm
2783,2026-10-07,BLR,6E 869,6E,IndiGo,DEL,New Delhi,f,VT-IWV,Airbus A321 NEO,1,2026-10-07 13:10:00,,2026-10-07 15:49:00,,,,no actual time,13,,,,29.2,0.00,23.8,16140.0,dry and calm
2784,2026-10-07,BOM,IX 1787,IX,Air India Express,BHO,Bhopal,f,,Boeing 737,2,2026-10-07 13:10:00,2026-10-07 13:35:00,2026-10-07 14:50:00,,25,,on time,13,,,,35.6,0.30,23.8,4440.0,light rain
2785,2026-10-07,HYD,6E 409,6E,IndiGo,VTZ,Visakhapatnam,f,VT-ILS,Airbus A321 NEO,,2026-10-07 13:10:00,2026-10-07 13:18:00,2026-10-07 14:25:00,2026-10-07 14:17:00,8,-8,on time,13,,,,30.9,0.10,30.2,8580.0,light rain
2786,2026-10-07,BLR,6E 6507,6E,IndiGo,HSR,Rajkot,f,VT-IPC,Airbus A320 NEO,1,2026-10-07 13:15:00,2026-10-07 13:21:00,2026-10-07 15:20:00,,6,,on time,13,,,,29.2,0.00,23.8,16140.0,dry and calm
2787,2026-10-07,BOM,MH 175,MH,Malaysia,KUL,Kuala Lumpur,t,9M-MXW,Boeing 737-800,2,2026-10-07 13:15:00,2026-10-07 13:54:00,2026-10-07 21:15:00,,39,,late,13,,,,35.6,0.30,23.8,4440.0,light rain
2788,2026-10-07,BOM,QP 1427,QP,Akasa Air,VNS,Varanasi,f,,Boeing 737,2,2026-10-07 13:20:00,2026-10-07 13:38:00,2026-10-07 15:50:00,,18,,on time,13,,,,35.6,0.30,23.8,4440.0,light rain
2789,2026-10-07,BOM,QP 1105,QP,Akasa Air,GOX,Mopa,f,,Boeing 737,2,2026-10-07 13:25:00,2026-10-07 13:51:00,2026-10-07 14:50:00,,26,,on time,13,,,,35.6,0.30,23.8,4440.0,light rain
2790,2026-10-07,HYD,6E 108,6E,IndiGo,IXC,Chandigarh,f,VT-IBW,Airbus A321 NEO,,2026-10-07 13:25:00,2026-10-07 13:35:00,2026-10-07 15:50:00,,10,,on time,13,,,,30.9,0.10,30.2,8580.0,light rain
2791,2026-10-07,HYD,6E 149,6E,IndiGo,IXB,Siliguri,f,VT-ISW,Airbus A320 NEO,,2026-10-07 13:25:00,,2026-10-07 15:45:00,,,,no actual time,13,6E 6404,BLR,26,30.9,0.10,30.2,8580.0,light rain
2792,2026-10-07,BLR,IX 1407,IX,Air India Express,IXB,Siliguri,f,VT-BWP,Boeing 737 MAX 8,2,2026-10-07 13:30:00,,2026-10-07 16:30:00,,,,no actual time,13,,,,29.2,0.00,23.8,16140.0,dry and calm
2793,2026-10-07,BOM,6E 5276,6E,IndiGo,GWL,Gwalior,f,VT-IXP,Airbus A320 NEO,1,2026-10-07 13:30:00,2026-10-07 13:46:00,2026-10-07 15:40:00,,16,,on time,13,,,,35.6,0.30,23.8,4440.0,light rain
2794,2026-10-07,BOM,AI 2337,AI,Air India,BKK,Bangkok,t,VT-EXF,Airbus A320 NEO,2,2026-10-07 13:30:00,2026-10-07 13:40:00,2026-10-07 19:20:00,2026-10-07 19:09:00,10,-11,on time,13,,,,35.6,0.30,23.8,4440.0,light rain
2795,2026-10-07,HYD,AI 2541,AI,Air India,DEL,New Delhi,f,VT-TQI,Airbus A320 NEO,,2026-10-07 13:30:00,2026-10-07 13:45:00,2026-10-07 15:35:00,,15,,on time,13,,,,30.9,0.10,30.2,8580.0,light rain
2796,2026-10-07,BOM,6E 2011,6E,IndiGo,CNN,Kannur,f,VT-IWR,Airbus A321 NEO,2,2026-10-07 13:35:00,2026-10-07 13:44:00,2026-10-07 15:15:00,,9,,on time,13,,,,35.6,0.30,23.8,4440.0,light rain
2797,2026-10-07,BOM,QP 1141,QP,Akasa Air,GAU,Guwahati,f,,Boeing 737,2,2026-10-07 13:35:00,2026-10-07 14:07:00,2026-10-07 16:50:00,,32,,late,13,,,,35.6,0.30,23.8,4440.0,light rain
2798,2026-10-07,BLR,6E 172,6E,IndiGo,CCU,Kolkata,f,VT-ICG,Airbus A321 NEO,1,2026-10-07 13:40:00,2026-10-07 13:54:00,2026-10-07 16:20:00,2026-10-07 15:55:00,14,-25,on time,13,,,,29.2,0.00,23.8,16140.0,dry and calm
2799,2026-10-07,BOM,IX 1810,IX,Air India Express,COK,Kochi,f,VT-BWX,Boeing 737,2,2026-10-07 13:40:00,2026-10-07 14:35:00,2026-10-07 15:40:00,,55,,late,13,,,,35.6,0.30,23.8,4440.0,light rain
2800,2026-10-07,HYD,6E 522,6E,IndiGo,PNQ,Pune,f,VT-IAO,Airbus A320 (Sharklets),,2026-10-07 13:40:00,2026-10-07 13:56:00,2026-10-07 15:10:00,2026-10-07 14:51:00,16,-19,on time,13,,,,30.9,0.10,30.2,8580.0,light rain
2801,2026-10-07,HYD,6E 93,6E,IndiGo,RUH,Riyadh,t,VT-NOM,Airbus A321 NEO,,2026-10-07 13:40:00,2026-10-07 14:00:00,2026-10-07 16:10:00,,20,,on time,13,,,,30.9,0.10,30.2,8580.0,light rain
2802,2026-10-07,BOM,6E 5337,6E,IndiGo,MAA,Chennai,f,VT-NHG,Airbus A320,1,2026-10-07 13:45:00,2026-10-07 13:56:00,2026-10-07 15:50:00,,11,,on time,13,,,,35.6,0.30,23.8,4440.0,light rain
2803,2026-10-07,BLR,QP 1821,QP,Akasa Air,DEL,New Delhi,f,VT-YAV,Boeing 737 MAX 8,1,2026-10-07 13:50:00,,2026-10-07 16:18:00,,,,no actual time,13,,,,29.2,0.00,23.8,16140.0,dry and calm
2804,2026-10-07,BOM,AI 2503,AI,Air India,AMD,Ahmedabad,f,,Airbus A321,2,2026-10-07 13:50:00,2026-10-07 14:12:00,2026-10-07 15:10:00,,22,,on time,13,,,,35.6,0.30,23.8,4440.0,light rain
2805,2026-10-07,BOM,AI 2753,AI,Air India,BHJ,Bhuj,f,,Airbus A320 NEO,2,2026-10-07 13:50:00,2026-10-07 14:14:00,2026-10-07 15:15:00,,24,,on time,13,,,,35.6,0.30,23.8,4440.0,light rain
2806,2026-10-07,HYD,6E 6062,6E,IndiGo,SAG,Shirdi,f,VT-IPO,Airbus A320 NEO,,2026-10-07 13:50:00,,2026-10-07 15:10:00,,,,no actual time,13,,,,30.9,0.10,30.2,8580.0,light rain
2807,2026-10-07,BLR,6E 196,6E,IndiGo,LKO,Lucknow,f,VT-IQX,Airbus A320 NEO,1,2026-10-07 13:55:00,2026-10-07 14:13:00,2026-10-07 16:25:00,2026-10-07 16:19:00,18,-6,on time,13,,,,29.2,0.00,23.8,16140.0,dry and calm
2808,2026-10-07,BLR,6E 6595,6E,IndiGo,AMD,Ahmedabad,f,VT-IXF,Airbus A320 NEO,1,2026-10-07 13:55:00,2026-10-07 14:10:00,2026-10-07 16:00:00,,15,,on time,13,,,,29.2,0.00,23.8,16140.0,dry and calm
2809,2026-10-07,BLR,6E 840,6E,IndiGo,DEL,New Delhi,f,VT-NCT,Airbus A321 NEO,1,2026-10-07 13:55:00,2026-10-07 14:28:00,2026-10-07 16:44:00,,33,,late,13,6E 5217,BOM,-16,29.2,0.00,23.8,16140.0,dry and calm
2810,2026-10-07,BOM,6E 230,6E,IndiGo,GOI,Vasco da Gama,f,VT-IRY,Airbus A321 NEO,2,2026-10-07 13:55:00,2026-10-07 14:10:00,2026-10-07 15:10:00,,15,,on time,13,,,,35.6,0.30,23.8,4440.0,light rain
2811,2026-10-07,HYD,6E 6682,6E,IndiGo,COK,Kochi,f,VT-IST,Airbus A320 NEO,,2026-10-07 13:55:00,,2026-10-07 15:35:00,,,,no actual time,13,,,,30.9,0.10,30.2,8580.0,light rain
2812,2026-10-07,BLR,AI 2486,AI,Air India,DEL,New Delhi,f,VT-CIQ,Airbus A320,2,2026-10-07 14:00:00,2026-10-07 14:31:00,2026-10-07 16:49:00,,31,,late,14,,,,29.2,0.00,24.5,25340.0,dry and calm
2813,2026-10-07,BOM,6E 6704,6E,IndiGo,DEL,New Delhi,f,VT-NCP,Airbus A320,2,2026-10-07 14:00:00,2026-10-07 14:27:00,2026-10-07 16:12:00,,27,,on time,14,,,,34.7,0.50,26.3,6260.0,light rain
2814,2026-10-07,BOM,AI 131,AI,Air India,LHR,London,t,VT-AWB,Boeing 787-9,2,2026-10-07 14:00:00,2026-10-07 14:21:00,2026-10-07 19:30:00,2026-10-07 19:03:00,21,-27,on time,14,,,,34.7,0.50,26.3,6260.0,light rain
2815,2026-10-07,HYD,6E 6907,6E,IndiGo,CCU,Kolkata,f,VT-IMH,Airbus A321 NEO,,2026-10-07 14:00:00,2026-10-07 14:30:00,2026-10-07 16:20:00,2026-10-07 16:10:00,30,-10,late,14,,,,30.4,0.10,29.9,9400.0,light rain
2816,2026-10-07,HYD,6E 7126,6E,IndiGo,MYQ,Mysore,f,VT-IYU,ATR 72,,2026-10-07 14:00:00,,2026-10-07 15:55:00,,,,no actual time,14,,,,30.4,0.10,29.9,9400.0,light rain
2817,2026-10-07,BLR,6E 1037,6E,IndiGo,KUL,Kuala Lumpur,t,VT-IMB,Airbus A321 NEO,2,2026-10-07 14:05:00,2026-10-07 14:33:00,2026-10-07 21:00:00,,28,,on time,14,,,,29.2,0.00,24.5,25340.0,dry and calm
2818,2026-10-07,BOM,AI 2773,AI,Air India,CCU,Kolkata,f,VT-TNR,Airbus A321 (Sharklets),2,2026-10-07 14:05:00,2026-10-07 14:25:00,2026-10-07 16:55:00,2026-10-07 16:50:00,20,-5,on time,14,AI 2852,BLR,,34.7,0.50,26.3,6260.0,light rain
2819,2026-10-07,HYD,6E 6263,6E,IndiGo,RPR,Raipur,f,VT-NHW,Airbus A321 NEO,,2026-10-07 14:05:00,2026-10-07 14:43:00,2026-10-07 15:25:00,,38,,late,14,,,,30.4,0.10,29.9,9400.0,light rain
2820,2026-10-07,BOM,6E 2280,6E,IndiGo,GOP,Gorakhpur,f,,Airbus A320,2,2026-10-07 14:10:00,2026-10-07 14:46:00,2026-10-07 16:35:00,,36,,late,14,,,,34.7,0.50,26.3,6260.0,light rain
2821,2026-10-07,HYD,6E 514,6E,IndiGo,MAA,Chennai,f,VT-IBO,Airbus A321 NEO,,2026-10-07 14:10:00,2026-10-07 14:26:00,2026-10-07 15:30:00,,16,,on time,14,,,,30.4,0.10,29.9,9400.0,light rain
2822,2026-10-07,BLR,6E 5306,6E,IndiGo,IXE,Mangalore,f,VT-ILF,Airbus A321 NEO,1,2026-10-07 14:15:00,2026-10-07 14:39:00,2026-10-07 15:20:00,,24,,on time,14,,,,29.2,0.00,24.5,25340.0,dry and calm
2823,2026-10-07,BOM,6E 6393,6E,IndiGo,IXC,Chandigarh,f,VT-IBI,Airbus A320,2,2026-10-07 14:15:00,2026-10-07 14:52:00,2026-10-07 16:35:00,,37,,late,14,,,,34.7,0.50,26.3,6260.0,light rain
2824,2026-10-07,HYD,6E 297,6E,IndiGo,JDH,Jodhpur,f,VT-IQF,Airbus A320 NEO,,2026-10-07 14:15:00,2026-10-07 14:41:00,2026-10-07 16:10:00,,26,,on time,14,,,,30.4,0.10,29.9,9400.0,light rain
2825,2026-10-07,HYD,6E 5099,6E,IndiGo,BOM,Mumbai,f,VT-NCU,Airbus A321 NEO,,2026-10-07 14:15:00,2026-10-07 14:25:00,2026-10-07 15:55:00,,10,,on time,14,6E 5178,BOM,-14,30.4,0.10,29.9,9400.0,light rain
2826,2026-10-07,BLR,6E 5351,6E,IndiGo,BOM,Mumbai,f,VT-NOU,Airbus A321 NEO,1,2026-10-07 14:20:00,2026-10-07 14:41:00,2026-10-07 16:05:00,,21,,on time,14,,,,29.2,0.00,24.5,25340.0,dry and calm
2827,2026-10-07,BLR,AI 133,AI,Air India,LHR,London,t,VT-ANL,Boeing 787-8,2,2026-10-07 14:20:00,2026-10-07 14:46:00,2026-10-07 20:20:00,2026-10-07 20:20:00,26,0,on time,14,,,,29.2,0.00,24.5,25340.0,dry and calm
2828,2026-10-07,HYD,6E 504,6E,IndiGo,VTZ,Visakhapatnam,f,VT-ICZ,Airbus A321 NEO,,2026-10-07 14:20:00,2026-10-07 14:49:00,2026-10-07 15:45:00,2026-10-07 15:47:00,29,2,on time,14,,,,30.4,0.10,29.9,9400.0,light rain
2829,2026-10-07,HYD,6E 6915,6E,IndiGo,IDR,Indore,f,VT-NHR,Airbus A321 NEO,,2026-10-07 14:20:00,2026-10-07 14:36:00,2026-10-07 15:45:00,,16,,on time,14,,,,30.4,0.10,29.9,9400.0,light rain
2830,2026-10-07,BLR,6E 602,6E,IndiGo,COK,Kochi,f,VT-ILL,Airbus A321 NEO,1,2026-10-07 14:25:00,2026-10-07 14:44:00,2026-10-07 15:35:00,,19,,on time,14,,,,29.2,0.00,24.5,25340.0,dry and calm
2831,2026-10-07,BLR,IX 2014,IX,Air India Express,IDR,Indore,f,VT-BWL,Boeing 737 MAX 8,2,2026-10-07 14:25:00,,2026-10-07 16:25:00,,,,no actual time,14,,,,29.2,0.00,24.5,25340.0,dry and calm
2832,2026-10-07,BOM,6E 5345,6E,IndiGo,RPR,Raipur,f,VT-IXI,Airbus A320 NEO,1,2026-10-07 14:25:00,2026-10-07 14:40:00,2026-10-07 16:25:00,,15,,on time,14,,,,34.7,0.50,26.3,6260.0,light rain
2833,2026-10-07,BOM,AI 2595,AI,Air India,UDR,Udaipur,f,,Airbus A320 NEO,2,2026-10-07 14:25:00,2026-10-07 14:49:00,2026-10-07 16:00:00,,24,,on time,14,,,,34.7,0.50,26.3,6260.0,light rain
2834,2026-10-07,HYD,6E 6481,6E,IndiGo,BDQ,Vadodara,f,VT-ISR,Airbus A320 NEO,,2026-10-07 14:25:00,2026-10-07 15:03:00,2026-10-07 16:00:00,,38,,late,14,,,,30.4,0.10,29.9,9400.0,light rain
2835,2026-10-07,HYD,AI 2445,AI,Air India,BOM,Mumbai,f,VT-CID,Airbus A320,,2026-10-07 14:25:00,2026-10-07 14:39:00,2026-10-07 16:25:00,,14,,on time,14,AI 2444,BOM,-14,30.4,0.10,29.9,9400.0,light rain
2836,2026-10-07,BLR,IX 2001,IX,Air India Express,AMD,Ahmedabad,f,,,2,2026-10-07 14:30:00,,,,,,no actual time,14,,,,29.2,0.00,24.5,25340.0,dry and calm
2837,2026-10-07,BOM,6E 5382,6E,IndiGo,BLR,Bangalore,f,VT-IWS,Airbus A320,1,2026-10-07 14:30:00,2026-10-07 14:47:00,2026-10-07 16:25:00,2026-10-07 16:12:00,17,-13,on time,14,6E 5069,BLR,,34.7,0.50,26.3,6260.0,light rain
2838,2026-10-07,BOM,QP 1819,QP,Akasa Air,DEL,New Delhi,f,,Boeing 737,2,2026-10-07 14:30:00,2026-10-07 15:08:00,2026-10-07 17:08:00,,38,,late,14,,,,34.7,0.50,26.3,6260.0,light rain
2839,2026-10-07,HYD,6E 6405,6E,IndiGo,BLR,Bangalore,f,VT-ICX,Airbus A321 NEO,,2026-10-07 14:30:00,2026-10-07 14:52:00,2026-10-07 15:50:00,2026-10-07 15:38:00,22,-12,on time,14,,,,30.4,0.10,29.9,9400.0,light rain
2840,2026-10-07,HYD,IX 2819,IX,Air India Express,VTZ,Visakhapatnam,f,VT-BWD,Boeing 737 MAX 8,,2026-10-07 14:30:00,2026-10-07 15:04:00,2026-10-07 15:55:00,2026-10-07 15:58:00,34,3,late,14,,,,30.4,0.10,29.9,9400.0,light rain
2841,2026-10-07,BLR,IX 2505,IX,Air India Express,MAA,Chennai,f,VT-BXP,Boeing 737 MAX 8,2,2026-10-07 14:35:00,,2026-10-07 15:45:00,,,,no actual time,14,,,,29.2,0.00,24.5,25340.0,dry and calm
2842,2026-10-07,BOM,AI 2659,AI,Air India,IXC,Chandigarh,f,,Airbus A320 NEO,2,2026-10-07 14:35:00,2026-10-07 14:58:00,2026-10-07 17:15:00,,23,,on time,14,,,,34.7,0.50,26.3,6260.0,light rain
2843,2026-10-07,BOM,AI 2944,AI,Air India,DEL,New Delhi,f,,Airbus A320 NEO,2,2026-10-07 14:35:00,2026-10-07 14:54:00,2026-10-07 16:37:00,,19,,on time,14,,,,34.7,0.50,26.3,6260.0,light rain
2844,2026-10-07,BLR,IX 1531,IX,Air India Express,IXE,Mangalore,f,,,2,2026-10-07 14:40:00,,,,,,no actual time,14,,,,29.2,0.00,24.5,25340.0,dry and calm
2845,2026-10-07,BOM,6E 273,6E,IndiGo,HSR,Rajkot,f,VT-IQM,Airbus A320 NEO,2,2026-10-07 14:40:00,2026-10-07 14:56:00,2026-10-07 15:50:00,,16,,on time,14,,,,34.7,0.50,26.3,6260.0,light rain
2846,2026-10-07,BOM,6E 5123,6E,IndiGo,VGA,Gannavaram,f,VT-IXH,Airbus A320 NEO,1,2026-10-07 14:40:00,2026-10-07 15:00:00,2026-10-07 16:25:00,,20,,on time,14,,,,34.7,0.50,26.3,6260.0,light rain
2847,2026-10-07,BOM,QP 1137,QP,Akasa Air,COK,Kochi,f,,Boeing 737,2,2026-10-07 14:40:00,2026-10-07 15:03:00,2026-10-07 16:45:00,,23,,on time,14,,,,34.7,0.50,26.3,6260.0,light rain
2848,2026-10-07,HYD,6E 711,6E,IndiGo,DEL,New Delhi,f,VT-IOL,Airbus A320 NEO,,2026-10-07 14:40:00,2026-10-07 14:59:00,2026-10-07 16:50:00,,19,,on time,14,,,,30.4,0.10,29.9,9400.0,light rain
2849,2026-10-07,BLR,6E 6277,6E,IndiGo,PAT,Patna,f,VT-ITS,Airbus A321 (Sharklets),1,2026-10-07 14:45:00,2026-10-07 15:01:00,2026-10-07 17:20:00,,16,,on time,14,,,,29.2,0.00,24.5,25340.0,dry and calm
2850,2026-10-07,BOM,IX 1050,IX,Air India Express,DEL,New Delhi,f,,Airbus A320,2,2026-10-07 14:45:00,2026-10-07 15:04:00,2026-10-07 16:57:00,,19,,on time,14,,,,34.7,0.50,26.3,6260.0,light rain
2851,2026-10-07,BLR,QP 1423,QP,Akasa Air,VNS,Varanasi,f,VT-YBP,Boeing 737 MAX 8,1,2026-10-07 14:50:00,,2026-10-07 17:15:00,,,,no actual time,14,,,,29.2,0.00,24.5,25340.0,dry and calm
2852,2026-10-07,BLR,IX 2051,IX,Air India Express,HYD,Hyderabad,f,VT-BXK,Boeing 737 MAX 8,2,2026-10-07 14:55:00,2026-10-07 15:20:00,2026-10-07 16:05:00,2026-10-07 16:05:00,25,0,on time,14,,,,29.2,0.00,24.5,25340.0,dry and calm
2853,2026-10-07,BOM,6E 5201,6E,IndiGo,AMD,Ahmedabad,f,VT-NCZ,Airbus A321 NEO,1,2026-10-07 14:55:00,2026-10-07 15:15:00,,,20,,on time,14,,,,34.7,0.50,26.3,6260.0,light rain
2854,2026-10-07,BLR,AI 2511,AI,Air India,DEL,New Delhi,f,VT-TNB,Airbus A320 NEO,2,2026-10-07 15:00:00,2026-10-07 15:10:00,2026-10-07 17:35:00,,10,,on time,15,,,,28.9,0.00,23.8,25380.0,dry and calm
2855,2026-10-07,BLR,IX 1536,IX,Air India Express,BBI,Bhubaneswar,f,VT-BXB,Boeing 737 MAX 8,2,2026-10-07 15:00:00,,2026-10-07 17:05:00,,,,no actual time,15,,,,28.9,0.00,23.8,25380.0,dry and calm
2856,2026-10-07,BOM,6E 349,6E,IndiGo,DEL,New Delhi,f,VT-NCL,Airbus A320,2,2026-10-07 15:00:00,2026-10-07 15:21:00,2026-10-07 17:13:00,,21,,on time,15,,,,34.2,0.20,25.9,11360.0,light rain
2857,2026-10-07,BOM,AI 2442,AI,Air India,DEL,New Delhi,f,,Airbus A320 NEO,2,2026-10-07 15:00:00,2026-10-07 15:13:00,2026-10-07 16:56:00,,13,,on time,15,,,,34.2,0.20,25.9,11360.0,light rain
2858,2026-10-07,HYD,6E 6781,6E,IndiGo,IXM,Madurai,f,,Airbus A320 NEO,,2026-10-07 15:00:00,,2026-10-07 16:40:00,,,,no actual time,15,,,,30.0,0.10,28.4,9440.0,light rain
2859,2026-10-07,BLR,6E 6572,6E,IndiGo,CCU,Kolkata,f,VT-ILW,Airbus A321 NEO,1,2026-10-07 15:05:00,2026-10-07 15:44:00,2026-10-07 17:45:00,2026-10-07 17:52:00,39,7,late,15,,,,28.9,0.00,23.8,25380.0,dry and calm
2860,2026-10-07,BOM,6E 1453,6E,IndiGo,DXB,Dubai,t,VT-NHD,Airbus A321 NEO,2,2026-10-07 15:05:00,2026-10-07 15:24:00,2026-10-07 16:40:00,2026-10-07 16:22:00,19,-18,on time,15,,,,34.2,0.20,25.9,11360.0,light rain
2861,2026-10-07,BOM,AI 2531,AI,Air India,HYD,Hyderabad,f,VT-EXN,Airbus A320 NEO,2,2026-10-07 15:05:00,2026-10-07 15:21:00,2026-10-07 16:35:00,2026-10-07 16:22:00,16,-13,on time,15,,,,34.2,0.20,25.9,11360.0,light rain
2862,2026-10-07,HYD,IX 2746,IX,Air India Express,IXB,Siliguri,f,VT-BXN,Boeing 737 MAX 8,,2026-10-07 15:05:00,2026-10-07 18:02:00,2026-10-07 17:35:00,,177,,late,15,IX 2819,BLR,,30.0,0.10,28.4,9440.0,light rain
2863,2026-10-07,BLR,6E 852,6E,IndiGo,DED,Dehradun,f,VT-IQY,Airbus A320 NEO,1,2026-10-07 15:10:00,2026-10-07 15:29:00,2026-10-07 18:05:00,,19,,on time,15,,,,28.9,0.00,23.8,25380.0,dry and calm
2864,2026-10-07,BLR,ET 691,ET,Ethiopian,ADD,Addis Ababa,t,ET-BCU,Boeing 737 MAX 8,2,2026-10-07 15:10:00,2026-10-07 15:20:00,2026-10-07 18:40:00,,10,,on time,15,,,,28.9,0.00,23.8,25380.0,dry and calm
2865,2026-10-07,BOM,6E 5386,6E,IndiGo,HYD,Hyderabad,f,VT-NOT,Airbus A321 NEO,1,2026-10-07 15:10:00,2026-10-07 15:44:00,2026-10-07 16:45:00,2026-10-07 16:41:00,34,-4,late,15,6E 5384,HYD,,34.2,0.20,25.9,11360.0,light rain
2866,2026-10-07,BOM,6E 624,6E,IndiGo,TRV,Trivandrum,f,VT-ICQ,Airbus A320,2,2026-10-07 15:10:00,2026-10-07 15:23:00,2026-10-07 17:25:00,2026-10-07 17:15:00,13,-10,on time,15,,,,34.2,0.20,25.9,11360.0,light rain
2867,2026-10-07,HYD,6E 7136,6E,IndiGo,ISK,Nasik,f,VT-IRM,ATR 72,,2026-10-07 15:10:00,2026-10-07 15:22:00,2026-10-07 16:50:00,,12,,on time,15,,,,30.0,0.10,28.4,9440.0,light rain
2868,2026-10-07,BLR,6E 6427,6E,IndiGo,TRV,Trivandrum,f,VT-IBE,Airbus A321 NEO,1,2026-10-07 15:15:00,2026-10-07 15:23:00,2026-10-07 16:35:00,2026-10-07 16:24:00,8,-11,on time,15,,,,28.9,0.00,23.8,25380.0,dry and calm
2869,2026-10-07,BLR,6E 6596,6E,IndiGo,VNS,Varanasi,f,VT-IWY,Airbus A320,1,2026-10-07 15:15:00,2026-10-07 16:26:00,2026-10-07 17:45:00,,71,,late,15,,,,28.9,0.00,23.8,25380.0,dry and calm
2870,2026-10-07,BLR,6E 6753,6E,IndiGo,GOI,Vasco da Gama,f,VT-ICP,Airbus A321 NEO,1,2026-10-07 15:15:00,2026-10-07 15:52:00,2026-10-07 16:35:00,,37,,late,15,,,,28.9,0.00,23.8,25380.0,dry and calm
2871,2026-10-07,BOM,6E 5354,6E,IndiGo,CCU,Kolkata,f,VT-NCO,Airbus A320,1,2026-10-07 15:15:00,2026-10-07 15:30:00,2026-10-07 18:00:00,2026-10-07 17:42:00,15,-18,on time,15,,,,34.2,0.20,25.9,11360.0,light rain
2872,2026-10-07,BLR,6E 7162,6E,IndiGo,HBX,Hubli,f,VT-IYJ,ATR 72,1,2026-10-07 15:20:00,,2026-10-07 16:45:00,,,,no actual time,15,,,,28.9,0.00,23.8,25380.0,dry and calm
2873,2026-10-07,BLR,6E 7445,6E,IndiGo,KLH,Kolhapur,f,VT-IYO,ATR 72,1,2026-10-07 15:20:00,,2026-10-07 17:05:00,,,,no actual time,15,,,,28.9,0.00,23.8,25380.0,dry and calm
2874,2026-10-07,BLR,6E 7711,6E,IndiGo,TRZ,Tiruchirappally,f,VT-IYZ,ATR 72,1,2026-10-07 15:20:00,,2026-10-07 16:35:00,,,,no actual time,15,,,,28.9,0.00,23.8,25380.0,dry and calm
2875,2026-10-07,BLR,IX 1539,IX,Air India Express,GOI,Vasco da Gama,f,,Airbus A320,2,2026-10-07 15:20:00,,,,,,no actual time,15,,,,28.9,0.00,23.8,25380.0,dry and calm
2876,2026-10-07,BLR,QP 1315,QP,Akasa Air,PNQ,Pune,f,VT-YBS,Boeing 737,1,2026-10-07 15:20:00,,2026-10-07 16:55:00,,,,no actual time,15,,,,28.9,0.00,23.8,25380.0,dry and calm
2877,2026-10-07,BLR,IX 1540,IX,Air India Express,VNS,Varanasi,f,VT-BXG,Boeing 737 MAX 8,2,2026-10-07 15:25:00,2026-10-07 15:49:00,2026-10-07 17:55:00,,24,,on time,15,,,,28.9,0.00,23.8,25380.0,dry and calm
2878,2026-10-07,BOM,6E 5196,6E,IndiGo,MAA,Chennai,f,VT-NHL,Airbus A320,1,2026-10-07 15:25:00,2026-10-07 15:32:00,2026-10-07 17:30:00,,7,,on time,15,,,,34.2,0.20,25.9,11360.0,light rain
2879,2026-10-07,BOM,AI 2853,AI,Air India,BLR,Bangalore,f,VT-TQR,Airbus A320 NEO,2,2026-10-07 15:25:00,2026-10-07 16:07:00,2026-10-07 17:35:00,2026-10-07 17:22:00,42,-13,late,15,,,,34.2,0.20,25.9,11360.0,light rain
2880,2026-10-07,HYD,6E 6223,6E,IndiGo,PAT,Patna,f,VT-IIX,Airbus A320 NEO,,2026-10-07 15:25:00,2026-10-07 16:07:00,2026-10-07 17:30:00,,42,,late,15,,,,30.0,0.10,28.4,9440.0,light rain
2881,2026-10-07,BLR,6E 7223,6E,IndiGo,VGA,Vijayawada,f,VT-IYH,ATR 72,1,2026-10-07 15:30:00,,2026-10-07 17:00:00,,,,no actual time,15,,,,28.9,0.00,23.8,25380.0,dry and calm
2882,2026-10-07,BLR,AI 428,AI,Air India,DEL,New Delhi,f,VT-ANA,Boeing 787-8,2,2026-10-07 15:30:00,2026-10-07 15:56:00,2026-10-07 18:09:00,,26,,on time,15,,,,28.9,0.00,23.8,25380.0,dry and calm
2883,2026-10-07,BOM,AI 1851,AI,Air India,DEL,New Delhi,f,VT-TQX,Airbus A320 NEO,2,2026-10-07 15:30:00,2026-10-07 15:47:00,2026-10-07 17:38:00,,17,,on time,15,,,,34.2,0.20,25.9,11360.0,light rain
2884,2026-10-07,BOM,AI 2745,AI,Air India,GOI,Vasco da Gama,f,VT-TNY,Airbus A320 NEO,2,2026-10-07 15:30:00,2026-10-07 15:37:00,2026-10-07 16:50:00,,7,,on time,15,,,,34.2,0.20,25.9,11360.0,light rain
2885,2026-10-07,BOM,AI 2915,AI,Air India,AMD,Ahmedabad,f,,Airbus A320 NEO,2,2026-10-07 15:30:00,2026-10-07 15:40:00,2026-10-07 16:50:00,,10,,on time,15,,,,34.2,0.20,25.9,11360.0,light rain
2886,2026-10-07,HYD,6E 2073,6E,IndiGo,TRZ,Tiruchirappally,f,VT-IPG,Airbus A320 NEO,,2026-10-07 15:30:00,2026-10-07 15:47:00,2026-10-07 17:00:00,,17,,on time,15,,,,30.0,0.10,28.4,9440.0,light rain
2887,2026-10-07,BLR,6E 6003,6E,IndiGo,NAG,Naqpur,f,VT-IMD,Airbus A321 NEO,1,2026-10-07 15:35:00,2026-10-07 16:18:00,2026-10-07 17:20:00,,43,,late,15,,,,28.9,0.00,23.8,25380.0,dry and calm
2888,2026-10-07,BOM,6E 5071,6E,IndiGo,BLR,Bangalore,f,VT-NCQ,Airbus A320,1,2026-10-07 15:35:00,,2026-10-07 17:25:00,2026-10-07 16:51:00,,-34,no actual time,15,6E 5218,BLR,,34.2,0.20,25.9,11360.0,light rain
2889,2026-10-07,BOM,AI 598,AI,Air India,VGA,Gannavaram,f,VT-SCH,Airbus A319,2,2026-10-07 15:35:00,2026-10-07 16:00:00,2026-10-07 17:30:00,,25,,on time,15,,,,34.2,0.20,25.9,11360.0,light rain
2890,2026-10-07,BOM,IX 1807,IX,Air India Express,JGA,Jamnagar,f,,Airbus A320 NEO,2,2026-10-07 15:35:00,,2026-10-07 17:00:00,,,,canceled,15,,,,34.2,0.20,25.9,11360.0,light rain
2891,2026-10-07,HYD,6E 121,6E,IndiGo,GOI,Vasco da Gama,f,VT-IMM,Airbus A321 NEO,,2026-10-07 15:35:00,2026-10-07 15:58:00,2026-10-07 16:45:00,,23,,on time,15,,,,30.0,0.10,28.4,9440.0,light rain
2892,2026-10-07,HYD,6E 6540,6E,IndiGo,TIR,Tirumala - Tirupati,f,VT-ISU,Airbus A320 NEO,,2026-10-07 15:35:00,2026-10-07 16:16:00,2026-10-07 16:45:00,,41,,late,15,,,,30.0,0.10,28.4,9440.0,light rain
2893,2026-10-07,BLR,6E 807,6E,IndiGo,BDQ,Vadodara,f,VT-IMI,Airbus A321 NEO,1,2026-10-07 15:40:00,2026-10-07 16:16:00,2026-10-07 17:50:00,,36,,late,15,,,,28.9,0.00,23.8,25380.0,dry and calm
2894,2026-10-07,HYD,6E 1315,6E,IndiGo,DOH,Doha,t,VT-IQG,Airbus A320 NEO,,2026-10-07 15:40:00,2026-10-07 15:56:00,2026-10-07 17:30:00,2026-10-07 17:19:00,16,-11,on time,15,,,,30.0,0.10,28.4,9440.0,light rain
2895,2026-10-07,HYD,9I 518,9I,Alliance Air,BLR,Bangalore,f,VT-RKJ,ATR 72,,2026-10-07 15:40:00,2026-10-07 15:59:00,2026-10-07 17:15:00,2026-10-07 17:14:00,19,-1,on time,15,,,,30.0,0.10,28.4,9440.0,light rain
2896,2026-10-07,BLR,6E 860,6E,IndiGo,DEL,New Delhi,f,VT-NOH,Airbus A321 NEO,1,2026-10-07 15:45:00,2026-10-07 16:08:00,2026-10-07 18:27:00,,23,,on time,15,6E 5184,BOM,-18,28.9,0.00,23.8,25380.0,dry and calm
2897,2026-10-07,BOM,6E 240,6E,IndiGo,CJB,Coimbatore,f,VT-ICC,Airbus A321 NEO,2,2026-10-07 15:45:00,2026-10-07 15:55:00,2026-10-07 17:40:00,,10,,on time,15,,,,34.2,0.20,25.9,11360.0,light rain
2898,2026-10-07,BOM,6E 5154,6E,IndiGo,UDR,Udaipur,f,VT-ICK,Airbus A320,1,2026-10-07 15:45:00,2026-10-07 15:51:00,2026-10-07 17:10:00,,6,,on time,15,,,,34.2,0.20,25.9,11360.0,light rain
2899,2026-10-07,BOM,6E 5131,6E,IndiGo,BHO,Bhopal,f,VT-ICB,Airbus A320,1,2026-10-07 15:50:00,2026-10-07 16:05:00,2026-10-07 17:25:00,,15,,on time,15,,,,34.2,0.20,25.9,11360.0,light rain
2900,2026-10-07,HYD,6E 7512,6E,IndiGo,IXG,Belgaum,f,VT-IXY,ATR 72,,2026-10-07 15:50:00,2026-10-07 16:04:00,2026-10-07 17:15:00,,14,,on time,15,,,,30.0,0.10,28.4,9440.0,light rain
2901,2026-10-07,BOM,6E 1311,6E,IndiGo,HKT,Phuket,t,VT-NHC,Airbus A320,2,2026-10-07 15:55:00,2026-10-07 16:39:00,2026-10-07 21:55:00,,44,,late,15,,,,34.2,0.20,25.9,11360.0,light rain
2902,2026-10-07,BLR,6E 469,6E,IndiGo,JAI,Jaipur,f,VT-IME,Airbus A321 NEO,1,2026-10-07 16:00:00,2026-10-07 16:29:00,2026-10-07 18:20:00,,29,,on time,16,,,,28.3,0.00,20.5,14480.0,dry and calm
2903,2026-10-07,BLR,6E 5031,6E,IndiGo,BOM,Mumbai,f,VT-NCD,Airbus A321 NEO,1,2026-10-07 16:00:00,2026-10-07 16:24:00,2026-10-07 17:45:00,,24,,on time,16,,,,28.3,0.00,20.5,14480.0,dry and calm
2904,2026-10-07,BLR,6E 7142,6E,IndiGo,PNY,Puducherry,f,VT-IYP,ATR 72,1,2026-10-07 16:00:00,,2026-10-07 17:10:00,,,,no actual time,16,,,,28.3,0.00,20.5,14480.0,dry and calm
2905,2026-10-07,BLR,9I 513,9I,Alliance Air,SXV,Salem,f,VT-RKC,ATR 72,2,2026-10-07 16:00:00,,,,,,no actual time,16,,,,28.3,0.00,20.5,14480.0,dry and calm
2906,2026-10-07,BLR,SG 573,SG,SpiceJet,CCU,Kolkata,f,,,1,2026-10-07 16:00:00,,,,,,no actual time,16,,,,28.3,0.00,20.5,14480.0,dry and calm
2907,2026-10-07,BOM,6E 313,6E,IndiGo,DEL,New Delhi,f,VT-NHZ,Airbus A321 NEO,2,2026-10-07 16:00:00,2026-10-07 16:12:00,2026-10-07 17:55:00,,12,,on time,16,,,,33.3,0.00,26.3,16000.0,dry and calm
2908,2026-10-07,BOM,AI 2730,AI,Air India,HSR,Rajkot,f,,Airbus A320 NEO,2,2026-10-07 16:00:00,2026-10-07 16:11:00,2026-10-07 17:20:00,,11,,on time,16,,,,33.3,0.00,26.3,16000.0,dry and calm
2909,2026-10-07,BOM,AI 4217,AI,Air India,DXB,Dubai,t,VT-ANJ,Boeing 787-8,2,2026-10-07 16:00:00,2026-10-07 16:34:00,2026-10-07 17:25:00,2026-10-07 17:29:00,34,4,late,16,,,,33.3,0.00,26.3,16000.0,dry and calm
2910,2026-10-07,BOM,EK 507,EK,Emirates,DXB,Dubai,t,A6-ECV,Boeing 777-300ER,2,2026-10-07 16:00:00,2026-10-07 16:28:00,2026-10-07 17:35:00,2026-10-07 17:23:00,28,-12,on time,16,,,,33.3,0.00,26.3,16000.0,dry and calm
2911,2026-10-07,HYD,IX 1829,IX,Air India Express,TIR,Tirumala - Tirupati,f,VT-TNM,Airbus A320 NEO,,2026-10-07 16:00:00,2026-10-07 17:18:00,2026-10-07 17:20:00,,78,,late,16,,,,29.5,0.00,25.2,15060.0,dry and calm
2912,2026-10-07,HYD,6E 6234,6E,IndiGo,COK,Kochi,f,VT-IBJ,Airbus A321 NEO,,2026-10-07 16:05:00,2026-10-07 16:20:00,2026-10-07 17:45:00,,15,,on time,16,,,,29.5,0.00,25.2,15060.0,dry and calm
2913,2026-10-07,BLR,IX 2052,IX,Air India Express,STV,Surat Gujarat,f,VT-GHA,Boeing 737-800,2,2026-10-07 16:10:00,,2026-10-07 18:05:00,,,,no actual time,16,,,,28.3,0.00,20.5,14480.0,dry and calm
2914,2026-10-07,BOM,6E 6931,6E,IndiGo,CCJ,Calicut,f,VT-IMY,Airbus A320,2,2026-10-07 16:10:00,2026-10-07 16:16:00,2026-10-07 18:05:00,,6,,on time,16,,,,33.3,0.00,26.3,16000.0,dry and calm
2915,2026-10-07,BLR,IX 2608,IX,Air India Express,COK,Kochi,f,VT-BWN,Boeing 737 MAX 8,2,2026-10-07 16:15:00,2026-10-07 16:59:00,2026-10-07 17:30:00,,44,,late,16,,,,28.3,0.00,20.5,14480.0,dry and calm
2916,2026-10-07,BOM,AI 356,AI,Air India,HND,Tokyo,t,VT-ANW,Boeing 787-8,2,2026-10-07 16:15:00,2026-10-07 16:36:00,2026-10-08 04:55:00,2026-10-08 03:31:00,21,-84,on time,16,,,,33.3,0.00,26.3,16000.0,dry and calm
2917,2026-10-07,HYD,6E 501,6E,IndiGo,VNS,Varanasi,f,VT-ICY,Airbus A321 NEO,,2026-10-07 16:15:00,2026-10-07 16:25:00,2026-10-07 18:10:00,,10,,on time,16,,,,29.5,0.00,25.2,15060.0,dry and calm
2918,2026-10-07,BLR,6E 451,6E,IndiGo,LKO,Lucknow,f,VT-IFZ,Airbus A320 (Sharklets),1,2026-10-07 16:20:00,2026-10-07 16:36:00,2026-10-07 18:55:00,,16,,on time,16,,,,28.3,0.00,20.5,14480.0,dry and calm
2919,2026-10-07,BLR,6E 851,6E,IndiGo,IXC,Chandigarh,f,VT-ILG,Airbus A321 NEO,1,2026-10-07 16:20:00,2026-10-07 16:47:00,2026-10-07 19:20:00,,27,,on time,16,,,,28.3,0.00,20.5,14480.0,dry and calm
2920,2026-10-07,BLR,6E 6774,6E,IndiGo,GAU,Guwahati,f,VT-ICN,Airbus A321 NEO,1,2026-10-07 16:25:00,2026-10-07 17:05:00,2026-10-07 19:30:00,,40,,late,16,,,,28.3,0.00,20.5,14480.0,dry and calm
2921,2026-10-07,BOM,IX 1242,IX,Air India Express,GOI,Vasco da Gama,f,VT-BWF,Boeing 737,2,2026-10-07 16:25:00,2026-10-07 17:52:00,2026-10-07 17:50:00,,87,,late,16,,,,33.3,0.00,26.3,16000.0,dry and calm
2922,2026-10-07,HYD,6E 6372,6E,IndiGo,DEL,New Delhi,f,,Airbus A320,,2026-10-07 16:25:00,,2026-10-07 18:54:00,,,,no actual time,16,,,,29.5,0.00,25.2,15060.0,dry and calm
2923,2026-10-07,BLR,6E 6067,6E,IndiGo,HYD,Hyderabad,f,VT-ICX,Airbus A321 NEO,1,2026-10-07 16:30:00,2026-10-07 17:02:00,2026-10-07 17:45:00,2026-10-07 17:46:00,32,1,late,16,6E 6405,HYD,-12,28.3,0.00,20.5,14480.0,dry and calm
2924,2026-10-07,BLR,AI 2418,AI,Air India,DEL,New Delhi,f,VT-TQG,Airbus A320 NEO,2,2026-10-07 16:30:00,2026-10-07 16:53:00,2026-10-07 19:11:00,,23,,on time,16,AI 2863,BOM,-6,28.3,0.00,20.5,14480.0,dry and calm
2925,2026-10-07,BOM,AI 2687,AI,Air India,DEL,New Delhi,f,VT-TQT,Airbus A320 NEO,2,2026-10-07 16:30:00,2026-10-07 16:46:00,2026-10-07 18:30:00,,16,,on time,16,,,,33.3,0.00,26.3,16000.0,dry and calm
2926,2026-10-07,HYD,6E 314,6E,IndiGo,BLR,Bangalore,f,VT-NHJ,Airbus A321 NEO,,2026-10-07 16:30:00,2026-10-07 17:09:00,2026-10-07 17:50:00,2026-10-07 17:59:00,39,9,late,16,,,,29.5,0.00,25.2,15060.0,dry and calm
2927,2026-10-07,BLR,IX 2945,IX,Air India Express,GAU,Guwahati,f,VT-VTZ,Airbus A320,2,2026-10-07 16:35:00,2026-10-07 16:58:00,2026-10-07 19:45:00,,23,,on time,16,,,,28.3,0.00,20.5,14480.0,dry and calm
2928,2026-10-07,BLR,6E 309,6E,IndiGo,GOI,Vasco da Gama,f,VT-IPL,Airbus A320 NEO,1,2026-10-07 16:40:00,2026-10-07 17:04:00,2026-10-07 17:55:00,,24,,on time,16,,,,28.3,0.00,20.5,14480.0,dry and calm
2929,2026-10-07,BOM,6E 5241,6E,IndiGo,GOI,Vasco da Gama,f,VT-IPY,Airbus A320,1,2026-10-07 16:40:00,2026-10-07 16:47:00,2026-10-07 18:05:00,,7,,on time,16,,,,33.3,0.00,26.3,16000.0,dry and calm
2930,2026-10-07,HYD,6E 2015,6E,IndiGo,NMI,Mumbai,f,VT-IBN,Airbus A321 NEO,,2026-10-07 16:40:00,2026-10-07 16:51:00,2026-10-07 18:10:00,,11,,on time,16,,,,29.5,0.00,25.2,15060.0,dry and calm
2931,2026-10-07,BLR,6E 6451,6E,IndiGo,PAT,Patna,f,VT-IPX,Airbus A320 NEO,1,2026-10-07 16:45:00,2026-10-07 17:01:00,2026-10-07 19:15:00,,16,,on time,16,,,,28.3,0.00,20.5,14480.0,dry and calm
2932,2026-10-07,BLR,IX 1527,IX,Air India Express,DED,Dehradun,f,VT-BWJ,Boeing 737 MAX 8,2,2026-10-07 16:45:00,,2026-10-07 19:50:00,,,,no actual time,16,,,,28.3,0.00,20.5,14480.0,dry and calm
2933,2026-10-07,BOM,6E 5228,6E,IndiGo,HYD,Hyderabad,f,VT-NOU,Airbus A320,1,2026-10-07 16:45:00,2026-10-07 17:13:00,2026-10-07 18:20:00,2026-10-07 18:09:00,28,-11,on time,16,6E 5351,BLR,,33.3,0.00,26.3,16000.0,dry and calm
2934,2026-10-07,BOM,6E 6082,6E,IndiGo,DEL,New Delhi,f,,Airbus A320,2,2026-10-07 16:45:00,2026-10-07 17:01:00,2026-10-07 18:48:00,,16,,on time,16,,,,33.3,0.00,26.3,16000.0,dry and calm
2935,2026-10-07,BOM,AI 2783,AI,Air India,IXC,Chandigarh,f,,Airbus A320 NEO,2,2026-10-07 16:45:00,2026-10-07 16:59:00,2026-10-07 19:10:00,,14,,on time,16,,,,33.3,0.00,26.3,16000.0,dry and calm
2936,2026-10-07,BOM,IX 1671,IX,Air India Express,DEL,New Delhi,f,VT-BWE,Boeing 737,2,2026-10-07 16:45:00,2026-10-07 17:33:00,2026-10-07 19:21:00,,48,,late,16,,,,33.3,0.00,26.3,16000.0,dry and calm
2937,2026-10-07,BLR,6E 239,6E,IndiGo,AMD,Ahmedabad,f,VT-ICL,Airbus A321 NEO,1,2026-10-07 16:50:00,2026-10-07 17:08:00,2026-10-07 19:00:00,,18,,on time,16,,,,28.3,0.00,20.5,14480.0,dry and calm
2938,2026-10-07,BLR,IX 2023,IX,Air India Express,VTZ,Visakhapatnam,f,,Boeing 737,2,2026-10-07 16:50:00,,,,,,no actual time,16,,,,28.3,0.00,20.5,14480.0,dry and calm
2939,2026-10-07,BOM,6E 463,6E,IndiGo,BBI,Bhubaneswar,f,VT-IXA,Airbus A320 NEO,2,2026-10-07 16:50:00,2026-10-07 17:10:00,2026-10-07 19:25:00,,20,,on time,16,,,,33.3,0.00,26.3,16000.0,dry and calm
2940,2026-10-07,BOM,6E 6599,6E,IndiGo,IDR,Indore,f,VT-IMU,Airbus A320,2,2026-10-07 16:50:00,2026-10-07 17:09:00,2026-10-07 18:15:00,,19,,on time,16,,,,33.3,0.00,26.3,16000.0,dry and calm
2941,2026-10-07,HYD,IX 1345,IX,Air India Express,BLR,Bangalore,f,VT-BXK,Boeing 737 MAX 8,,2026-10-07 16:50:00,2026-10-07 17:13:00,2026-10-07 18:20:00,2026-10-07 18:01:00,23,-19,on time,16,IX 2051,BLR,0,29.5,0.00,25.2,15060.0,dry and calm
2942,2026-10-07,BLR,IX 1504,IX,Air India Express,PAT,Patna,f,,,2,2026-10-07 16:55:00,,,,,,no actual time,16,,,,28.3,0.00,20.5,14480.0,dry and calm
2943,2026-10-07,BLR,QP 1503,QP,Akasa Air,BBI,Bhubaneswar,f,VT-YBN,Boeing 737 MAX 8,1,2026-10-07 16:55:00,,2026-10-07 19:10:00,,,,no actual time,16,,,,28.3,0.00,20.5,14480.0,dry and calm
2944,2026-10-07,BOM,6E 6802,6E,IndiGo,NAG,Naqpur,f,,Airbus A320 NEO,2,2026-10-07 16:55:00,2026-10-07 17:18:00,2026-10-07 18:30:00,,23,,on time,16,,,,33.3,0.00,26.3,16000.0,dry and calm
2945,2026-10-07,BOM,AI 621,AI,Air India,JAI,Jaipur,f,,Airbus A320 NEO,2,2026-10-07 16:55:00,2026-10-07 17:14:00,2026-10-07 18:50:00,,19,,on time,16,,,,33.3,0.00,26.3,16000.0,dry and calm
2946,2026-10-07,BOM,AI 681,AI,Air India,COK,Kochi,f,,Airbus A319,2,2026-10-07 16:55:00,2026-10-07 17:06:00,2026-10-07 18:55:00,,11,,on time,16,,,,33.3,0.00,26.3,16000.0,dry and calm
2947,2026-10-07,BOM,EY 203,EY,Etihad,AUH,Abu Dhabi,t,A6-LRC,Airbus A320,2,2026-10-07 16:55:00,2026-10-07 17:04:00,2026-10-07 18:30:00,,9,,on time,16,,,,33.3,0.00,26.3,16000.0,dry and calm
2948,2026-10-07,BOM,QP 1825,QP,Akasa Air,DEL,New Delhi,f,,Boeing 737,2,2026-10-07 16:55:00,2026-10-07 17:36:00,2026-10-07 19:31:00,,41,,late,16,,,,33.3,0.00,26.3,16000.0,dry and calm
2949,2026-10-07,BLR,6E 109,6E,IndiGo,IXE,Mangalore,f,VT-IIA,Airbus A320 NEO,1,2026-10-07 17:00:00,2026-10-07 17:34:00,2026-10-07 18:00:00,,34,,late,17,,,,27.4,0.00,18.7,22480.0,dry and calm
2950,2026-10-07,BLR,6E 6039,6E,IndiGo,DEL,New Delhi,f,VT-NCA,Airbus A321 NEO,1,2026-10-07 17:00:00,2026-10-07 17:14:00,2026-10-07 19:34:00,,14,,on time,17,,,,27.4,0.00,18.7,22480.0,dry and calm
2951,2026-10-07,BOM,6E 5221,6E,IndiGo,BLR,Bangalore,f,VT-NCU,Airbus A320,1,2026-10-07 17:00:00,2026-10-07 17:21:00,2026-10-07 18:55:00,2026-10-07 18:33:00,21,-22,on time,17,6E 5099,HYD,,33.5,0.00,27.0,18120.0,dry and calm
2952,2026-10-07,BOM,QP 1429,QP,Akasa Air,VNS,Varanasi,f,,Boeing 737,2,2026-10-07 17:00:00,2026-10-07 17:24:00,2026-10-07 19:20:00,,24,,on time,17,,,,33.5,0.00,27.0,18120.0,dry and calm
2953,2026-10-07,BLR,6E 223,6E,IndiGo,CCU,Kolkata,f,VT-ICO,Airbus A321 NEO,1,2026-10-07 17:05:00,2026-10-07 17:28:00,2026-10-07 19:55:00,2026-10-07 19:29:00,23,-26,on time,17,,,,27.4,0.00,18.7,22480.0,dry and calm
2954,2026-10-07,BLR,IX 1538,IX,Air India Express,GOI,Vasco da Gama,f,VT-BWV,Boeing 737 MAX 8,2,2026-10-07 17:05:00,2026-10-07 17:27:00,2026-10-07 18:30:00,,22,,on time,17,,,,27.4,0.00,18.7,22480.0,dry and calm
2955,2026-10-07,BOM,AI 2481,AI,Air India,CCU,Kolkata,f,VT-TVA,Airbus A320 NEO,2,2026-10-07 17:05:00,2026-10-07 17:28:00,2026-10-07 19:55:00,2026-10-07 19:43:00,23,-12,on time,17,,,,33.5,0.00,27.0,18120.0,dry and calm
2956,2026-10-07,BLR,6E 7231,6E,IndiGo,RJA,Rajahmundry,f,VT-IYE,ATR 72,1,2026-10-07 17:10:00,,2026-10-07 19:15:00,,,,no actual time,17,,,,27.4,0.00,18.7,22480.0,dry and calm
2957,2026-10-07,BLR,IX 2506,IX,Air India Express,HYD,Hyderabad,f,VT-BXR,Boeing 737,2,2026-10-07 17:10:00,,2026-10-07 18:40:00,2026-10-07 18:30:00,,-10,no actual time,17,,,,27.4,0.00,18.7,22480.0,dry and calm
2958,2026-10-07,BOM,6E 437,6E,IndiGo,COK,Kochi,f,VT-IRZ,Airbus A320,2,2026-10-07 17:10:00,2026-10-07 17:15:00,2026-10-07 19:10:00,,5,,on time,17,,,,33.5,0.00,27.0,18120.0,dry and calm
2959,2026-10-07,HYD,6E 67,6E,IndiGo,JED,Jeddah,t,VT-IQU,Airbus A320 NEO,,2026-10-07 17:10:00,2026-10-07 17:17:00,2026-10-07 20:25:00,,7,,on time,17,,,,29.2,0.00,20.5,16860.0,dry and calm
2960,2026-10-07,BLR,6E 356,6E,IndiGo,MAA,Chennai,f,VT-IRW,Airbus A321 NEO,1,2026-10-07 17:15:00,2026-10-07 17:40:00,2026-10-07 18:10:00,,25,,on time,17,,,,27.4,0.00,18.7,22480.0,dry and calm
2961,2026-10-07,BLR,6E 6465,6E,IndiGo,BHO,Bhopal,f,VT-IOM,Airbus A320 NEO,1,2026-10-07 17:15:00,2026-10-07 17:38:00,2026-10-07 19:25:00,,23,,on time,17,,,,27.4,0.00,18.7,22480.0,dry and calm
2962,2026-10-07,BOM,6E 843,6E,IndiGo,GAU,Guwahati,f,VT-IMX,Airbus A320,2,2026-10-07 17:15:00,2026-10-07 17:31:00,2026-10-07 20:25:00,,16,,on time,17,,,,33.5,0.00,27.0,18120.0,dry and calm
2963,2026-10-07,HYD,6E 208,6E,IndiGo,VTZ,Visakhapatnam,f,VT-IIY,Airbus A320 NEO,,2026-10-07 17:15:00,2026-10-07 17:22:00,2026-10-07 18:40:00,2026-10-07 18:13:00,7,-27,on time,17,,,,29.2,0.00,20.5,16860.0,dry and calm
2964,2026-10-07,BOM,6E 1455,6E,IndiGo,DXB,Dubai,t,VT-NCH,Airbus A320,2,2026-10-07 17:20:00,2026-10-07 17:43:00,2026-10-07 18:45:00,2026-10-07 18:44:00,23,-1,on time,17,,,,33.5,0.00,27.0,18120.0,dry and calm
2965,2026-10-07,BOM,6E 315,6E,IndiGo,DEL,New Delhi,f,VT-NCW,Airbus A320,2,2026-10-07 17:20:00,2026-10-07 18:28:00,2026-10-07 20:17:00,,68,,late,17,,,,33.5,0.00,27.0,18120.0,dry and calm
2966,2026-10-07,BOM,QP 552,QP,Akasa Air,JED,Jeddah,t,,Boeing 737,2,2026-10-07 17:20:00,2026-10-07 17:39:00,2026-10-07 20:45:00,,19,,on time,17,,,,33.5,0.00,27.0,18120.0,dry and calm
2967,2026-10-07,HYD,6E 5259,6E,IndiGo,BOM,Mumbai,f,VT-NOT,Airbus A321 NEO,,2026-10-07 17:20:00,2026-10-07 17:53:00,2026-10-07 18:50:00,,33,,late,17,6E 5386,BOM,-4,29.2,0.00,20.5,16860.0,dry and calm
2968,2026-10-07,BLR,6E 5255,6E,IndiGo,BOM,Mumbai,f,VT-IWS,Airbus A321 NEO,1,2026-10-07 17:25:00,2026-10-07 17:36:00,2026-10-07 19:05:00,,11,,on time,17,6E 5382,BOM,-13,27.4,0.00,18.7,22480.0,dry and calm
2969,2026-10-07,BLR,AI 2820,AI,Air India,DEL,New Delhi,f,VT-TQB,Airbus A320 NEO,2,2026-10-07 17:25:00,2026-10-07 17:32:00,2026-10-07 19:49:00,,7,,on time,17,AI 2632,BOM,-5,27.4,0.00,18.7,22480.0,dry and calm
2970,2026-10-07,BLR,IX 2913,IX,Air India Express,PNQ,Pune,f,VT-RTF,Airbus A320 NEO,2,2026-10-07 17:25:00,2026-10-07 17:35:00,2026-10-07 19:00:00,2026-10-07 18:39:00,10,-21,on time,17,,,,27.4,0.00,18.7,22480.0,dry and calm
2971,2026-10-07,BOM,6E 5048,6E,IndiGo,MAA,Chennai,f,VT-NOO,Airbus A320,1,2026-10-07 17:25:00,2026-10-07 17:47:00,2026-10-07 19:35:00,,22,,on time,17,,,,33.5,0.00,27.0,18120.0,dry and calm
2972,2026-10-07,BOM,QP 1183,QP,Akasa Air,CCU,Kolkata,f,,Boeing 737,2,2026-10-07 17:25:00,2026-10-07 17:57:00,2026-10-07 20:10:00,,32,,late,17,,,,33.5,0.00,27.0,18120.0,dry and calm
2973,2026-10-07,HYD,AI 2447,AI,Air India,BOM,Mumbai,f,VT-RTM,Airbus A320 NEO,,2026-10-07 17:25:00,2026-10-07 17:28:00,2026-10-07 19:25:00,,3,,on time,17,,,,29.2,0.00,20.5,16860.0,dry and calm
2974,2026-10-07,BLR,6E 978,6E,IndiGo,RPR,Raipur,f,VT-IIR,Airbus A320 NEO,1,2026-10-07 17:30:00,,2026-10-07 19:20:00,,,,no actual time,17,,,,27.4,0.00,18.7,22480.0,dry and calm
2975,2026-10-07,BOM,AI 2849,AI,Air India,BLR,Bangalore,f,VT-TQM,Airbus A320 NEO,2,2026-10-07 17:30:00,2026-10-07 17:55:00,2026-10-07 19:35:00,2026-10-07 19:10:00,25,-25,on time,17,,,,33.5,0.00,27.0,18120.0,dry and calm
2976,2026-10-07,BOM,AI 2910,AI,Air India,DEL,New Delhi,f,,Airbus A321,2,2026-10-07 17:30:00,2026-10-07 17:59:00,2026-10-07 19:46:00,,29,,on time,17,,,,33.5,0.00,27.0,18120.0,dry and calm
2977,2026-10-07,BOM,IX 1164,IX,Air India Express,BBI,Bhubaneswar,f,VT-BWR,Boeing 737,2,2026-10-07 17:30:00,2026-10-07 18:02:00,2026-10-07 20:00:00,,32,,late,17,,,,33.5,0.00,27.0,18120.0,dry and calm
2978,2026-10-07,BOM,RA 202,RA,Nepal,KTM,Kathmandu,t,9N-AKX,Airbus A320,2,2026-10-07 17:30:00,2026-10-07 18:45:00,2026-10-07 20:15:00,,75,,late,17,,,,33.5,0.00,27.0,18120.0,dry and calm
2979,2026-10-07,HYD,AI 2890,AI,Air India,DEL,New Delhi,f,VT-EXN,Airbus A321 (Sharklets),,2026-10-07 17:30:00,2026-10-07 17:45:00,2026-10-07 19:31:00,,15,,on time,17,AI 2531,BOM,-13,29.2,0.00,20.5,16860.0,dry and calm
2980,2026-10-07,HYD,QP 1407,QP,Akasa Air,DEL,New Delhi,f,,Boeing 737,,2026-10-07 17:30:00,,2026-10-07 19:37:00,,,,no actual time,17,,,,29.2,0.00,20.5,16860.0,dry and calm
2981,2026-10-07,BLR,IX 1040,IX,Air India Express,DEL,New Delhi,f,VT-BXF,Boeing 737 MAX 8,2,2026-10-07 17:35:00,2026-10-07 17:42:00,2026-10-07 21:09:00,,7,,on time,17,,,,27.4,0.00,18.7,22480.0,dry and calm
2982,2026-10-07,BOM,6E 6027,6E,IndiGo,UDR,Udaipur,f,VT-IIN,Airbus A320,2,2026-10-07 17:35:00,2026-10-07 17:49:00,2026-10-07 19:00:00,,14,,on time,17,,,,33.5,0.00,27.0,18120.0,dry and calm
2983,2026-10-07,BOM,AI 2655,AI,Air India,TRV,Trivandrum,f,VT-TQO,Airbus A320 NEO,2,2026-10-07 17:35:00,2026-10-07 17:41:00,2026-10-07 19:45:00,2026-10-07 19:28:00,6,-17,on time,17,,,,33.5,0.00,27.0,18120.0,dry and calm
2984,2026-10-07,HYD,6E 567,6E,IndiGo,GAU,Guwahati,f,VT-IPO,Airbus A320 NEO,,2026-10-07 17:35:00,2026-10-07 17:56:00,2026-10-07 20:15:00,,21,,on time,17,,,,29.2,0.00,20.5,16860.0,dry and calm
2985,2026-10-07,HYD,6E 7546,6E,IndiGo,RJA,Rajahmundry,f,VT-IYS,ATR 72,,2026-10-07 17:35:00,2026-10-07 17:50:00,2026-10-07 18:45:00,,15,,on time,17,,,,29.2,0.00,20.5,16860.0,dry and calm
2986,2026-10-07,BLR,6E 6168,6E,IndiGo,GOI,Vasco da Gama,f,VT-IBQ,Airbus A321 NEO,1,2026-10-07 17:40:00,2026-10-07 17:57:00,2026-10-07 18:55:00,,17,,on time,17,,,,27.4,0.00,18.7,22480.0,dry and calm
2987,2026-10-07,HYD,6E 57,6E,IndiGo,MED,Medina,t,VT-IXG,Airbus A320 NEO,,2026-10-07 17:40:00,2026-10-07 18:00:00,2026-10-07 20:50:00,,20,,on time,17,,,,29.2,0.00,20.5,16860.0,dry and calm
2988,2026-10-07,BLR,6E 221,6E,IndiGo,IXR,Ranchi,f,VT-IIE,Airbus A320 NEO,1,2026-10-07 17:45:00,2026-10-07 18:07:00,2026-10-07 20:10:00,,22,,on time,17,,,,27.4,0.00,18.7,22480.0,dry and calm
2989,2026-10-07,BLR,9I 517,9I,Alliance Air,HYD,Hyderabad,f,VT-RKJ,ATR 72,2,2026-10-07 17:45:00,2026-10-07 18:24:00,2026-10-07 19:40:00,2026-10-07 19:32:00,39,-8,late,17,9I 518,HYD,-1,27.4,0.00,18.7,22480.0,dry and calm
2990,2026-10-07,BLR,QP 1581,QP,Akasa Air,AMD,Ahmedabad,f,,Boeing 737,1,2026-10-07 17:45:00,,2026-10-07 20:05:00,,,,no actual time,17,,,,27.4,0.00,18.7,22480.0,dry and calm
2991,2026-10-07,BOM,6E 272,6E,IndiGo,VNS,Varanasi,f,VT-IMS,Airbus A320,2,2026-10-07 17:45:00,2026-10-07 18:20:00,2026-10-07 20:00:00,,35,,late,17,,,,33.5,0.00,27.0,18120.0,dry and calm
2992,2026-10-07,HYD,6E 6417,6E,IndiGo,BLR,Bangalore,f,VT-IXN,Airbus A320 NEO,,2026-10-07 17:45:00,2026-10-07 18:06:00,2026-10-07 19:05:00,2026-10-07 18:55:00,21,-10,on time,17,,,,29.2,0.00,20.5,16860.0,dry and calm
2993,2026-10-07,HYD,6E 710,6E,IndiGo,DEL,New Delhi,f,VT-NHO,Airbus A321 NEO,,2026-10-07 17:45:00,2026-10-07 18:42:00,2026-10-07 20:27:00,,57,,late,17,,,,29.2,0.00,20.5,16860.0,dry and calm
2994,2026-10-07,BLR,S5 117,S5,Star Air,GBI,Kalaburagi,f,VT-GSU,Embraer 175,2,2026-10-07 17:50:00,,,,,,no actual time,17,,,,27.4,0.00,18.7,22480.0,dry and calm
2995,2026-10-07,BOM,6E 2100,6E,IndiGo,HSR,Rajkot,f,,Airbus A320,2,2026-10-07 17:50:00,2026-10-07 18:59:00,2026-10-07 19:05:00,,69,,late,17,,,,33.5,0.00,27.0,18120.0,dry and calm
2996,2026-10-07,HYD,6E 6823,6E,IndiGo,HSR,Rajkot,f,VT-IBO,Airbus A321 NEO,,2026-10-07 17:50:00,2026-10-07 18:48:00,2026-10-07 19:40:00,,58,,late,17,,,,29.2,0.00,20.5,16860.0,dry and calm
2997,2026-10-07,BLR,6E 7226,6E,IndiGo,IXG,Belgaum,f,VT-IYG,ATR 72,1,2026-10-07 17:55:00,,2026-10-07 19:25:00,,,,no actual time,17,,,,27.4,0.00,18.7,22480.0,dry and calm
2998,2026-10-07,BLR,6E 747,6E,IndiGo,IDR,Indore,f,VT-IXL,Airbus A320 NEO,1,2026-10-07 17:55:00,2026-10-07 18:05:00,2026-10-07 19:50:00,,10,,on time,17,,,,27.4,0.00,18.7,22480.0,dry and calm
2999,2026-10-07,HYD,6E 283,6E,IndiGo,CCU,Kolkata,f,VT-ICI,Airbus A321 NEO,,2026-10-07 17:55:00,2026-10-07 18:12:00,2026-10-07 20:05:00,2026-10-07 19:49:00,17,-16,on time,17,,,,29.2,0.00,20.5,16860.0,dry and calm
3000,2026-10-07,HYD,6E 598,6E,IndiGo,MAA,Chennai,f,VT-NHW,Airbus A321 NEO,,2026-10-07 17:55:00,2026-10-07 18:29:00,2026-10-07 19:10:00,,34,,late,17,,,,29.2,0.00,20.5,16860.0,dry and calm
3001,2026-10-07,BLR,6E 144,6E,IndiGo,COK,Kochi,f,VT-IBT,Airbus A321 NEO,1,2026-10-07 18:00:00,,2026-10-07 19:05:00,,,,no actual time,18,,,,25.5,0.00,13.3,22380.0,dry and calm
3002,2026-10-07,BLR,6E 738,6E,IndiGo,VNS,Varanasi,f,VT-ILL,Airbus A321 NEO,1,2026-10-07 18:00:00,2026-10-07 18:17:00,2026-10-07 20:25:00,,17,,on time,18,,,,25.5,0.00,13.3,22380.0,dry and calm
3003,2026-10-07,BLR,IX 2053,IX,Air India Express,IXR,Ranchi,f,VT-ATH,Airbus A320 NEO,2,2026-10-07 18:00:00,2026-10-07 18:13:00,2026-10-07 20:25:00,,13,,on time,18,,,,25.5,0.00,13.3,22380.0,dry and calm
3004,2026-10-07,BOM,6E 5086,6E,IndiGo,CCU,Kolkata,f,VT-NCN,Airbus A320,1,2026-10-07 18:00:00,2026-10-07 18:11:00,2026-10-07 20:50:00,2026-10-07 20:25:00,11,-25,on time,18,,,,32.2,0.00,24.8,15980.0,dry and calm
3005,2026-10-07,BOM,AI 2440,AI,Air India,DEL,New Delhi,f,VT-RIO,Boeing 787-8,2,2026-10-07 18:00:00,2026-10-07 18:17:00,2026-10-07 20:01:00,,17,,on time,18,,,,32.2,0.00,24.8,15980.0,dry and calm
3006,2026-10-07,BOM,AI 2619,AI,Air India,HYD,Hyderabad,f,VT-CID,Airbus A320 NEO,2,2026-10-07 18:00:00,2026-10-07 18:07:00,2026-10-07 19:35:00,2026-10-07 19:09:00,7,-26,on time,18,AI 2445,HYD,,32.2,0.00,24.8,15980.0,dry and calm
3007,2026-10-07,BLR,AI 2854,AI,Air India,BOM,Mumbai,f,VT-TNP,Airbus A320 (Sharklets),2,2026-10-07 18:05:00,2026-10-07 18:11:00,2026-10-07 20:05:00,,6,,on time,18,,,,25.5,0.00,13.3,22380.0,dry and calm
3008,2026-10-07,BOM,6E 5082,6E,IndiGo,HBX,Hubli,f,VT-IAN,Airbus A320,1,2026-10-07 18:05:00,2026-10-07 18:15:00,2026-10-07 19:25:00,,10,,on time,18,,,,32.2,0.00,24.8,15980.0,dry and calm
3009,2026-10-07,HYD,6E 6167,6E,IndiGo,LKO,Lucknow,f,VT-IMK,Airbus A321 NEO,,2026-10-07 18:05:00,2026-10-07 18:39:00,2026-10-07 20:05:00,,34,,late,18,,,,27.9,0.00,21.2,14700.0,dry and calm
3010,2026-10-07,BLR,OG 117,OG,Ghodawat Enterprises,GBI,Kalaburagi,f,VT-GSU,Embraer 175,,2026-10-07 18:09:00,2026-10-07 18:09:00,,,0,,on time,18,,,,25.5,0.00,13.3,22380.0,dry and calm
3011,2026-10-07,HYD,6E 6533,6E,IndiGo,TIR,Tirumala - Tirupati,f,VT-IFI,Airbus A320 (Sharklets),,2026-10-07 18:10:00,2026-10-07 18:26:00,2026-10-07 19:20:00,,16,,on time,18,,,,27.9,0.00,21.2,14700.0,dry and calm
3012,2026-10-07,BLR,6E 6017,6E,IndiGo,MAA,Chennai,f,VT-IBZ,Airbus A321 NEO,1,2026-10-07 18:15:00,2026-10-07 18:40:00,2026-10-07 19:15:00,,25,,on time,18,,,,25.5,0.00,13.3,22380.0,dry and calm
3013,2026-10-07,BLR,6E 6034,6E,IndiGo,DEL,New Delhi,f,VT-NCE,Airbus A321 NEO,1,2026-10-07 18:15:00,2026-10-07 18:35:00,2026-10-07 20:50:00,,20,,on time,18,,,,25.5,0.00,13.3,22380.0,dry and calm
3014,2026-10-07,BLR,IX 921,IX,Air India Express,DXB,Dubai,t,VT-BXA,Boeing 737 MAX 8,2,2026-10-07 18:15:00,2026-10-07 18:48:00,2026-10-07 20:55:00,2026-10-07 20:53:00,33,-2,late,18,,,,25.5,0.00,13.3,22380.0,dry and calm
3015,2026-10-07,BOM,6E 5126,6E,IndiGo,IXM,Madurai,f,VT-IPD,Airbus A320,1,2026-10-07 18:15:00,2026-10-07 18:30:00,2026-10-07 20:20:00,,15,,on time,18,,,,32.2,0.00,24.8,15980.0,dry and calm
3016,2026-10-07,BOM,6E 6613,6E,IndiGo,DEL,New Delhi,f,VT-IWU,Airbus A320,2,2026-10-07 18:15:00,2026-10-07 18:26:00,2026-10-07 20:09:00,,11,,on time,18,,,,32.2,0.00,24.8,15980.0,dry and calm
3017,2026-10-07,HYD,6E 6308,6E,IndiGo,CJB,Coimbatore,f,,Airbus A320,,2026-10-07 18:15:00,,2026-10-07 19:35:00,,,,no actual time,18,,,,27.9,0.00,21.2,14700.0,dry and calm
3018,2026-10-07,HYD,6E 6727,6E,IndiGo,AMD,Ahmedabad,f,VT-IST,Airbus A320 NEO,,2026-10-07 18:15:00,2026-10-07 18:44:00,2026-10-07 20:05:00,,29,,on time,18,,,,27.9,0.00,21.2,14700.0,dry and calm
3019,2026-10-07,BLR,6E 6141,6E,IndiGo,JAI,Jaipur,f,VT-IZE,Airbus A320,1,2026-10-07 18:20:00,2026-10-07 18:36:00,2026-10-07 20:50:00,,16,,on time,18,,,,25.5,0.00,13.3,22380.0,dry and calm
3020,2026-10-07,BLR,AI 2802,AI,Air India,DEL,New Delhi,f,VT-TQR,Airbus A320 NEO,2,2026-10-07 18:20:00,2026-10-07 18:41:00,2026-10-07 20:57:00,,21,,on time,18,AI 2853,BOM,-13,25.5,0.00,13.3,22380.0,dry and calm
3021,2026-10-07,BLR,IX 5313,IX,Air India Express,CCJ,Calicut,f,,Boeing 737,2,2026-10-07 18:20:00,,,,,,no actual time,18,,,,25.5,0.00,13.3,22380.0,dry and calm
3022,2026-10-07,HYD,6E 6329,6E,IndiGo,GOI,Vasco da Gama,f,VT-ICX,Airbus A321 NEO,,2026-10-07 18:20:00,2026-10-07 19:07:00,2026-10-07 19:35:00,,47,,late,18,6E 6067,BLR,1,27.9,0.00,21.2,14700.0,dry and calm
3023,2026-10-07,BOM,QP 1175,QP,Akasa Air,GOX,Mopa,f,,Boeing 737,2,2026-10-07 18:25:00,2026-10-07 18:48:00,2026-10-07 19:55:00,,23,,on time,18,,,,32.2,0.00,24.8,15980.0,dry and calm
3024,2026-10-07,HYD,6E 7543,6E,IndiGo,NAG,Naqpur,f,VT-IRR,ATR 72,,2026-10-07 18:25:00,2026-10-07 18:51:00,2026-10-07 19:55:00,,26,,on time,18,,,,27.9,0.00,21.2,14700.0,dry and calm
3025,2026-10-07,HYD,AI 2880,AI,Air India,DEL,New Delhi,f,VT-TQQ,Airbus A320 NEO,,2026-10-07 18:25:00,2026-10-07 18:36:00,2026-10-07 20:17:00,,11,,on time,18,,,,27.9,0.00,21.2,14700.0,dry and calm
3026,2026-10-07,BLR,6E 676,6E,IndiGo,CCU,Kolkata,f,VT-IIZ,Airbus A320 NEO,1,2026-10-07 18:30:00,2026-10-07 18:52:00,2026-10-07 21:10:00,2026-10-07 20:54:00,22,-16,on time,18,,,,25.5,0.00,13.3,22380.0,dry and calm
3027,2026-10-07,BOM,6E 5047,6E,IndiGo,BLR,Bangalore,f,VT-NCD,Airbus A320,1,2026-10-07 18:30:00,2026-10-07 19:05:00,2026-10-07 20:25:00,2026-10-07 20:24:00,35,-1,late,18,6E 5031,BLR,,32.2,0.00,24.8,15980.0,dry and calm
3028,2026-10-07,BOM,AI 2493,AI,Air India,AMD,Ahmedabad,f,VT-PPH,Airbus A321,2,2026-10-07 18:30:00,2026-10-07 18:39:00,2026-10-07 19:40:00,,9,,on time,18,,,,32.2,0.00,24.8,15980.0,dry and calm
3029,2026-10-07,BOM,AI 2641,AI,Air India,BLR,Bangalore,f,VT-TQC,Airbus A320 NEO,2,2026-10-07 18:30:00,2026-10-07 18:35:00,2026-10-07 20:35:00,2026-10-07 19:49:00,5,-46,on time,18,,,,32.2,0.00,24.8,15980.0,dry and calm
3030,2026-10-07,BOM,AI 2996,AI,Air India,DEL,New Delhi,f,VT-CIG,Airbus A320 NEO,2,2026-10-07 18:30:00,2026-10-07 19:02:00,2026-10-07 20:48:00,,32,,late,18,,,,32.2,0.00,24.8,15980.0,dry and calm
3031,2026-10-07,HYD,6E 7248,6E,IndiGo,RPR,Raipur,f,,ATR 72,,2026-10-07 18:30:00,,2026-10-07 20:20:00,,,,no actual time,18,,,,27.9,0.00,21.2,14700.0,dry and calm
3032,2026-10-07,BLR,6E 638,6E,IndiGo,HYD,Hyderabad,f,VT-NHJ,Airbus A321 NEO,1,2026-10-07 18:35:00,2026-10-07 19:13:00,2026-10-07 19:45:00,2026-10-07 20:00:00,38,15,late,18,6E 314,HYD,9,25.5,0.00,13.3,22380.0,dry and calm
3033,2026-10-07,BLR,QP 1336,QP,Akasa Air,DEL,New Delhi,f,VT-YAX,Boeing 737 MAX 8,1,2026-10-07 18:35:00,,2026-10-07 21:19:00,,,,no actual time,18,,,,25.5,0.00,13.3,22380.0,dry and calm
3034,2026-10-07,BOM,6E 5147,6E,IndiGo,NAG,Naqpur,f,VT-IRY,Airbus A320,1,2026-10-07 18:35:00,2026-10-07 18:55:00,2026-10-07 20:10:00,,20,,on time,18,,,,32.2,0.00,24.8,15980.0,dry and calm
3035,2026-10-07,BOM,6E 5273,6E,IndiGo,IDR,Indore,f,VT-IQM,Airbus A320 NEO,1,2026-10-07 18:35:00,2026-10-07 18:42:00,2026-10-07 20:00:00,,7,,on time,18,,,,32.2,0.00,24.8,15980.0,dry and calm
3036,2026-10-07,HYD,6E 186,6E,IndiGo,IXR,Ranchi,f,VT-IQA,Airbus A320 NEO,,2026-10-07 18:35:00,2026-10-07 18:50:00,2026-10-07 20:30:00,,15,,on time,18,,,,27.9,0.00,21.2,14700.0,dry and calm
3037,2026-10-07,HYD,6E 7103,6E,IndiGo,IXE,Mangalore,f,VT-IYU,ATR 72,,2026-10-07 18:35:00,,2026-10-07 20:20:00,,,,no actual time,18,,,,27.9,0.00,21.2,14700.0,dry and calm
3038,2026-10-07,BLR,IX 1543,IX,Air India Express,NAG,Naqpur,f,VT-BWT,Boeing 737 MAX 8,2,2026-10-07 18:40:00,2026-10-07 19:01:00,2026-10-07 20:30:00,,21,,on time,18,,,,25.5,0.00,13.3,22380.0,dry and calm
3039,2026-10-07,BOM,6E 2237,6E,IndiGo,AMD,Ahmedabad,f,VT-NHR,Airbus A320,2,2026-10-07 18:40:00,2026-10-07 19:15:00,2026-10-07 20:00:00,,35,,late,18,,,,32.2,0.00,24.8,15980.0,dry and calm
3040,2026-10-07,HYD,IX 2743,IX,Air India Express,VGA,Vidzhayavada,f,VT-BWD,Boeing 737 MAX 8,,2026-10-07 18:40:00,2026-10-07 19:00:00,2026-10-07 19:45:00,,20,,on time,18,,,,27.9,0.00,21.2,14700.0,dry and calm
3041,2026-10-07,BLR,6E 1183,6E,IndiGo,CMB,Colombo,t,VT-IML,Airbus A321 NEO,2,2026-10-07 18:45:00,2026-10-07 19:05:00,2026-10-07 20:15:00,,20,,on time,18,,,,25.5,0.00,13.3,22380.0,dry and calm
3042,2026-10-07,BLR,IX 1581,IX,Air India Express,NMI,Mumbai,f,VT-BXP,Boeing 737 MAX 8,2,2026-10-07 18:45:00,2026-10-07 18:55:00,2026-10-07 20:25:00,,10,,on time,18,,,,25.5,0.00,13.3,22380.0,dry and calm
3043,2026-10-07,BOM,6E 6549,6E,IndiGo,IXE,Mangalore,f,VT-IXK,Airbus A320 NEO,2,2026-10-07 18:45:00,2026-10-07 19:27:00,2026-10-07 20:20:00,,42,,late,18,,,,32.2,0.00,24.8,15980.0,dry and calm
3044,2026-10-07,BOM,6E 825,6E,IndiGo,PAT,Patna,f,VT-IWX,Airbus A320 NEO,2,2026-10-07 18:45:00,2026-10-07 19:08:00,2026-10-07 21:25:00,,23,,on time,18,,,,32.2,0.00,24.8,15980.0,dry and calm
3045,2026-10-07,BOM,QP 1837,QP,Akasa Air,LKO,Lucknow,f,,Boeing 737,2,2026-10-07 18:45:00,2026-10-07 19:13:00,2026-10-07 21:05:00,,28,,on time,18,,,,32.2,0.00,24.8,15980.0,dry and calm
3046,2026-10-07,HYD,6E 6783,6E,IndiGo,BLR,Bangalore,f,VT-IQQ,Airbus A320 NEO,,2026-10-07 18:45:00,2026-10-07 19:12:00,2026-10-07 20:05:00,2026-10-07 19:59:00,27,-6,on time,18,,,,27.9,0.00,21.2,14700.0,dry and calm
3047,2026-10-07,BLR,6E 105,6E,IndiGo,PNQ,Pune,f,VT-IKT,Airbus A320,1,2026-10-07 18:50:00,2026-10-07 19:10:00,2026-10-07 20:15:00,2026-10-07 20:19:00,20,4,on time,18,,,,25.5,0.00,13.3,22380.0,dry and calm
3048,2026-10-07,BLR,6E 6162,6E,IndiGo,IXE,Mangalore,f,VT-IPC,Airbus A320 NEO,1,2026-10-07 18:50:00,2026-10-07 19:04:00,2026-10-07 19:45:00,,14,,on time,18,,,,25.5,0.00,13.3,22380.0,dry and calm
3049,2026-10-07,BLR,IX 1494,IX,Air India Express,JAI,Jaipur,f,,,2,2026-10-07 18:55:00,,,,,,no actual time,18,,,,25.5,0.00,13.3,22380.0,dry and calm
3050,2026-10-07,BLR,IX 1871,IX,Air India Express,CCU,Kolkata,f,,,2,2026-10-07 18:55:00,,,,,,no actual time,18,,,,25.5,0.00,13.3,22380.0,dry and calm
3051,2026-10-07,BLR,6E 969,6E,IndiGo,VTZ,Visakhapatnam,f,VT-IXE,Airbus A320 NEO,1,2026-10-07 19:00:00,,2026-10-07 20:40:00,2026-10-07 20:29:00,,-11,no actual time,19,,,,24.7,0.00,17.6,20340.0,dry and calm
3052,2026-10-07,BLR,AI 2610,AI,Air India,BOM,Mumbai,f,VT-TQM,Airbus A320 NEO,2,2026-10-07 19:00:00,,2026-10-07 21:05:00,,,,no actual time,19,AI 2849,BOM,-25,24.7,0.00,17.6,20340.0,dry and calm
3053,2026-10-07,BOM,6E 317,6E,IndiGo,DEL,New Delhi,f,VT-NCK,Airbus A320,2,2026-10-07 19:00:00,2026-10-07 19:10:00,2026-10-07 20:53:00,,10,,on time,19,,,,31.5,0.00,18.0,14520.0,dry and calm
3054,2026-10-07,BOM,QP 1120,QP,Akasa Air,DEL,New Delhi,f,,Boeing 737,2,2026-10-07 19:00:00,2026-10-07 19:19:00,2026-10-07 21:05:00,,19,,on time,19,,,,31.5,0.00,18.0,14520.0,dry and calm
3055,2026-10-07,HYD,6E 5039,6E,IndiGo,BOM,Mumbai,f,VT-NOU,Airbus A321 NEO,,2026-10-07 19:00:00,2026-10-07 19:21:00,2026-10-07 20:30:00,,21,,on time,19,6E 5228,BOM,-11,27.0,0.00,16.9,14640.0,dry and calm
3056,2026-10-07,HYD,6E 6486,6E,IndiGo,MAA,Chennai,f,VT-IBD,Airbus A321 NEO,,2026-10-07 19:00:00,2026-10-07 19:27:00,2026-10-07 20:20:00,,27,,on time,19,,,,27.0,0.00,16.9,14640.0,dry and calm
3057,2026-10-07,BLR,6E 6283,6E,IndiGo,BOM,Mumbai,f,VT-NCQ,Airbus A321 NEO,1,2026-10-07 19:05:00,2026-10-07 19:15:00,2026-10-07 20:40:00,,10,,on time,19,6E 5071,BOM,-34,24.7,0.00,17.6,20340.0,dry and calm
3058,2026-10-07,HYD,6E 2185,6E,IndiGo,PAT,Patna,f,VT-ISU,Airbus A320 NEO,,2026-10-07 19:05:00,2026-10-07 19:43:00,2026-10-07 21:00:00,,38,,late,19,,,,27.0,0.00,16.9,14640.0,dry and calm
3059,2026-10-07,BLR,IX 1250,IX,Air India Express,HYD,Hyderabad,f,VT-BXK,Boeing 737 MAX 8,2,2026-10-07 19:10:00,2026-10-07 19:32:00,2026-10-07 20:20:00,2026-10-07 20:18:00,22,-2,on time,19,IX 1345,HYD,-19,24.7,0.00,17.6,20340.0,dry and calm
3060,2026-10-07,BOM,6E 5177,6E,IndiGo,GOX,Mopa,f,VT-NCZ,Airbus A320 NEO,1,2026-10-07 19:10:00,2026-10-07 19:25:00,2026-10-07 20:25:00,,15,,on time,19,,,,31.5,0.00,18.0,14520.0,dry and calm
3061,2026-10-07,HYD,6E 6043,6E,IndiGo,DEL,New Delhi,f,VT-NCY,Airbus A320,,2026-10-07 19:10:00,2026-10-07 19:34:00,2026-10-07 21:22:00,,24,,on time,19,,,,27.0,0.00,16.9,14640.0,dry and calm
3062,2026-10-07,HYD,6E 6565,6E,IndiGo,TIR,Tirumala - Tirupati,f,VT-ISR,Airbus A320 NEO,,2026-10-07 19:10:00,2026-10-07 19:40:00,2026-10-07 20:20:00,,30,,late,19,,,,27.0,0.00,16.9,14640.0,dry and calm
3063,2026-10-07,BLR,6E 6554,6E,IndiGo,GOI,Vasco da Gama,f,VT-ITO,Airbus A320 (Sharklets),1,2026-10-07 19:15:00,2026-10-07 19:35:00,2026-10-07 20:25:00,,20,,on time,19,,,,24.7,0.00,17.6,20340.0,dry and calm
3064,2026-10-07,BLR,IX 1541,IX,Air India Express,LKO,Lucknow,f,,,2,2026-10-07 19:15:00,,,,,,no actual time,19,,,,24.7,0.00,17.6,20340.0,dry and calm
3065,2026-10-07,BLR,QP 1150,QP,Akasa Air,BOM,Mumbai,f,VT-YBF,Boeing 737 MAX 8,1,2026-10-07 19:15:00,,2026-10-07 21:15:00,,,,no actual time,19,,,,24.7,0.00,17.6,20340.0,dry and calm
3066,2026-10-07,BLR,QP 576,QP,Akasa Air,JED,Jeddah,t,VT-YBG,Boeing 737 MAX 8,2,2026-10-07 19:15:00,,2026-10-07 22:50:00,,,,no actual time,19,,,,24.7,0.00,17.6,20340.0,dry and calm
3067,2026-10-07,BOM,6E 618,6E,IndiGo,BDQ,Vadodara,f,VT-ILF,Airbus A320,2,2026-10-07 19:15:00,2026-10-07 19:22:00,2026-10-07 20:20:00,,7,,on time,19,,,,31.5,0.00,18.0,14520.0,dry and calm
3068,2026-10-07,HYD,6E 1235,6E,IndiGo,KWI,Kuwait City,t,VT-IBK,Airbus A321 NEO,,2026-10-07 19:15:00,2026-10-07 19:31:00,2026-10-07 22:00:00,,16,,on time,19,,,,27.0,0.00,16.9,14640.0,dry and calm
3069,2026-10-07,HYD,6E 922,6E,IndiGo,BBI,Bhubaneswar,f,VT-IMM,Airbus A321 NEO,,2026-10-07 19:15:00,2026-10-07 19:54:00,2026-10-07 20:55:00,,39,,late,19,,,,27.0,0.00,16.9,14640.0,dry and calm
3070,2026-10-07,BLR,6E 7134,6E,IndiGo,VGA,Vijayawada,f,VT-IYZ,ATR 72,1,2026-10-07 19:20:00,,2026-10-07 20:50:00,,,,no actual time,19,,,,24.7,0.00,17.6,20340.0,dry and calm
3071,2026-10-07,BOM,6E 1401,6E,IndiGo,AUH,Abu Dhabi,t,VT-IRV,Airbus A320,2,2026-10-07 19:20:00,2026-10-07 19:58:00,,,38,,late,19,,,,31.5,0.00,18.0,14520.0,dry and calm
3072,2026-10-07,BOM,6E 544,6E,IndiGo,LKO,Lucknow,f,VT-IQO,Airbus A320 NEO,2,2026-10-07 19:20:00,2026-10-07 19:51:00,2026-10-07 21:25:00,,31,,late,19,,,,31.5,0.00,18.0,14520.0,dry and calm
3073,2026-10-07,BOM,QP 1125,QP,Akasa Air,CCU,Kolkata,f,,Boeing 737,2,2026-10-07 19:20:00,2026-10-07 19:38:00,2026-10-07 22:20:00,,18,,on time,19,,,,31.5,0.00,18.0,14520.0,dry and calm
3074,2026-10-07,HYD,6E 7283,6E,IndiGo,VGA,Vidzhayavada,f,,ATR 72,,2026-10-07 19:20:00,,2026-10-07 20:25:00,,,,no actual time,19,,,,27.0,0.00,16.9,14640.0,dry and calm
3075,2026-10-07,HYD,IX 2983,IX,Air India Express,BLR,Bangalore,f,VT-BXR,Boeing 737,,2026-10-07 19:20:00,2026-10-07 19:48:00,2026-10-07 20:50:00,2026-10-07 20:38:00,28,-12,on time,19,IX 2506,BLR,-10,27.0,0.00,16.9,14640.0,dry and calm
3076,2026-10-07,BLR,6E 152,6E,IndiGo,CCJ,Calicut,f,VT-IOT,Airbus A320 NEO,1,2026-10-07 19:25:00,2026-10-07 19:36:00,2026-10-07 20:25:00,,11,,on time,19,,,,24.7,0.00,17.6,20340.0,dry and calm
3077,2026-10-07,BOM,6E 5105,6E,IndiGo,MAA,Chennai,f,VT-NOD,Airbus A320,1,2026-10-07 19:25:00,2026-10-07 19:44:00,2026-10-07 21:30:00,,19,,on time,19,,,,31.5,0.00,18.0,14520.0,dry and calm
3078,2026-10-07,BOM,AI 2505,AI,Air India,GOI,Vasco da Gama,f,VT-RTZ,Airbus A320 NEO,2,2026-10-07 19:25:00,2026-10-07 19:30:00,2026-10-07 20:50:00,,5,,on time,19,,,,31.5,0.00,18.0,14520.0,dry and calm
3079,2026-10-07,BLR,6E 6585,6E,IndiGo,IXM,Madurai,f,VT-NHN,Airbus A321 NEO,1,2026-10-07 19:30:00,2026-10-07 19:44:00,2026-10-07 20:55:00,,14,,on time,19,,,,24.7,0.00,17.6,20340.0,dry and calm
3080,2026-10-07,BLR,6E 870,6E,IndiGo,DEL,New Delhi,f,VT-NCS,Airbus A321 NEO,1,2026-10-07 19:30:00,2026-10-07 19:53:00,2026-10-07 22:10:00,,23,,on time,19,,,,24.7,0.00,17.6,20340.0,dry and calm
3081,2026-10-07,BOM,AI 2408,AI,Air India,DEL,New Delhi,f,,Airbus A320 NEO,2,2026-10-07 19:30:00,2026-10-07 20:00:00,2026-10-07 21:45:00,,30,,late,19,,,,31.5,0.00,18.0,14520.0,dry and calm
3082,2026-10-07,BOM,EK 503,EK,Emirates,DXB,Dubai,t,A6-EXV,Airbus A350-900,2,2026-10-07 19:30:00,2026-10-07 19:49:00,2026-10-07 21:00:00,2026-10-07 20:41:00,19,-19,on time,19,,,,31.5,0.00,18.0,14520.0,dry and calm
3083,2026-10-07,BOM,NH 830,NH,ANA,NRT,Tokyo,t,JA894A,Boeing 787-9,2,2026-10-07 19:30:00,2026-10-07 20:16:00,2026-10-08 07:50:00,2026-10-08 07:19:00,46,-31,late,19,,,,31.5,0.00,18.0,14520.0,dry and calm
3084,2026-10-07,HYD,6E 6638,6E,IndiGo,JAI,Jaipur,f,VT-ISW,Airbus A320 NEO,,2026-10-07 19:30:00,2026-10-07 20:20:00,2026-10-07 21:25:00,,50,,late,19,,,,27.0,0.00,16.9,14640.0,dry and calm
3085,2026-10-07,BLR,6E 7165,6E,IndiGo,TRZ,Tiruchirappally,f,VT-IYH,ATR 72,1,2026-10-07 19:35:00,,2026-10-07 20:50:00,,,,no actual time,19,,,,24.7,0.00,17.6,20340.0,dry and calm
3086,2026-10-07,BOM,6E 5028,6E,IndiGo,ATQ,Amritsar,f,VT-IXP,Airbus A320 NEO,1,2026-10-07 19:35:00,2026-10-07 19:47:00,2026-10-07 22:00:00,,12,,on time,19,,,,31.5,0.00,18.0,14520.0,dry and calm
3087,2026-10-07,BLR,AI 2665,AI,Air India,DEL,New Delhi,f,VT-TNX,Airbus A320 NEO,2,2026-10-07 19:40:00,,2026-10-07 22:33:00,,,,no actual time,19,,,,24.7,0.00,17.6,20340.0,dry and calm
3088,2026-10-07,BLR,IX 1168,IX,Air India Express,MAA,Chennai,f,VT-TNN,Airbus A320 (Sharklets),2,2026-10-07 19:40:00,2026-10-07 19:48:00,2026-10-07 20:50:00,,8,,on time,19,,,,24.7,0.00,17.6,20340.0,dry and calm
3089,2026-10-07,BOM,6E 5326,6E,IndiGo,HYD,Hyderabad,f,VT-NOT,Airbus A320,1,2026-10-07 19:40:00,2026-10-07 20:16:00,2026-10-07 21:20:00,2026-10-07 21:16:00,36,-4,late,19,6E 5259,HYD,,31.5,0.00,18.0,14520.0,dry and calm
3090,2026-10-07,BOM,QP 1133,QP,Akasa Air,BLR,Bangalore,f,VT-YAJ,Boeing 737,2,2026-10-07 19:40:00,2026-10-07 19:59:00,2026-10-07 21:45:00,,19,,on time,19,,,,31.5,0.00,18.0,14520.0,dry and calm
3091,2026-10-07,BOM,QP 1195,QP,Akasa Air,AMD,Ahmedabad,f,,Boeing 737,2,2026-10-07 19:40:00,2026-10-07 19:57:00,2026-10-07 20:55:00,,17,,on time,19,,,,31.5,0.00,18.0,14520.0,dry and calm
3092,2026-10-07,HYD,6E 6252,6E,IndiGo,IXC,Chandigarh,f,VT-IQE,Airbus A320 NEO,,2026-10-07 19:40:00,2026-10-07 19:51:00,2026-10-07 22:15:00,,11,,on time,19,,,,27.0,0.00,16.9,14640.0,dry and calm
3093,2026-10-07,HYD,6E 984,6E,IndiGo,GOI,Vasco da Gama,f,VT-IVB,Airbus A320 NEO,,2026-10-07 19:40:00,2026-10-07 19:52:00,2026-10-07 20:55:00,,12,,on time,19,,,,27.0,0.00,16.9,14640.0,dry and calm
3094,2026-10-07,HYD,IX 953,IX,Air India Express,DXB,Dubai,t,VT-NTA,Boeing 737 MAX 8,,2026-10-07 19:40:00,2026-10-07 19:49:00,2026-10-07 21:55:00,2026-10-07 21:41:00,9,-14,on time,19,,,,27.0,0.00,16.9,14640.0,dry and calm
3095,2026-10-07,BLR,6E 855,6E,IndiGo,HYD,Hyderabad,f,VT-IXN,Airbus A320 NEO,1,2026-10-07 19:45:00,2026-10-07 20:05:00,2026-10-07 21:00:00,2026-10-07 20:51:00,20,-9,on time,19,6E 6417,HYD,-10,24.7,0.00,17.6,20340.0,dry and calm
3096,2026-10-07,BOM,6E 6049,6E,IndiGo,DEL,New Delhi,f,,Airbus A320,2,2026-10-07 19:45:00,2026-10-07 20:08:00,2026-10-07 21:50:00,,23,,on time,19,,,,31.5,0.00,18.0,14520.0,dry and calm
3097,2026-10-07,BOM,AI 2865,AI,Air India,BLR,Bangalore,f,VT-TNV,Airbus A320 NEO,2,2026-10-07 19:45:00,2026-10-07 19:54:00,2026-10-07 21:50:00,2026-10-07 21:09:00,9,-41,on time,19,,,,31.5,0.00,18.0,14520.0,dry and calm
3098,2026-10-07,BLR,6E 9304,6E,IndiGo,COK,Kochi,f,VT-IKW,Airbus A321,1,2026-10-07 19:50:00,,,,,,no actual time,19,,,,24.7,0.00,17.6,20340.0,dry and calm
3099,2026-10-07,BLR,IX 2924,IX,Air India Express,IXE,Mangalore,f,,Boeing 737,2,2026-10-07 19:50:00,,,,,,no actual time,19,,,,24.7,0.00,17.6,20340.0,dry and calm
3100,2026-10-07,BLR,QP 1262,QP,Akasa Air,CCU,Kolkata,f,VT-YAA,Boeing 737 MAX 8,1,2026-10-07 19:50:00,,2026-10-07 22:25:00,,,,no actual time,19,,,,24.7,0.00,17.6,20340.0,dry and calm
3101,2026-10-07,BOM,6E 5032,6E,IndiGo,BLR,Bangalore,f,VT-IWS,Airbus A320,1,2026-10-07 19:50:00,2026-10-07 20:28:00,2026-10-07 21:45:00,2026-10-07 21:39:00,38,-6,late,19,6E 5255,BLR,,31.5,0.00,18.0,14520.0,dry and calm
3102,2026-10-07,BOM,6E 6287,6E,IndiGo,CCU,Kolkata,f,VT-NOB,Airbus A320,2,2026-10-07 19:50:00,2026-10-07 20:21:00,2026-10-07 22:45:00,2026-10-07 22:35:00,31,-10,late,19,,,,31.5,0.00,18.0,14520.0,dry and calm
3103,2026-10-07,HYD,6E 7146,6E,IndiGo,RJA,Rajahmundry,f,VT-IYP,ATR 72,,2026-10-07 19:50:00,,2026-10-07 21:05:00,,,,no actual time,19,,,,27.0,0.00,16.9,14640.0,dry and calm
3104,2026-10-07,HYD,AI 840,AI,Air India,DEL,New Delhi,f,VT-JRH,Airbus A350-900,,2026-10-07 19:50:00,2026-10-07 20:00:00,2026-10-07 21:43:00,,10,,on time,19,,,,27.0,0.00,16.9,14640.0,dry and calm
3105,2026-10-07,BLR,6E 6875,6E,IndiGo,CJB,Coimbatore,f,VT-IXF,Airbus A320 NEO,1,2026-10-07 19:55:00,2026-10-07 20:10:00,2026-10-07 20:55:00,,15,,on time,19,,,,24.7,0.00,17.6,20340.0,dry and calm
3106,2026-10-07,BOM,AI 2583,AI,Air India,NAG,Naqpur,f,VT-TQA,Airbus A320 NEO,2,2026-10-07 19:55:00,2026-10-07 20:04:00,2026-10-07 21:35:00,,9,,on time,19,,,,31.5,0.00,18.0,14520.0,dry and calm
3107,2026-10-07,BOM,IX 1795,IX,Air India Express,CJB,Coimbatore,f,,Airbus A320 NEO,2,2026-10-07 19:55:00,2026-10-07 23:09:00,2026-10-07 21:45:00,,194,,late,19,,,,31.5,0.00,18.0,14520.0,dry and calm
3108,2026-10-07,BLR,6E 6423,6E,IndiGo,AMD,Ahmedabad,f,VT-ICP,Airbus A321 NEO,1,2026-10-07 20:00:00,2026-10-07 20:20:00,2026-10-07 22:10:00,,20,,on time,20,,,,23.8,0.00,18.0,20220.0,dry and calm
3109,2026-10-07,BLR,AI 2818,AI,Air India,DEL,New Delhi,f,VT-TQI,Airbus A320 NEO,2,2026-10-07 20:00:00,2026-10-07 20:43:00,2026-10-07 23:05:00,,43,,late,20,,,,23.8,0.00,18.0,20220.0,dry and calm
3110,2026-10-07,BLR,QP 1317,QP,Akasa Air,PNQ,Pune,f,VT-YBS,Boeing 737,1,2026-10-07 20:00:00,,2026-10-07 21:35:00,,,,no actual time,20,,,,23.8,0.00,18.0,20220.0,dry and calm
3111,2026-10-07,BOM,6E 5107,6E,IndiGo,AMD,Ahmedabad,f,VT-ICK,Airbus A320 NEO,1,2026-10-07 20:00:00,2026-10-07 20:11:00,2026-10-07 21:20:00,,11,,on time,20,,,,30.9,0.00,15.1,14520.0,dry and calm
3112,2026-10-07,BOM,AI 2289,AI,Air India,DOH,Doha,t,,Airbus A320 NEO,2,2026-10-07 20:00:00,2026-10-07 20:13:00,2026-10-07 21:15:00,2026-10-07 20:47:00,13,-28,on time,20,,,,30.9,0.00,15.1,14520.0,dry and calm
3113,2026-10-07,BOM,AI 2940,AI,Air India,DEL,New Delhi,f,,Airbus A321,2,2026-10-07 20:00:00,2026-10-07 20:06:00,2026-10-07 21:53:00,,6,,on time,20,,,,30.9,0.00,15.1,14520.0,dry and calm
3114,2026-10-07,HYD,6E 285,6E,IndiGo,BLR,Bangalore,f,VT-IOQ,Airbus A320 NEO,,2026-10-07 20:00:00,2026-10-07 20:27:00,2026-10-07 21:20:00,2026-10-07 21:18:00,27,-2,on time,20,,,,26.0,0.00,13.3,14540.0,dry and calm
3115,2026-10-07,BOM,IX 1219,IX,Air India Express,JAI,Jaipur,f,VT-RTQ,Airbus A320,2,2026-10-07 20:10:00,2026-10-07 20:31:00,2026-10-07 22:00:00,,21,,on time,20,,,,30.9,0.00,15.1,14520.0,dry and calm
3116,2026-10-07,BLR,6E 5376,6E,IndiGo,BOM,Mumbai,f,VT-NCU,Airbus A321 NEO,1,2026-10-07 20:15:00,2026-10-07 20:35:00,2026-10-07 22:00:00,,20,,on time,20,6E 5221,BOM,-22,23.8,0.00,18.0,20220.0,dry and calm
3117,2026-10-07,BLR,6E 6120,6E,IndiGo,PAT,Patna,f,VT-IIW,Airbus A320 NEO,1,2026-10-07 20:15:00,,2026-10-07 22:50:00,,,,no actual time,20,,,,23.8,0.00,18.0,20220.0,dry and calm
3118,2026-10-07,BLR,QP 1743,QP,Akasa Air,CCJ,Calicut,f,VT-YBC,Boeing 737 MAX 8,1,2026-10-07 20:15:00,,2026-10-07 21:15:00,,,,no actual time,20,,,,23.8,0.00,18.0,20220.0,dry and calm
3119,2026-10-07,BOM,6E 5233,6E,IndiGo,IXC,Chandigarh,f,VT-ICB,Airbus A320,1,2026-10-07 20:15:00,2026-10-07 20:35:00,2026-10-07 22:45:00,,20,,on time,20,,,,30.9,0.00,15.1,14520.0,dry and calm
3120,2026-10-07,BLR,6E 6077,6E,IndiGo,MAA,Chennai,f,VT-ISP,Airbus A320 NEO,1,2026-10-07 20:20:00,2026-10-07 20:33:00,2026-10-07 21:25:00,,13,,on time,20,,,,23.8,0.00,18.0,20220.0,dry and calm
3121,2026-10-07,BLR,6E 975,6E,IndiGo,CCU,Kolkata,f,VT-ILE,Airbus A321 NEO,1,2026-10-07 20:20:00,2026-10-07 21:14:00,2026-10-07 23:00:00,2026-10-07 23:14:00,54,14,late,20,,,,23.8,0.00,18.0,20220.0,dry and calm
3122,2026-10-07,BOM,6E 330,6E,IndiGo,DEL,New Delhi,f,,Airbus A320,2,2026-10-07 20:20:00,2026-10-07 21:03:00,2026-10-07 22:48:00,,43,,late,20,,,,30.9,0.00,15.1,14520.0,dry and calm
3123,2026-10-07,BOM,6E 5164,6E,IndiGo,IDR,Indore,f,VT-IXH,Airbus A320,1,2026-10-07 20:20:00,2026-10-07 20:07:00,2026-10-07 21:30:00,,-13,,on time,20,,,,30.9,0.00,15.1,14520.0,dry and calm
3124,2026-10-07,BOM,IX 1801,IX,Air India Express,COK,Kochi,f,VT-BWF,Boeing 737,2,2026-10-07 20:20:00,2026-10-07 21:40:00,2026-10-07 22:20:00,,80,,late,20,,,,30.9,0.00,15.1,14520.0,dry and calm
3125,2026-10-07,HYD,6E 426,6E,IndiGo,PNQ,Pune,f,VT-ICQ,Airbus A321,,2026-10-07 20:20:00,2026-10-07 20:29:00,2026-10-07 21:30:00,2026-10-07 21:22:00,9,-8,on time,20,,,,26.0,0.00,13.3,14540.0,dry and calm
3126,2026-10-07,BLR,6E 435,6E,IndiGo,COK,Kochi,f,VT-IQX,Airbus A320 NEO,1,2026-10-07 20:25:00,2026-10-07 20:45:00,2026-10-07 21:30:00,,20,,on time,20,,,,23.8,0.00,18.0,20220.0,dry and calm
3127,2026-10-07,HYD,6E 1407,6E,IndiGo,AUH,Abu Dhabi,t,VT-IMH,Airbus A321 NEO,,2026-10-07 20:25:00,2026-10-07 20:37:00,,,12,,on time,20,,,,26.0,0.00,13.3,14540.0,dry and calm
3128,2026-10-07,HYD,6E 621,6E,IndiGo,IDR,Indore,f,VT-NHJ,Airbus A321 NEO,,2026-10-07 20:25:00,2026-10-07 21:12:00,2026-10-07 21:50:00,,47,,late,20,6E 638,BLR,15,26.0,0.00,13.3,14540.0,dry and calm
3129,2026-10-07,BLR,6E 6385,6E,IndiGo,IXC,Chandigarh,f,VT-ICG,Airbus A321 NEO,1,2026-10-07 20:30:00,2026-10-07 20:50:00,2026-10-07 23:40:00,,20,,on time,20,,,,23.8,0.00,18.0,20220.0,dry and calm
3130,2026-10-07,BLR,AI 2850,AI,Air India,BOM,Mumbai,f,VT-TQC,Airbus A320 NEO,2,2026-10-07 20:30:00,2026-10-07 20:59:00,2026-10-07 22:40:00,,29,,on time,20,AI 2641,BOM,-46,23.8,0.00,18.0,20220.0,dry and calm
3131,2026-10-07,BOM,AI 2827,AI,Air India,MAA,Chennai,f,,Airbus A320 NEO,2,2026-10-07 20:30:00,2026-10-07 20:47:00,2026-10-07 22:35:00,,17,,on time,20,,,,30.9,0.00,15.1,14520.0,dry and calm
3132,2026-10-07,BOM,AI 2988,AI,Air India,DEL,New Delhi,f,,Airbus A320 NEO,2,2026-10-07 20:30:00,2026-10-07 20:50:00,2026-10-07 22:35:00,,20,,on time,20,,,,30.9,0.00,15.1,14520.0,dry and calm
3133,2026-10-07,HYD,6E 1421,6E,IndiGo,SHJ,Sharjah,t,VT-IQF,Airbus A320 NEO,,2026-10-07 20:30:00,2026-10-07 20:45:00,2026-10-07 22:40:00,2026-10-07 22:36:00,15,-4,on time,20,,,,26.0,0.00,13.3,14540.0,dry and calm
3134,2026-10-07,BLR,IX 2015,IX,Air India Express,AMD,Ahmedabad,f,,,2,2026-10-07 20:35:00,,,,,,no actual time,20,,,,23.8,0.00,18.0,20220.0,dry and calm
3135,2026-10-07,HYD,AI 2876,AI,Air India,BOM,Mumbai,f,VT-CID,Airbus A320,,2026-10-07 20:35:00,2026-10-07 22:12:00,2026-10-07 22:30:00,,97,,late,20,AI 2619,BOM,-26,26.0,0.00,13.3,14540.0,dry and calm
3136,2026-10-07,BLR,6E 441,6E,IndiGo,PNQ,Pune,f,VT-IPL,Airbus A320 NEO,1,2026-10-07 20:40:00,2026-10-07 21:16:00,2026-10-07 22:05:00,2026-10-07 22:23:00,36,18,late,20,,,,23.8,0.00,18.0,20220.0,dry and calm
3137,2026-10-07,BLR,6E 817,6E,IndiGo,DEL,New Delhi,f,VT-IWV,Airbus A321 NEO,1,2026-10-07 20:40:00,2026-10-07 21:11:00,2026-10-07 23:31:00,,31,,late,20,,,,23.8,0.00,18.0,20220.0,dry and calm
3138,2026-10-07,BOM,6E 5182,6E,IndiGo,BBI,Bhubaneswar,f,VT-IPY,Airbus A320,1,2026-10-07 20:40:00,2026-10-07 21:00:00,2026-10-07 23:00:00,,20,,on time,20,,,,30.9,0.00,15.1,14520.0,dry and calm
3139,2026-10-07,BOM,QP 1103,QP,Akasa Air,AMD,Ahmedabad,f,,Boeing 737,2,2026-10-07 20:40:00,2026-10-07 21:09:00,2026-10-07 21:50:00,,29,,on time,20,,,,30.9,0.00,15.1,14520.0,dry and calm
3140,2026-10-07,BOM,UL 144,UL,SriLankan,CMB,Colombo,t,4R-ABM,Airbus A320,2,2026-10-07 20:40:00,2026-10-07 21:29:00,2026-10-07 23:10:00,,49,,late,20,,,,30.9,0.00,15.1,14520.0,dry and calm
3141,2026-10-07,BLR,6E 6086,6E,IndiGo,BBI,Bhubaneswar,f,VT-IQQ,Airbus A320 NEO,1,2026-10-07 20:45:00,2026-10-07 21:12:00,2026-10-07 22:50:00,,27,,on time,20,6E 6783,HYD,-6,23.8,0.00,18.0,20220.0,dry and calm
3142,2026-10-07,BOM,6E 5145,6E,IndiGo,LKO,Lucknow,f,VT-IBI,Airbus A320,1,2026-10-07 20:45:00,2026-10-07 21:07:00,2026-10-07 23:05:00,,22,,on time,20,,,,30.9,0.00,15.1,14520.0,dry and calm
3143,2026-10-07,BOM,AI 2401,AI,Air India,BLR,Bangalore,f,VT-RTY,Airbus A320 NEO,2,2026-10-07 20:45:00,2026-10-07 21:02:00,2026-10-07 22:45:00,2026-10-07 22:20:00,17,-25,on time,20,,,,30.9,0.00,15.1,14520.0,dry and calm
3144,2026-10-07,BOM,IX 1163,IX,Air India Express,GOX,Mopa,f,VT-BWA,Boeing 737,2,2026-10-07 20:45:00,2026-10-07 21:13:00,2026-10-07 22:00:00,,28,,on time,20,,,,30.9,0.00,15.1,14520.0,dry and calm
3145,2026-10-07,BLR,6E 6743,6E,IndiGo,IDR,Indore,f,VT-ISY,Airbus A320 NEO,1,2026-10-07 20:50:00,2026-10-07 21:21:00,2026-10-07 22:45:00,,31,,late,20,,,,23.8,0.00,18.0,20220.0,dry and calm
3146,2026-10-07,BLR,9I 547,9I,Alliance Air,GOI,Vasco da Gama,f,VT-RKC,ATR 72,2,2026-10-07 20:50:00,,2026-10-07 22:25:00,,,,no actual time,20,,,,23.8,0.00,18.0,20220.0,dry and calm
3147,2026-10-07,BOM,6E 1201,6E,IndiGo,BAH,Manama,t,VT-ICR,Airbus A320,2,2026-10-07 20:50:00,2026-10-07 21:09:00,2026-10-07 21:55:00,,19,,on time,20,,,,30.9,0.00,15.1,14520.0,dry and calm
3148,2026-10-07,BLR,IX 1360,IX,Air India Express,NMI,Mumbai,f,VT-BWV,Boeing 737 MAX 8,2,2026-10-07 20:55:00,,2026-10-07 22:40:00,,,,no actual time,20,,,,23.8,0.00,18.0,20220.0,dry and calm
3149,2026-10-07,BOM,QP 1254,QP,Akasa Air,CCU,Kolkata,f,,Boeing 737,2,2026-10-07 20:55:00,2026-10-07 21:27:00,2026-10-07 23:30:00,,32,,late,20,,,,30.9,0.00,15.1,14520.0,dry and calm
3150,2026-10-07,BLR,EK 567,EK,Emirates,DXB,Dubai,t,A6-ECM,Boeing 777-300,2,2026-10-07 21:00:00,2026-10-07 21:08:00,2026-10-07 23:20:00,2026-10-07 22:54:00,8,-26,on time,21,,,,23.2,0.00,19.1,18100.0,dry and calm
3151,2026-10-07,BLR,IX 2116,IX,Air India Express,COK,Kochi,f,VT-BWN,Boeing 737 MAX 8,2,2026-10-07 21:00:00,2026-10-07 21:18:00,2026-10-07 22:05:00,,18,,on time,21,,,,23.2,0.00,19.1,18100.0,dry and calm
3152,2026-10-07,BOM,6E 5291,6E,IndiGo,MAA,Chennai,f,VT-NHL,Airbus A320,1,2026-10-07 21:00:00,2026-10-07 21:18:00,2026-10-07 23:05:00,,18,,on time,21,,,,30.3,0.00,14.8,14500.0,dry and calm
3153,2026-10-07,BOM,AI 816,AI,Air India,DEL,New Delhi,f,VT-RTM,Boeing 777-300ER,2,2026-10-07 21:00:00,2026-10-07 21:18:00,2026-10-07 23:02:00,,18,,on time,21,AI 2447,HYD,,30.3,0.00,14.8,14500.0,dry and calm
3154,2026-10-07,HYD,6E 890,6E,IndiGo,DEL,New Delhi,f,VT-IOL,Airbus A320 NEO,,2026-10-07 21:00:00,2026-10-07 21:10:00,2026-10-08 00:14:00,,10,,on time,21,,,,25.2,0.00,9.7,13200.0,dry and calm
3155,2026-10-07,BLR,IX 1089,IX,Air India Express,IXC,Chandigarh,f,VT-BWL,Boeing 737 MAX 8,2,2026-10-07 21:05:00,2026-10-07 21:28:00,2026-10-08 00:15:00,,23,,on time,21,,,,23.2,0.00,19.1,18100.0,dry and calm
3156,2026-10-07,HYD,6E 2084,6E,IndiGo,NMI,Mumbai,f,,Airbus A320 NEO,,2026-10-07 21:05:00,,2026-10-07 22:35:00,,,,no actual time,21,,,,25.2,0.00,9.7,13200.0,dry and calm
3157,2026-10-07,HYD,IX 1378,IX,Air India Express,BLR,Bangalore,f,VT-BXK,Boeing 737 MAX 8,,2026-10-07 21:05:00,2026-10-07 21:13:00,2026-10-07 22:30:00,2026-10-07 22:00:00,8,-30,on time,21,IX 1250,BLR,-2,25.2,0.00,9.7,13200.0,dry and calm
3158,2026-10-07,BLR,6E 1301,6E,IndiGo,DOH,Doha,t,VT-IBW,Airbus A321 NEO,2,2026-10-07 21:10:00,2026-10-07 21:26:00,2026-10-07 23:00:00,2026-10-07 22:49:00,16,-11,on time,21,,,,23.2,0.00,19.1,18100.0,dry and calm
3159,2026-10-07,BLR,6E 163,6E,IndiGo,NMI,Mumbai,f,,,1,2026-10-07 21:10:00,,,,,,no actual time,21,,,,23.2,0.00,19.1,18100.0,dry and calm
3160,2026-10-07,BLR,6E 578,6E,IndiGo,IXE,Mangalore,f,,,1,2026-10-07 21:10:00,,,,,,no actual time,21,,,,23.2,0.00,19.1,18100.0,dry and calm
3161,2026-10-07,BLR,QP 1264,QP,Akasa Air,CCU,Kolkata,f,VT-YAV,Boeing 737 MAX 8,1,2026-10-07 21:10:00,,2026-10-07 23:35:00,,,,no actual time,21,,,,23.2,0.00,19.1,18100.0,dry and calm
3162,2026-10-07,BOM,6E 1491,6E,IndiGo,RKT,Ras Al Khaimah,t,VT-IOU,Airbus A320 NEO,2,2026-10-07 21:10:00,2026-10-07 21:21:00,2026-10-07 22:40:00,,11,,on time,21,,,,30.3,0.00,14.8,14500.0,dry and calm
3163,2026-10-07,BOM,6E 5056,6E,IndiGo,HYD,Hyderabad,f,VT-NOU,Airbus A320,1,2026-10-07 21:10:00,2026-10-07 21:42:00,2026-10-07 22:45:00,2026-10-07 22:53:00,32,8,late,21,6E 5039,HYD,,30.3,0.00,14.8,14500.0,dry and calm
3164,2026-10-07,BOM,AI 2643,AI,Air India,CCU,Kolkata,f,VT-TNW,Airbus A320 NEO,2,2026-10-07 21:10:00,2026-10-07 21:16:00,2026-10-08 00:10:00,2026-10-07 23:30:00,6,-40,on time,21,,,,30.3,0.00,14.8,14500.0,dry and calm
3165,2026-10-07,BOM,IX 261,IX,Air India Express,AUH,Abu Dhabi,t,VT-ATJ,Airbus A320,2,2026-10-07 21:10:00,2026-10-07 21:32:00,,,22,,on time,21,,,,30.3,0.00,14.8,14500.0,dry and calm
3166,2026-10-07,HYD,6E 6174,6E,IndiGo,MAA,Chennai,f,VT-ICY,Airbus A321 NEO,,2026-10-07 21:10:00,2026-10-07 22:11:00,2026-10-07 22:40:00,,61,,late,21,,,,25.2,0.00,9.7,13200.0,dry and calm
3167,2026-10-07,BLR,QP 2002,QP,Akasa Air,NMI,Mumbai,f,,Boeing 737,1,2026-10-07 21:15:00,,2026-10-07 23:00:00,,,,no actual time,21,,,,23.2,0.00,19.1,18100.0,dry and calm
3168,2026-10-07,BOM,6E 102,6E,IndiGo,DEL,New Delhi,f,VT-NCP,Airbus A320,2,2026-10-07 21:15:00,2026-10-07 21:34:00,2026-10-08 00:16:00,,19,,on time,21,,,,30.3,0.00,14.8,14500.0,dry and calm
3169,2026-10-07,BOM,AI 413,AI,Air India,JAI,Jaipur,f,,Airbus A319,2,2026-10-07 21:15:00,2026-10-07 21:50:00,2026-10-07 23:10:00,,35,,late,21,,,,30.3,0.00,14.8,14500.0,dry and calm
3170,2026-10-07,HYD,6E 216,6E,IndiGo,AMD,Ahmedabad,f,VT-IIY,Airbus A320 NEO,,2026-10-07 21:15:00,2026-10-07 21:19:00,2026-10-07 23:00:00,,4,,on time,21,,,,25.2,0.00,9.7,13200.0,dry and calm
3171,2026-10-07,HYD,6E 944,6E,IndiGo,CCU,Kolkata,f,VT-IMU,Airbus A321 NEO,,2026-10-07 21:15:00,2026-10-07 21:22:00,2026-10-07 23:25:00,2026-10-07 22:58:00,7,-27,on time,21,,,,25.2,0.00,9.7,13200.0,dry and calm
3172,2026-10-07,BLR,IX 1367,IX,Air India Express,TRV,Trivandrum,f,VT-GHA,Boeing 737-800,2,2026-10-07 21:20:00,,2026-10-07 22:45:00,2026-10-07 22:35:00,,-10,no actual time,21,,,,23.2,0.00,19.1,18100.0,dry and calm
3173,2026-10-07,BLR,IX 36L,IX,Air India Express,TRZ,Tiruchirappally,f,VT-BWV,Boeing 737 MAX 8,,2026-10-07 21:20:00,2026-10-07 21:20:00,,,0,,on time,21,,,,23.2,0.00,19.1,18100.0,dry and calm
3174,2026-10-07,HYD,6E 1027,6E,IndiGo,SIN,Singapore,t,VT-IIX,Airbus A320 NEO,,2026-10-07 21:20:00,2026-10-07 22:09:00,2026-10-08 04:55:00,,49,,late,21,,,,25.2,0.00,9.7,13200.0,dry and calm
3175,2026-10-07,HYD,EY 359,EY,Etihad,AUH,Abu Dhabi,t,A6-AEN,Airbus A321 NEO,,2026-10-07 21:20:00,2026-10-07 21:20:00,,,0,,on time,21,,,,25.2,0.00,9.7,13200.0,dry and calm
3176,2026-10-07,BLR,6E 6784,6E,IndiGo,HYD,Hyderabad,f,VT-IQJ,Airbus A320 NEO,1,2026-10-07 21:25:00,2026-10-07 21:39:00,2026-10-07 22:40:00,2026-10-07 22:22:00,14,-18,on time,21,,,,23.2,0.00,19.1,18100.0,dry and calm
3177,2026-10-07,BOM,AI 2869,AI,Air India,HYD,Hyderabad,f,,Airbus A320 NEO,2,2026-10-07 21:25:00,2026-10-07 21:44:00,2026-10-07 23:05:00,,19,,on time,21,,,,30.3,0.00,14.8,14500.0,dry and calm
3178,2026-10-07,BLR,6E 6526,6E,IndiGo,GOX,Mopa,f,VT-ITS,Airbus A321 (Sharklets),1,2026-10-07 21:30:00,2026-10-07 21:46:00,2026-10-07 22:45:00,,16,,on time,21,,,,23.2,0.00,19.1,18100.0,dry and calm
3179,2026-10-07,BLR,AI 2642,AI,Air India,BOM,Mumbai,f,VT-TNV,Airbus A320 (Sharklets),2,2026-10-07 21:30:00,,2026-10-07 23:35:00,,,,no actual time,21,AI 2865,BOM,-41,23.2,0.00,19.1,18100.0,dry and calm
3180,2026-10-07,BOM,6E 61,6E,IndiGo,JED,Jeddah,t,VT-ICW,Airbus A320,2,2026-10-07 21:30:00,2026-10-07 21:45:00,2026-10-08 00:05:00,,15,,on time,21,,,,30.3,0.00,14.8,14500.0,dry and calm
3181,2026-10-07,BOM,6E 6188,6E,IndiGo,BLR,Bangalore,f,VT-NCQ,Airbus A320,2,2026-10-07 21:30:00,2026-10-07 21:56:00,2026-10-07 23:25:00,2026-10-07 23:09:00,26,-16,on time,21,6E 6283,BLR,,30.3,0.00,14.8,14500.0,dry and calm
3182,2026-10-07,BOM,AI 1895,AI,Air India,DEL,New Delhi,f,VT-AEQ,Airbus A320 NEO,2,2026-10-07 21:30:00,2026-10-07 21:37:00,2026-10-07 23:27:00,,7,,on time,21,,,,30.3,0.00,14.8,14500.0,dry and calm
3183,2026-10-07,HYD,AI 2870,AI,Air India,DEL,New Delhi,f,VT-ATV,Airbus A320 NEO,,2026-10-07 21:30:00,2026-10-07 21:41:00,2026-10-07 23:30:00,,11,,on time,21,,,,25.2,0.00,9.7,13200.0,dry and calm
3184,2026-10-07,BLR,OG 151,OG,Ghodawat Enterprises,HYD,Hyderabad,f,VT-GSO,Embraer 175,,2026-10-07 21:31:00,2026-10-07 21:31:00,2026-10-07 22:19:00,2026-10-07 22:19:00,0,0,on time,21,,,,23.2,0.00,19.1,18100.0,dry and calm
3185,2026-10-07,BLR,6E 486,6E,IndiGo,NAG,Naqpur,f,,,1,2026-10-07 21:35:00,,,,,,no actual time,21,,,,23.2,0.00,19.1,18100.0,dry and calm
3186,2026-10-07,BLR,6E 6628,6E,IndiGo,TRV,Trivandrum,f,,,1,2026-10-07 21:35:00,,,,,,no actual time,21,,,,23.2,0.00,19.1,18100.0,dry and calm
3187,2026-10-07,BOM,AI 2919,AI,Air India,AMD,Ahmedabad,f,,Airbus A320 NEO,2,2026-10-07 21:35:00,2026-10-07 21:59:00,2026-10-07 22:55:00,,24,,on time,21,,,,30.3,0.00,14.8,14500.0,dry and calm
3188,2026-10-07,HYD,6E 6505,6E,IndiGo,BLR,Bangalore,f,VT-IXN,Airbus A320 NEO,,2026-10-07 21:35:00,2026-10-07 21:46:00,2026-10-07 22:50:00,2026-10-07 22:30:00,11,-20,on time,21,6E 855,BLR,-9,25.2,0.00,9.7,13200.0,dry and calm
3189,2026-10-07,BLR,6E 528,6E,IndiGo,PNQ,Pune,f,VT-IBT,Airbus A321 NEO,1,2026-10-07 21:40:00,2026-10-07 21:59:00,2026-10-07 23:10:00,2026-10-07 23:09:00,19,-1,on time,21,,,,23.2,0.00,19.1,18100.0,dry and calm
3190,2026-10-07,BLR,QP 1906,QP,Akasa Air,AMD,Ahmedabad,f,VT-YBR,Boeing 737 MAX 8,1,2026-10-07 21:40:00,,2026-10-07 23:50:00,,,,no actual time,21,,,,23.2,0.00,19.1,18100.0,dry and calm
3191,2026-10-07,HYD,6E 5381,6E,IndiGo,TRV,Trivandrum,f,VT-IIH,Airbus A320 NEO,,2026-10-07 21:40:00,2026-10-07 21:54:00,2026-10-07 23:35:00,2026-10-07 23:22:00,14,-13,on time,21,,,,25.2,0.00,9.7,13200.0,dry and calm
3192,2026-10-07,BLR,6E 977,6E,IndiGo,GOI,Vasco da Gama,f,,Airbus A320,1,2026-10-07 21:45:00,,,,,,no actual time,21,,,,23.2,0.00,19.1,18100.0,dry and calm
3193,2026-10-07,BOM,GF 65,GF,Gulf Air,BAH,Manama,t,A9C-XG,Airbus A320,2,2026-10-07 21:45:00,2026-10-07 22:06:00,2026-10-07 23:10:00,,21,,on time,21,,,,30.3,0.00,14.8,14500.0,dry and calm
3194,2026-10-07,BOM,QP 1518,QP,Akasa Air,BLR,Bangalore,f,VT-YBO,Boeing 737,2,2026-10-07 21:45:00,2026-10-07 22:24:00,2026-10-07 23:35:00,,39,,late,21,,,,30.3,0.00,14.8,14500.0,dry and calm
3195,2026-10-07,BLR,6E 6562,6E,IndiGo,MAA,Chennai,f,VT-IBQ,Airbus A321 NEO,1,2026-10-07 21:50:00,2026-10-07 22:06:00,2026-10-07 22:55:00,,16,,on time,21,,,,23.2,0.00,19.1,18100.0,dry and calm
3196,2026-10-07,BLR,IX 2680,IX,Air India Express,PNQ,Pune,f,VT-BWQ,Boeing 737,2,2026-10-07 21:50:00,2026-10-07 22:03:00,2026-10-07 23:30:00,2026-10-07 23:13:00,13,-17,on time,21,,,,23.2,0.00,19.1,18100.0,dry and calm
3197,2026-10-07,BOM,6E 1267,6E,IndiGo,MCT,Muscat,t,,Airbus A320,2,2026-10-07 21:50:00,2026-10-07 22:01:00,2026-10-07 22:55:00,,11,,on time,21,,,,30.3,0.00,14.8,14500.0,dry and calm
3198,2026-10-07,BOM,6E 5283,6E,IndiGo,AMD,Ahmedabad,f,VT-IPM,Airbus A320 NEO,1,2026-10-07 21:50:00,2026-10-07 23:26:00,2026-10-07 23:25:00,,96,,late,21,,,,30.3,0.00,14.8,14500.0,dry and calm
3199,2026-10-07,HYD,6E 695,6E,IndiGo,COK,Kochi,f,VT-ICX,Airbus A321 NEO,,2026-10-07 21:50:00,2026-10-07 22:46:00,2026-10-07 23:25:00,,56,,late,21,,,,25.2,0.00,9.7,13200.0,dry and calm
3200,2026-10-07,BOM,G9 402,G9,Air Arabia,SHJ,Sharjah,t,A6-ABM,Airbus A320,2,2026-10-07 21:55:00,2026-10-07 22:09:00,2026-10-07 23:25:00,2026-10-07 23:04:00,14,-21,on time,21,,,,30.3,0.00,14.8,14500.0,dry and calm
3201,2026-10-07,BLR,6E 6406,6E,IndiGo,DEL,New Delhi,f,VT-NCT,Airbus A321 NEO,1,2026-10-07 22:00:00,2026-10-07 22:24:00,2026-10-08 00:44:00,,24,,on time,22,,,,22.7,0.00,21.6,18080.0,dry and calm
3202,2026-10-07,BLR,AI 2814,AI,Air India,DEL,New Delhi,f,VT-EXP,Airbus A320 (Sharklets),2,2026-10-07 22:00:00,,2026-10-08 00:38:00,,,,no actual time,22,,,,22.7,0.00,21.6,18080.0,dry and calm
3203,2026-10-07,BOM,6E 81,6E,IndiGo,DMM,Ad Dammam,t,VT-ICC,Airbus A320,2,2026-10-07 22:00:00,2026-10-07 22:31:00,2026-10-07 23:20:00,,31,,late,22,,,,29.6,0.00,15.1,14500.0,dry and calm
3204,2026-10-07,HYD,EK 529,EK,Emirates,DXB,Dubai,t,A6-ENE,Boeing 777-300,,2026-10-07 22:00:00,2026-10-07 22:02:00,2026-10-08 00:10:00,2026-10-07 23:39:00,2,-31,on time,22,,,,24.7,0.00,7.9,13180.0,dry and calm
3205,2026-10-07,BOM,9I 926,9I,Alliance Air,HYD,Hyderabad,f,VT-RKM,ATR 72,1,2026-10-07 22:05:00,2026-10-07 22:34:00,2026-10-08 00:15:00,,29,,on time,22,,,,29.6,0.00,15.1,14500.0,dry and calm
3206,2026-10-07,BOM,IX 235,IX,Air India Express,MCT,Muscat,t,VT-BWX,Boeing 737,2,2026-10-07 22:05:00,2026-10-07 22:39:00,2026-10-07 23:15:00,,34,,late,22,,,,29.6,0.00,15.1,14500.0,dry and calm
3207,2026-10-07,BOM,RX 698,RX,Riyadh Air,RUH,Riyadh,t,HZ-RXAG,Boeing 787-9,2,2026-10-07 22:05:00,2026-10-07 22:26:00,2026-10-07 23:50:00,,21,,on time,22,,,,29.6,0.00,15.1,14500.0,dry and calm
3208,2026-10-07,HYD,6E 5203,6E,IndiGo,BOM,Mumbai,f,VT-NOT,Airbus A321 NEO,,2026-10-07 22:05:00,2026-10-07 22:32:00,2026-10-07 23:30:00,,27,,on time,22,6E 5326,BOM,-4,24.7,0.00,7.9,13180.0,dry and calm
3209,2026-10-07,BLR,IX 2787,IX,Air India Express,MAA,Chennai,f,VT-BXG,Boeing 737 MAX 8,2,2026-10-07 22:10:00,2026-10-07 22:32:00,2026-10-07 23:20:00,,22,,on time,22,,,,22.7,0.00,21.6,18080.0,dry and calm
3210,2026-10-07,BOM,6E 5106,6E,IndiGo,GOI,Vasco da Gama,f,,Airbus A320 NEO,1,2026-10-07 22:10:00,2026-10-07 22:18:00,2026-10-07 23:30:00,,8,,on time,22,,,,29.6,0.00,15.1,14500.0,dry and calm
3211,2026-10-07,BLR,EY 239,EY,Etihad,AUH,Abu Dhabi,t,A6-AEO,Airbus A321 NEO,2,2026-10-07 22:15:00,2026-10-07 22:22:00,2026-10-08 00:35:00,,7,,on time,22,,,,22.7,0.00,21.6,18080.0,dry and calm
3212,2026-10-07,BLR,IX 1370,IX,Air India Express,CCU,Kolkata,f,VT-EXC,Airbus A320,2,2026-10-07 22:15:00,2026-10-07 22:51:00,2026-10-08 00:50:00,2026-10-08 00:52:00,36,2,late,22,,,,22.7,0.00,21.6,18080.0,dry and calm
3213,2026-10-07,BOM,6E 1341,6E,IndiGo,DOH,Doha,t,VT-IRX,Airbus A321 NEO,2,2026-10-07 22:15:00,2026-10-07 22:47:00,2026-10-07 23:10:00,2026-10-07 23:18:00,32,8,late,22,,,,29.6,0.00,15.1,14500.0,dry and calm
3214,2026-10-07,BOM,6E 651,6E,IndiGo,DEL,New Delhi,f,,Airbus A320,2,2026-10-07 22:15:00,2026-10-07 22:36:00,2026-10-08 00:23:00,,21,,on time,22,,,,29.6,0.00,15.1,14500.0,dry and calm
3215,2026-10-07,HYD,6E 2257,6E,IndiGo,CCU,Kolkata,f,VT-IPN,Airbus A320 NEO,,2026-10-07 22:15:00,2026-10-07 22:36:00,2026-10-08 00:25:00,2026-10-08 00:07:00,21,-18,on time,22,,,,24.7,0.00,7.9,13180.0,dry and calm
3216,2026-10-07,BLR,6E 5094,6E,IndiGo,BOM,Mumbai,f,VT-IWS,Airbus A321 NEO,1,2026-10-07 22:20:00,2026-10-07 22:55:00,2026-10-08 00:05:00,,35,,late,22,6E 5032,BOM,-6,22.7,0.00,21.6,18080.0,dry and calm
3217,2026-10-07,BLR,6E 952,6E,IndiGo,CCU,Kolkata,f,VT-IMI,Airbus A321 NEO,1,2026-10-07 22:20:00,2026-10-07 22:36:00,2026-10-08 01:00:00,2026-10-08 00:39:00,16,-21,on time,22,,,,22.7,0.00,21.6,18080.0,dry and calm
3218,2026-10-07,BLR,GF 281,GF,Gulf Air,BAH,Manama,t,A9C-XH,Airbus A321 NEO,2,2026-10-07 22:20:00,2026-10-07 22:29:00,2026-10-08 00:30:00,,9,,on time,22,,,,22.7,0.00,21.6,18080.0,dry and calm
3219,2026-10-07,BOM,6E 1501,6E,IndiGo,FJR,Fujairah,t,VT-IWR,Airbus A320,2,2026-10-07 22:20:00,2026-10-07 22:43:00,2026-10-07 23:35:00,,23,,on time,22,,,,29.6,0.00,15.1,14500.0,dry and calm
3220,2026-10-07,BOM,6E 5388,6E,IndiGo,BLR,Bangalore,f,VT-NCO,Airbus A320,1,2026-10-07 22:20:00,2026-10-07 22:21:00,2026-10-08 00:20:00,2026-10-07 23:34:00,1,-46,on time,22,,,,29.6,0.00,15.1,14500.0,dry and calm
3221,2026-10-07,BLR,QY 671,QY,EAT Leipzig,LEJ,Leipzig,t,D-ALMA,Airbus A330,2,2026-10-07 22:25:00,,2026-10-08 04:39:00,2026-10-08 04:39:00,,0,no actual time,22,,,,22.7,0.00,21.6,18080.0,dry and calm
3222,2026-10-07,BOM,EK 509,EK,Emirates,DXB,Dubai,t,A6-ECH,Boeing 777-300ER,2,2026-10-07 22:25:00,2026-10-07 22:41:00,2026-10-07 23:55:00,2026-10-07 23:32:00,16,-23,on time,22,,,,29.6,0.00,15.1,14500.0,dry and calm
3223,2026-10-07,HYD,6E 6617,6E,IndiGo,MAA,Chennai,f,VT-IQV,Airbus A320 NEO,,2026-10-07 22:25:00,2026-10-07 22:44:00,2026-10-07 23:50:00,,19,,on time,22,,,,24.7,0.00,7.9,13180.0,dry and calm
3224,2026-10-07,BLR,6E 684,6E,IndiGo,HYD,Hyderabad,f,,,1,2026-10-07 22:30:00,,,,,,no actual time,22,,,,22.7,0.00,21.6,18080.0,dry and calm
3225,2026-10-07,BLR,AI 2488,AI,Air India,DEL,New Delhi,f,VT-TNB,Airbus A320 NEO,2,2026-10-07 22:30:00,2026-10-07 22:50:00,2026-10-08 01:08:00,,20,,on time,22,,,,22.7,0.00,21.6,18080.0,dry and calm
3226,2026-10-07,BLR,AI 2840,AI,Air India,BOM,Mumbai,f,VT-TQS,Airbus A320 NEO,2,2026-10-07 22:30:00,2026-10-07 22:16:00,2026-10-08 00:35:00,,-14,,on time,22,,,,22.7,0.00,21.6,18080.0,dry and calm
3227,2026-10-07,BOM,AI 119,AI,Air India,FCO,Rome,t,VT-AEN,Boeing 777-300,2,2026-10-07 22:30:00,2026-10-07 22:55:00,2026-10-08 03:11:00,2026-10-08 03:11:00,25,0,on time,22,,,,29.6,0.00,15.1,14500.0,dry and calm
3228,2026-10-07,BOM,AI 2986,AI,Air India,DEL,New Delhi,f,,Airbus A320 NEO,2,2026-10-07 22:35:00,2026-10-07 23:28:00,2026-10-08 01:14:00,,53,,late,22,,,,29.6,0.00,15.1,14500.0,dry and calm
3229,2026-10-07,BLR,6E 838,6E,IndiGo,JAI,Jaipur,f,VT-ILW,Airbus A321 NEO,1,2026-10-07 22:40:00,2026-10-07 22:53:00,2026-10-08 01:05:00,,13,,on time,22,,,,22.7,0.00,21.6,18080.0,dry and calm
3230,2026-10-07,HYD,6E 85,6E,IndiGo,DMM,Ad Dammam,t,VT-ICZ,Airbus A321 NEO,,2026-10-07 22:40:00,2026-10-07 23:27:00,2026-10-08 00:40:00,,47,,late,22,,,,24.7,0.00,7.9,13180.0,dry and calm
3231,2026-10-07,BOM,6E 2093,6E,IndiGo,COK,Kochi,f,VT-IRZ,Airbus A320,2,2026-10-07 22:45:00,2026-10-07 22:49:00,2026-10-08 00:40:00,,4,,on time,22,,,,29.6,0.00,15.1,14500.0,dry and calm
3232,2026-10-07,BOM,6E 5328,6E,IndiGo,NAG,Naqpur,f,,Airbus A320,1,2026-10-07 22:45:00,2026-10-07 22:53:00,2026-10-08 00:20:00,,8,,on time,22,,,,29.6,0.00,15.1,14500.0,dry and calm
3233,2026-10-07,BOM,6E 59,6E,IndiGo,MED,Medina,t,VT-IOV,Airbus A320 NEO,2,2026-10-07 22:50:00,2026-10-07 23:08:00,2026-10-08 01:15:00,,18,,on time,22,,,,29.6,0.00,15.1,14500.0,dry and calm
3234,2026-10-07,BLR,QP 1134,QP,Akasa Air,BOM,Mumbai,f,VT-YAJ,Boeing 737 MAX 8,1,2026-10-07 22:55:00,,2026-10-08 00:45:00,,,,no actual time,22,QP 1133,BOM,,22.7,0.00,21.6,18080.0,dry and calm
3235,2026-10-07,BOM,AI 639,AI,Air India,MAA,Chennai,f,,Airbus A320 NEO,2,2026-10-07 22:55:00,2026-10-07 22:58:00,2026-10-08 01:05:00,,3,,on time,22,,,,29.6,0.00,15.1,14500.0,dry and calm
3236,2026-10-07,BOM,6E 6137,6E,IndiGo,MAA,Chennai,f,VT-IQM,Airbus A320 NEO,2,2026-10-07 23:00:00,2026-10-07 23:11:00,2026-10-08 01:05:00,,11,,on time,23,,,,29.4,0.00,11.9,14480.0,dry and calm
3237,2026-10-07,BOM,6E 6195,6E,IndiGo,HYD,Hyderabad,f,VT-NCW,Airbus A320,2,2026-10-07 23:00:00,2026-10-07 23:21:00,2026-10-08 00:35:00,2026-10-08 00:18:00,21,-17,on time,23,,,,29.4,0.00,11.9,14480.0,dry and calm
3238,2026-10-07,BLR,6E 116,6E,IndiGo,PNQ,Pune,f,VT-ICL,Airbus A321 NEO,1,2026-10-07 23:05:00,2026-10-07 23:13:00,2026-10-08 00:45:00,2026-10-08 00:26:00,8,-19,on time,23,,,,22.4,0.00,21.2,13780.0,dry and calm
3239,2026-10-07,BLR,SQ 511,SQ,Singapore,SIN,Singapore,t,9V-SHF,Airbus A350,2,2026-10-07 23:05:00,2026-10-07 23:45:00,2026-10-08 06:10:00,2026-10-08 06:21:00,40,11,late,23,,,,22.4,0.00,21.2,13780.0,dry and calm
3240,2026-10-07,BOM,6E 5152,6E,IndiGo,AMD,Ahmedabad,f,VT-NCZ,Airbus A320 NEO,1,2026-10-07 23:10:00,2026-10-07 23:36:00,2026-10-08 00:35:00,,26,,on time,23,,,,29.4,0.00,11.9,14480.0,dry and calm
3241,2026-10-07,BOM,EY 205,EY,Etihad,AUH,Abu Dhabi,t,A6-XWB,Airbus A350-1000,2,2026-10-07 23:10:00,2026-10-07 23:19:00,2026-10-08 00:45:00,,9,,on time,23,,,,29.4,0.00,11.9,14480.0,dry and calm
3242,2026-10-07,BOM,VN 978,VN,Vietnam,SGN,Ho Chi Minh City,t,VN-A888,Airbus A350,2,2026-10-07 23:10:00,2026-10-08 00:12:00,2026-10-08 06:00:00,,62,,late,23,,,,29.4,0.00,11.9,14480.0,dry and calm
3243,2026-10-07,HYD,OG 152,OG,Ghodawat Enterprises,BLR,Bangalore,f,VT-GSO,Embraer 175,,2026-10-07 23:13:00,2026-10-07 23:13:00,2026-10-08 00:07:00,2026-10-08 00:07:00,0,0,on time,23,OG 151,BLR,0,24.6,0.00,6.8,13180.0,dry and calm
3244,2026-10-07,HYD,SQ 523,SQ,Singapore,SIN,Singapore,t,9V-SHL,Airbus A350,,2026-10-07 23:15:00,2026-10-07 23:36:00,2026-10-08 06:40:00,2026-10-08 06:12:00,21,-28,on time,23,,,,24.6,0.00,6.8,13180.0,dry and calm
3245,2026-10-07,BLR,FD 138,FD,Thai AirAsia,DMK,Bangkok,t,HS-CBE,Airbus A320 (Sharklets),2,2026-10-07 23:20:00,2026-10-07 23:33:00,2026-10-08 04:40:00,2026-10-08 04:22:00,13,-18,on time,23,,,,22.4,0.00,21.2,13780.0,dry and calm
3246,2026-10-07,BOM,6E 5135,6E,IndiGo,JAI,Jaipur,f,VT-IBB,Airbus A320,1,2026-10-07 23:20:00,2026-10-07 23:38:00,2026-10-08 01:00:00,,18,,on time,23,,,,29.4,0.00,11.9,14480.0,dry and calm
3247,2026-10-07,BOM,QP 1985,QP,Akasa Air,BLR,Bangalore,f,VT-YBB,Boeing 737,2,2026-10-07 23:20:00,2026-10-07 23:33:00,2026-10-08 01:10:00,,13,,on time,23,,,,29.4,0.00,11.9,14480.0,dry and calm
3248,2026-10-07,BLR,AK 52,AK,AirAsia,KUL,Kuala Lumpur,t,9M-AHV,Airbus A320,2,2026-10-07 23:25:00,2026-10-07 23:50:00,2026-10-08 06:10:00,,25,,on time,23,,,,22.4,0.00,21.2,13780.0,dry and calm
3249,2026-10-07,BLR,BZ 354,BZ,Blue Dart,BOM,Mumbai,f,VT-BDD,Boeing 737-800,1,2026-10-07 23:25:00,2026-10-08 00:46:00,,,81,,late,23,,,,22.4,0.00,21.2,13780.0,dry and calm
3250,2026-10-07,BOM,MH 195,MH,Malaysia,KUL,Kuala Lumpur,t,9M-MTG,Airbus A330-300,2,2026-10-07 23:25:00,2026-10-07 23:41:00,2026-10-08 07:00:00,,16,,on time,23,,,,29.4,0.00,11.9,14480.0,dry and calm
3251,2026-10-07,BOM,OD 216,OD,Malindo Air,KUL,Kuala Lumpur,t,9M-LRJ,Boeing 737-800,2,2026-10-07 23:25:00,2026-10-08 00:36:00,2026-10-08 07:00:00,,71,,late,23,,,,29.4,0.00,11.9,14480.0,dry and calm
3252,2026-10-07,BOM,SG 164,SG,SpiceJet,DEL,New Delhi,f,,Boeing 737-700,1,2026-10-07 23:25:00,2026-10-08 01:38:00,2026-10-08 03:20:00,,133,,late,23,,,,29.4,0.00,11.9,14480.0,dry and calm
3253,2026-10-07,BLR,6E 2313,6E,IndiGo,DEL,New Delhi,f,VT-NOH,Airbus A321 NEO,1,2026-10-07 23:30:00,2026-10-07 23:36:00,2026-10-08 01:54:00,,6,,on time,23,,,,22.4,0.00,21.2,13780.0,dry and calm
3254,2026-10-07,BLR,IX 865,IX,Air India Express,AUH,Abu Dhabi,t,VT-BWP,Boeing 737 MAX 8,2,2026-10-07 23:30:00,2026-10-07 23:56:00,2026-10-08 02:00:00,,26,,on time,23,,,,22.4,0.00,21.2,13780.0,dry and calm
3255,2026-10-07,BOM,AI 2857,AI,Air India,BLR,Bangalore,f,VT-EXV,Airbus A320,2,2026-10-07 23:30:00,2026-10-07 23:50:00,2026-10-08 01:35:00,2026-10-08 01:09:00,20,-26,on time,23,,,,29.4,0.00,11.9,14480.0,dry and calm
3256,2026-10-07,HYD,6E 6363,6E,IndiGo,BOM,Mumbai,f,VT-NOU,Airbus A321 NEO,,2026-10-07 23:30:00,2026-10-08 00:01:00,2026-10-08 01:00:00,,31,,late,23,6E 5056,BOM,8,24.6,0.00,6.8,13180.0,dry and calm
3257,2026-10-07,HYD,AI 2776,AI,Air India,DEL,New Delhi,f,VT-PPQ,Airbus A321,,2026-10-07 23:30:00,2026-10-08 00:02:00,2026-10-08 01:59:00,,32,,late,23,,,,24.6,0.00,6.8,13180.0,dry and calm
3258,2026-10-07,HYD,VN 984,VN,Vietnam,HAN,Hanoi,t,VN-A623,Airbus A321 NEO,,2026-10-07 23:30:00,2026-10-07 23:16:00,2026-10-08 05:25:00,,-14,,on time,23,,,,24.6,0.00,6.8,13180.0,dry and calm
3259,2026-10-07,BLR,VJ 1802,VJ,VietJetAir,SGN,Ho Chi Minh City,t,VN-A693,Airbus A321,2,2026-10-07 23:35:00,2026-10-08 04:06:00,2026-10-08 06:00:00,,271,,late,23,,,,22.4,0.00,21.2,13780.0,dry and calm
3260,2026-10-07,BOM,TG 318,TG,Thai  International,BKK,Bangkok,t,HS-TOI,Boeing 777-200,2,2026-10-07 23:35:00,2026-10-07 23:24:00,2026-10-08 05:35:00,2026-10-08 04:40:00,-11,-55,on time,23,,,,29.4,0.00,11.9,14480.0,dry and calm
3261,2026-10-07,BLR,AI 2811,AI,Air India,BOM,Mumbai,f,VT-RTY,Airbus A320 NEO,2,2026-10-07 23:40:00,2026-10-08 00:12:00,2026-10-08 01:45:00,,32,,late,23,AI 2401,BOM,-25,22.4,0.00,21.2,13780.0,dry and calm
3262,2026-10-07,BOM,SQ 423,SQ,Singapore,SIN,Singapore,t,9V-SKY,Airbus A380-800,2,2026-10-07 23:40:00,2026-10-08 00:04:00,2026-10-08 07:40:00,2026-10-08 07:27:00,24,-13,on time,23,,,,29.4,0.00,11.9,14480.0,dry and calm
3263,2026-10-07,BOM,6E 350,6E,IndiGo,DEL,New Delhi,f,VT-NHG,Airbus A321 NEO,2,2026-10-07 23:45:00,2026-10-08 00:10:00,2026-10-08 02:01:00,,25,,on time,23,,,,29.4,0.00,11.9,14480.0,dry and calm
3264,2026-10-07,BLR,IX 5985,IX,Air India Express,BOM,Mumbai,f,,,2,2026-10-07 23:50:00,,,,,,no actual time,23,,,,22.4,0.00,21.2,13780.0,dry and calm
3265,2026-10-07,HYD,6E 6025,6E,IndiGo,DEL,New Delhi,f,VT-NCB,Airbus A321 NEO,,2026-10-07 23:50:00,2026-10-08 00:04:00,2026-10-08 01:51:00,,14,,on time,23,,,,24.6,0.00,6.8,13180.0,dry and calm
3266,2026-10-07,BOM,AI 1882,AI,Air India,DEL,New Delhi,f,VT-RTZ,Airbus A320 NEO,2,2026-10-07 23:55:00,2026-10-08 00:00:00,2026-10-08 01:45:00,,5,,on time,23,,,,29.4,0.00,11.9,14480.0,dry and calm
3267,2026-10-07,HYD,6E 1495,6E,IndiGo,RKT,Ras Al Khaimah,t,VT-ISV,Airbus A320 NEO,,2026-10-07 23:55:00,2026-10-08 00:10:00,2026-10-08 02:00:00,,15,,on time,23,,,,24.6,0.00,6.8,13180.0,dry and calm
3268,2026-10-07,HYD,AK 68,AK,AirAsia,KUL,Kuala Lumpur,t,9M-AGJ,Airbus A320 (Sharklets),,2026-10-07 23:55:00,2026-10-08 00:09:00,2026-10-08 07:00:00,,14,,on time,23,,,,24.6,0.00,6.8,13180.0,dry and calm
3269,2026-10-08,HYD,6E 1273,6E,IndiGo,MCT,Muscat,t,VT-IBO,Airbus A321 NEO,,2026-10-08 00:05:00,2026-10-08 00:15:00,2026-10-08 01:50:00,,10,,on time,0,,,,23.7,0.00,9.4,11840.0,dry and calm
3270,2026-10-08,BLR,AI 2758,AI,Air India,DEL,New Delhi,f,VT-TNS,Airbus A320 NEO,2,2026-10-08 00:15:00,2026-10-08 00:20:00,2026-10-08 02:41:00,,5,,on time,0,,,,21.7,0.00,20.9,11460.0,dry and calm
3271,2026-10-08,BOM,6E 91,6E,IndiGo,JED,Jeddah,t,VT-ILF,Airbus A321 NEO,2,2026-10-08 00:25:00,2026-10-08 00:38:00,2026-10-08 03:10:00,,13,,on time,0,,,,28.8,0.00,9.0,12940.0,dry and calm
3272,2026-10-08,HYD,MH 199,MH,Malaysia,KUL,Kuala Lumpur,t,9M-MXL,Boeing 737-800,,2026-10-08 00:25:00,2026-10-08 01:00:00,2026-10-08 07:20:00,,35,,late,0,,,,23.7,0.00,9.4,11840.0,dry and calm
3273,2026-10-08,BOM,6E 6187,6E,IndiGo,HYD,Hyderabad,f,VT-IPD,Airbus A320 NEO,2,2026-10-08 00:30:00,2026-10-08 00:29:00,2026-10-08 02:10:00,2026-10-08 01:30:00,-1,-40,on time,0,,,,28.8,0.00,9.0,12940.0,dry and calm
3274,2026-10-08,BLR,BZ 304,BZ,Blue Dart Aviation,DEL,New Delhi,f,VT-BDC,Boeing 737-800,,2026-10-08 00:31:00,2026-10-08 00:31:00,,,0,,on time,0,,,,21.7,0.00,20.9,11460.0,dry and calm
3275,2026-10-08,HYD,BZ 154,BZ,Blue Dart Aviation,HYD,Hyderabad,f,VT-BDA,Boeing 757-200,,2026-10-08 00:34:00,2026-10-08 00:34:00,,,0,,on time,0,,,,23.7,0.00,9.4,11840.0,dry and calm
3276,2026-10-08,BOM,QP 1135,QP,Akasa Air,CCU,Kolkata,f,,Boeing 737,2,2026-10-08 00:35:00,2026-10-08 00:45:00,2026-10-08 03:20:00,,10,,on time,0,,,,28.8,0.00,9.0,12940.0,dry and calm
3277,2026-10-08,BLR,MH 193,MH,Malaysia,KUL,Kuala Lumpur,t,9M-MXO,Boeing 737-800,2,2026-10-08 00:40:00,,2026-10-08 07:30:00,,,,no actual time,0,,,,21.7,0.00,20.9,11460.0,dry and calm
3278,2026-10-08,BOM,LX 155,LX,SWISS,ZRH,Zurich,t,HB-JHI,Airbus A330-300,2,2026-10-08 00:40:00,2026-10-08 00:56:00,2026-10-08 06:20:00,2026-10-08 06:22:00,16,2,on time,0,,,,28.8,0.00,9.0,12940.0,dry and calm
3279,2026-10-08,BOM,QP 1516,QP,Akasa Air,BLR,Bangalore,f,VT-YAE,Boeing 737,2,2026-10-08 00:40:00,2026-10-08 00:55:00,2026-10-08 02:35:00,,15,,on time,0,,,,28.8,0.00,9.0,12940.0,dry and calm
3280,2026-10-08,BOM,VJ 910,VJ,VietJetAir,HAN,Hanoi,t,VN-A521,Airbus A321,2,2026-10-08 00:40:00,2026-10-08 00:51:00,2026-10-08 07:10:00,,11,,on time,0,,,,28.8,0.00,9.0,12940.0,dry and calm
3281,2026-10-08,BOM,6E 1049,6E,IndiGo,BKK,Bangkok,t,VT-NCV,Airbus A320,2,2026-10-08 00:45:00,2026-10-08 01:04:00,2026-10-08 06:55:00,2026-10-08 06:33:00,19,-22,on time,0,,,,28.8,0.00,9.0,12940.0,dry and calm
3282,2026-10-08,BLR,6E 1605,6E,IndiGo,DPS,Denpasar-Bali Island,t,VT-IQY,Airbus A320 NEO,2,2026-10-08 00:50:00,2026-10-08 00:58:00,2026-10-08 10:20:00,,8,,on time,0,,,,21.7,0.00,20.9,11460.0,dry and calm
3283,2026-10-08,BLR,TG 326,TG,Thai  International,BKK,Bangkok,t,HS-THT,Airbus A350,2,2026-10-08 00:55:00,2026-10-08 01:33:00,2026-10-08 06:20:00,2026-10-08 06:14:00,38,-6,late,0,,,,21.7,0.00,20.9,11460.0,dry and calm
3284,2026-10-08,BOM,VZ 761,VZ,Thai Vietjet Air,BKK,Bangkok,t,HS-VZB,Boeing 737,2,2026-10-08 00:55:00,2026-10-08 02:38:00,2026-10-08 06:50:00,2026-10-08 08:05:00,103,75,late,0,,,,28.8,0.00,9.0,12940.0,dry and calm
3285,2026-10-08,HYD,9I 925,9I,Alliance Air,BOM,Mumbai,f,VT-RKM,ATR 72,,2026-10-08 00:55:00,,2026-10-08 03:10:00,,,,no actual time,0,9I 926,BOM,,23.7,0.00,9.4,11840.0,dry and calm
3286,2026-10-08,BLR,6E 5293,6E,IndiGo,BOM,Mumbai,f,VT-NCD,Airbus A321 NEO,1,2026-10-08 01:00:00,2026-10-08 01:05:00,2026-10-08 02:50:00,,5,,on time,1,6E 5047,BOM,-1,21.1,0.00,18.4,11480.0,dry and calm
3287,2026-10-08,BLR,6E 839,6E,IndiGo,DEL,New Delhi,f,VT-NCO,Airbus A321 NEO,1,2026-10-08 01:00:00,2026-10-08 01:14:00,2026-10-08 03:26:00,,14,,on time,1,6E 5388,BOM,-46,21.1,0.00,18.4,11480.0,dry and calm
3288,2026-10-08,BOM,AI 2422,AI,Air India,DEL,New Delhi,f,VT-TQO,Airbus A320 NEO,2,2026-10-08 01:00:00,2026-10-08 01:09:00,2026-10-08 02:53:00,,9,,on time,1,,,,28.2,0.00,10.4,12940.0,dry and calm
3289,2026-10-08,BLR,6E 6563,6E,IndiGo,PNQ,Pune,f,VT-ILG,Airbus A321 NEO,1,2026-10-08 01:05:00,2026-10-08 01:11:00,2026-10-08 02:35:00,2026-10-08 02:16:00,6,-19,on time,1,,,,21.1,0.00,18.4,11480.0,dry and calm
3290,2026-10-08,BLR,IX 931,IX,Air India Express,DOH,Doha,t,VT-RNT,Boeing 737 MAX 8,2,2026-10-08 01:05:00,2026-10-08 01:38:00,2026-10-08 02:55:00,2026-10-08 03:01:00,33,6,late,1,,,,21.1,0.00,18.4,11480.0,dry and calm
3291,2026-10-08,BOM,6E 1413,6E,IndiGo,AUH,Abu Dhabi,t,VT-IXA,Airbus A320 NEO,2,2026-10-08 01:05:00,2026-10-08 01:29:00,2026-10-08 02:45:00,,24,,on time,1,,,,28.2,0.00,10.4,12940.0,dry and calm
3292,2026-10-08,BLR,6E 6779,6E,IndiGo,AMD,Ahmedabad,f,VT-IKK,Airbus A320,1,2026-10-08 01:10:00,,2026-10-08 03:20:00,,,,no actual time,1,,,,21.1,0.00,18.4,11480.0,dry and calm
3293,2026-10-08,BOM,6E 5323,6E,IndiGo,BLR,Bangalore,f,VT-IWS,Airbus A320,1,2026-10-08 01:10:00,2026-10-08 01:18:00,2026-10-08 03:05:00,2026-10-08 02:33:00,8,-32,on time,1,6E 5094,BLR,,28.2,0.00,10.4,12940.0,dry and calm
3294,2026-10-08,HYD,6E 337,6E,IndiGo,PNQ,Pune,f,VT-NHV,Airbus A321 NEO,,2026-10-08 01:10:00,2026-10-08 01:22:00,2026-10-08 02:20:00,2026-10-08 02:12:00,12,-8,on time,1,,,,23.1,0.00,6.5,11880.0,dry and calm
3295,2026-10-08,HYD,TG 330,TG,Thai  International,BKK,Bangkok,t,HS-TJV,Boeing 777-200,,2026-10-08 01:10:00,2026-10-08 01:18:00,2026-10-08 06:15:00,2026-10-08 05:50:00,8,-25,on time,1,,,,23.1,0.00,6.5,11880.0,dry and calm
3296,2026-10-08,HYD,BZ 684,BZ,Blue Dart Aviation,DEL,New Delhi,f,VT-BDO,Boeing 757-200,,2026-10-08 01:11:00,2026-10-08 01:11:00,,,0,,on time,1,,,,23.1,0.00,6.5,11880.0,dry and calm
3297,2026-10-08,BLR,CX 624,CX,Cathay Pacific,HKG,Hong Kong,t,B-LBB,Airbus A330-300,2,2026-10-08 01:15:00,2026-10-08 01:45:00,2026-10-08 09:50:00,2026-10-08 09:09:00,30,-41,late,1,,,,21.1,0.00,18.4,11480.0,dry and calm
3298,2026-10-08,BLR,IX 5976,IX,Air India Express,DEL,New Delhi,f,VT-TNN,Airbus A320 (Sharklets),2,2026-10-08 01:15:00,2026-10-08 02:04:00,2026-10-08 04:19:00,,49,,late,1,,,,21.1,0.00,18.4,11480.0,dry and calm
3299,2026-10-08,BOM,6E 1339,6E,IndiGo,SIN,Singapore,t,VT-NHD,Airbus A320,2,2026-10-08 01:20:00,2026-10-08 01:46:00,2026-10-08 09:45:00,2026-10-08 09:15:00,26,-30,on time,1,,,,28.2,0.00,10.4,12940.0,dry and calm
3300,2026-10-08,BOM,AF 217,AF,Air France,CDG,Paris,t,F-HTYO,Airbus A350-900,2,2026-10-08 01:20:00,2026-10-08 02:24:00,2026-10-08 07:25:00,2026-10-08 08:05:00,64,40,late,1,,,,28.2,0.00,10.4,12940.0,dry and calm
3301,2026-10-08,BLR,AF 191,AF,Air France,CDG,Paris,t,F-HTYE,Airbus A350-900,2,2026-10-08 01:25:00,2026-10-08 02:21:00,2026-10-08 08:15:00,2026-10-08 08:53:00,56,38,late,1,,,,21.1,0.00,18.4,11480.0,dry and calm
3302,2026-10-08,BOM,6E 911,6E,IndiGo,AMD,Ahmedabad,f,VT-ICK,Airbus A320,2,2026-10-08 01:30:00,2026-10-08 01:41:00,2026-10-08 02:50:00,,11,,on time,1,,,,28.2,0.00,10.4,12940.0,dry and calm
3303,2026-10-08,BLR,6E 77,6E,IndiGo,JED,Jeddah,t,VT-NOI,Airbus A321 NEO,2,2026-10-08 01:35:00,2026-10-08 01:48:00,2026-10-08 04:50:00,,13,,on time,1,,,,21.1,0.00,18.4,11480.0,dry and calm
3304,2026-10-08,BLR,6E 1213,6E,IndiGo,BKK,Bangkok,t,VT-NOA,Airbus A321 NEO,2,2026-10-08 01:40:00,2026-10-08 01:57:00,2026-10-08 07:00:00,2026-10-08 06:50:00,17,-10,on time,1,,,,21.1,0.00,18.4,11480.0,dry and calm
3305,2026-10-08,BOM,BA 138,BA,British,LHR,London,t,G-YMML,Boeing 777,2,2026-10-08 01:40:00,2026-10-08 02:06:00,2026-10-08 07:00:00,2026-10-08 07:21:00,26,21,on time,1,,,,28.2,0.00,10.4,12940.0,dry and calm
3306,2026-10-08,BOM,CX 660,CX,Cathay Pacific,HKG,Hong Kong,t,B-KQR,Boeing 777-300ER,2,2026-10-08 01:40:00,2026-10-08 02:30:00,2026-10-08 10:10:00,2026-10-08 09:58:00,50,-12,late,1,,,,28.2,0.00,10.4,12940.0,dry and calm
3307,2026-10-08,BOM,LH 767,LH,Lufthansa,MUC,Munich,t,D-AIMA,Airbus A380-800,2,2026-10-08 01:45:00,2026-10-08 02:27:00,2026-10-08 06:45:00,2026-10-08 07:14:00,42,29,late,1,,,,28.2,0.00,10.4,12940.0,dry and calm
3308,2026-10-08,BOM,SG 2803,SG,SpiceJet,DEL,New Delhi,f,VT-SQB,Bombardier Dash 8 Q400 / DHC-8-400,1,2026-10-08 01:50:00,2026-10-08 04:17:00,2026-10-08 06:39:00,,147,,late,1,,,,28.2,0.00,10.4,12940.0,dry and calm
3309,2026-10-08,BOM,6E 1853,6E,IndiGo,NBO,Nairobi,t,VT-IOF,Airbus A320 NEO,2,2026-10-08 01:55:00,2026-10-08 02:12:00,2026-10-08 05:40:00,2026-10-08 05:32:00,17,-8,on time,1,,,,28.2,0.00,10.4,12940.0,dry and calm
3310,2026-10-08,BOM,AI 2241,AI,Air India,MRU,Port Louis,t,VT-TVI,Airbus A321,2,2026-10-08 02:00:00,2026-10-08 02:09:00,2026-10-08 06:30:00,,9,,on time,2,,,,27.7,0.00,10.4,12920.0,dry and calm
3311,2026-10-08,BOM,KL 878,KL,KLM,AMS,Amsterdam,t,PH-BKI,Boeing 787-9,2,2026-10-08 02:00:00,2026-10-08 02:25:00,2026-10-08 07:50:00,2026-10-08 07:51:00,25,1,on time,2,,,,27.7,0.00,10.4,12920.0,dry and calm
3312,2026-10-08,BOM,AI 2812,AI,Air India,BLR,Bangalore,f,VT-EXN,Airbus A320 NEO,2,2026-10-08 02:05:00,2026-10-08 02:20:00,2026-10-08 04:10:00,2026-10-08 03:32:00,15,-38,on time,2,,,,27.7,0.00,10.4,12920.0,dry and calm
3313,2026-10-08,BLR,LH 765,LH,Lufthansa,MUC,Munich,t,D-AIXV,Airbus A350-900,2,2026-10-08 02:10:00,2026-10-08 02:39:00,2026-10-08 07:55:00,2026-10-08 08:22:00,29,27,on time,2,,,,20.7,0.00,15.5,7840.0,dry and calm
3314,2026-10-08,HYD,6E 706,6E,IndiGo,DEL,New Delhi,f,VT-NCS,Airbus A321 NEO,,2026-10-08 02:15:00,2026-10-08 02:26:00,2026-10-08 04:08:00,,11,,on time,2,,,,22.6,0.00,6.8,10340.0,dry and calm
3315,2026-10-08,HYD,ET 683,ET,Ethiopian,ADD,Addis Ababa,t,ET-BAK,Boeing 737 MAX 8,,2026-10-08 02:15:00,,2026-10-08 05:45:00,,,,no actual time,2,,,,22.6,0.00,6.8,10340.0,dry and calm
3316,2026-10-08,BLR,AI 2858,AI,Air India,BOM,Mumbai,f,VT-EXV,Airbus A320,2,2026-10-08 02:20:00,2026-10-08 02:35:00,2026-10-08 04:10:00,,15,,on time,2,AI 2857,BOM,-26,20.7,0.00,15.5,7840.0,dry and calm
3317,2026-10-08,HYD,SV 753,SV,Saudi Arabian,JED,Jeddah,t,HZ-AQH,Airbus A330-300,,2026-10-08 02:25:00,2026-10-08 02:36:00,2026-10-08 05:35:00,,11,,on time,2,,,,22.6,0.00,6.8,10340.0,dry and calm
3318,2026-10-08,BOM,J9 402,J9,Jazeera,KWI,Kuwait City,t,9K-CBC,Airbus A320,2,2026-10-08 02:30:00,2026-10-08 02:39:00,2026-10-08 04:10:00,,9,,on time,2,,,,27.7,0.00,10.4,12920.0,dry and calm
3319,2026-10-08,BOM,SV 773,SV,Saudi Arabian,JED,Jeddah,t,HZ-AQI,Airbus A330,2,2026-10-08 02:30:00,2026-10-08 02:55:00,2026-10-08 04:50:00,,25,,on time,2,,,,27.7,0.00,10.4,12920.0,dry and calm
3320,2026-10-08,HYD,J9 404,J9,Jazeera,KWI,Kuwait City,t,9K-CBH,Airbus A320 NEO,,2026-10-08 02:30:00,2026-10-08 02:52:00,2026-10-08 04:50:00,,22,,on time,2,,,,22.6,0.00,6.8,10340.0,dry and calm
3321,2026-10-08,BLR,6E 6876,6E,IndiGo,PNQ,Pune,f,VT-NHN,Airbus A321 NEO,1,2026-10-08 02:40:00,2026-10-08 02:53:00,2026-10-08 04:05:00,2026-10-08 03:56:00,13,-9,on time,2,,,,20.7,0.00,15.5,7840.0,dry and calm
3322,2026-10-08,BLR,J9 432,J9,Jazeera,KWI,Kuwait City,t,9K-CBB,Airbus A321 (Sharklets),2,2026-10-08 02:40:00,2026-10-08 03:07:00,2026-10-08 05:15:00,,27,,on time,2,,,,20.7,0.00,15.5,7840.0,dry and calm
3323,2026-10-08,BOM,KQ 203,KQ,Kenya,NBO,Nairobi,t,,Boeing 737-800,2,2026-10-08 02:40:00,2026-10-08 08:58:00,2026-10-08 06:25:00,,378,,late,2,,,,27.7,0.00,10.4,12920.0,dry and calm
3324,2026-10-08,BOM,LH 757,LH,Lufthansa,FRA,Frankfurt-am-Main,t,D-ABPK,Boeing 787-9,2,2026-10-08 02:40:00,2026-10-08 03:20:00,2026-10-08 08:05:00,2026-10-08 08:29:00,40,24,late,2,,,,27.7,0.00,10.4,12920.0,dry and calm
3325,2026-10-08,BOM,TG 352,TG,Thai  International,BKK,Bangkok,t,HS-TOJ,Airbus A320,2,2026-10-08 02:40:00,,2026-10-08 08:40:00,2026-10-08 08:04:00,,-36,no actual time,2,,,,27.7,0.00,10.4,12920.0,dry and calm
3326,2026-10-08,HYD,CX 672,CX,Cathay Pacific,HKG,Hong Kong,t,B-HLR,Airbus A330-300,,2026-10-08 02:40:00,2026-10-08 02:56:00,2026-10-08 11:00:00,,16,,on time,2,,,,22.6,0.00,6.8,10340.0,dry and calm
3327,2026-10-08,BOM,6E 5179,6E,IndiGo,HYD,Hyderabad,f,VT-NOO,Airbus A320,1,2026-10-08 02:45:00,2026-10-08 02:48:00,2026-10-08 04:20:00,2026-10-08 03:44:00,3,-36,on time,2,,,,27.7,0.00,10.4,12920.0,dry and calm
3328,2026-10-08,BLR,BA 130,BA,British,LHR,London,t,G-ZBKP,Boeing 787-9,2,2026-10-08 02:50:00,2026-10-08 03:10:00,2026-10-08 09:00:00,2026-10-08 09:23:00,20,23,on time,2,,,,20.7,0.00,15.5,7840.0,dry and calm
3329,2026-10-08,BLR,JL 754,JL,Japan Airlines,NRT,Tokyo,t,JA836J,Boeing 787-8,2,2026-10-08 02:55:00,2026-10-08 03:17:00,2026-10-08 14:35:00,2026-10-08 14:20:00,22,-15,on time,2,,,,20.7,0.00,15.5,7840.0,dry and calm
3330,2026-10-08,BLR,6E 804,6E,IndiGo,DEL,New Delhi,f,VT-NCK,Airbus A321 NEO,1,2026-10-08 03:00:00,2026-10-08 03:10:00,2026-10-08 05:31:00,,10,,on time,3,,,,20.4,0.00,13.3,7840.0,dry and calm
3331,2026-10-08,BLR,LH 755,LH,Lufthansa,FRA,Frankfurt-am-Main,t,D-ABTK,Boeing 747-400,2,2026-10-08 03:00:00,2026-10-08 03:15:00,2026-10-08 09:05:00,2026-10-08 09:00:00,15,-5,on time,3,,,,20.4,0.00,13.3,7840.0,dry and calm
3332,2026-10-08,BOM,6E 6045,6E,IndiGo,DEL,New Delhi,f,VT-IWU,Airbus A320,2,2026-10-08 03:00:00,2026-10-08 03:09:00,2026-10-08 04:47:00,,9,,on time,3,,,,27.6,0.00,8.6,12920.0,dry and calm
3333,2026-10-08,BOM,MS 969,MS,EgyptAir,CAI,Cairo,t,SU-GFP,Airbus A320 NEO,2,2026-10-08 03:00:00,2026-10-08 02:57:00,2026-10-08 06:30:00,,-3,,on time,3,,,,27.6,0.00,8.6,12920.0,dry and calm
3334,2026-10-08,HYD,6E 5143,6E,IndiGo,BOM,Mumbai,f,VT-IKS,Airbus A320,,2026-10-08 03:00:00,2026-10-08 02:58:00,2026-10-08 04:35:00,,-2,,on time,3,,,,22.2,0.00,6.8,10340.0,dry and calm
3335,2026-10-08,HYD,FZ 436,FZ,flydubai,DXB,Dubai,t,A6-FGI,Boeing 737-800,,2026-10-08 03:05:00,2026-10-08 03:22:00,2026-10-08 05:25:00,2026-10-08 05:21:00,17,-4,on time,3,,,,22.2,0.00,6.8,10340.0,dry and calm
3336,2026-10-08,BOM,UL 142,UL,SriLankan,CMB,Colombo,t,4R-MRE,Airbus A320,2,2026-10-08 03:10:00,2026-10-08 04:12:00,2026-10-08 05:40:00,,62,,late,3,,,,27.6,0.00,8.6,12920.0,dry and calm
3337,2026-10-08,HYD,LH 753,LH,Lufthansa,FRA,Frankfurt-am-Main,t,D-ABPH,Boeing 787-9,,2026-10-08 03:10:00,2026-10-08 03:30:00,2026-10-08 09:05:00,2026-10-08 08:59:00,20,-6,on time,3,,,,22.2,0.00,6.8,10340.0,dry and calm
3338,2026-10-08,BLR,UL 174,UL,SriLankan,CMB,Colombo,t,4R-ABM,Airbus A320,2,2026-10-08 03:25:00,2026-10-08 03:37:00,2026-10-08 04:50:00,,12,,on time,3,,,,20.4,0.00,13.3,7840.0,dry and calm
3339,2026-10-08,BLR,SV 815,SV,Saudi Arabian,JED,Jeddah,t,HZ-AQJ,Airbus A330,2,2026-10-08 03:30:00,,2026-10-08 06:40:00,,,,no actual time,3,,,,20.4,0.00,13.3,7840.0,dry and calm
3340,2026-10-08,HYD,QR 501,QR,Qatar,DOH,Doha,t,A7-AHL,Airbus A320,,2026-10-08 03:30:00,,2026-10-08 05:25:00,2026-10-08 05:13:00,,-12,no actual time,3,,,,22.2,0.00,6.8,10340.0,dry and calm
3341,2026-10-08,BLR,6E 5205,6E,IndiGo,BOM,Mumbai,f,VT-NCF,Airbus A321 NEO,1,2026-10-08 03:45:00,2026-10-08 03:50:00,2026-10-08 05:30:00,,5,,on time,3,,,,20.4,0.00,13.3,7840.0,dry and calm
3342,2026-10-08,HYD,6E 1448,6E,IndiGo,AUH,Abu Dhabi,t,VT-IQA,Airbus A320 NEO,,2026-10-08 03:45:00,2026-10-08 04:02:00,2026-10-08 05:55:00,,17,,on time,3,,,,22.2,0.00,6.8,10340.0,dry and calm
3343,2026-10-08,BLR,KU 354,KU,Kuwait,KWI,Kuwait City,t,9K-AKL,Airbus A320 NEO,2,2026-10-08 03:50:00,2026-10-08 04:14:00,2026-10-08 06:30:00,,24,,on time,3,,,,20.4,0.00,13.3,7840.0,dry and calm
3344,2026-10-08,BOM,6E 1071,6E,IndiGo,HKT,Phuket,t,VT-NHI,Airbus A320,2,2026-10-08 03:55:00,2026-10-08 04:25:00,2026-10-08 10:05:00,,30,,late,3,,,,27.6,0.00,8.6,12920.0,dry and calm
3345,2026-10-08,BOM,XY 322,XY,flynas,RUH,Riyadh,t,HZ-NS96,Airbus A320 NEO,2,2026-10-08 03:55:00,2026-10-08 04:33:00,2026-10-08 05:30:00,,38,,late,3,,,,27.6,0.00,8.6,12920.0,dry and calm
3346,2026-10-08,HYD,KU 374,KU,Kuwait,KWI,Kuwait City,t,9K-AKO,Airbus A320 (Sharklets),,2026-10-08 03:55:00,2026-10-08 04:29:00,2026-10-08 06:30:00,,34,,late,3,,,,22.2,0.00,6.8,10340.0,dry and calm
3347,2026-10-08,BLR,IX 2873,IX,Air India Express,PNQ,Pune,f,VT-BXP,Boeing 737 MAX 8,2,2026-10-08 04:00:00,,2026-10-08 05:35:00,2026-10-08 05:22:00,,-13,no actual time,4,,,,20.4,0.00,14.4,7740.0,dry and calm
3348,2026-10-08,BLR,QO 378,QO,Quikjet,DEL,New Delhi,f,VT-BAZ,Boeing 737-800,1,2026-10-08 04:00:00,,,,,,no actual time,4,,,,20.4,0.00,14.4,7740.0,dry and calm
3349,2026-10-08,BLR,QR 573,QR,Qatar,DOH,Doha,t,A7-AND,Airbus A350,2,2026-10-08 04:00:00,,2026-10-08 05:50:00,2026-10-08 05:21:00,,-29,no actual time,4,,,,20.4,0.00,14.4,7740.0,dry and calm
3350,2026-10-08,BOM,6E 632,6E,IndiGo,AMD,Ahmedabad,f,VT-IWX,Airbus A320 NEO,2,2026-10-08 04:00:00,2026-10-08 04:16:00,2026-10-08 05:20:00,,16,,on time,4,,,,27.6,0.00,10.4,12900.0,dry and calm
3351,2026-10-08,BOM,6E 136,6E,IndiGo,MAA,Chennai,f,VT-NHB,Airbus A320,2,2026-10-08 04:05:00,2026-10-08 04:09:00,2026-10-08 06:05:00,,4,,on time,4,,,,27.6,0.00,10.4,12900.0,dry and calm
3352,2026-10-08,BOM,ET 611,ET,Ethiopian,ADD,Addis Ababa,t,ET-AUA,Boeing 787-9,2,2026-10-08 04:05:00,2026-10-08 04:20:00,2026-10-08 06:35:00,,15,,on time,4,,,,27.6,0.00,10.4,12900.0,dry and calm
3353,2026-10-08,BLR,QP 1811,QP,Akasa Air,DEL,New Delhi,f,VT-YAW,Boeing 737 MAX 8,1,2026-10-08 04:10:00,,2026-10-08 06:49:00,,,,no actual time,4,,,,20.4,0.00,14.4,7740.0,dry and calm
3354,2026-10-08,BOM,J2 60,J2,AZAL Azerbaijan,GYD,Baku,t,VP-BTF,Airbus A320 NEO,2,2026-10-08 04:10:00,2026-10-08 04:28:00,2026-10-08 08:00:00,,18,,on time,4,,,,27.6,0.00,10.4,12900.0,dry and calm
3355,2026-10-08,BOM,QR 557,QR,Qatar,DOH,Doha,t,,Airbus A350-1000,2,2026-10-08 04:10:00,2026-10-08 05:27:00,2026-10-08 05:15:00,2026-10-08 06:02:00,77,47,late,4,,,,27.6,0.00,10.4,12900.0,dry and calm
3356,2026-10-08,BLR,6E 1861,6E,IndiGo,MRU,Port Louis,t,VT-IWS,Airbus A321 NEO,2,2026-10-08 04:15:00,2026-10-08 04:17:00,2026-10-08 08:30:00,,2,,on time,4,6E 5323,BOM,-32,20.4,0.00,14.4,7740.0,dry and calm
3357,2026-10-08,BOM,AI 4249,AI,Air India,DMM,Ad Dammam,t,VT-CID,Airbus A320 NEO,2,2026-10-08 04:15:00,2026-10-08 05:01:00,2026-10-08 06:10:00,,46,,late,4,AI 2876,HYD,,27.6,0.00,10.4,12900.0,dry and calm
3358,2026-10-08,HYD,OV 736,OV,SalamAir,MCT,Muscat,t,A4O-OVD,Airbus A320 NEO,,2026-10-08 04:15:00,2026-10-08 04:07:00,2026-10-08 06:05:00,,-8,,on time,4,,,,21.8,0.00,7.2,9000.0,dry and calm
3359,2026-10-08,BLR,G9 497,G9,Air Arabia,SHJ,Sharjah,t,A6-AQM,Airbus A320,2,2026-10-08 04:20:00,2026-10-08 05:34:00,2026-10-08 06:40:00,2026-10-08 07:35:00,74,55,late,4,,,,20.4,0.00,14.4,7740.0,dry and calm
3360,2026-10-08,BOM,AI 2213,AI,Air India,RUH,Riyadh,t,VT-TNR,Airbus A320 NEO,2,2026-10-08 04:20:00,2026-10-08 04:49:00,2026-10-08 06:15:00,,29,,on time,4,,,,27.6,0.00,10.4,12900.0,dry and calm
3361,2026-10-08,BOM,QP 561,QP,Akasa Air,JED,Jeddah,t,,Boeing 737,2,2026-10-08 04:20:00,2026-10-08 04:36:00,2026-10-08 07:45:00,,16,,on time,4,,,,27.6,0.00,10.4,12900.0,dry and calm
3362,2026-10-08,HYD,G9 468,G9,Air Arabia,SHJ,Sharjah,t,A6-AQT,Airbus A320,,2026-10-08 04:20:00,2026-10-08 06:11:00,2026-10-08 06:30:00,2026-10-08 08:05:00,111,95,late,4,,,,21.8,0.00,7.2,9000.0,dry and calm
3363,2026-10-08,BOM,6E 1303,6E,IndiGo,DOH,Doha,t,VT-ICS,Airbus A321 NEO,2,2026-10-08 04:25:00,2026-10-08 04:32:00,2026-10-08 05:30:00,2026-10-08 05:04:00,7,-26,on time,4,,,,27.6,0.00,10.4,12900.0,dry and calm
3364,2026-10-08,BOM,EK 501,EK,Emirates,DXB,Dubai,t,A6-EVI,Airbus A380,2,2026-10-08 04:25:00,2026-10-08 04:43:00,2026-10-08 06:05:00,2026-10-08 05:35:00,18,-30,on time,4,,,,27.6,0.00,10.4,12900.0,dry and calm
3365,2026-10-08,BOM,VS 359,VS,Virgin Atlantic,LHR,London,t,G-VWOO,Boeing 787-9,2,2026-10-08 04:25:00,2026-10-08 04:30:00,2026-10-08 10:00:00,2026-10-08 09:35:00,5,-25,on time,4,,,,27.6,0.00,10.4,12900.0,dry and calm
3366,2026-10-08,BLR,6E 408,6E,IndiGo,PNQ,Pune,f,VT-IMB,Airbus A321 NEO,1,2026-10-08 04:30:00,2026-10-08 04:33:00,2026-10-08 06:00:00,2026-10-08 05:37:00,3,-23,on time,4,,,,20.4,0.00,14.4,7740.0,dry and calm
3367,2026-10-08,BOM,6E 5294,6E,IndiGo,BLR,Bangalore,f,VT-NOT,Airbus A321 NEO,1,2026-10-08 04:30:00,2026-10-08 04:35:00,2026-10-08 06:25:00,2026-10-08 05:45:00,5,-40,on time,4,6E 5203,HYD,,27.6,0.00,10.4,12900.0,dry and calm
3368,2026-10-08,BOM,6E 643,6E,IndiGo,LKO,Lucknow,f,VT-NCH,Airbus A320 NEO,2,2026-10-08 04:30:00,2026-10-08 04:40:00,2026-10-08 06:30:00,2026-10-08 08:17:00,10,107,on time,4,,,,27.6,0.00,10.4,12900.0,dry and calm
3369,2026-10-08,HYD,6E 1313,6E,IndiGo,DOH,Doha,t,VT-ICI,Airbus A321 NEO,,2026-10-08 04:30:00,2026-10-08 04:42:00,2026-10-08 06:25:00,2026-10-08 06:20:00,12,-5,on time,4,,,,21.8,0.00,7.2,9000.0,dry and calm
3370,2026-10-08,HYD,EY 353,EY,Etihad,AUH,Abu Dhabi,t,A6-BLG,Boeing 787-9,,2026-10-08 04:30:00,2026-10-08 05:56:00,2026-10-08 06:40:00,,86,,late,4,,,,21.8,0.00,7.2,9000.0,dry and calm
3371,2026-10-08,BLR,EY 233,EY,Etihad,AUH,Abu Dhabi,t,A6-LRL,Airbus A321 NEO,2,2026-10-08 04:35:00,2026-10-08 05:24:00,2026-10-08 07:00:00,,49,,late,4,,,,20.4,0.00,14.4,7740.0,dry and calm
3372,2026-10-08,HYD,6E 351,6E,IndiGo,PNQ,Pune,f,VT-IAZ,Airbus A321 NEO,,2026-10-08 04:35:00,2026-10-08 04:44:00,2026-10-08 05:45:00,2026-10-08 05:30:00,9,-15,on time,4,,,,21.8,0.00,7.2,9000.0,dry and calm
3373,2026-10-08,BLR,6E 6633,6E,IndiGo,IXC,Chandigarh,f,VT-ITR,Airbus A320 (Sharklets),1,2026-10-08 04:40:00,2026-10-08 04:46:00,2026-10-08 07:40:00,,6,,on time,4,,,,20.4,0.00,14.4,7740.0,dry and calm
3374,2026-10-08,BOM,6E 1603,6E,IndiGo,BKK,Bangkok,t,VT-NOD,Airbus A321 NEO,2,2026-10-08 04:40:00,2026-10-08 04:56:00,2026-10-08 10:40:00,2026-10-08 10:24:00,16,-16,on time,4,,,,27.6,0.00,10.4,12900.0,dry and calm
3375,2026-10-08,HYD,EK 525,EK,Emirates,DXB,Dubai,t,A6-EPR,Boeing 777,,2026-10-08 04:40:00,,2026-10-08 06:45:00,2026-10-08 06:43:00,,-2,no actual time,4,,,,21.8,0.00,7.2,9000.0,dry and calm
3376,2026-10-08,BLR,EK 569,EK,Emirates,DXB,Dubai,t,A6-EUM,Airbus A380,2,2026-10-08 04:45:00,2026-10-08 05:07:00,2026-10-08 07:05:00,2026-10-08 06:54:00,22,-11,on time,4,,,,20.4,0.00,14.4,7740.0,dry and calm
3377,2026-10-08,BOM,6E 73,6E,IndiGo,RUH,Riyadh,t,VT-IBJ,Airbus A320,2,2026-10-08 04:45:00,2026-10-08 05:19:00,2026-10-08 06:45:00,,34,,late,4,,,,27.6,0.00,10.4,12900.0,dry and calm
3378,2026-10-08,BOM,6E 1235,6E,IndiGo,KWI,Kuwait City,t,,,2,2026-10-08 04:55:00,,,,,,canceled,4,,,,27.6,0.00,10.4,12900.0,dry and calm
3379,2026-10-08,BOM,G9 406,G9,Air Arabia,SHJ,Sharjah,t,A6-AOO,Airbus A320,2,2026-10-08 04:55:00,2026-10-08 06:13:00,2026-10-08 06:25:00,2026-10-08 07:26:00,78,61,late,4,,,,27.6,0.00,10.4,12900.0,dry and calm
3380,2026-10-08,BLR,OV 784,OV,SalamAir,MCT,Muscat,t,A4O-OVH,Airbus A320 NEO,2,2026-10-08 05:00:00,2026-10-08 05:22:00,2026-10-08 07:10:00,,22,,on time,5,,,,21.1,0.00,19.1,7540.0,dry and calm
3381,2026-10-08,BLR,QP 1359,QP,Akasa Air,DEL,New Delhi,f,VT-YAX,Boeing 737 MAX 8,1,2026-10-08 05:00:00,,2026-10-08 07:38:00,,,,no actual time,5,,,,21.1,0.00,19.1,7540.0,dry and calm
3382,2026-10-08,BOM,6E 5243,6E,IndiGo,GAU,Guwahati,f,VT-IAN,Airbus A320 NEO,1,2026-10-08 05:00:00,2026-10-08 05:12:00,2026-10-08 08:10:00,,12,,on time,5,,,,27.6,0.00,11.9,11160.0,dry and calm
3383,2026-10-08,BOM,6E 6361,6E,IndiGo,GOI,Vasco da Gama,f,VT-IBI,Airbus A320 NEO,2,2026-10-08 05:00:00,2026-10-08 05:14:00,2026-10-08 06:05:00,,14,,on time,5,,,,27.6,0.00,11.9,11160.0,dry and calm
3384,2026-10-08,BOM,6E 656,6E,IndiGo,DEL,New Delhi,f,VT-NOU,Airbus A321 NEO,2,2026-10-08 05:00:00,2026-10-08 05:07:00,2026-10-08 06:46:00,,7,,on time,5,6E 6363,HYD,,27.6,0.00,11.9,11160.0,dry and calm
3385,2026-10-08,BOM,EY 207,EY,Etihad,AUH,Abu Dhabi,t,A6-XWO,Airbus A350-1000,2,2026-10-08 05:00:00,2026-10-08 05:16:00,2026-10-08 06:30:00,,16,,on time,5,,,,27.6,0.00,11.9,11160.0,dry and calm
3386,2026-10-08,BOM,QP 1145,QP,Akasa Air,MAA,Chennai,f,,Boeing 737,2,2026-10-08 05:00:00,2026-10-08 05:19:00,2026-10-08 07:00:00,,19,,on time,5,,,,27.6,0.00,11.9,11160.0,dry and calm
3387,2026-10-08,HYD,6E 5245,6E,IndiGo,BOM,Mumbai,f,VT-NOO,Airbus A321 NEO,,2026-10-08 05:00:00,2026-10-08 05:00:00,2026-10-08 06:25:00,,0,,on time,5,6E 5179,BOM,-36,22.2,0.00,6.1,8980.0,dry and calm
3388,2026-10-08,BLR,6E 836,6E,IndiGo,DEL,New Delhi,f,VT-NCL,Airbus A321 NEO,1,2026-10-08 05:05:00,2026-10-08 05:11:00,2026-10-08 07:32:00,,6,,on time,5,,,,21.1,0.00,19.1,7540.0,dry and calm
3389,2026-10-08,BLR,QP 1517,QP,Akasa Air,BOM,Mumbai,f,VT-YBS,Boeing 737,1,2026-10-08 05:05:00,,2026-10-08 06:50:00,,,,no actual time,5,,,,21.1,0.00,19.1,7540.0,dry and calm
3390,2026-10-08,BOM,IX 1797,IX,Air India Express,COK,Kochi,f,VT-BWF,Boeing 737,2,2026-10-08 05:05:00,2026-10-08 05:15:00,2026-10-08 07:05:00,,10,,on time,5,,,,27.6,0.00,11.9,11160.0,dry and calm
3391,2026-10-08,HYD,6E 815,6E,IndiGo,JAI,Jaipur,f,VT-IOR,Airbus A320 NEO,,2026-10-08 05:05:00,2026-10-08 05:08:00,2026-10-08 07:05:00,,3,,on time,5,,,,22.2,0.00,6.1,8980.0,dry and calm
3392,2026-10-08,BLR,6E 586,6E,IndiGo,AMD,Ahmedabad,f,VT-IZB,Airbus A320 NEO,1,2026-10-08 05:10:00,2026-10-08 05:12:00,2026-10-08 07:20:00,,2,,on time,5,,,,21.1,0.00,19.1,7540.0,dry and calm
3393,2026-10-08,BLR,QP 1311,QP,Akasa Air,PNQ,Pune,f,VT-YBO,Boeing 737 MAX 8,1,2026-10-08 05:10:00,,2026-10-08 06:50:00,,,,no actual time,5,QP 1518,BOM,,21.1,0.00,19.1,7540.0,dry and calm
3394,2026-10-08,BOM,AI 603,AI,Air India,GOI,Vasco da Gama,f,VT-TQD,Airbus A320 NEO,2,2026-10-08 05:10:00,2026-10-08 05:20:00,2026-10-08 06:30:00,,10,,on time,5,,,,27.6,0.00,11.9,11160.0,dry and calm
3395,2026-10-08,BLR,6E 457,6E,IndiGo,GAU,Guwahati,f,VT-ICN,Airbus A321 NEO,1,2026-10-08 05:15:00,2026-10-08 05:17:00,2026-10-08 08:20:00,,2,,on time,5,,,,21.1,0.00,19.1,7540.0,dry and calm
3396,2026-10-08,BOM,6E 1607,6E,IndiGo,MAA,Chennai,f,VT-IOG,Airbus A320,2,2026-10-08 05:15:00,2026-10-08 05:26:00,2026-10-08 07:15:00,,11,,on time,5,,,,27.6,0.00,11.9,11160.0,dry and calm
3397,2026-10-08,BOM,6E 6118,6E,IndiGo,ATQ,Amritsar,f,VT-NHJ,Airbus A321 NEO,2,2026-10-08 05:15:00,2026-10-08 05:25:00,2026-10-08 07:45:00,,10,,on time,5,,,,27.6,0.00,11.9,11160.0,dry and calm
3398,2026-10-08,BLR,IX 1539,IX,Air India Express,GOI,Vasco da Gama,f,VT-ATH,Airbus A320 NEO,2,2026-10-08 05:20:00,2026-10-08 05:30:00,2026-10-08 06:30:00,,10,,on time,5,,,,21.1,0.00,19.1,7540.0,dry and calm
3399,2026-10-08,BOM,AI 2728,AI,Air India,ATQ,Amritsar,f,VT-SCH,Airbus A320 NEO,2,2026-10-08 05:20:00,2026-10-08 05:31:00,2026-10-08 07:50:00,,11,,on time,5,,,,27.6,0.00,11.9,11160.0,dry and calm
3400,2026-10-08,HYD,6E 709,6E,IndiGo,DEL,New Delhi,f,VT-NCC,Airbus A320,,2026-10-08 05:20:00,2026-10-08 05:24:00,2026-10-08 07:13:00,,4,,on time,5,,,,22.2,0.00,6.1,8980.0,dry and calm
3401,2026-10-08,HYD,6E 7549,6E,IndiGo,IXE,Mangalore,f,VT-IRK,ATR 72,,2026-10-08 05:20:00,,2026-10-08 07:05:00,,,,no actual time,5,,,,22.2,0.00,6.1,8980.0,dry and calm
3402,2026-10-08,HYD,IX 939,IX,Air India Express,JED,Jeddah,t,VT-NTA,Boeing 737 MAX 8,,2026-10-08 05:20:00,2026-10-08 07:10:00,2026-10-08 08:30:00,,110,,late,5,,,,22.2,0.00,6.1,8980.0,dry and calm
3403,2026-10-08,BOM,OV 762,OV,SalamAir,MCT,Muscat,t,A4O-OVJ,Airbus A320 NEO,2,2026-10-08 05:25:00,2026-10-08 05:41:00,2026-10-08 06:50:00,,16,,on time,5,,,,27.6,0.00,11.9,11160.0,dry and calm
3404,2026-10-08,BLR,6E 5089,6E,IndiGo,BOM,Mumbai,f,VT-NCA,Airbus A321 NEO,1,2026-10-08 05:30:00,2026-10-08 05:36:00,2026-10-08 07:15:00,,6,,on time,5,,,,21.1,0.00,19.1,7540.0,dry and calm
3405,2026-10-08,BLR,IX 2361,IX,Air India Express,GWL,Gwalior,f,VT-BXA,Boeing 737 MAX 8,2,2026-10-08 05:30:00,2026-10-08 05:46:00,2026-10-08 08:05:00,,16,,on time,5,,,,21.1,0.00,19.1,7540.0,dry and calm
3406,2026-10-08,BLR,QP 1850,QP,Akasa Air,IXB,Siliguri,f,VT-YBP,Boeing 737 MAX 8,1,2026-10-08 05:30:00,,2026-10-08 08:30:00,,,,no actual time,5,,,,21.1,0.00,19.1,7540.0,dry and calm
3407,2026-10-08,BOM,6E 6367,6E,IndiGo,CCU,Kolkata,f,VT-NCN,Airbus A320,2,2026-10-08 05:30:00,2026-10-08 05:52:00,2026-10-08 08:15:00,2026-10-08 08:00:00,22,-15,on time,5,,,,27.6,0.00,11.9,11160.0,dry and calm
3408,2026-10-08,BOM,AI 2845,AI,Air India,BLR,Bangalore,f,VT-TVE,Airbus A321,2,2026-10-08 05:30:00,2026-10-08 05:36:00,2026-10-08 07:35:00,2026-10-08 06:48:00,6,-47,on time,5,,,,27.6,0.00,11.9,11160.0,dry and calm
3409,2026-10-08,HYD,6E 972,6E,IndiGo,GAU,Guwahati,f,VT-IPD,Airbus A320 NEO,,2026-10-08 05:30:00,2026-10-08 05:37:00,2026-10-08 08:10:00,,7,,on time,5,6E 6187,BOM,-40,22.2,0.00,6.1,8980.0,dry and calm
3410,2026-10-08,HYD,AI 1806,AI,Air India,DEL,New Delhi,f,VT-TQU,Airbus A320 NEO,,2026-10-08 05:30:00,2026-10-08 05:36:00,2026-10-08 07:39:00,,6,,on time,5,,,,22.2,0.00,6.1,8980.0,dry and calm
3411,2026-10-08,BLR,QR 8693,QR,Qatar,DOH,Doha,t,A7-BFH,Boeing 777,2,2026-10-08 05:35:00,,,,,,no actual time,5,,,,21.1,0.00,19.1,7540.0,dry and calm
3412,2026-10-08,BOM,6E 5081,6E,IndiGo,IXU,Aurangabad,f,,Airbus A320 NEO,1,2026-10-08 05:35:00,2026-10-08 05:45:00,2026-10-08 06:40:00,,10,,on time,5,,,,27.6,0.00,11.9,11160.0,dry and calm
3413,2026-10-08,BOM,6E 6701,6E,IndiGo,COK,Kochi,f,VT-IRV,Airbus A320,2,2026-10-08 05:35:00,2026-10-08 05:39:00,2026-10-08 07:30:00,,4,,on time,5,,,,27.6,0.00,11.9,11160.0,dry and calm
3414,2026-10-08,BOM,AI 163,AI,Air India,LHR,London,t,VT-NAC,Boeing 787-8,2,2026-10-08 05:35:00,2026-10-08 06:05:00,2026-10-08 11:30:00,2026-10-08 10:57:00,30,-33,late,5,,,,27.6,0.00,11.9,11160.0,dry and calm
3415,2026-10-08,BOM,IX 1793,IX,Air India Express,CJB,Coimbatore,f,,Airbus A320 NEO,2,2026-10-08 05:35:00,2026-10-08 05:52:00,2026-10-08 07:20:00,,17,,on time,5,,,,27.6,0.00,11.9,11160.0,dry and calm
3416,2026-10-08,BOM,QP 1149,QP,Akasa Air,BLR,Bangalore,f,VT-YBF,Boeing 737,2,2026-10-08 05:35:00,2026-10-08 05:45:00,2026-10-08 07:25:00,,10,,on time,5,QP 1150,BLR,,27.6,0.00,11.9,11160.0,dry and calm
3417,2026-10-08,BLR,6E 194,6E,IndiGo,GOI,Vasco da Gama,f,VT-ITO,Airbus A320 (Sharklets),1,2026-10-08 05:40:00,2026-10-08 05:48:00,2026-10-08 06:45:00,,8,,on time,5,,,,21.1,0.00,19.1,7540.0,dry and calm
3418,2026-10-08,BLR,QP 1511,QP,Akasa Air,BBI,Bhubaneswar,f,VT-YAI,Boeing 737 MAX 8,1,2026-10-08 05:40:00,,2026-10-08 07:40:00,,,,no actual time,5,,,,21.1,0.00,19.1,7540.0,dry and calm
3419,2026-10-08,HYD,6E 1509,6E,IndiGo,BKK,Bangkok,t,VT-IQS,Airbus A320 NEO,,2026-10-08 05:40:00,2026-10-08 05:42:00,2026-10-08 10:55:00,2026-10-08 10:29:00,2,-26,on time,5,,,,22.2,0.00,6.1,8980.0,dry and calm
3420,2026-10-08,BLR,GF 283,GF,Gulf Air,BAH,Manama,t,A9C-XD,Airbus A321 NEO,2,2026-10-08 05:45:00,2026-10-08 05:50:00,2026-10-08 07:55:00,,5,,on time,5,,,,21.1,0.00,19.1,7540.0,dry and calm
3421,2026-10-08,BOM,6E 5059,6E,IndiGo,BDQ,Vadodara,f,VT-IMS,Airbus A320,1,2026-10-08 05:45:00,2026-10-08 05:48:00,2026-10-08 06:55:00,,3,,on time,5,,,,27.6,0.00,11.9,11160.0,dry and calm
3422,2026-10-08,BOM,6E 6362,6E,IndiGo,HYD,Hyderabad,f,VT-NCZ,Airbus A320,2,2026-10-08 05:45:00,2026-10-08 05:50:00,2026-10-08 07:20:00,2026-10-08 06:54:00,5,-26,on time,5,,,,27.6,0.00,11.9,11160.0,dry and calm
3423,2026-10-08,HYD,6E 6207,6E,IndiGo,PAT,Patna,f,VT-IPO,Airbus A320 NEO,,2026-10-08 05:45:00,2026-10-08 05:58:00,2026-10-08 07:45:00,,13,,on time,5,,,,22.2,0.00,6.1,8980.0,dry and calm
3424,2026-10-08,BLR,IX 2881,IX,Air India Express,GAU,Guwahati,f,VT-BWJ,Boeing 737 MAX 8,2,2026-10-08 05:50:00,2026-10-08 06:11:00,2026-10-08 09:15:00,,21,,on time,5,,,,21.1,0.00,19.1,7540.0,dry and calm
3425,2026-10-08,BLR,QP 1515,QP,Akasa Air,BOM,Mumbai,f,VT-YAP,Boeing 737 MAX 8,1,2026-10-08 05:50:00,,2026-10-08 07:35:00,,,,no actual time,5,,,,21.1,0.00,19.1,7540.0,dry and calm
3426,2026-10-08,BOM,AI 2581,AI,Air India,NAG,Naqpur,f,VT-EXM,Airbus A320 (Sharklets),2,2026-10-08 05:50:00,2026-10-08 06:03:00,2026-10-08 07:20:00,,13,,on time,5,,,,27.6,0.00,11.9,11160.0,dry and calm
3427,2026-10-08,BOM,IX 1026,IX,Air India Express,LKO,Lucknow,f,VT-BWA,Boeing 737,2,2026-10-08 05:50:00,2026-10-08 05:56:00,2026-10-08 08:10:00,2026-10-08 07:45:00,6,-25,on time,5,,,,27.6,0.00,11.9,11160.0,dry and calm
3428,2026-10-08,BOM,TC 401,TC,Air Tanzania,DAR,Dar es Salaam,t,5H-TCQ,Boeing 737-900,2,2026-10-08 05:50:00,2026-10-08 06:30:00,2026-10-08 09:20:00,,40,,late,5,,,,27.6,0.00,11.9,11160.0,dry and calm
3429,2026-10-08,HYD,AI 2872,AI,Air India,BOM,Mumbai,f,,Airbus A320 NEO,,2026-10-08 05:50:00,,2026-10-08 07:45:00,,,,no actual time,5,,,,22.2,0.00,6.1,8980.0,dry and calm
3430,2026-10-08,BLR,IX 2064,IX,Air India Express,VTZ,Visakhapatnam,f,VT-BXK,Boeing 737 MAX 8,2,2026-10-08 05:55:00,2026-10-08 06:06:00,2026-10-08 07:30:00,2026-10-08 07:25:00,11,-5,on time,5,IX 1378,HYD,-30,21.1,0.00,19.1,7540.0,dry and calm
3431,2026-10-08,BOM,AI 4215,AI,Air India,DXB,Dubai,t,VT-TQM,Airbus A320 NEO,2,2026-10-08 05:55:00,2026-10-08 05:58:00,2026-10-08 07:25:00,2026-10-08 07:00:00,3,-25,on time,5,AI 2610,BLR,,27.6,0.00,11.9,11160.0,dry and calm
3432,2026-10-08,BOM,IX 1237,IX,Air India Express,IXR,Ranchi,f,,Boeing 737,2,2026-10-08 05:55:00,2026-10-08 06:00:00,2026-10-08 08:20:00,,5,,on time,5,,,,27.6,0.00,11.9,11160.0,dry and calm
3433,2026-10-08,HYD,6E 6494,6E,IndiGo,CCU,Kolkata,f,VT-IMK,Airbus A321 NEO,,2026-10-08 05:55:00,2026-10-08 06:09:00,2026-10-08 08:05:00,2026-10-08 07:43:00,14,-22,on time,5,,,,22.2,0.00,6.1,8980.0,dry and calm
3434,2026-10-08,BLR,AI 2810,AI,Air India,DEL,New Delhi,f,VT-TQB,Airbus A320 NEO,2,2026-10-08 06:00:00,2026-10-08 06:19:00,2026-10-08 08:45:00,,19,,on time,6,,,,21.0,0.00,18.0,11120.0,dry and calm
3435,2026-10-08,BOM,6E 762,6E,IndiGo,DEL,New Delhi,f,,Airbus A320,2,2026-10-08 06:00:00,2026-10-08 06:28:00,2026-10-08 08:08:00,,28,,on time,6,,,,27.3,0.00,11.9,12880.0,dry and calm
3436,2026-10-08,BOM,AI 2625,AI,Air India,HYD,Hyderabad,f,VT-RTY,Airbus A320 NEO,2,2026-10-08 06:00:00,2026-10-08 06:18:00,2026-10-08 07:35:00,2026-10-08 07:15:00,18,-20,on time,6,AI 2811,BLR,,27.3,0.00,11.9,12880.0,dry and calm
3437,2026-10-08,BOM,QP 1121,QP,Akasa Air,SXR,Srinagar,f,,Boeing 737,2,2026-10-08 06:00:00,2026-10-08 06:11:00,2026-10-08 08:35:00,,11,,on time,6,,,,27.3,0.00,11.9,12880.0,dry and calm
3438,2026-10-08,HYD,6E 7452,6E,IndiGo,NAG,Naqpur,f,VT-IRR,ATR 72,,2026-10-08 06:00:00,2026-10-08 06:12:00,2026-10-08 07:40:00,,12,,on time,6,,,,22.3,0.00,8.3,8940.0,dry and calm
3439,2026-10-08,HYD,QP 1405,QP,Akasa Air,DEL,New Delhi,f,,Boeing 737,,2026-10-08 06:00:00,,2026-10-08 07:55:00,,,,no actual time,6,,,,22.3,0.00,8.3,8940.0,dry and calm
3440,2026-10-08,BLR,6E 2455,6E,IndiGo,IXJ,Jammu,f,VT-IXF,Airbus A320 NEO,1,2026-10-08 06:05:00,,,,,,no actual time,6,,,,21.0,0.00,18.0,11120.0,dry and calm
3441,2026-10-08,BLR,IX 2018,IX,Air India Express,HYD,Hyderabad,f,VT-VTZ,Airbus A320,2,2026-10-08 06:05:00,,2026-10-08 07:25:00,2026-10-08 07:03:00,,-22,no actual time,6,,,,21.0,0.00,18.0,11120.0,dry and calm
3442,2026-10-08,BLR,QP 1823,QP,Akasa Air,DEL,New Delhi,f,VT-YAQ,Boeing 737 MAX 8,1,2026-10-08 06:05:00,,2026-10-08 08:51:00,,,,no actual time,6,,,,21.0,0.00,18.0,11120.0,dry and calm
3443,2026-10-08,BOM,AI 471,AI,Air India,IXC,Chandigarh,f,VT-TQX,Airbus A320 NEO,2,2026-10-08 06:05:00,2026-10-08 06:17:00,2026-10-08 08:20:00,,12,,on time,6,,,,27.3,0.00,11.9,12880.0,dry and calm
3444,2026-10-08,BOM,GF 57,GF,Gulf Air,BAH,Manama,t,A9C-XE,Airbus A320,2,2026-10-08 06:05:00,2026-10-08 06:32:00,2026-10-08 07:30:00,,27,,on time,6,,,,27.3,0.00,11.9,12880.0,dry and calm
3445,2026-10-08,BLR,6E 368,6E,IndiGo,BHO,Bhopal,f,VT-ILZ,Airbus A321 NEO,1,2026-10-08 06:10:00,2026-10-08 06:24:00,2026-10-08 08:10:00,,14,,on time,6,,,,21.0,0.00,18.0,11120.0,dry and calm
3446,2026-10-08,BLR,6E 6178,6E,IndiGo,HYD,Hyderabad,f,VT-IOM,Airbus A320 NEO,1,2026-10-08 06:10:00,2026-10-08 06:15:00,2026-10-08 07:20:00,2026-10-08 06:59:00,5,-21,on time,6,,,,21.0,0.00,18.0,11120.0,dry and calm
3447,2026-10-08,BOM,6E 1185,6E,IndiGo,CMB,Colombo,t,VT-IXP,Airbus A320 NEO,2,2026-10-08 06:10:00,2026-10-08 06:22:00,2026-10-08 08:45:00,,12,,on time,6,,,,27.3,0.00,11.9,12880.0,dry and calm
3448,2026-10-08,BOM,6E 5144,6E,IndiGo,AMD,Ahmedabad,f,VT-IKS,Airbus A320,1,2026-10-08 06:10:00,2026-10-08 06:08:00,2026-10-08 07:25:00,,-2,,on time,6,6E 5143,HYD,,27.3,0.00,11.9,12880.0,dry and calm
3449,2026-10-08,HYD,6E 5278,6E,IndiGo,TRV,Trivandrum,f,VT-IBZ,Airbus A321 NEO,,2026-10-08 06:10:00,2026-10-08 06:15:00,2026-10-08 07:55:00,2026-10-08 07:41:00,5,-14,on time,6,,,,22.3,0.00,8.3,8940.0,dry and calm
3450,2026-10-08,BLR,QP 1501,QP,Akasa Air,LKO,Lucknow,f,VT-YBN,Boeing 737 MAX 8,1,2026-10-08 06:15:00,,2026-10-08 08:45:00,,,,no actual time,6,,,,21.0,0.00,18.0,11120.0,dry and calm
3451,2026-10-08,BLR,QP 1561,QP,Akasa Air,CCU,Kolkata,f,VT-YBC,Boeing 737 MAX 8,1,2026-10-08 06:15:00,,2026-10-08 08:50:00,,,,no actual time,6,,,,21.0,0.00,18.0,11120.0,dry and calm
3452,2026-10-08,BOM,6E 5188,6E,IndiGo,MAA,Chennai,f,VT-NCU,Airbus A320,1,2026-10-08 06:15:00,2026-10-08 06:24:00,2026-10-08 08:20:00,,9,,on time,6,6E 5376,BLR,,27.3,0.00,11.9,12880.0,dry and calm
3453,2026-10-08,BOM,6E 5296,6E,IndiGo,BLR,Bangalore,f,VT-NCD,Airbus A320,1,2026-10-08 06:15:00,2026-10-08 06:21:00,2026-10-08 08:00:00,2026-10-08 07:33:00,6,-27,on time,6,6E 5293,BLR,,27.3,0.00,11.9,12880.0,dry and calm
3454,2026-10-08,BOM,6E 6794,6E,IndiGo,UDR,Udaipur,f,VT-IMY,Airbus A320,2,2026-10-08 06:15:00,2026-10-08 06:19:00,2026-10-08 07:40:00,,4,,on time,6,,,,27.3,0.00,11.9,12880.0,dry and calm
3455,2026-10-08,HYD,6E 6305,6E,IndiGo,IXZ,Port Blair,f,VT-ICD,Airbus A321 NEO,,2026-10-08 06:15:00,2026-10-08 06:30:00,2026-10-08 09:00:00,,15,,on time,6,,,,22.3,0.00,8.3,8940.0,dry and calm
3456,2026-10-08,HYD,6E 7201,6E,IndiGo,VGA,Vidzhayavada,f,VT-IRD,ATR 72,,2026-10-08 06:15:00,2026-10-08 06:27:00,2026-10-08 07:15:00,,12,,on time,6,,,,22.3,0.00,8.3,8940.0,dry and calm
3457,2026-10-08,BLR,IX 1479,IX,Air India Express,LKO,Lucknow,f,VT-BWQ,Boeing 737,2,2026-10-08 06:20:00,,2026-10-08 08:50:00,2026-10-08 08:39:00,,-11,no actual time,6,,,,21.0,0.00,18.0,11120.0,dry and calm
3458,2026-10-08,BLR,IX 2875,IX,Air India Express,VGA,Vijayawada,f,VT-TYE,Airbus A320 NEO,2,2026-10-08 06:20:00,,2026-10-08 07:25:00,,,,no actual time,6,,,,21.0,0.00,18.0,11120.0,dry and calm
3459,2026-10-08,BOM,6E 802,6E,IndiGo,IXZ,Port Blair,f,VT-IKK,Airbus A320 NEO,2,2026-10-08 06:20:00,2026-10-08 06:42:00,2026-10-08 09:45:00,,22,,on time,6,,,,27.3,0.00,11.9,12880.0,dry and calm
3460,2026-10-08,BOM,AI 601,AI,Air India,BHJ,Bhuj,f,,Airbus A319,2,2026-10-08 06:20:00,2026-10-08 06:52:00,2026-10-08 07:45:00,,32,,late,6,,,,27.3,0.00,11.9,12880.0,dry and calm
3461,2026-10-08,BOM,IX 251,IX,Air India Express,SHJ,Sharjah,t,VT-RTI,Airbus A320,2,2026-10-08 06:20:00,2026-10-08 06:40:00,2026-10-08 07:55:00,2026-10-08 07:42:00,20,-13,on time,6,,,,27.3,0.00,11.9,12880.0,dry and calm
3462,2026-10-08,HYD,6E 5209,6E,IndiGo,AMD,Ahmedabad,f,VT-ISR,Airbus A320 NEO,,2026-10-08 06:20:00,2026-10-08 06:22:00,2026-10-08 08:10:00,,2,,on time,6,,,,22.3,0.00,8.3,8940.0,dry and calm
3463,2026-10-08,HYD,6E 928,6E,IndiGo,STV,Surat,f,,Airbus A320 NEO,,2026-10-08 06:20:00,,2026-10-08 07:55:00,,,,no actual time,6,,,,22.3,0.00,8.3,8940.0,dry and calm
3464,2026-10-08,HYD,IX 2934,IX,Air India Express,BLR,Bangalore,f,VT-BXN,Boeing 737,,2026-10-08 06:20:00,,2026-10-08 07:55:00,,,,no actual time,6,,,,22.3,0.00,8.3,8940.0,dry and calm
3465,2026-10-08,BLR,6E 7227,6E,IndiGo,HBX,Hubli,f,VT-IYE,ATR 72,1,2026-10-08 06:25:00,2026-10-08 06:30:00,2026-10-08 07:50:00,,5,,on time,6,,,,21.0,0.00,18.0,11120.0,dry and calm
3466,2026-10-08,HYD,6E 707,6E,IndiGo,DEL,New Delhi,f,VT-NHT,Airbus A321 NEO,,2026-10-08 06:25:00,2026-10-08 06:23:00,2026-10-08 08:13:00,,-2,,on time,6,,,,22.3,0.00,8.3,8940.0,dry and calm
3467,2026-10-08,BLR,6E 1077,6E,IndiGo,HKT,Phuket,t,VT-IOQ,Airbus A320 NEO,2,2026-10-08 06:30:00,2026-10-08 06:48:00,2026-10-08 11:45:00,,18,,on time,6,6E 285,HYD,-2,21.0,0.00,18.0,11120.0,dry and calm
3468,2026-10-08,BLR,6E 6439,6E,IndiGo,CCU,Kolkata,f,VT-IBD,Airbus A321 NEO,1,2026-10-08 06:30:00,2026-10-08 06:37:00,2026-10-08 09:10:00,2026-10-08 08:44:00,7,-26,on time,6,,,,21.0,0.00,18.0,11120.0,dry and calm
3469,2026-10-08,BLR,IX 2013,IX,Air India Express,AMD,Ahmedabad,f,VT-BWT,Boeing 737 MAX 8,2,2026-10-08 06:30:00,,2026-10-08 08:20:00,,,,no actual time,6,,,,21.0,0.00,18.0,11120.0,dry and calm
3470,2026-10-08,BOM,AI 2605,AI,Air India,TRV,Trivandrum,f,VT-TYA,Airbus A319,2,2026-10-08 06:30:00,2026-10-08 06:36:00,2026-10-08 08:50:00,2026-10-08 08:23:00,6,-27,on time,6,,,,27.3,0.00,11.9,12880.0,dry and calm
3471,2026-10-08,BOM,AI 2928,AI,Air India,DEL,New Delhi,f,,Airbus A320 NEO,2,2026-10-08 06:30:00,2026-10-08 06:41:00,2026-10-08 08:43:00,,11,,on time,6,,,,27.3,0.00,11.9,12880.0,dry and calm
3472,2026-10-08,HYD,6E 413,6E,IndiGo,BLR,Bangalore,f,VT-IFI,Airbus A320 (Sharklets),,2026-10-08 06:30:00,2026-10-08 06:32:00,2026-10-08 07:50:00,2026-10-08 07:22:00,2,-28,on time,6,,,,22.3,0.00,8.3,8940.0,dry and calm
3473,2026-10-08,HYD,6E 6196,6E,IndiGo,BOM,Mumbai,f,VT-NCW,Airbus A321 NEO,,2026-10-08 06:30:00,2026-10-08 06:37:00,2026-10-08 07:55:00,,7,,on time,6,6E 6195,BOM,-17,22.3,0.00,8.3,8940.0,dry and calm
3474,2026-10-08,BLR,AI 2402,AI,Air India,BOM,Mumbai,f,VT-EXN,Airbus A321 (Sharklets),2,2026-10-08 06:35:00,2026-10-08 06:40:00,2026-10-08 08:35:00,,5,,on time,6,AI 2812,BOM,-38,21.0,0.00,18.0,11120.0,dry and calm
3475,2026-10-08,BLR,IX 1239,IX,Air India Express,IXR,Ranchi,f,VT-BXR,Boeing 737,2,2026-10-08 06:35:00,2026-10-08 06:28:00,2026-10-08 08:55:00,,-7,,on time,6,IX 2983,HYD,-12,21.0,0.00,18.0,11120.0,dry and calm
3476,2026-10-08,BOM,6E 1601,6E,IndiGo,CGK,Jakarta,t,VT-IXG,Airbus A320 NEO,2,2026-10-08 06:35:00,2026-10-08 07:14:00,2026-10-08 14:50:00,2026-10-08 14:45:00,39,-5,late,6,,,,27.3,0.00,11.9,12880.0,dry and calm
3477,2026-10-08,BOM,AI 2603,AI,Air India,BLR,Bangalore,f,VT-EXF,Airbus A320 NEO,2,2026-10-08 06:35:00,2026-10-08 06:43:00,2026-10-08 08:35:00,2026-10-08 07:55:00,8,-40,on time,6,,,,27.3,0.00,11.9,12880.0,dry and calm
3478,2026-10-08,BOM,AI 2787,AI,Air India,COK,Kochi,f,VT-TNQ,Airbus A320 NEO,2,2026-10-08 06:35:00,2026-10-08 06:48:00,2026-10-08 08:35:00,,13,,on time,6,,,,27.3,0.00,11.9,12880.0,dry and calm
3479,2026-10-08,BOM,QP 618,QP,Akasa Air,HKT,Phuket,t,,Boeing 737,2,2026-10-08 06:35:00,2026-10-08 07:03:00,2026-10-08 12:40:00,,28,,on time,6,,,,27.3,0.00,11.9,12880.0,dry and calm
3480,2026-10-08,BOM,6E 5197,6E,IndiGo,SXR,Srinagar,f,VT-IAN,Airbus A320 (Sharklets),1,2026-10-08 06:40:00,2026-10-08 06:55:00,,,15,,on time,6,,,,27.3,0.00,11.9,12880.0,dry and calm
3481,2026-10-08,BOM,AI 2785,AI,Air India,HSR,Rajkot,f,VT-TNP,Airbus A320 NEO,2,2026-10-08 06:40:00,2026-10-08 07:07:00,2026-10-08 08:00:00,,27,,on time,6,,,,27.3,0.00,11.9,12880.0,dry and calm
3482,2026-10-08,BOM,AI 2821,AI,Air India,MAA,Chennai,f,,Airbus A320 NEO,2,2026-10-08 06:40:00,2026-10-08 07:00:00,2026-10-08 08:55:00,,20,,on time,6,,,,27.3,0.00,11.9,12880.0,dry and calm
3483,2026-10-08,BOM,AI 493,AI,Air India,AMD,Ahmedabad,f,,Airbus A321,2,2026-10-08 06:40:00,2026-10-08 07:10:00,2026-10-08 07:50:00,,30,,late,6,,,,27.3,0.00,11.9,12880.0,dry and calm
3484,2026-10-08,HYD,6E 7252,6E,IndiGo,IXU,Aurangabad,f,VT-IYU,ATR 72,,2026-10-08 06:40:00,2026-10-08 06:33:00,2026-10-08 08:10:00,,-7,,on time,6,,,,22.3,0.00,8.3,8940.0,dry and calm
3485,2026-10-08,BLR,6E 687,6E,IndiGo,UDR,Udaipur,f,VT-ICP,Airbus A321 NEO,1,2026-10-08 06:45:00,2026-10-08 06:55:00,2026-10-08 09:00:00,,10,,on time,6,,,,21.0,0.00,18.0,11120.0,dry and calm
3486,2026-10-08,BLR,6E 7204,6E,IndiGo,VGA,Vijayawada,f,VT-IYJ,ATR 72,1,2026-10-08 06:50:00,,2026-10-08 08:20:00,,,,no actual time,6,,,,21.0,0.00,18.0,11120.0,dry and calm
3487,2026-10-08,BLR,6E 7285,6E,IndiGo,IXG,Belgaum,f,VT-IYG,ATR 72,1,2026-10-08 06:50:00,2026-10-08 06:56:00,2026-10-08 08:20:00,,6,,on time,6,,,,21.0,0.00,18.0,11120.0,dry and calm
3488,2026-10-08,BLR,BA 118,BA,British,LHR,London,t,G-ZBJB,Boeing 787-8,2,2026-10-08 06:50:00,2026-10-08 07:02:00,2026-10-08 13:15:00,2026-10-08 12:59:00,12,-16,on time,6,,,,21.0,0.00,18.0,11120.0,dry and calm
3489,2026-10-08,BOM,9I 635,9I,Alliance Air,PBD,Porbandar,f,,ATR 72,1,2026-10-08 06:50:00,,,,,,canceled,6,,,,27.3,0.00,11.9,12880.0,dry and calm
3490,2026-10-08,BOM,QP 1252,QP,Akasa Air,CCU,Kolkata,f,,Boeing 737,2,2026-10-08 06:50:00,2026-10-08 07:14:00,2026-10-08 09:30:00,,24,,on time,6,,,,27.3,0.00,11.9,12880.0,dry and calm
3491,2026-10-08,HYD,6E 7118,6E,IndiGo,RJA,Rajahmundry,f,VT-IXV,ATR 72,,2026-10-08 06:50:00,2026-10-08 07:02:00,2026-10-08 08:05:00,,12,,on time,6,,,,22.3,0.00,8.3,8940.0,dry and calm
3492,2026-10-08,HYD,6E 7554,6E,IndiGo,RPR,Raipur,f,VT-IYS,ATR 72,,2026-10-08 06:50:00,2026-10-08 06:59:00,2026-10-08 08:40:00,,9,,on time,6,,,,22.3,0.00,8.3,8940.0,dry and calm
3493,2026-10-08,HYD,IX 2082,IX,Air India Express,VTZ,Visakhapatnam,f,VT-BWD,Boeing 737 MAX 8,,2026-10-08 06:50:00,2026-10-08 07:06:00,2026-10-08 08:10:00,2026-10-08 07:59:00,16,-11,on time,6,,,,22.3,0.00,8.3,8940.0,dry and calm
3494,2026-10-08,BLR,6E 7728,6E,IndiGo,CNN,Kannur,f,VT-IYZ,ATR 72,1,2026-10-08 06:55:00,2026-10-08 06:58:00,2026-10-08 08:20:00,,3,,on time,6,,,,21.0,0.00,18.0,11120.0,dry and calm
3495,2026-10-08,BOM,AI 2771,AI,Air India,CCU,Kolkata,f,VT-TQA,Airbus A321,2,2026-10-08 06:55:00,2026-10-08 07:13:00,2026-10-08 09:45:00,2026-10-08 09:24:00,18,-21,on time,6,,,,27.3,0.00,11.9,12880.0,dry and calm
3496,2026-10-08,BOM,TK 721,TK,Turkish,IST,Istanbul,t,,Boeing 777-300ER,2,2026-10-08 06:55:00,2026-10-08 07:20:00,,,25,,on time,6,,,,27.3,0.00,11.9,12880.0,dry and calm
3497,2026-10-08,BLR,6E 844,6E,IndiGo,DEL,New Delhi,f,VT-NCR,Airbus A321 NEO,1,2026-10-08 07:00:00,2026-10-08 07:09:00,2026-10-08 09:40:00,,9,,on time,7,,,,22.1,0.00,18.7,13560.0,dry and calm
3498,2026-10-08,BLR,QP 1525,QP,Akasa Air,DXN,Gautam Buddha Nagar,f,VT-YBA,Boeing 737 MAX 8,1,2026-10-08 07:00:00,,,,,,no actual time,7,,,,22.1,0.00,18.7,13560.0,dry and calm
3499,2026-10-08,BOM,6E 301,6E,IndiGo,DEL,New Delhi,f,,Airbus A320,2,2026-10-08 07:00:00,2026-10-08 07:18:00,2026-10-08 09:01:00,,18,,on time,7,,,,27.8,0.00,13.7,12880.0,dry and calm
3500,2026-10-08,BOM,AI 2424,AI,Air India,DEL,New Delhi,f,,Airbus A320 NEO,2,2026-10-08 07:00:00,2026-10-08 07:29:00,2026-10-08 09:10:00,,29,,on time,7,,,,27.8,0.00,13.7,12880.0,dry and calm
3501,2026-10-08,BOM,QP 1109,QP,Akasa Air,DEL,New Delhi,f,,Boeing 737,2,2026-10-08 07:00:00,2026-10-08 07:19:00,2026-10-08 09:04:00,,19,,on time,7,,,,27.8,0.00,13.7,12880.0,dry and calm
3502,2026-10-08,HYD,6E 7307,6E,IndiGo,JLR,Dzhabalpur,f,VT-IYP,ATR 72,,2026-10-08 07:00:00,2026-10-08 07:12:00,2026-10-08 09:00:00,,12,,on time,7,,,,24.4,0.00,12.2,10220.0,dry and calm
3503,2026-10-08,BLR,6E 857,6E,IndiGo,CJB,Coimbatore,f,VT-IKT,Airbus A320,1,2026-10-08 07:05:00,2026-10-08 07:11:00,2026-10-08 07:55:00,,6,,on time,7,,,,22.1,0.00,18.7,13560.0,dry and calm
3504,2026-10-08,BLR,IX 1131,IX,Air India Express,CCU,Kolkata,f,VT-BWK,Boeing 737 MAX 8,2,2026-10-08 07:05:00,2026-10-08 07:17:00,2026-10-08 09:35:00,2026-10-08 09:18:00,12,-17,on time,7,,,,22.1,0.00,18.7,13560.0,dry and calm
3505,2026-10-08,BLR,IX 1472,IX,Air India Express,MAA,Chennai,f,VT-RTF,Airbus A320 NEO,2,2026-10-08 07:05:00,2026-10-08 07:12:00,2026-10-08 08:10:00,,7,,on time,7,,,,22.1,0.00,18.7,13560.0,dry and calm
3506,2026-10-08,BOM,6E 294,6E,IndiGo,IDR,Indore,f,,Airbus A320 NEO,2,2026-10-08 07:05:00,2026-10-08 07:24:00,2026-10-08 08:30:00,,19,,on time,7,,,,27.8,0.00,13.7,12880.0,dry and calm
3507,2026-10-08,BOM,9I 611,9I,Alliance Air,AMD,Ahmedabad,f,,,1,2026-10-08 07:05:00,2026-10-08 07:25:00,,,20,,on time,7,,,,27.8,0.00,13.7,12880.0,dry and calm
3508,2026-10-08,HYD,6E 243,6E,IndiGo,MAA,Chennai,f,VT-IQC,Airbus A320 NEO,,2026-10-08 07:05:00,2026-10-08 07:18:00,2026-10-08 08:25:00,,13,,on time,7,,,,24.4,0.00,12.2,10220.0,dry and calm
3509,2026-10-08,BLR,6E 6353,6E,IndiGo,LKO,Lucknow,f,VT-IXE,Airbus A320 NEO,1,2026-10-08 07:10:00,2026-10-08 07:26:00,2026-10-08 09:50:00,2026-10-08 09:31:00,16,-19,on time,7,,,,22.1,0.00,18.7,13560.0,dry and calm
3510,2026-10-08,BLR,6E 763,6E,IndiGo,COK,Kochi,f,VT-IOX,Airbus A320 NEO,1,2026-10-08 07:10:00,2026-10-08 07:24:00,2026-10-08 08:15:00,,14,,on time,7,,,,22.1,0.00,18.7,13560.0,dry and calm
3511,2026-10-08,HYD,6E 6408,6E,IndiGo,VTZ,Visakhapatnam,f,VT-ILS,Airbus A321 NEO,,2026-10-08 07:10:00,2026-10-08 07:20:00,2026-10-08 08:30:00,2026-10-08 08:18:00,10,-12,on time,7,,,,24.4,0.00,12.2,10220.0,dry and calm
3512,2026-10-08,BLR,6E 541,6E,IndiGo,IXE,Mangalore,f,VT-ILG,Airbus A321 NEO,1,2026-10-08 07:15:00,2026-10-08 07:30:00,2026-10-08 08:15:00,,15,,on time,7,,,,22.1,0.00,18.7,13560.0,dry and calm
3513,2026-10-08,BLR,6E 6269,6E,IndiGo,MAA,Chennai,f,VT-NHN,Airbus A321 NEO,1,2026-10-08 07:15:00,2026-10-08 07:23:00,2026-10-08 08:15:00,,8,,on time,7,,,,22.1,0.00,18.7,13560.0,dry and calm
3514,2026-10-08,BLR,QP 1372,QP,Akasa Air,IXB,Siliguri,f,VT-YBB,Boeing 737 MAX 8,1,2026-10-08 07:15:00,,2026-10-08 10:15:00,,,,no actual time,7,QP 1985,BOM,,22.1,0.00,18.7,13560.0,dry and calm
3515,2026-10-08,BOM,6E 2387,6E,IndiGo,RPR,Raipur,f,,Airbus A320,2,2026-10-08 07:15:00,2026-10-08 07:28:00,2026-10-08 09:00:00,,13,,on time,7,,,,27.8,0.00,13.7,12880.0,dry and calm
3516,2026-10-08,BOM,6E 5246,6E,IndiGo,HYD,Hyderabad,f,VT-NOO,Airbus A320,1,2026-10-08 07:15:00,2026-10-08 07:32:00,2026-10-08 08:50:00,2026-10-08 08:30:00,17,-20,on time,7,6E 5245,HYD,,27.8,0.00,13.7,12880.0,dry and calm
3517,2026-10-08,HYD,6E 179,6E,IndiGo,LKO,Lucknow,f,VT-IMM,Airbus A321 NEO,,2026-10-08 07:15:00,2026-10-08 07:47:00,2026-10-08 09:20:00,2026-10-08 09:19:00,32,-1,late,7,,,,24.4,0.00,12.2,10220.0,dry and calm
3518,2026-10-08,HYD,AI 2860,AI,Air India,DEL,New Delhi,f,VT-TQN,Airbus A320 NEO,,2026-10-08 07:15:00,2026-10-08 07:25:00,2026-10-08 09:21:00,,10,,on time,7,,,,24.4,0.00,12.2,10220.0,dry and calm
3519,2026-10-08,BLR,6E 688,6E,IndiGo,TRV,Trivandrum,f,VT-NOV,Airbus A320,1,2026-10-08 07:20:00,2026-10-08 07:32:00,2026-10-08 08:40:00,2026-10-08 08:29:00,12,-11,on time,7,,,,22.1,0.00,18.7,13560.0,dry and calm
3520,2026-10-08,BLR,9I 507,9I,Alliance Air,COK,Kochi,f,VT-RKC,ATR 72,2,2026-10-08 07:20:00,,,,,,no actual time,7,,,,22.1,0.00,18.7,13560.0,dry and calm
3521,2026-10-08,BOM,6E 5156,6E,IndiGo,HSR,Rajkot,f,VT-IMX,Airbus A320,1,2026-10-08 07:20:00,2026-10-08 07:45:00,2026-10-08 08:40:00,,25,,on time,7,,,,27.8,0.00,13.7,12880.0,dry and calm
3522,2026-10-08,BOM,AI 2354,AI,Air India,BKK,Bangkok,t,VT-EXV,Airbus A320 NEO,2,2026-10-08 07:20:00,2026-10-08 07:39:00,2026-10-08 13:35:00,2026-10-08 13:12:00,19,-23,on time,7,AI 2858,BLR,,27.8,0.00,13.7,12880.0,dry and calm
3523,2026-10-08,BOM,IX 2367,IX,Air India Express,GOX,Mopa,f,VT-BWR,Boeing 737,2,2026-10-08 07:20:00,2026-10-08 07:42:00,2026-10-08 08:40:00,,22,,on time,7,,,,27.8,0.00,13.7,12880.0,dry and calm
3524,2026-10-08,HYD,6E 6646,6E,IndiGo,CJB,Coimbatore,f,VT-IPP,Airbus A320 NEO,,2026-10-08 07:20:00,2026-10-08 07:41:00,2026-10-08 08:45:00,,21,,on time,7,,,,24.4,0.00,12.2,10220.0,dry and calm
3525,2026-10-08,HYD,6E 752,6E,IndiGo,COK,Kochi,f,VT-ICQ,Airbus A321,,2026-10-08 07:20:00,2026-10-08 07:33:00,2026-10-08 09:00:00,,13,,on time,7,,,,24.4,0.00,12.2,10220.0,dry and calm
3526,2026-10-08,BLR,6E 5216,6E,IndiGo,BOM,Mumbai,f,VT-NOT,Airbus A321 NEO,1,2026-10-08 07:25:00,2026-10-08 07:34:00,2026-10-08 09:10:00,,9,,on time,7,6E 5294,BOM,-40,22.1,0.00,18.7,13560.0,dry and calm
3527,2026-10-08,BLR,QP 1421,QP,Akasa Air,VNS,Varanasi,f,VT-YAE,Boeing 737,1,2026-10-08 07:25:00,,2026-10-08 10:00:00,,,,no actual time,7,QP 1516,BOM,,22.1,0.00,18.7,13560.0,dry and calm
3528,2026-10-08,BOM,6E 6128,6E,IndiGo,BHO,Bhopal,f,VT-IQU,Airbus A320 NEO,2,2026-10-08 07:25:00,2026-10-08 07:57:00,2026-10-08 09:00:00,,32,,late,7,,,,27.8,0.00,13.7,12880.0,dry and calm
3529,2026-10-08,BOM,AI 2183,AI,Air India,DAC,Dhaka,t,VT-TQT,Airbus A320 NEO,2,2026-10-08 07:25:00,2026-10-08 07:50:00,2026-10-08 10:45:00,2026-10-08 10:51:00,25,6,on time,7,,,,27.8,0.00,13.7,12880.0,dry and calm
3530,2026-10-08,HYD,6E 6242,6E,IndiGo,BBI,Bhubaneswar,f,VT-IZE,Airbus A320,,2026-10-08 07:25:00,2026-10-08 07:24:00,2026-10-08 09:10:00,,-1,,on time,7,,,,24.4,0.00,12.2,10220.0,dry and calm
3531,2026-10-08,HYD,AI 2626,AI,Air India,BOM,Mumbai,f,VT-ATV,Airbus A320 NEO,,2026-10-08 07:25:00,2026-10-08 07:42:00,2026-10-08 09:15:00,,17,,on time,7,,,,24.4,0.00,12.2,10220.0,dry and calm
3532,2026-10-08,HYD,OG 196,OG,Ghodawat Enterprises,NDC,Nanded,f,VT-GSK,Embraer 175,,2026-10-08 07:27:00,2026-10-08 07:27:00,,,0,,on time,7,,,,24.4,0.00,12.2,10220.0,dry and calm
3533,2026-10-08,BLR,6E 702,6E,IndiGo,BBI,Bhubaneswar,f,VT-ISO,Airbus A320 NEO,1,2026-10-08 07:30:00,2026-10-08 07:40:00,2026-10-08 09:35:00,,10,,on time,7,,,,22.1,0.00,18.7,13560.0,dry and calm
3534,2026-10-08,BLR,6E 959,6E,IndiGo,IDR,Indore,f,VT-NHW,Airbus A321 NEO,1,2026-10-08 07:30:00,2026-10-08 07:38:00,2026-10-08 09:25:00,,8,,on time,7,,,,22.1,0.00,18.7,13560.0,dry and calm
3535,2026-10-08,BOM,AI 2930,AI,Air India,DEL,New Delhi,f,VT-EXH,Airbus A320 NEO,2,2026-10-08 07:30:00,2026-10-08 08:05:00,2026-10-08 09:55:00,,35,,late,7,,,,27.8,0.00,13.7,12880.0,dry and calm
3536,2026-10-08,BLR,6E 6302,6E,IndiGo,GOP,Gorakhpur,f,VT-IXN,Airbus A320 NEO,1,2026-10-08 07:35:00,2026-10-08 08:01:00,2026-10-08 10:20:00,,26,,on time,7,6E 6505,HYD,-20,22.1,0.00,18.7,13560.0,dry and calm
3537,2026-10-08,BOM,IX 1280,IX,Air India Express,JAI,Jaipur,f,VT-ATJ,Airbus A320,2,2026-10-08 07:35:00,2026-10-08 07:11:00,2026-10-08 08:05:00,,-24,,on time,7,,,,27.8,0.00,13.7,12880.0,dry and calm
3538,2026-10-08,BOM,QP 1101,QP,Akasa Air,AMD,Ahmedabad,f,,Boeing 737,2,2026-10-08 07:35:00,2026-10-08 08:24:00,2026-10-08 08:55:00,,49,,late,7,,,,27.8,0.00,13.7,12880.0,dry and calm
3539,2026-10-08,BLR,6E 405,6E,IndiGo,RPR,Raipur,f,VT-IIZ,Airbus A320 NEO,1,2026-10-08 07:40:00,2026-10-08 07:55:00,2026-10-08 09:25:00,,15,,on time,7,,,,22.1,0.00,18.7,13560.0,dry and calm
3540,2026-10-08,BOM,AI 2741,AI,Air India,DED,Dehradun,f,VT-TNV,Airbus A320 NEO,2,2026-10-08 07:40:00,2026-10-08 07:59:00,2026-10-08 09:55:00,,19,,on time,7,AI 2642,BLR,,27.8,0.00,13.7,12880.0,dry and calm
3541,2026-10-08,HYD,6E 151,6E,IndiGo,BLR,Bangalore,f,VT-IBK,Airbus A321 NEO,,2026-10-08 07:40:00,2026-10-08 07:52:00,2026-10-08 08:40:00,2026-10-08 08:41:00,12,1,on time,7,,,,24.4,0.00,12.2,10220.0,dry and calm
3542,2026-10-08,HYD,BZ 481,BZ,Blue Dart Aviation,HYD,Hyderabad,f,VT-BDB,Boeing 757-200,,2026-10-08 07:43:00,2026-10-08 07:43:00,,,0,,on time,7,,,,24.4,0.00,12.2,10220.0,dry and calm
3543,2026-10-08,BLR,6E 6288,6E,IndiGo,ATQ,Amritsar,f,VT-ISU,Airbus A320 NEO,1,2026-10-08 07:45:00,2026-10-08 07:59:00,2026-10-08 10:50:00,,14,,on time,7,,,,22.1,0.00,18.7,13560.0,dry and calm
3544,2026-10-08,BOM,6E 5193,6E,IndiGo,BLR,Bangalore,f,VT-NOP,Airbus A320,1,2026-10-08 07:45:00,2026-10-08 08:08:00,2026-10-08 09:45:00,2026-10-08 09:23:00,23,-22,on time,7,,,,27.8,0.00,13.7,12880.0,dry and calm
3545,2026-10-08,BOM,6E 5329,6E,IndiGo,CCU,Kolkata,f,VT-NCF,Airbus A320,1,2026-10-08 07:45:00,2026-10-08 08:11:00,2026-10-08 10:30:00,2026-10-08 10:29:00,26,-1,on time,7,6E 5205,BLR,,27.8,0.00,13.7,12880.0,dry and calm
3546,2026-10-08,HYD,BA 276,BA,British,LHR,London,t,G-YMMI,Boeing 777-200,,2026-10-08 07:45:00,2026-10-08 08:02:00,2026-10-08 13:50:00,2026-10-08 13:38:00,17,-12,on time,7,,,,24.4,0.00,12.2,10220.0,dry and calm
3547,2026-10-08,BOM,6E 5091,6E,IndiGo,BBI,Bhubaneswar,f,VT-IRY,Airbus A320,1,2026-10-08 07:50:00,2026-10-08 08:21:00,2026-10-08 10:15:00,,31,,late,7,,,,27.8,0.00,13.7,12880.0,dry and calm
3548,2026-10-08,BOM,6E 5305,6E,IndiGo,IXB,Siliguri,f,VT-ISS,Airbus A320,1,2026-10-08 07:50:00,2026-10-08 08:16:00,2026-10-08 10:50:00,,26,,on time,7,,,,27.8,0.00,13.7,12880.0,dry and calm
3549,2026-10-08,BOM,6E 6543,6E,IndiGo,VNS,Varanasi,f,VT-IWR,Airbus A320,2,2026-10-08 07:50:00,2026-10-08 08:13:00,2026-10-08 10:10:00,,23,,on time,7,,,,27.8,0.00,13.7,12880.0,dry and calm
3550,2026-10-08,HYD,6E 6323,6E,IndiGo,UDR,Udaipur,f,VT-NOL,Airbus A321 NEO,,2026-10-08 07:50:00,2026-10-08 08:25:00,2026-10-08 09:45:00,,35,,late,7,,,,24.4,0.00,12.2,10220.0,dry and calm
3551,2026-10-08,HYD,9I 885,9I,Alliance Air,RPR,Raipur,f,VT-RKJ,ATR 72,,2026-10-08 07:50:00,2026-10-08 08:16:00,2026-10-08 10:30:00,,26,,on time,7,,,,24.4,0.00,12.2,10220.0,dry and calm
3552,2026-10-08,BOM,6E 1903,6E,IndiGo,ATH,Athens,t,VT-NLD,Airbus A320,2,2026-10-08 07:55:00,2026-10-08 08:34:00,2026-10-08 13:00:00,2026-10-08 13:17:00,39,17,late,7,,,,27.8,0.00,13.7,12880.0,dry and calm
3553,2026-10-08,BOM,AI 2851,AI,Air India,BLR,Bangalore,f,VT-CIH,Airbus A320 NEO,2,2026-10-08 07:55:00,2026-10-08 08:31:00,2026-10-08 10:05:00,,36,,late,7,,,,27.8,0.00,13.7,12880.0,dry and calm
3554,2026-10-08,HYD,6E 371,6E,IndiGo,MAA,Chennai,f,VT-IVB,Airbus A320 NEO,,2026-10-08 07:55:00,2026-10-08 08:09:00,2026-10-08 09:20:00,,14,,on time,7,,,,24.4,0.00,12.2,10220.0,dry and calm
3555,2026-10-08,HYD,F3 666,F3,flyadeal,RUH,Riyadh,t,HZ-FBP,Airbus A320,,2026-10-08 07:55:00,2026-10-08 08:05:00,2026-10-08 10:15:00,,10,,on time,7,,,,24.4,0.00,12.2,10220.0,dry and calm
3556,2026-10-08,BLR,IX 941,IX,Air India Express,JED,Jeddah,t,VT-BXN,Boeing 737 MAX 8,2,2026-10-08 08:00:00,2026-10-08 09:07:00,2026-10-08 11:20:00,,67,,late,8,IX 2934,HYD,,24.1,0.00,19.8,17960.0,dry and calm
3557,2026-10-08,BOM,6E 333,6E,IndiGo,DEL,New Delhi,f,,Airbus A320,2,2026-10-08 08:00:00,2026-10-08 08:26:00,2026-10-08 10:12:00,,26,,on time,8,,,,29.7,0.00,17.6,14380.0,dry and calm
3558,2026-10-08,BOM,AI 2428,AI,Air India,DEL,New Delhi,f,,Airbus A320 NEO,2,2026-10-08 08:00:00,2026-10-08 08:36:00,2026-10-08 10:19:00,,36,,late,8,,,,29.7,0.00,17.6,14380.0,dry and calm
3559,2026-10-08,BOM,UR 431,UR,Uganda,EBB,Kampala,t,,Airbus A330-900,2,2026-10-08 08:00:00,2026-10-08 09:10:00,2026-10-08 12:00:00,,70,,late,8,,,,29.7,0.00,17.6,14380.0,dry and calm
3560,2026-10-08,HYD,6E 5213,6E,IndiGo,BOM,Mumbai,f,VT-NCZ,Airbus A321 NEO,,2026-10-08 08:00:00,2026-10-08 08:10:00,2026-10-08 09:30:00,,10,,on time,8,6E 6362,BOM,-26,26.7,0.00,16.6,13080.0,dry and calm
3561,2026-10-08,HYD,6E 6411,6E,IndiGo,RJA,Rajahmundry,f,VT-IOM,Airbus A320 NEO,,2026-10-08 08:00:00,2026-10-08 08:04:00,2026-10-08 09:10:00,,4,,on time,8,6E 6178,BLR,-21,26.7,0.00,16.6,13080.0,dry and calm
3562,2026-10-08,BLR,6E 7005,6E,IndiGo,COK,Kochi,f,VT-IYH,ATR 72,1,2026-10-08 08:05:00,,2026-10-08 09:25:00,,,,no actual time,8,,,,24.1,0.00,19.8,17960.0,dry and calm
3563,2026-10-08,BLR,S5 183,S5,Star Air,NDC,Nanded,f,VT-GSO,Embraer 175,2,2026-10-08 08:05:00,,,,,,no actual time,8,OG 152,HYD,0,24.1,0.00,19.8,17960.0,dry and calm
3564,2026-10-08,BOM,6E 6058,6E,IndiGo,NAG,Naqpur,f,,Airbus A320,2,2026-10-08 08:05:00,2026-10-08 08:29:00,2026-10-08 09:30:00,,24,,on time,8,,,,29.7,0.00,17.6,14380.0,dry and calm
3565,2026-10-08,HYD,IX 1831,IX,Air India Express,MAA,Chennai,f,VT-TNM,Airbus A320 NEO,,2026-10-08 08:05:00,2026-10-08 08:22:00,2026-10-08 09:40:00,,17,,on time,8,,,,26.7,0.00,16.6,13080.0,dry and calm
3566,2026-10-08,HYD,IX 2019,IX,Air India Express,BLR,Bangalore,f,VT-VTZ,Boeing 737,,2026-10-08 08:05:00,,2026-10-08 09:25:00,,,,no actual time,8,IX 2018,BLR,-22,26.7,0.00,16.6,13080.0,dry and calm
3567,2026-10-08,BLR,6E 1485,6E,IndiGo,DXB,Dubai,t,VT-NCY,Airbus A320,2,2026-10-08 08:10:00,2026-10-08 08:34:00,2026-10-08 10:25:00,2026-10-08 10:37:00,24,12,on time,8,,,,24.1,0.00,19.8,17960.0,dry and calm
3568,2026-10-08,BLR,6E 442,6E,IndiGo,CCU,Kolkata,f,VT-IBT,Airbus A321 NEO,1,2026-10-08 08:10:00,2026-10-08 08:12:00,2026-10-08 10:35:00,2026-10-08 10:08:00,2,-27,on time,8,,,,24.1,0.00,19.8,17960.0,dry and calm
3569,2026-10-08,BLR,6E 6170,6E,IndiGo,IXM,Madurai,f,VT-IML,Airbus A321 NEO,1,2026-10-08 08:10:00,2026-10-08 08:21:00,2026-10-08 09:05:00,,11,,on time,8,,,,24.1,0.00,19.8,17960.0,dry and calm
3570,2026-10-08,BOM,6E 1451,6E,IndiGo,DXB,Dubai,t,VT-NHC,Airbus A320,2,2026-10-08 08:10:00,2026-10-08 08:42:00,2026-10-08 09:40:00,2026-10-08 09:48:00,32,8,late,8,,,,29.7,0.00,17.6,14380.0,dry and calm
3571,2026-10-08,BOM,AI 1891,AI,Air India,IDR,Indore,f,,Airbus A320 NEO,2,2026-10-08 08:10:00,2026-10-08 08:40:00,2026-10-08 09:45:00,,30,,late,8,,,,29.7,0.00,17.6,14380.0,dry and calm
3572,2026-10-08,HYD,6E 1465,6E,IndiGo,DXB,Dubai,t,VT-IIA,Airbus A320 NEO,,2026-10-08 08:10:00,2026-10-08 08:20:00,2026-10-08 10:25:00,2026-10-08 10:16:00,10,-9,on time,8,,,,26.7,0.00,16.6,13080.0,dry and calm
3573,2026-10-08,BLR,6E 443,6E,IndiGo,IXB,Siliguri,f,VT-IME,Airbus A321 NEO,1,2026-10-08 08:15:00,2026-10-08 08:41:00,2026-10-08 11:00:00,,26,,on time,8,,,,24.1,0.00,19.8,17960.0,dry and calm
3574,2026-10-08,BLR,6E 484,6E,IndiGo,HYD,Hyderabad,f,VT-ISP,Airbus A320 NEO,1,2026-10-08 08:15:00,2026-10-08 08:30:00,2026-10-08 09:30:00,2026-10-08 09:16:00,15,-14,on time,8,,,,24.1,0.00,19.8,17960.0,dry and calm
3575,2026-10-08,BLR,6E 849,6E,IndiGo,DEL,New Delhi,f,VT-NCQ,Airbus A321 NEO,1,2026-10-08 08:15:00,2026-10-08 08:43:00,2026-10-08 11:16:00,,28,,on time,8,6E 6188,BOM,-16,24.1,0.00,19.8,17960.0,dry and calm
3576,2026-10-08,BOM,6E 5204,6E,IndiGo,MAA,Chennai,f,VT-NCA,Airbus A320,1,2026-10-08 08:15:00,2026-10-08 08:45:00,2026-10-08 10:20:00,,30,,late,8,6E 5089,BLR,,29.7,0.00,17.6,14380.0,dry and calm
3577,2026-10-08,HYD,6E 664,6E,IndiGo,CCU,Kolkata,f,VT-ILU,Airbus A321 NEO,,2026-10-08 08:15:00,2026-10-08 08:30:00,2026-10-08 10:25:00,2026-10-08 10:03:00,15,-22,on time,8,,,,26.7,0.00,16.6,13080.0,dry and calm
3578,2026-10-08,HYD,6E 6872,6E,IndiGo,IXB,Siliguri,f,VT-ICC,Airbus A321 NEO,,2026-10-08 08:15:00,2026-10-08 08:33:00,2026-10-08 10:40:00,,18,,on time,8,,,,26.7,0.00,16.6,13080.0,dry and calm
3579,2026-10-08,BLR,6E 6863,6E,IndiGo,NAG,Naqpur,f,VT-IIW,Airbus A320 NEO,1,2026-10-08 08:20:00,,2026-10-08 09:55:00,,,,no actual time,8,,,,24.1,0.00,19.8,17960.0,dry and calm
3580,2026-10-08,BLR,AI 2846,AI,Air India,BOM,Mumbai,f,VT-TVE,Airbus A321 NEO,2,2026-10-08 08:20:00,2026-10-08 08:29:00,2026-10-08 10:20:00,,9,,on time,8,AI 2845,BOM,-47,24.1,0.00,19.8,17960.0,dry and calm
3581,2026-10-08,BLR,QP 1902,QP,Akasa Air,AMD,Ahmedabad,f,VT-YBR,Boeing 737 MAX 8,1,2026-10-08 08:20:00,,2026-10-08 10:35:00,,,,no actual time,8,,,,24.1,0.00,19.8,17960.0,dry and calm
3582,2026-10-08,BLR,VS 317,VS,Virgin Atlantic,LHR,London,t,G-VFAN,Boeing 787-9,2,2026-10-08 08:20:00,2026-10-08 08:47:00,2026-10-08 14:35:00,2026-10-08 14:26:00,27,-9,on time,8,,,,24.1,0.00,19.8,17960.0,dry and calm
3583,2026-10-08,BOM,QP 1143,QP,Akasa Air,IXB,Siliguri,f,,Boeing 737,2,2026-10-08 08:20:00,2026-10-08 08:53:00,2026-10-08 11:25:00,,33,,late,8,,,,29.7,0.00,17.6,14380.0,dry and calm
3584,2026-10-08,HYD,6E 7417,6E,IndiGo,HBX,Hubli,f,VT-IYO,ATR 72,,2026-10-08 08:20:00,2026-10-08 08:26:00,2026-10-08 09:35:00,,6,,on time,8,,,,26.7,0.00,16.6,13080.0,dry and calm
3585,2026-10-08,BLR,6E 6801,6E,IndiGo,PAT,Patna,f,VT-IIR,Airbus A320 NEO,1,2026-10-08 08:25:00,2026-10-08 09:17:00,2026-10-08 11:00:00,,52,,late,8,,,,24.1,0.00,19.8,17960.0,dry and calm
3586,2026-10-08,BOM,6E 5268,6E,IndiGo,IXC,Chandigarh,f,VT-ICB,Airbus A320,1,2026-10-08 08:25:00,2026-10-08 08:50:00,2026-10-08 10:40:00,,25,,on time,8,,,,29.7,0.00,17.6,14380.0,dry and calm
3587,2026-10-08,HYD,6E 946,6E,IndiGo,GOX,Mopa,f,VT-NOM,Airbus A321 NEO,,2026-10-08 08:25:00,2026-10-08 08:55:00,2026-10-08 09:30:00,,30,,late,8,,,,26.7,0.00,16.6,13080.0,dry and calm
3588,2026-10-08,BLR,6E 5051,6E,IndiGo,BOM,Mumbai,f,VT-NCD,Airbus A321 NEO,1,2026-10-08 08:30:00,2026-10-08 08:53:00,2026-10-08 10:15:00,,23,,on time,8,6E 5296,BOM,-27,24.1,0.00,19.8,17960.0,dry and calm
3589,2026-10-08,BLR,IX 1489,IX,Air India Express,CCJ,Calicut,f,VT-AXX,Boeing 737-800,2,2026-10-08 08:30:00,,,,,,no actual time,8,,,,24.1,0.00,19.8,17960.0,dry and calm
3590,2026-10-08,BOM,6E 1115,6E,IndiGo,DAC,Dhaka,t,VT-IPK,Airbus A320 NEO,2,2026-10-08 08:30:00,2026-10-08 09:02:00,2026-10-08 12:05:00,2026-10-08 11:59:00,32,-6,late,8,,,,29.7,0.00,17.6,14380.0,dry and calm
3591,2026-10-08,BOM,AI 2970,AI,Air India,DEL,New Delhi,f,VT-TQS,Airbus A320 NEO,2,2026-10-08 08:30:00,2026-10-08 08:56:00,2026-10-08 10:41:00,,26,,on time,8,AI 2840,BLR,,29.7,0.00,17.6,14380.0,dry and calm
3592,2026-10-08,HYD,6E 6719,6E,IndiGo,PAT,Patna,f,VT-IPG,Airbus A320 NEO,,2026-10-08 08:30:00,2026-10-08 08:47:00,2026-10-08 10:30:00,,17,,on time,8,,,,26.7,0.00,16.6,13080.0,dry and calm
3593,2026-10-08,HYD,6E 889,6E,IndiGo,DEL,New Delhi,f,,Airbus A320,,2026-10-08 08:30:00,,2026-10-08 11:05:00,,,,no actual time,8,,,,26.7,0.00,16.6,13080.0,dry and calm
3594,2026-10-08,BOM,6E 17,6E,IndiGo,IST,Istanbul,t,VT-NLC,Airbus A320,2,2026-10-08 08:35:00,2026-10-08 08:47:00,2026-10-08 13:50:00,,12,,on time,8,,,,29.7,0.00,17.6,14380.0,dry and calm
3595,2026-10-08,HYD,AI 2466,AI,Air India,DEL,New Delhi,f,VT-RTY,Airbus A320 NEO,,2026-10-08 08:35:00,2026-10-08 08:52:00,2026-10-08 10:49:00,,17,,on time,8,AI 2625,BOM,-20,26.7,0.00,16.6,13080.0,dry and calm
3596,2026-10-08,BLR,OG 183,OG,Ghodawat Enterprises,NDC,Nanded,f,VT-GSO,Embraer 175,,2026-10-08 08:37:00,2026-10-08 08:37:00,,,0,,on time,8,,,,24.1,0.00,19.8,17960.0,dry and calm
3597,2026-10-08,BLR,IX 1893,IX,Air India Express,COK,Kochi,f,VT-AXN,Boeing 737-800,2,2026-10-08 08:40:00,,2026-10-08 09:55:00,,,,no actual time,8,,,,24.1,0.00,19.8,17960.0,dry and calm
3598,2026-10-08,BLR,IX 2926,IX,Air India Express,MAA,Chennai,f,VT-BXG,Boeing 737 MAX 8,2,2026-10-08 08:40:00,,2026-10-08 09:50:00,,,,no actual time,8,,,,24.1,0.00,19.8,17960.0,dry and calm
3599,2026-10-08,BOM,6E 204,6E,IndiGo,DED,Dehradun,f,,Airbus A320 NEO,2,2026-10-08 08:40:00,2026-10-08 09:16:00,2026-10-08 11:00:00,,36,,late,8,,,,29.7,0.00,17.6,14380.0,dry and calm
3600,2026-10-08,BOM,6E 5281,6E,IndiGo,JAI,Jaipur,f,,Airbus A320,1,2026-10-08 08:40:00,2026-10-08 09:04:00,2026-10-08 10:30:00,,24,,on time,8,,,,29.7,0.00,17.6,14380.0,dry and calm
3601,2026-10-08,BOM,F3 664,F3,flyadeal,RUH,Riyadh,t,HZ-FBT,Airbus A320,2,2026-10-08 08:40:00,2026-10-08 09:13:00,2026-10-08 10:15:00,,33,,late,8,,,,29.7,0.00,17.6,14380.0,dry and calm
3602,2026-10-08,BLR,IX 2931,IX,Air India Express,GAU,Guwahati,f,VT-BWV,Boeing 737 MAX 8,2,2026-10-08 08:45:00,2026-10-08 09:09:00,2026-10-08 11:55:00,,24,,on time,8,,,,24.1,0.00,19.8,17960.0,dry and calm
3603,2026-10-08,HYD,6E 714,6E,IndiGo,VTZ,Visakhapatnam,f,VT-IBO,Airbus A321 NEO,,2026-10-08 08:45:00,2026-10-08 09:01:00,2026-10-08 10:05:00,2026-10-08 09:54:00,16,-11,on time,8,,,,26.7,0.00,16.6,13080.0,dry and calm
3604,2026-10-08,BOM,6E 2347,6E,IndiGo,AMD,Ahmedabad,f,VT-IBI,Airbus A320 NEO,2,2026-10-08 08:50:00,2026-10-08 09:22:00,2026-10-08 10:15:00,,32,,late,8,,,,29.7,0.00,17.6,14380.0,dry and calm
3605,2026-10-08,HYD,6E 134,6E,IndiGo,AMD,Ahmedabad,f,VT-IIY,Airbus A320 NEO,,2026-10-08 08:50:00,2026-10-08 08:58:00,2026-10-08 10:35:00,,8,,on time,8,,,,26.7,0.00,16.6,13080.0,dry and calm
3606,2026-10-08,BOM,6E 1163,6E,IndiGo,SIN,Singapore,t,VT-NCX,Airbus A320,2,2026-10-08 08:55:00,2026-10-08 09:25:00,2026-10-08 17:20:00,2026-10-08 17:17:00,30,-3,late,8,,,,29.7,0.00,17.6,14380.0,dry and calm
3607,2026-10-08,BOM,6E 5150,6E,IndiGo,JGA,Jamnagar,f,VT-IXH,Airbus A320,1,2026-10-08 08:55:00,2026-10-08 09:07:00,2026-10-08 10:10:00,,12,,on time,8,,,,29.7,0.00,17.6,14380.0,dry and calm
3608,2026-10-08,BOM,SG 9005,SG,SpiceJet,BHJ,Bhuj,f,,,1,2026-10-08 08:55:00,,,,,,canceled,8,,,,29.7,0.00,17.6,14380.0,dry and calm
3609,2026-10-08,HYD,XY 326,XY,flynas,RUH,Riyadh,t,HZ-NS35,Airbus A320 NEO,,2026-10-08 08:55:00,2026-10-08 09:11:00,2026-10-08 11:15:00,,16,,on time,8,,,,26.7,0.00,16.6,13080.0,dry and calm
3610,2026-10-08,BLR,AI 2868,AI,Air India,DEL,New Delhi,f,VT-EXP,Airbus A320 (Sharklets),2,2026-10-08 09:00:00,,2026-10-08 13:10:00,,,,no actual time,9,,,,26.0,0.00,21.6,19960.0,dry and calm
3611,2026-10-08,BOM,6E 355,6E,IndiGo,DEL,New Delhi,f,VT-NCW,Airbus A320,2,2026-10-08 09:00:00,2026-10-08 09:50:00,2026-10-08 11:32:00,,50,,late,9,6E 6196,HYD,,32.1,0.00,21.6,15800.0,dry and calm
3612,2026-10-08,BOM,AI 2739,AI,Air India,MAA,Chennai,f,VT-EXJ,Airbus A320 NEO,2,2026-10-08 09:00:00,2026-10-08 09:19:00,2026-10-08 11:10:00,,19,,on time,9,,,,32.1,0.00,21.6,15800.0,dry and calm
3613,2026-10-08,BLR,6E 1167,6E,IndiGo,CMB,Colombo,t,VT-ILV,Airbus A321 NEO,2,2026-10-08 09:05:00,2026-10-08 09:26:00,2026-10-08 10:30:00,,21,,on time,9,,,,26.0,0.00,21.6,19960.0,dry and calm
3614,2026-10-08,BLR,6E 6558,6E,IndiGo,VNS,Varanasi,f,VT-ITO,Airbus A320 (Sharklets),1,2026-10-08 09:05:00,,2026-10-08 11:25:00,,,,no actual time,9,,,,26.0,0.00,21.6,19960.0,dry and calm
3615,2026-10-08,BOM,6E 6674,6E,IndiGo,IXE,Mangalore,f,VT-IQW,Airbus A320 NEO,2,2026-10-08 09:05:00,2026-10-08 09:28:00,2026-10-08 10:35:00,,23,,on time,9,,,,32.1,0.00,21.6,15800.0,dry and calm
3616,2026-10-08,BOM,IX 1283,IX,Air India Express,BBI,Bhubaneswar,f,,Boeing 737,2,2026-10-08 09:05:00,2026-10-08 09:30:00,2026-10-08 11:35:00,,25,,on time,9,,,,32.1,0.00,21.6,15800.0,dry and calm
3617,2026-10-08,BOM,SG 5060,SG,SpiceJet,DXB,Dubai,t,VT-SGV,Boeing 737-800,2,2026-10-08 09:05:00,2026-10-08 11:12:00,2026-10-08 11:00:00,2026-10-08 12:21:00,127,81,late,9,,,,32.1,0.00,21.6,15800.0,dry and calm
3618,2026-10-08,HYD,6E 7208,6E,IndiGo,VGA,Vidzhayavada,f,,ATR 72,,2026-10-08 09:05:00,,2026-10-08 10:10:00,,,,no actual time,9,,,,28.5,0.00,19.8,14340.0,dry and calm
3619,2026-10-08,BLR,IX 2892,IX,Air India Express,IXB,Siliguri,f,VT-AXJ,Boeing 737-800,2,2026-10-08 09:10:00,2026-10-08 09:31:00,2026-10-08 12:00:00,,21,,on time,9,,,,26.0,0.00,21.6,19960.0,dry and calm
3620,2026-10-08,HYD,6E 6817,6E,IndiGo,IXD,Allahabad,f,VT-IBQ,Airbus A321 NEO,,2026-10-08 09:10:00,2026-10-08 09:19:00,2026-10-08 11:10:00,,9,,on time,9,,,,28.5,0.00,19.8,14340.0,dry and calm
3621,2026-10-08,BLR,6E 312,6E,IndiGo,HYD,Hyderabad,f,VT-IMB,Airbus A321 NEO,1,2026-10-08 09:15:00,2026-10-08 09:24:00,2026-10-08 10:30:00,2026-10-08 10:05:00,9,-25,on time,9,,,,26.0,0.00,21.6,19960.0,dry and calm
3622,2026-10-08,BLR,AI 2604,AI,Air India,BOM,Mumbai,f,VT-EXF,Airbus A321 (Sharklets),2,2026-10-08 09:15:00,2026-10-08 09:22:00,2026-10-08 11:15:00,,7,,on time,9,AI 2603,BOM,-40,26.0,0.00,21.6,19960.0,dry and calm
3623,2026-10-08,BOM,6E 2024,6E,IndiGo,PAT,Patna,f,VT-IPS,Airbus A320,2,2026-10-08 09:15:00,2026-10-08 09:39:00,2026-10-08 11:45:00,,24,,on time,9,,,,32.1,0.00,21.6,15800.0,dry and calm
3624,2026-10-08,BOM,6E 6057,6E,IndiGo,GOX,Mopa,f,VT-ICT,Airbus A320,2,2026-10-08 09:15:00,2026-10-08 09:42:00,2026-10-08 10:30:00,,27,,on time,9,,,,32.1,0.00,21.6,15800.0,dry and calm
3625,2026-10-08,BOM,SG 9200,SG,SpiceJet,DEL,New Delhi,f,,,1,2026-10-08 09:15:00,2026-10-08 11:39:00,2026-10-08 13:22:00,,144,,late,9,,,,32.1,0.00,21.6,15800.0,dry and calm
3626,2026-10-08,HYD,6E 392,6E,IndiGo,VNS,Varanasi,f,VT-ICX,Airbus A321 NEO,,2026-10-08 09:15:00,2026-10-08 09:22:00,2026-10-08 11:05:00,,7,,on time,9,,,,28.5,0.00,19.8,14340.0,dry and calm
3627,2026-10-08,HYD,6E 421,6E,IndiGo,IXR,Ranchi,f,VT-IAZ,Airbus A321 NEO,,2026-10-08 09:15:00,2026-10-08 09:31:00,2026-10-08 11:10:00,,16,,on time,9,,,,28.5,0.00,19.8,14340.0,dry and calm
3628,2026-10-08,BLR,6E 2518,6E,IndiGo,HDO,Ghaziabad,f,VT-ION,Airbus A320 NEO,1,2026-10-08 09:20:00,2026-10-08 09:39:00,2026-10-08 12:10:00,,19,,on time,9,,,,26.0,0.00,21.6,19960.0,dry and calm
3629,2026-10-08,BLR,IX 2786,IX,Air India Express,IXR,Ranchi,f,VT-BXV,Boeing 737 MAX 8,2,2026-10-08 09:20:00,2026-10-08 09:44:00,2026-10-08 11:45:00,,24,,on time,9,,,,26.0,0.00,21.6,19960.0,dry and calm
3630,2026-10-08,BOM,IX 1809,IX,Air India Express,VNS,Varanasi,f,VT-BWB,Boeing 737,2,2026-10-08 09:20:00,2026-10-08 08:03:00,2026-10-08 09:55:00,,-77,,on time,9,,,,32.1,0.00,21.6,15800.0,dry and calm
3631,2026-10-08,BLR,6E 2086,6E,IndiGo,NMI,Mumbai,f,VT-IBK,Airbus A321 NEO,1,2026-10-08 09:25:00,2026-10-08 09:59:00,2026-10-08 10:55:00,,34,,late,9,6E 151,HYD,1,26.0,0.00,21.6,19960.0,dry and calm
3632,2026-10-08,BLR,6E 524,6E,IndiGo,IXA,Agartala,f,VT-IAQ,Airbus A320 (Sharklets),1,2026-10-08 09:25:00,2026-10-08 09:38:00,2026-10-08 12:20:00,,13,,on time,9,,,,26.0,0.00,21.6,19960.0,dry and calm
3633,2026-10-08,BOM,QP 1153,QP,Akasa Air,BLR,Bangalore,f,VT-YBQ,Boeing 737,2,2026-10-08 09:25:00,2026-10-08 09:44:00,2026-10-08 11:20:00,,19,,on time,9,,,,32.1,0.00,21.6,15800.0,dry and calm
3634,2026-10-08,BOM,RJ 193,RJ,Royal Jordanian,AMM,Amman,t,JY-RAB,Airbus A320 NEO,2,2026-10-08 09:25:00,2026-10-08 09:33:00,2026-10-08 12:45:00,2026-10-08 12:26:00,8,-19,on time,9,,,,32.1,0.00,21.6,15800.0,dry and calm
3635,2026-10-08,BLR,6E 830,6E,IndiGo,DEL,New Delhi,f,VT-NHL,Airbus A321 NEO,1,2026-10-08 09:30:00,,2026-10-08 13:28:00,,,,no actual time,9,,,,26.0,0.00,21.6,19960.0,dry and calm
3636,2026-10-08,BLR,QP 1513,QP,Akasa Air,DBR,Darbhanga,f,VT-YBF,Boeing 737 MAX 8,1,2026-10-08 09:30:00,,2026-10-08 12:10:00,,,,no actual time,9,QP 1149,BOM,,26.0,0.00,21.6,19960.0,dry and calm
3637,2026-10-08,BOM,AI 2432,AI,Air India,DEL,New Delhi,f,VT-TVA,Airbus A321 NEO,2,2026-10-08 09:30:00,2026-10-08 10:48:00,2026-10-08 12:43:00,,78,,late,9,,,,32.1,0.00,21.6,15800.0,dry and calm
3638,2026-10-08,BOM,BA 134,BA,British,LHR,London,t,G-YMMP,Boeing 777-200,2,2026-10-08 09:30:00,2026-10-08 09:36:00,2026-10-08 15:00:00,2026-10-08 14:36:00,6,-24,on time,9,,,,32.1,0.00,21.6,15800.0,dry and calm
3639,2026-10-08,HYD,6E 5174,6E,IndiGo,BOM,Mumbai,f,VT-NOO,Airbus A321 NEO,,2026-10-08 09:30:00,2026-10-08 09:37:00,2026-10-08 10:55:00,,7,,on time,9,6E 5246,BOM,-20,28.5,0.00,19.8,14340.0,dry and calm
3640,2026-10-08,BLR,6E 415,6E,IndiGo,JAI,Jaipur,f,VT-IBC,Airbus A321 NEO,1,2026-10-08 09:35:00,2026-10-08 09:56:00,2026-10-08 12:05:00,,21,,on time,9,,,,26.0,0.00,21.6,19960.0,dry and calm
3641,2026-10-08,BOM,6E 2034,6E,IndiGo,KNU,Kanpur,f,VT-ICZ,Airbus A320,2,2026-10-08 09:35:00,2026-10-08 09:48:00,2026-10-08 12:00:00,,13,,on time,9,,,,32.1,0.00,21.6,15800.0,dry and calm
3642,2026-10-08,BOM,6E 5109,6E,IndiGo,CJB,Coimbatore,f,VT-IMS,Airbus A320,1,2026-10-08 09:35:00,2026-10-08 09:56:00,2026-10-08 11:25:00,,21,,on time,9,,,,32.1,0.00,21.6,15800.0,dry and calm
3643,2026-10-08,HYD,6E 6066,6E,IndiGo,BLR,Bangalore,f,VT-ISV,Airbus A320 NEO,,2026-10-08 09:35:00,2026-10-08 10:22:00,2026-10-08 10:55:00,2026-10-08 11:06:00,47,11,late,9,,,,28.5,0.00,19.8,14340.0,dry and calm
3644,2026-10-08,BOM,KU 304,KU,Kuwait,KWI,Kuwait City,t,9K-APK,Airbus A330,2,2026-10-08 09:40:00,2026-10-08 10:07:00,2026-10-08 11:20:00,,27,,on time,9,,,,32.1,0.00,21.6,15800.0,dry and calm
3645,2026-10-08,BLR,QP 1323,QP,Akasa Air,GAU,Guwahati,f,VT-YBO,Boeing 737 MAX 8,1,2026-10-08 09:45:00,,2026-10-08 13:00:00,,,,no actual time,9,,,,26.0,0.00,21.6,19960.0,dry and calm
3646,2026-10-08,BOM,AI 2245,AI,Air India,JED,Jeddah,t,VT-EXQ,Airbus A320 NEO,2,2026-10-08 09:45:00,2026-10-08 10:01:00,2026-10-08 12:35:00,,16,,on time,9,,,,32.1,0.00,21.6,15800.0,dry and calm
3647,2026-10-08,BOM,SG 9401,SG,SpiceJet,DEL,New Delhi,f,,Boeing 737-800,1,2026-10-08 09:45:00,2026-10-09 02:35:00,,,1010,,late,9,,,,32.1,0.00,21.6,15800.0,dry and calm
3648,2026-10-08,BLR,QP 623,QP,Akasa Air,HKT,Phuket,t,VT-YAA,Boeing 737 MAX 8,2,2026-10-08 09:50:00,,2026-10-08 15:05:00,,,,no actual time,9,,,,26.0,0.00,21.6,19960.0,dry and calm
3649,2026-10-08,BOM,6E 5092,6E,IndiGo,BLR,Bangalore,f,VT-NOT,Airbus A320,1,2026-10-08 09:50:00,2026-10-08 10:03:00,2026-10-08 11:55:00,2026-10-08 11:14:00,13,-41,on time,9,6E 5216,BLR,,32.1,0.00,21.6,15800.0,dry and calm
3650,2026-10-08,BOM,6E 5313,6E,IndiGo,MAA,Chennai,f,VT-NHB,Airbus A320,1,2026-10-08 09:50:00,2026-10-08 09:53:00,2026-10-08 12:00:00,,3,,on time,9,,,,32.1,0.00,21.6,15800.0,dry and calm
3651,2026-10-08,BOM,AI 2855,AI,Air India,COK,Kochi,f,VT-EXI,Airbus A320 NEO,2,2026-10-08 09:50:00,2026-10-08 10:06:00,2026-10-08 12:05:00,,16,,on time,9,,,,32.1,0.00,21.6,15800.0,dry and calm
3652,2026-10-08,HYD,6E 7503,6E,IndiGo,TIR,Tirumala - Tirupati,f,VT-IRK,ATR 72,,2026-10-08 09:50:00,2026-10-08 10:16:00,2026-10-08 11:15:00,,26,,on time,9,,,,28.5,0.00,19.8,14340.0,dry and calm
3653,2026-10-08,BOM,AI 2863,AI,Air India,BLR,Bangalore,f,VT-ATV,Airbus A320 NEO,2,2026-10-08 09:55:00,2026-10-08 10:18:00,2026-10-08 12:05:00,,23,,on time,9,AI 2626,HYD,,32.1,0.00,21.6,15800.0,dry and calm
3654,2026-10-08,HYD,6E 6707,6E,IndiGo,COK,Kochi,f,VT-IBB,Airbus A321 NEO,,2026-10-08 09:55:00,2026-10-08 10:05:00,2026-10-08 11:35:00,,10,,on time,9,,,,28.5,0.00,19.8,14340.0,dry and calm
3655,2026-10-08,BLR,6E 503,6E,IndiGo,LKO,Lucknow,f,VT-NHQ,Airbus A321 NEO,1,2026-10-08 10:00:00,2026-10-08 10:10:00,2026-10-08 12:35:00,2026-10-08 12:12:00,10,-23,on time,10,,,,27.6,0.00,25.9,21920.0,dry and calm
3656,2026-10-08,BLR,AI 2804,AI,Air India,DEL,New Delhi,f,VT-CIQ,Airbus A320,2,2026-10-08 10:00:00,,2026-10-08 12:49:00,,,,no actual time,10,,,,27.6,0.00,25.9,21920.0,dry and calm
3657,2026-10-08,BLR,UL 1174,UL,SriLankan,CMB,Colombo,t,4R-ANC,Airbus A321,2,2026-10-08 10:00:00,2026-10-08 10:15:00,2026-10-08 11:25:00,,15,,on time,10,,,,27.6,0.00,25.9,21920.0,dry and calm
3658,2026-10-08,BOM,6E 6052,6E,IndiGo,DEL,New Delhi,f,,Airbus A320,2,2026-10-08 10:00:00,2026-10-08 11:08:00,2026-10-08 12:56:00,,68,,late,10,,,,34.7,0.00,23.4,17900.0,dry and calm
3659,2026-10-08,BOM,AI 2430,AI,Air India,DEL,New Delhi,f,VT-RTT,Airbus A320 NEO,2,2026-10-08 10:00:00,2026-10-08 10:45:00,2026-10-08 12:33:00,,45,,late,10,,,,34.7,0.00,23.4,17900.0,dry and calm
3660,2026-10-08,HYD,6E 6151,6E,IndiGo,MAA,Chennai,f,VT-IQF,Airbus A320 NEO,,2026-10-08 10:00:00,2026-10-08 10:13:00,2026-10-08 11:20:00,,13,,on time,10,,,,29.9,0.00,21.6,16420.0,dry and calm
3661,2026-10-08,HYD,6E 6281,6E,IndiGo,DEL,New Delhi,f,,Airbus A320,,2026-10-08 10:00:00,,2026-10-08 13:26:00,,,,no actual time,10,,,,29.9,0.00,21.6,16420.0,dry and calm
3662,2026-10-08,BLR,IX 1526,IX,Air India Express,JAI,Jaipur,f,VT-TYE,Airbus A320 NEO,2,2026-10-08 10:05:00,,2026-10-08 12:30:00,,,,no actual time,10,,,,27.6,0.00,25.9,21920.0,dry and calm
3663,2026-10-08,BOM,6E 2060,6E,IndiGo,NAG,Naqpur,f,VT-IAX,Airbus A320 NEO,2,2026-10-08 10:05:00,2026-10-08 10:40:00,2026-10-08 11:40:00,,35,,late,10,,,,34.7,0.00,23.4,17900.0,dry and calm
3664,2026-10-08,BOM,6E 5165,6E,IndiGo,CCU,Kolkata,f,VT-NCB,Airbus A320,1,2026-10-08 10:05:00,2026-10-08 10:13:00,2026-10-08 12:55:00,2026-10-08 12:23:00,8,-32,on time,10,,,,34.7,0.00,23.4,17900.0,dry and calm
3665,2026-10-08,BLR,6E 6059,6E,IndiGo,JRG,Jharsuguda,f,VT-IKT,Airbus A320,1,2026-10-08 10:10:00,2026-10-08 10:36:00,2026-10-08 12:20:00,,26,,on time,10,,,,27.6,0.00,25.9,21920.0,dry and calm
3666,2026-10-08,BLR,6E 7176,6E,IndiGo,KJB,Kurnool,f,VT-IYE,ATR 72,1,2026-10-08 10:10:00,2026-10-08 10:29:00,2026-10-08 11:15:00,,19,,on time,10,,,,27.6,0.00,25.9,21920.0,dry and calm
3667,2026-10-08,BOM,6E 1855,6E,IndiGo,SEZ,Mahe Island,t,VT-IXA,Airbus A320 NEO,2,2026-10-08 10:10:00,2026-10-08 10:34:00,2026-10-08 13:10:00,,24,,on time,10,,,,34.7,0.00,23.4,17900.0,dry and calm
3668,2026-10-08,BOM,6E 535,6E,IndiGo,DGH,Deoghar,f,VT-NCH,Airbus A320 NEO,2,2026-10-08 10:10:00,2026-10-08 10:30:00,2026-10-08 13:00:00,,20,,on time,10,,,,34.7,0.00,23.4,17900.0,dry and calm
3669,2026-10-08,BOM,AI 2997,AI,Air India,ATQ,Amritsar,f,VT-EXN,Airbus A320 NEO,2,2026-10-08 10:10:00,2026-10-08 10:17:00,2026-10-08 12:35:00,,7,,on time,10,AI 2402,BLR,,34.7,0.00,23.4,17900.0,dry and calm
3670,2026-10-08,BOM,QP 1131,QP,Akasa Air,IXB,Siliguri,f,,Boeing 737,2,2026-10-08 10:10:00,2026-10-08 10:24:00,2026-10-08 13:15:00,,14,,on time,10,,,,34.7,0.00,23.4,17900.0,dry and calm
3671,2026-10-08,BOM,QP 1139,QP,Akasa Air,DBR,Darbhanga,f,,Boeing 737,2,2026-10-08 10:10:00,2026-10-08 10:56:00,2026-10-08 13:05:00,,46,,late,10,,,,34.7,0.00,23.4,17900.0,dry and calm
3672,2026-10-08,HYD,6E 468,6E,IndiGo,CJB,Coimbatore,f,VT-ISP,Airbus A320 NEO,,2026-10-08 10:10:00,2026-10-08 10:20:00,2026-10-08 11:35:00,,10,,on time,10,6E 484,BLR,-14,29.9,0.00,21.6,16420.0,dry and calm
3673,2026-10-08,BLR,6E 5237,6E,IndiGo,BOM,Mumbai,f,VT-NOP,Airbus A321 NEO,1,2026-10-08 10:15:00,2026-10-08 10:43:00,2026-10-08 12:05:00,,28,,on time,10,6E 5193,BOM,-22,27.6,0.00,25.9,21920.0,dry and calm
3674,2026-10-08,BLR,6E 537,6E,IndiGo,HYD,Hyderabad,f,VT-ITS,Airbus A321 (Sharklets),1,2026-10-08 10:15:00,2026-10-08 10:33:00,2026-10-08 11:30:00,2026-10-08 11:18:00,18,-12,on time,10,,,,27.6,0.00,25.9,21920.0,dry and calm
3675,2026-10-08,BOM,6E 5318,6E,IndiGo,HYD,Hyderabad,f,VT-NCZ,Airbus A321 NEO,1,2026-10-08 10:15:00,2026-10-08 10:38:00,2026-10-08 11:40:00,2026-10-08 11:35:00,23,-5,on time,10,6E 5213,HYD,,34.7,0.00,23.4,17900.0,dry and calm
3676,2026-10-08,BOM,EK 505,EK,Emirates,DXB,Dubai,t,A6-ENV,Boeing 777-300ER,2,2026-10-08 10:15:00,2026-10-08 10:42:00,2026-10-08 11:40:00,2026-10-08 11:38:00,27,-2,on time,10,,,,34.7,0.00,23.4,17900.0,dry and calm
3677,2026-10-08,BOM,WY 202,WY,Oman Air,MCT,Muscat,t,,Boeing 787-9,2,2026-10-08 10:15:00,2026-10-08 10:33:00,2026-10-08 11:30:00,,18,,on time,10,,,,34.7,0.00,23.4,17900.0,dry and calm
3678,2026-10-08,HYD,EK 527,EK,Emirates,DXB,Dubai,t,A6-EGY,Boeing 777-300,,2026-10-08 10:15:00,2026-10-08 10:26:00,2026-10-08 12:25:00,2026-10-08 12:14:00,11,-11,on time,10,,,,29.9,0.00,21.6,16420.0,dry and calm
3679,2026-10-08,BLR,6E 1457,6E,IndiGo,SIN,Singapore,t,VT-IWT,Airbus A321 NEO,2,2026-10-08 10:20:00,2026-10-08 10:28:00,2026-10-08 17:40:00,,8,,on time,10,,,,27.6,0.00,25.9,21920.0,dry and calm
3680,2026-10-08,BLR,IX 2816,IX,Air India Express,PAT,Patna,f,VT-VTZ,Airbus A320,2,2026-10-08 10:20:00,2026-10-08 10:35:00,2026-10-08 12:55:00,,15,,on time,10,IX 2019,HYD,,27.6,0.00,25.9,21920.0,dry and calm
3681,2026-10-08,BLR,QP 1313,QP,Akasa Air,PNQ,Pune,f,VT-YAV,Boeing 737 MAX 8,1,2026-10-08 10:20:00,,2026-10-08 11:50:00,,,,no actual time,10,,,,27.6,0.00,25.9,21920.0,dry and calm
3682,2026-10-08,HYD,6E 7228,6E,IndiGo,RJA,Rajahmundry,f,VT-IXV,ATR 72,,2026-10-08 10:20:00,2026-10-08 10:37:00,2026-10-08 11:45:00,,17,,on time,10,,,,29.9,0.00,21.6,16420.0,dry and calm
3683,2026-10-08,BLR,6E 6445,6E,IndiGo,COK,Kochi,f,VT-IFI,Airbus A320 (Sharklets),1,2026-10-08 10:25:00,2026-10-08 10:54:00,2026-10-08 11:30:00,,29,,on time,10,6E 413,HYD,-28,27.6,0.00,25.9,21920.0,dry and calm
3684,2026-10-08,BLR,S5 701,S5,Star Air,VDY,Vijaynagar,f,VT-GSU,Embraer 175,2,2026-10-08 10:25:00,,2026-10-08 11:15:00,,,,no actual time,10,,,,27.6,0.00,25.9,21920.0,dry and calm
3685,2026-10-08,BOM,6E 5181,6E,IndiGo,IDR,Indore,f,VT-IMY,Airbus A321 NEO,1,2026-10-08 10:25:00,2026-10-08 10:53:00,2026-10-08 11:50:00,,28,,on time,10,,,,34.7,0.00,23.4,17900.0,dry and calm
3686,2026-10-08,BOM,AI 2663,AI,Air India,SXR,Srinagar,f,,Airbus A320 NEO,2,2026-10-08 10:25:00,2026-10-08 11:06:00,2026-10-08 13:10:00,,41,,late,10,,,,34.7,0.00,23.4,17900.0,dry and calm
3687,2026-10-08,BOM,QP 1834,QP,Akasa Air,DEL,New Delhi,f,,Boeing 737,2,2026-10-08 10:25:00,2026-10-08 11:49:00,2026-10-08 13:36:00,,84,,late,10,,,,34.7,0.00,23.4,17900.0,dry and calm
3688,2026-10-08,HYD,6E 422,6E,IndiGo,DED,Dehradun,f,VT-IQQ,Airbus A320 NEO,,2026-10-08 10:25:00,2026-10-08 10:34:00,2026-10-08 12:50:00,,9,,on time,10,,,,29.9,0.00,21.6,16420.0,dry and calm
3689,2026-10-08,BLR,6E 6144,6E,IndiGo,TRV,Trivandrum,f,VT-IBW,Airbus A321 NEO,1,2026-10-08 10:30:00,2026-10-08 10:48:00,2026-10-08 11:50:00,2026-10-08 11:45:00,18,-5,on time,10,,,,27.6,0.00,25.9,21920.0,dry and calm
3690,2026-10-08,BLR,AI 2852,AI,Air India,BOM,Mumbai,f,VT-EXG,Airbus A320 (Sharklets),2,2026-10-08 10:30:00,2026-10-08 10:47:00,2026-10-08 12:35:00,,17,,on time,10,,,,27.6,0.00,25.9,21920.0,dry and calm
3691,2026-10-08,BLR,EK 565,EK,Emirates,DXB,Dubai,t,A6-ECM,Boeing 777-300,2,2026-10-08 10:30:00,,2026-10-08 12:45:00,2026-10-08 13:02:00,,17,no actual time,10,,,,27.6,0.00,25.9,21920.0,dry and calm
3692,2026-10-08,BLR,6E 331,6E,IndiGo,BEK,Bareilly,f,VT-IQP,Airbus A320 NEO,1,2026-10-08 10:35:00,2026-10-08 10:51:00,2026-10-08 13:20:00,,16,,on time,10,,,,27.6,0.00,25.9,21920.0,dry and calm
3693,2026-10-08,BOM,6E 310,6E,IndiGo,DEL,New Delhi,f,VT-IWU,Airbus A320,2,2026-10-08 10:35:00,2026-10-08 11:58:00,2026-10-08 13:51:00,,83,,late,10,,,,34.7,0.00,23.4,17900.0,dry and calm
3694,2026-10-08,BOM,AI 2579,AI,Air India,UDR,Udaipur,f,VT-EXM,Airbus A320 NEO,2,2026-10-08 10:35:00,2026-10-08 11:00:00,2026-10-08 12:05:00,,25,,on time,10,,,,34.7,0.00,23.4,17900.0,dry and calm
3695,2026-10-08,HYD,6E 997,6E,IndiGo,AMD,Ahmedabad,f,VT-ICG,Airbus A321 NEO,,2026-10-08 10:35:00,2026-10-08 10:40:00,2026-10-08 12:25:00,,5,,on time,10,,,,29.9,0.00,21.6,16420.0,dry and calm
3696,2026-10-08,HYD,AI 2543,AI,Air India,DEL,New Delhi,f,VT-TQH,Airbus A320 NEO,,2026-10-08 10:35:00,2026-10-08 11:42:00,2026-10-08 13:47:00,,67,,late,10,,,,29.9,0.00,21.6,16420.0,dry and calm
3697,2026-10-08,BLR,6E 6583,6E,IndiGo,GOX,Mopa,f,VT-ILG,Airbus A321 NEO,1,2026-10-08 10:40:00,2026-10-08 11:03:00,2026-10-08 11:45:00,,23,,on time,10,,,,27.6,0.00,25.9,21920.0,dry and calm
3698,2026-10-08,BLR,IX 1498,IX,Air India Express,IXC,Chandigarh,f,VT-BXK,Boeing 737 MAX 8,2,2026-10-08 10:40:00,2026-10-08 11:02:00,2026-10-08 13:50:00,,22,,on time,10,,,,27.6,0.00,25.9,21920.0,dry and calm
3699,2026-10-08,HYD,6E 7919,6E,IndiGo,SXV,Salem,f,VT-IYU,ATR 72,,2026-10-08 10:40:00,2026-10-08 10:48:00,2026-10-08 12:35:00,,8,,on time,10,,,,29.9,0.00,21.6,16420.0,dry and calm
3700,2026-10-08,HYD,IX 2745,IX,Air India Express,GOX,Mopa,f,VT-BWD,Boeing 737 MAX 8,,2026-10-08 10:40:00,2026-10-08 10:47:00,2026-10-08 12:00:00,,7,,on time,10,,,,29.9,0.00,21.6,16420.0,dry and calm
3701,2026-10-08,BLR,6E 175,6E,IndiGo,DEL,New Delhi,f,VT-NCK,Airbus A321 NEO,1,2026-10-08 10:45:00,2026-10-08 10:57:00,2026-10-08 14:22:00,,12,,on time,10,,,,27.6,0.00,25.9,21920.0,dry and calm
3702,2026-10-08,BOM,6E 6087,6E,IndiGo,IXR,Ranchi,f,,Airbus A320,2,2026-10-08 10:45:00,2026-10-08 11:19:00,2026-10-08 13:10:00,,34,,late,10,,,,34.7,0.00,23.4,17900.0,dry and calm
3703,2026-10-08,BOM,AI 2781,AI,Air India,JAI,Jaipur,f,,Airbus A319,2,2026-10-08 10:45:00,2026-10-08 11:44:00,2026-10-08 12:45:00,,59,,late,10,,,,34.7,0.00,23.4,17900.0,dry and calm
3704,2026-10-08,BLR,6E 904,6E,IndiGo,MAA,Chennai,f,VT-NHN,Airbus A321 NEO,1,2026-10-08 10:50:00,2026-10-08 11:09:00,2026-10-08 11:45:00,,19,,on time,10,,,,27.6,0.00,25.9,21920.0,dry and calm
3705,2026-10-08,BOM,6E 1131,6E,IndiGo,MLE,Malé,t,VT-IRX,Airbus A320,2,2026-10-08 10:50:00,2026-10-08 11:11:00,2026-10-08 13:10:00,,21,,on time,10,,,,34.7,0.00,23.4,17900.0,dry and calm
3706,2026-10-08,BOM,AI 2444,AI,Air India,HYD,Hyderabad,f,VT-TQD,Airbus A320 NEO,2,2026-10-08 10:50:00,2026-10-08 11:17:00,2026-10-08 12:25:00,2026-10-08 12:21:00,27,-4,on time,10,,,,34.7,0.00,23.4,17900.0,dry and calm
3707,2026-10-08,BOM,IX 1805,IX,Air India Express,JGA,Jamnagar,f,VT-TYG,Airbus A320 NEO,2,2026-10-08 10:50:00,2026-10-08 11:15:00,2026-10-08 12:25:00,,25,,on time,10,,,,34.7,0.00,23.4,17900.0,dry and calm
3708,2026-10-08,HYD,6E 6471,6E,IndiGo,PNQ,Pune,f,VT-ILS,Airbus A321 NEO,,2026-10-08 10:50:00,2026-10-08 11:12:00,2026-10-08 11:55:00,2026-10-08 11:59:00,22,4,on time,10,,,,29.9,0.00,21.6,16420.0,dry and calm
3709,2026-10-08,BLR,OG 701,OG,Ghodawat Enterprises,VDY,VDY,f,VT-GSU,Embraer 175,,2026-10-08 10:52:00,2026-10-08 10:52:00,,,0,,on time,10,,,,27.6,0.00,25.9,21920.0,dry and calm
3710,2026-10-08,BLR,6E 7711,6E,IndiGo,TRZ,Tiruchirappally,f,VT-IYG,ATR 72,1,2026-10-08 10:55:00,2026-10-08 11:10:00,2026-10-08 12:10:00,,15,,on time,10,,,,27.6,0.00,25.9,21920.0,dry and calm
3711,2026-10-08,BLR,IX 1385,IX,Air India Express,SXR,Srinagar,f,VT-RTF,Airbus A320 NEO,2,2026-10-08 10:55:00,2026-10-08 11:17:00,2026-10-08 14:30:00,,22,,on time,10,,,,27.6,0.00,25.9,21920.0,dry and calm
3712,2026-10-08,BOM,AI 2789,AI,Air India,PAT,Patna,f,VT-TNP,Airbus A320 NEO,2,2026-10-08 10:55:00,2026-10-08 11:14:00,2026-10-08 13:25:00,,19,,on time,10,,,,34.7,0.00,23.4,17900.0,dry and calm
3713,2026-10-08,BLR,AI 2406,AI,Air India,DEL,New Delhi,f,VT-TNB,Airbus A320 NEO,2,2026-10-08 11:00:00,2026-10-08 12:25:00,2026-10-08 14:46:00,,85,,late,11,,,,28.5,0.00,26.6,10320.0,dry and calm
3714,2026-10-08,BOM,6E 5217,6E,IndiGo,BLR,Bangalore,f,VT-NCD,Airbus A320,1,2026-10-08 11:00:00,2026-10-08 11:23:00,2026-10-08 12:55:00,2026-10-08 12:36:00,23,-19,on time,11,6E 5051,BLR,,37.0,0.00,23.8,20180.0,dry and calm
3715,2026-10-08,HYD,6E 6911,6E,IndiGo,BBI,Bhubaneswar,f,VT-IOL,Airbus A320 NEO,,2026-10-08 11:00:00,2026-10-08 11:28:00,2026-10-08 12:40:00,,28,,on time,11,,,,31.1,0.00,22.3,10080.0,dry and calm
3716,2026-10-08,BLR,6E 574,6E,IndiGo,SAG,Shirdi,f,VT-NOV,Airbus A320,1,2026-10-08 11:05:00,2026-10-08 11:23:00,2026-10-08 12:45:00,,18,,on time,11,,,,28.5,0.00,26.6,10320.0,dry and calm
3717,2026-10-08,BOM,ET 641,ET,Ethiopian,ADD,Addis Ababa,t,,Boeing 777-300ER,2,2026-10-08 11:05:00,2026-10-08 12:00:00,,,55,,late,11,,,,37.0,0.00,23.8,20180.0,dry and calm
3718,2026-10-08,BOM,IX 1803,IX,Air India Express,JDH,Jodhpur,f,VT-BWF,Boeing 737,2,2026-10-08 11:05:00,2026-10-08 11:25:00,2026-10-08 12:55:00,,20,,on time,11,,,,37.0,0.00,23.8,20180.0,dry and calm
3719,2026-10-08,HYD,6E 879,6E,IndiGo,VTZ,Visakhapatnam,f,VT-IQD,Airbus A320 NEO,,2026-10-08 11:05:00,2026-10-08 11:08:00,2026-10-08 12:20:00,2026-10-08 12:03:00,3,-17,on time,11,,,,31.1,0.00,22.3,10080.0,dry and calm
3720,2026-10-08,BLR,6E 6547,6E,IndiGo,ISK,Nasik,f,VT-IOR,Airbus A320 NEO,1,2026-10-08 11:10:00,2026-10-08 11:21:00,2026-10-08 12:40:00,,11,,on time,11,,,,28.5,0.00,26.6,10320.0,dry and calm
3721,2026-10-08,BOM,6E 1157,6E,IndiGo,KTM,Kathmandu,t,VT-IPY,Airbus A320 NEO,2,2026-10-08 11:10:00,2026-10-08 12:06:00,2026-10-08 14:10:00,,56,,late,11,,,,37.0,0.00,23.8,20180.0,dry and calm
3722,2026-10-08,HYD,6E 875,6E,IndiGo,CCJ,Calicut,f,VT-IQC,Airbus A320 NEO,,2026-10-08 11:10:00,2026-10-08 11:09:00,2026-10-08 12:30:00,,-1,,on time,11,,,,31.1,0.00,22.3,10080.0,dry and calm
3723,2026-10-08,HYD,6E 886,6E,IndiGo,GOP,Gorakhpur,f,VT-IMB,Airbus A321 NEO,,2026-10-08 11:10:00,2026-10-08 11:22:00,2026-10-08 13:15:00,,12,,on time,11,6E 312,BLR,-25,31.1,0.00,22.3,10080.0,dry and calm
3724,2026-10-08,BOM,AI 2491,AI,Air India,LKO,Lucknow,f,VT-TNY,Airbus A320 NEO,2,2026-10-08 11:15:00,2026-10-08 11:54:00,2026-10-08 13:35:00,2026-10-08 13:40:00,39,5,late,11,,,,37.0,0.00,23.8,20180.0,dry and calm
3725,2026-10-08,BOM,EY 201,EY,Etihad,AUH,Abu Dhabi,t,A6-LRD,Airbus A320,2,2026-10-08 11:15:00,2026-10-08 11:30:00,2026-10-08 12:55:00,,15,,on time,11,,,,37.0,0.00,23.8,20180.0,dry and calm
3726,2026-10-08,BLR,QP 1880,QP,Akasa Air,GOP,Gorakhpur,f,VT-YAI,Boeing 737 MAX 8,1,2026-10-08 11:20:00,,2026-10-08 14:05:00,,,,no actual time,11,,,,28.5,0.00,26.6,10320.0,dry and calm
3727,2026-10-08,BOM,6E 261,6E,IndiGo,GOI,Vasco da Gama,f,VT-IMX,Airbus A320,2,2026-10-08 11:20:00,2026-10-08 12:15:00,2026-10-08 12:30:00,,55,,late,11,,,,37.0,0.00,23.8,20180.0,dry and calm
3728,2026-10-08,BOM,AI 2841,AI,Air India,GOI,Vasco da Gama,f,,Airbus A321,2,2026-10-08 11:20:00,2026-10-08 11:57:00,2026-10-08 12:40:00,,37,,late,11,,,,37.0,0.00,23.8,20180.0,dry and calm
3729,2026-10-08,BOM,IX 1023,IX,Air India Express,VNS,Varanasi,f,VT-BWR,Boeing 737,2,2026-10-08 11:20:00,2026-10-08 12:04:00,2026-10-08 13:55:00,,44,,late,11,,,,37.0,0.00,23.8,20180.0,dry and calm
3730,2026-10-08,HYD,6E 362,6E,IndiGo,GOI,Vasco da Gama,f,VT-IPP,Airbus A320 NEO,,2026-10-08 11:20:00,2026-10-08 11:34:00,2026-10-08 12:35:00,,14,,on time,11,,,,31.1,0.00,22.3,10080.0,dry and calm
3731,2026-10-08,HYD,6E 7563,6E,IndiGo,KLH,Kolkhapur,f,,ATR 72,,2026-10-08 11:20:00,,2026-10-08 12:45:00,,,,no actual time,11,,,,31.1,0.00,22.3,10080.0,dry and calm
3732,2026-10-08,BOM,AI 2952,AI,Air India,DEL,New Delhi,f,,Airbus A350-900,2,2026-10-08 11:25:00,2026-10-08 12:31:00,2026-10-08 14:21:00,,66,,late,11,,,,37.0,0.00,23.8,20180.0,dry and calm
3733,2026-10-08,BOM,VS 355,VS,Virgin Atlantic,LHR,London,t,G-VBZZ,Boeing 787-9,2,2026-10-08 11:25:00,2026-10-08 11:52:00,2026-10-08 16:45:00,2026-10-08 16:57:00,27,12,on time,11,,,,37.0,0.00,23.8,20180.0,dry and calm
3734,2026-10-08,HYD,6E 7096,6E,IndiGo,CDP,Kuddapakh,f,VT-IRM,ATR 72,,2026-10-08 11:25:00,2026-10-08 11:37:00,2026-10-08 12:35:00,,12,,on time,11,,,,31.1,0.00,22.3,10080.0,dry and calm
3735,2026-10-08,HYD,6E 7KA,6E,IndiGo,HYD,Hyderabad,f,VT-IYS,ATR 72,,2026-10-08 11:29:00,2026-10-08 11:29:00,,,0,,on time,11,,,,31.1,0.00,22.3,10080.0,dry and calm
3736,2026-10-08,BLR,6E 5069,6E,IndiGo,BOM,Mumbai,f,VT-NOA,Airbus A321 NEO,1,2026-10-08 11:30:00,2026-10-08 12:17:00,2026-10-08 13:20:00,,47,,late,11,,,,28.5,0.00,26.6,10320.0,dry and calm
3737,2026-10-08,BLR,6E 6537,6E,IndiGo,DGH,Deoghar,f,VT-ILZ,Airbus A321 NEO,1,2026-10-08 11:30:00,,2026-10-08 14:00:00,,,,no actual time,11,,,,28.5,0.00,26.6,10320.0,dry and calm
3738,2026-10-08,BLR,IX 863,IX,Air India Express,DMM,Ad Dammam,t,VT-BWP,Boeing 737 MAX 8,2,2026-10-08 11:30:00,2026-10-08 11:52:00,2026-10-08 13:45:00,,22,,on time,11,,,,28.5,0.00,26.6,10320.0,dry and calm
3739,2026-10-08,BOM,6E 6827,6E,IndiGo,DEL,New Delhi,f,VT-NCS,Airbus A320,2,2026-10-08 11:30:00,2026-10-08 12:38:00,2026-10-08 14:32:00,,68,,late,11,,,,37.0,0.00,23.8,20180.0,dry and calm
3740,2026-10-08,BOM,6E 6937,6E,IndiGo,IXD,Allahabad,f,VT-IRV,Airbus A320,2,2026-10-08 11:30:00,2026-10-08 12:09:00,2026-10-08 13:25:00,,39,,late,11,,,,37.0,0.00,23.8,20180.0,dry and calm
3741,2026-10-08,BOM,IX 1176,IX,Air India Express,IXB,Siliguri,f,VT-ATJ,Airbus A320,2,2026-10-08 11:30:00,2026-10-08 12:26:00,2026-10-08 14:20:00,,56,,late,11,,,,37.0,0.00,23.8,20180.0,dry and calm
3742,2026-10-08,HYD,SQ 519,SQ,Singapore,SIN,Singapore,t,9V-MBZ,Boeing 737 MAX 8,,2026-10-08 11:30:00,2026-10-08 11:50:00,2026-10-08 19:05:00,,20,,on time,11,,,,31.1,0.00,22.3,10080.0,dry and calm
3743,2026-10-08,BLR,6E 6404,6E,IndiGo,HYD,Hyderabad,f,VT-ISV,Airbus A320 NEO,1,2026-10-08 11:35:00,2026-10-08 12:31:00,2026-10-08 12:50:00,2026-10-08 13:17:00,56,27,late,11,6E 6066,HYD,11,28.5,0.00,26.6,10320.0,dry and calm
3744,2026-10-08,BLR,SQ 509,SQ,Singapore,SIN,Singapore,t,9V-SHK,Airbus A350,2,2026-10-08 11:35:00,2026-10-08 12:06:00,2026-10-08 19:00:00,2026-10-08 18:39:00,31,-21,late,11,,,,28.5,0.00,26.6,10320.0,dry and calm
3745,2026-10-08,HYD,6E 6202,6E,IndiGo,DEL,New Delhi,f,VT-IWV,Airbus A321 NEO,,2026-10-08 11:35:00,2026-10-08 11:24:00,2026-10-08 14:50:00,,-11,,on time,11,,,,31.1,0.00,22.3,10080.0,dry and calm
3746,2026-10-08,BLR,6E 6104,6E,IndiGo,PNQ,Pune,f,VT-IIE,Airbus A320 NEO,1,2026-10-08 11:40:00,2026-10-08 12:15:00,2026-10-08 13:10:00,2026-10-08 13:36:00,35,26,late,11,,,,28.5,0.00,26.6,10320.0,dry and calm
3747,2026-10-08,BLR,6E 6356,6E,IndiGo,IXZ,Port Blair,f,VT-IBF,Airbus A321 NEO,1,2026-10-08 11:40:00,2026-10-08 11:57:00,2026-10-08 14:15:00,,17,,on time,11,,,,28.5,0.00,26.6,10320.0,dry and calm
3748,2026-10-08,BLR,6E 6535,6E,IndiGo,BBI,Bhubaneswar,f,VT-ICY,Airbus A321 NEO,1,2026-10-08 11:40:00,2026-10-08 11:50:00,2026-10-08 13:45:00,,10,,on time,11,,,,28.5,0.00,26.6,10320.0,dry and calm
3749,2026-10-08,BOM,6E 1,6E,IndiGo,LHR,London,t,LN-FNE,Boeing 787-9,2,2026-10-08 11:40:00,2026-10-08 12:55:00,2026-10-08 17:45:00,2026-10-08 17:59:00,75,14,late,11,,,,37.0,0.00,23.8,20180.0,dry and calm
3750,2026-10-08,BOM,6E 6349,6E,IndiGo,MAA,Chennai,f,VT-NCJ,Airbus A320,2,2026-10-08 11:40:00,2026-10-08 12:24:00,2026-10-08 13:45:00,,44,,late,11,,,,37.0,0.00,23.8,20180.0,dry and calm
3751,2026-10-08,BLR,QR 8695,QR,Qatar,DOH,Doha,t,A7-BFJ,Boeing 777,2,2026-10-08 11:45:00,,,,,,no actual time,11,,,,28.5,0.00,26.6,10320.0,dry and calm
3752,2026-10-08,BOM,6E 5178,6E,IndiGo,HYD,Hyderabad,f,VT-NOO,Airbus A320,1,2026-10-08 11:45:00,2026-10-08 12:20:00,2026-10-08 13:20:00,2026-10-08 13:23:00,35,3,late,11,6E 5174,HYD,,37.0,0.00,23.8,20180.0,dry and calm
3753,2026-10-08,BOM,SQ 421,SQ,Singapore,SIN,Singapore,t,9V-SCO,Boeing 787,2,2026-10-08 11:45:00,2026-10-08 12:21:00,2026-10-08 19:50:00,,36,,late,11,,,,37.0,0.00,23.8,20180.0,dry and calm
3754,2026-10-08,HYD,6E 7144,6E,IndiGo,PNY,Puduchcheri,f,VT-IYO,ATR 72,,2026-10-08 11:45:00,2026-10-08 12:02:00,2026-10-08 13:40:00,,17,,on time,11,,,,31.1,0.00,22.3,10080.0,dry and calm
3755,2026-10-08,HYD,6E 905,6E,IndiGo,GOX,Mopa,f,VT-NOM,Airbus A321 NEO,,2026-10-08 11:50:00,2026-10-08 12:31:00,2026-10-08 13:05:00,,41,,late,11,,,,31.1,0.00,22.3,10080.0,dry and calm
3756,2026-10-08,HYD,6E 913,6E,IndiGo,JAI,Jaipur,f,VT-IMK,Airbus A321 NEO,,2026-10-08 11:50:00,2026-10-08 12:07:00,2026-10-08 13:45:00,,17,,on time,11,,,,31.1,0.00,22.3,10080.0,dry and calm
3757,2026-10-08,BLR,6E 6586,6E,IndiGo,JLR,Jabalpur,f,VT-ITR,Airbus A320 (Sharklets),1,2026-10-08 11:55:00,,2026-10-08 14:00:00,,,,no actual time,11,,,,28.5,0.00,26.6,10320.0,dry and calm
3758,2026-10-08,HYD,6E 1117,6E,IndiGo,DAC,Dhaka,t,VT-ICQ,Airbus A321,,2026-10-08 11:55:00,2026-10-08 12:08:00,2026-10-08 14:55:00,2026-10-08 14:28:00,13,-27,on time,11,,,,31.1,0.00,22.3,10080.0,dry and calm
3759,2026-10-08,HYD,6E 376,6E,IndiGo,CCU,Kolkata,f,VT-IBO,Airbus A321 NEO,,2026-10-08 11:55:00,2026-10-08 12:48:00,2026-10-08 14:10:00,2026-10-08 14:27:00,53,17,late,11,,,,31.1,0.00,22.3,10080.0,dry and calm
3760,2026-10-08,BLR,6E 809,6E,IndiGo,DEL,New Delhi,f,VT-NCP,Airbus A321 NEO,1,2026-10-08 12:00:00,,2026-10-08 15:45:00,,,,no actual time,12,,,,29.1,0.10,26.6,9220.0,light rain
3761,2026-10-08,BLR,6E 9006,6E,IndiGo,BLR,Bangalore,f,VT-IVK,,1,2026-10-08 12:00:00,,,,,,no actual time,12,,,,29.1,0.10,26.6,9220.0,light rain
3762,2026-10-08,BLR,IX 1537,IX,Air India Express,CCU,Kolkata,f,VT-BWT,Boeing 737 MAX 8,2,2026-10-08 12:00:00,,2026-10-08 14:40:00,2026-10-08 14:30:00,,-10,no actual time,12,,,,29.1,0.10,26.6,9220.0,light rain
3763,2026-10-08,BLR,IX 2648,IX,Air India Express,IXZ,Port Blair,f,VT-BXA,Boeing 737 MAX 8,2,2026-10-08 12:00:00,2026-10-08 12:18:00,2026-10-08 14:40:00,,18,,on time,12,,,,29.1,0.10,26.6,9220.0,light rain
3764,2026-10-08,BOM,AI 2632,AI,Air India,BLR,Bangalore,f,VT-TNU,Airbus A320 NEO,2,2026-10-08 12:00:00,2026-10-08 12:35:00,2026-10-08 14:05:00,2026-10-08 13:50:00,35,-15,late,12,,,,37.0,0.00,22.0,20180.0,dry and calm
3765,2026-10-08,BOM,ET 2641,ET,Ethiopian,ADD,Addis Ababa,t,,,2,2026-10-08 12:00:00,2026-10-08 13:59:00,,,119,,late,12,,,,37.0,0.00,22.0,20180.0,dry and calm
3766,2026-10-08,BOM,IX 1027,IX,Air India Express,IXE,Mangalore,f,VT-BWA,Boeing 737,2,2026-10-08 12:00:00,2026-10-08 12:18:00,2026-10-08 13:35:00,,18,,on time,12,,,,37.0,0.00,22.0,20180.0,dry and calm
3767,2026-10-08,HYD,6E 1181,6E,IndiGo,CMB,Colombo,t,VT-IIH,Airbus A320 NEO,,2026-10-08 12:00:00,2026-10-08 12:25:00,2026-10-08 14:00:00,,25,,on time,12,,,,31.7,0.00,23.0,18320.0,dry and calm
3768,2026-10-08,BLR,AI 2630,AI,Air India,BOM,Mumbai,f,VT-CIH,Airbus A320 (Sharklets),2,2026-10-08 12:05:00,2026-10-08 12:19:00,2026-10-08 14:05:00,,14,,on time,12,AI 2851,BOM,,29.1,0.10,26.6,9220.0,light rain
3769,2026-10-08,BOM,6E 2284,6E,IndiGo,HSR,Rajkot,f,VT-IBZ,Airbus A320,2,2026-10-08 12:05:00,2026-10-08 12:23:00,2026-10-08 13:15:00,,18,,on time,12,,,,37.0,0.00,22.0,20180.0,dry and calm
3770,2026-10-08,HYD,6E 6574,6E,IndiGo,VGA,Vidzhayavada,f,VT-IOV,Airbus A320 NEO,,2026-10-08 12:05:00,2026-10-08 12:14:00,2026-10-08 13:05:00,,9,,on time,12,,,,31.7,0.00,23.0,18320.0,dry and calm
3771,2026-10-08,BLR,QP 1154,QP,Akasa Air,BOM,Mumbai,f,VT-YBQ,Boeing 737 MAX 8,1,2026-10-08 12:10:00,,2026-10-08 13:55:00,,,,no actual time,12,QP 1153,BOM,,29.1,0.10,26.6,9220.0,light rain
3772,2026-10-08,BOM,6E 5251,6E,IndiGo,LKO,Lucknow,f,VT-IQU,Airbus A320 NEO,1,2026-10-08 12:10:00,2026-10-08 12:28:00,2026-10-08 14:20:00,,18,,on time,12,,,,37.0,0.00,22.0,20180.0,dry and calm
3773,2026-10-08,BOM,AI 431,AI,Air India,DED,Dehradun,f,VT-TQX,Airbus A320 NEO,2,2026-10-08 12:10:00,2026-10-08 12:39:00,2026-10-08 14:20:00,,29,,on time,12,,,,37.0,0.00,22.0,20180.0,dry and calm
3774,2026-10-08,HYD,6E 537,6E,IndiGo,DBR,Darbhanga,f,VT-ITS,Airbus A321 (Sharklets),,2026-10-08 12:10:00,2026-10-08 12:26:00,2026-10-08 14:20:00,,16,,on time,12,6E 537,BLR,-12,31.7,0.00,23.0,18320.0,dry and calm
3775,2026-10-08,BOM,6E 2247,6E,IndiGo,JDH,Jodhpur,f,,Airbus A320,2,2026-10-08 12:15:00,2026-10-08 12:45:00,2026-10-08 13:50:00,,30,,late,12,,,,37.0,0.00,22.0,20180.0,dry and calm
3776,2026-10-08,BOM,6E 6028,6E,IndiGo,DEL,New Delhi,f,,Airbus A320,2,2026-10-08 12:15:00,2026-10-08 14:02:00,2026-10-08 15:57:00,,107,,late,12,,,,37.0,0.00,22.0,20180.0,dry and calm
3777,2026-10-08,BOM,AI 2027,AI,Air India,FRA,Frankfurt-am-Main,t,VT-ANZ,Boeing 787-8,2,2026-10-08 12:15:00,2026-10-08 12:42:00,2026-10-08 17:55:00,2026-10-08 17:48:00,27,-7,on time,12,,,,37.0,0.00,22.0,20180.0,dry and calm
3778,2026-10-08,BLR,6E 6336,6E,IndiGo,VTZ,Visakhapatnam,f,VT-IIZ,Airbus A320 NEO,1,2026-10-08 12:25:00,2026-10-08 12:47:00,2026-10-08 14:10:00,2026-10-08 14:07:00,22,-3,on time,12,,,,29.1,0.10,26.6,9220.0,light rain
3779,2026-10-08,BOM,6E 21,6E,IndiGo,AMS,Amsterdam,t,LN-LNR,Boeing 787-9,2,2026-10-08 12:25:00,2026-10-08 12:58:00,2026-10-08 18:55:00,2026-10-08 18:48:00,33,-7,late,12,,,,37.0,0.00,22.0,20180.0,dry and calm
3780,2026-10-08,BOM,AI 2276,AI,Air India,CMB,Colombo,t,VT-TQU,Airbus A320 NEO,2,2026-10-08 12:25:00,2026-10-08 13:00:00,2026-10-08 15:05:00,,35,,late,12,,,,37.0,0.00,22.0,20180.0,dry and calm
3781,2026-10-08,HYD,6E 7121,6E,IndiGo,BHO,Bhopal,f,VT-IRD,ATR 72,,2026-10-08 12:25:00,2026-10-08 12:27:00,2026-10-08 14:50:00,,2,,on time,12,,,,31.7,0.00,23.0,18320.0,dry and calm
3782,2026-10-08,BLR,AI 2652,AI,Air India,DEL,New Delhi,f,,,2,2026-10-08 12:30:00,,,,,,no actual time,12,,,,29.1,0.10,26.6,9220.0,light rain
3783,2026-10-08,BLR,IX 2819,IX,Air India Express,HYD,Hyderabad,f,VT-RNT,Boeing 737 MAX 8,2,2026-10-08 12:30:00,2026-10-08 13:50:00,2026-10-08 13:45:00,2026-10-08 13:40:00,80,-5,late,12,,,,29.1,0.10,26.6,9220.0,light rain
3784,2026-10-08,BOM,6E 5184,6E,IndiGo,BLR,Bangalore,f,VT-NCN,Airbus A320,1,2026-10-08 12:30:00,2026-10-08 12:50:00,2026-10-08 14:25:00,2026-10-08 14:04:00,20,-21,on time,12,,,,37.0,0.00,22.0,20180.0,dry and calm
3785,2026-10-08,BOM,6E 6122,6E,IndiGo,RPR,Raipur,f,VT-ICR,Airbus A320,2,2026-10-08 12:30:00,2026-10-08 12:53:00,2026-10-08 14:15:00,,23,,on time,12,,,,37.0,0.00,22.0,20180.0,dry and calm
3786,2026-10-08,BOM,IX 1238,IX,Air India Express,GOI,Vasco da Gama,f,VT-BWX,Boeing 737,2,2026-10-08 12:30:00,2026-10-08 13:04:00,2026-10-08 13:45:00,,34,,late,12,,,,37.0,0.00,22.0,20180.0,dry and calm
3787,2026-10-08,BLR,6E 6653,6E,IndiGo,GOI,Vasco da Gama,f,VT-ILL,Airbus A321 NEO,1,2026-10-08 12:35:00,2026-10-08 13:00:00,2026-10-08 13:50:00,,25,,on time,12,,,,29.1,0.10,26.6,9220.0,light rain
3788,2026-10-08,BOM,6E 673,6E,IndiGo,COK,Kochi,f,VT-ILP,Airbus A320,2,2026-10-08 12:35:00,2026-10-08 13:09:00,2026-10-08 14:25:00,,34,,late,12,,,,37.0,0.00,22.0,20180.0,dry and calm
3789,2026-10-08,HYD,6E 6294,6E,IndiGo,VNS,Varanasi,f,VT-NOL,Airbus A321 NEO,,2026-10-08 12:35:00,2026-10-08 13:17:00,2026-10-08 14:30:00,,42,,late,12,,,,31.7,0.00,23.0,18320.0,dry and calm
3790,2026-10-08,BLR,6E 941,6E,IndiGo,AGR,Agra,f,VT-IPF,Airbus A320 NEO,1,2026-10-08 12:40:00,2026-10-08 12:57:00,2026-10-08 15:10:00,,17,,on time,12,,,,29.1,0.10,26.6,9220.0,light rain
3791,2026-10-08,BLR,IX 2942,IX,Air India Express,MAA,Chennai,f,,,2,2026-10-08 12:40:00,,,,,,no actual time,12,,,,29.1,0.10,26.6,9220.0,light rain
3792,2026-10-08,BOM,6E 214,6E,IndiGo,SXR,Srinagar,f,,Airbus A320 NEO,2,2026-10-08 12:40:00,2026-10-08 13:24:00,2026-10-08 15:20:00,,44,,late,12,,,,37.0,0.00,22.0,20180.0,dry and calm
3793,2026-10-08,HYD,6E 6296,6E,IndiGo,TIR,Tirumala - Tirupati,f,VT-IVB,Airbus A320 NEO,,2026-10-08 12:40:00,2026-10-08 12:44:00,2026-10-08 13:50:00,,4,,on time,12,,,,31.7,0.00,23.0,18320.0,dry and calm
3794,2026-10-08,BLR,6E 6208,6E,IndiGo,MAA,Chennai,f,VT-IIW,Airbus A320 NEO,1,2026-10-08 12:45:00,2026-10-08 13:15:00,2026-10-08 13:55:00,,30,,late,12,,,,29.1,0.10,26.6,9220.0,light rain
3795,2026-10-08,BLR,IX 1971,IX,Air India Express,PNQ,Pune,f,VT-ATH,Airbus A320 NEO,2,2026-10-08 12:45:00,2026-10-08 12:55:00,2026-10-08 14:20:00,2026-10-08 14:11:00,10,-9,on time,12,,,,29.1,0.10,26.6,9220.0,light rain
3796,2026-10-08,BOM,6E 5239,6E,IndiGo,CCU,Kolkata,f,,Airbus A320,1,2026-10-08 12:45:00,2026-10-08 13:17:00,2026-10-08 15:30:00,2026-10-08 15:33:00,32,3,late,12,,,,37.0,0.00,22.0,20180.0,dry and calm
3797,2026-10-08,BOM,AI 2780,AI,Air India,MAA,Chennai,f,,Airbus A320 NEO,2,2026-10-08 12:45:00,2026-10-08 14:35:00,2026-10-08 16:10:00,,110,,late,12,,,,37.0,0.00,22.0,20180.0,dry and calm
3798,2026-10-08,HYD,AI 2559,AI,Air India,DEL,New Delhi,f,VT-TQN,Airbus A320 NEO,,2026-10-08 12:45:00,2026-10-08 13:51:00,2026-10-08 15:46:00,,66,,late,12,,,,31.7,0.00,23.0,18320.0,dry and calm
3799,2026-10-08,BLR,6E 1127,6E,IndiGo,MLE,Malé,t,VT-IML,Airbus A321 NEO,2,2026-10-08 12:50:00,2026-10-08 13:05:00,2026-10-08 14:15:00,,15,,on time,12,,,,29.1,0.10,26.6,9220.0,light rain
3800,2026-10-08,BLR,IX 1480,IX,Air India Express,LKO,Lucknow,f,,,2,2026-10-08 12:50:00,,,,,,no actual time,12,,,,29.1,0.10,26.6,9220.0,light rain
3801,2026-10-08,BLR,IX 2084,IX,Air India Express,IXR,Ranchi,f,,,2,2026-10-08 12:50:00,,,,,,no actual time,12,,,,29.1,0.10,26.6,9220.0,light rain
3802,2026-10-08,BOM,BA 198,BA,British,LHR,London,t,G-ZBKK,Boeing 787-9,2,2026-10-08 12:50:00,2026-10-08 13:07:00,2026-10-08 18:15:00,2026-10-08 18:12:00,17,-3,on time,12,,,,37.0,0.00,22.0,20180.0,dry and calm
3803,2026-10-08,HYD,6E 311,6E,IndiGo,PNQ,Pune,f,VT-IOM,Airbus A320 NEO,,2026-10-08 12:50:00,2026-10-08 13:01:00,2026-10-08 14:10:00,2026-10-08 13:59:00,11,-11,on time,12,,,,31.7,0.00,23.0,18320.0,dry and calm
3804,2026-10-08,BLR,6E 465,6E,IndiGo,STV,Surat Gujarat,f,VT-ICP,Airbus A321 NEO,1,2026-10-08 12:55:00,2026-10-08 13:01:00,2026-10-08 14:50:00,,6,,on time,12,,,,29.1,0.10,26.6,9220.0,light rain
3805,2026-10-08,BLR,6E 703,6E,IndiGo,COK,Kochi,f,VT-ISO,Airbus A320 NEO,1,2026-10-08 12:55:00,2026-10-08 13:07:00,2026-10-08 14:00:00,,12,,on time,12,,,,29.1,0.10,26.6,9220.0,light rain
3806,2026-10-08,BOM,AI 2503,AI,Air India,AMD,Ahmedabad,f,,Airbus A321,2,2026-10-08 12:55:00,2026-10-08 13:12:00,2026-10-08 14:15:00,,17,,on time,12,,,,37.0,0.00,22.0,20180.0,dry and calm
3807,2026-10-08,BOM,QP 1123,QP,Akasa Air,IXD,Allahabad,f,,Boeing 737,2,2026-10-08 12:55:00,2026-10-08 13:20:00,2026-10-08 15:15:00,,25,,on time,12,,,,37.0,0.00,22.0,20180.0,dry and calm
3808,2026-10-08,HYD,6E 5384,6E,IndiGo,BOM,Mumbai,f,VT-NCZ,Airbus A321 NEO,,2026-10-08 12:55:00,2026-10-08 13:05:00,2026-10-08 14:25:00,,10,,on time,12,6E 5318,BOM,-5,31.7,0.00,23.0,18320.0,dry and calm
3809,2026-10-08,HYD,6E 6974,6E,IndiGo,GOX,Mopa,f,VT-ICT,Airbus A321 NEO,,2026-10-08 12:55:00,2026-10-08 13:20:00,2026-10-08 14:05:00,,25,,on time,12,,,,31.7,0.00,23.0,18320.0,dry and calm
3810,2026-10-08,BLR,6E 5218,6E,IndiGo,BOM,Mumbai,f,VT-NOT,Airbus A321 NEO,1,2026-10-08 13:00:00,2026-10-08 13:30:00,2026-10-08 14:50:00,,30,,late,13,6E 5092,BOM,-41,29.6,0.10,25.6,7940.0,light rain
3811,2026-10-08,BOM,6E 615,6E,IndiGo,DEL,New Delhi,f,VT-NHG,Airbus A320,2,2026-10-08 13:00:00,2026-10-08 14:30:00,2026-10-08 16:17:00,,90,,late,13,,,,36.8,0.10,21.2,7580.0,light rain
3812,2026-10-08,BOM,AI 2677,AI,Air India,DEL,New Delhi,f,,Airbus A320 NEO,2,2026-10-08 13:00:00,2026-10-08 13:50:00,2026-10-08 15:44:00,,50,,late,13,,,,36.8,0.10,21.2,7580.0,light rain
3813,2026-10-08,BOM,QP 1127,QP,Akasa Air,DEL,New Delhi,f,,Boeing 737,2,2026-10-08 13:00:00,2026-10-08 14:31:00,2026-10-08 16:21:00,,91,,late,13,,,,36.8,0.10,21.2,7580.0,light rain
3814,2026-10-08,HYD,6E 6031,6E,IndiGo,DEL,New Delhi,f,VT-NHA,Airbus A321 NEO,,2026-10-08 13:00:00,2026-10-08 13:12:00,2026-10-08 15:04:00,,12,,on time,13,,,,32.0,0.00,24.5,18480.0,dry and calm
3815,2026-10-08,BLR,IX 1386,IX,Air India Express,GOI,Vasco da Gama,f,VT-BXS,Boeing 737 MAX 8,2,2026-10-08 13:05:00,2026-10-08 13:37:00,2026-10-08 14:15:00,,32,,late,13,,,,29.6,0.10,25.6,7940.0,light rain
3816,2026-10-08,BLR,QP 1821,QP,Akasa Air,DEL,New Delhi,f,VT-YBN,Boeing 737 MAX 8,1,2026-10-08 13:05:00,,2026-10-08 15:55:00,,,,no actual time,13,,,,29.6,0.10,25.6,7940.0,light rain
3817,2026-10-08,BOM,6E 1059,6E,IndiGo,BKK,Bangkok,t,VT-NCV,Airbus A320,2,2026-10-08 13:05:00,2026-10-08 13:13:00,2026-10-08 19:15:00,2026-10-08 18:48:00,8,-27,on time,13,,,,36.8,0.10,21.2,7580.0,light rain
3818,2026-10-08,BOM,AI 2477,AI,Air India,GOI,Vasco da Gama,f,,Airbus A319,2,2026-10-08 13:05:00,2026-10-08 13:14:00,2026-10-08 14:20:00,,9,,on time,13,,,,36.8,0.10,21.2,7580.0,light rain
3819,2026-10-08,BLR,6E 6542,6E,IndiGo,CJB,Coimbatore,f,VT-ICN,Airbus A321 NEO,1,2026-10-08 13:10:00,2026-10-08 13:16:00,2026-10-08 14:10:00,,6,,on time,13,,,,29.6,0.10,25.6,7940.0,light rain
3820,2026-10-08,BLR,6E 869,6E,IndiGo,DEL,New Delhi,f,VT-NHT,Airbus A321 NEO,1,2026-10-08 13:10:00,2026-10-08 14:59:00,2026-10-08 16:00:00,,109,,late,13,,,,29.6,0.10,25.6,7940.0,light rain
3821,2026-10-08,BOM,IX 1787,IX,Air India Express,BHO,Bhopal,f,,Boeing 737,2,2026-10-08 13:10:00,2026-10-08 13:36:00,2026-10-08 14:50:00,,26,,on time,13,,,,36.8,0.10,21.2,7580.0,light rain
3822,2026-10-08,HYD,6E 409,6E,IndiGo,VTZ,Visakhapatnam,f,VT-IMM,Airbus A321 NEO,,2026-10-08 13:10:00,2026-10-08 13:23:00,2026-10-08 14:25:00,2026-10-08 14:16:00,13,-9,on time,13,,,,32.0,0.00,24.5,18480.0,dry and calm
3823,2026-10-08,BLR,6E 6507,6E,IndiGo,HSR,Rajkot,f,VT-IQW,Airbus A320 NEO,1,2026-10-08 13:15:00,2026-10-08 13:27:00,2026-10-08 15:20:00,,12,,on time,13,,,,29.6,0.10,25.6,7940.0,light rain
3824,2026-10-08,BOM,QP 1427,QP,Akasa Air,VNS,Varanasi,f,,Boeing 737,2,2026-10-08 13:20:00,2026-10-08 13:33:00,2026-10-08 15:50:00,,13,,on time,13,,,,36.8,0.10,21.2,7580.0,light rain
3825,2026-10-08,BOM,AI 131,AI,Air India,LHR,London,t,VT-AWA,Boeing 787-9,2,2026-10-08 13:25:00,2026-10-08 13:54:00,2026-10-08 19:30:00,2026-10-08 18:47:00,29,-43,on time,13,,,,36.8,0.10,21.2,7580.0,light rain
3826,2026-10-08,BOM,QP 1105,QP,Akasa Air,GOX,Mopa,f,,Boeing 737,2,2026-10-08 13:25:00,2026-10-08 13:48:00,2026-10-08 14:50:00,,23,,on time,13,,,,36.8,0.10,21.2,7580.0,light rain
3827,2026-10-08,HYD,6E 108,6E,IndiGo,IXC,Chandigarh,f,VT-IBB,Airbus A321 NEO,,2026-10-08 13:25:00,2026-10-08 14:36:00,2026-10-08 15:50:00,,71,,late,13,,,,32.0,0.00,24.5,18480.0,dry and calm
3828,2026-10-08,HYD,6E 149,6E,IndiGo,IXB,Siliguri,f,VT-ISV,Airbus A320 NEO,,2026-10-08 13:25:00,2026-10-08 14:24:00,2026-10-08 15:45:00,,59,,late,13,6E 6404,BLR,27,32.0,0.00,24.5,18480.0,dry and calm
3829,2026-10-08,BLR,IX 1407,IX,Air India Express,IXB,Siliguri,f,VT-BWQ,Boeing 737,2,2026-10-08 13:30:00,,,,,,no actual time,13,,,,29.6,0.10,25.6,7940.0,light rain
3830,2026-10-08,BLR,S5 181,S5,Star Air,GOX,Mopa,f,,Embraer 175,2,2026-10-08 13:30:00,,2026-10-08 14:40:00,,,,no actual time,13,,,,29.6,0.10,25.6,7940.0,light rain
3831,2026-10-08,BOM,6E 5276,6E,IndiGo,GWL,Gwalior,f,,Airbus A320 NEO,1,2026-10-08 13:30:00,2026-10-08 13:40:00,2026-10-08 15:40:00,,10,,on time,13,,,,36.8,0.10,21.2,7580.0,light rain
3832,2026-10-08,BOM,AI 2337,AI,Air India,BKK,Bangkok,t,VT-EXF,Airbus A320 NEO,2,2026-10-08 13:30:00,2026-10-08 13:45:00,2026-10-08 19:20:00,2026-10-08 19:22:00,15,2,on time,13,AI 2604,BLR,,36.8,0.10,21.2,7580.0,light rain
3833,2026-10-08,HYD,AI 2541,AI,Air India,DEL,New Delhi,f,VT-EXU,Airbus A320 (Sharklets),,2026-10-08 13:30:00,2026-10-08 13:48:00,2026-10-08 15:48:00,,18,,on time,13,,,,32.0,0.00,24.5,18480.0,dry and calm
3834,2026-10-08,BOM,6E 2016,6E,IndiGo,TRZ,Tiruchirappally,f,VT-ILJ,Airbus A320,2,2026-10-08 13:35:00,2026-10-08 14:18:00,2026-10-08 15:40:00,,43,,late,13,,,,36.8,0.10,21.2,7580.0,light rain
3835,2026-10-08,BOM,QP 1141,QP,Akasa Air,GAU,Guwahati,f,,Boeing 737,2,2026-10-08 13:35:00,2026-10-08 13:53:00,2026-10-08 16:50:00,,18,,on time,13,,,,36.8,0.10,21.2,7580.0,light rain
3836,2026-10-08,BLR,6E 172,6E,IndiGo,CCU,Kolkata,f,VT-IBD,Airbus A321 NEO,1,2026-10-08 13:40:00,2026-10-08 13:47:00,2026-10-08 16:20:00,2026-10-08 15:45:00,7,-35,on time,13,,,,29.6,0.10,25.6,7940.0,light rain
3837,2026-10-08,BOM,IX 1810,IX,Air India Express,COK,Kochi,f,VT-BWB,Boeing 737,2,2026-10-08 13:40:00,2026-10-08 13:58:00,2026-10-08 15:40:00,,18,,on time,13,,,,36.8,0.10,21.2,7580.0,light rain
3838,2026-10-08,HYD,6E 93,6E,IndiGo,RUH,Riyadh,t,VT-ICD,Airbus A321 NEO,,2026-10-08 13:40:00,2026-10-08 13:52:00,2026-10-08 16:10:00,,12,,on time,13,,,,32.0,0.00,24.5,18480.0,dry and calm
3839,2026-10-08,BOM,6E 5337,6E,IndiGo,MAA,Chennai,f,VT-NOH,Airbus A320,1,2026-10-08 13:45:00,2026-10-08 14:12:00,2026-10-08 15:50:00,,27,,on time,13,,,,36.8,0.10,21.2,7580.0,light rain
3840,2026-10-08,BOM,9I 623,9I,Alliance Air,DIU,Diu,f,,ATR 72,1,2026-10-08 13:50:00,2026-10-08 14:09:00,2026-10-08 16:55:00,,19,,on time,13,,,,36.8,0.10,21.2,7580.0,light rain
3841,2026-10-08,BOM,AI 2753,AI,Air India,BHJ,Bhuj,f,,Airbus A320 NEO,2,2026-10-08 13:50:00,2026-10-08 14:21:00,2026-10-08 15:15:00,,31,,late,13,,,,36.8,0.10,21.2,7580.0,light rain
3842,2026-10-08,HYD,6E 6062,6E,IndiGo,SAG,Shirdi,f,VT-IIK,Airbus A320 NEO,,2026-10-08 13:50:00,2026-10-08 14:03:00,2026-10-08 15:10:00,,13,,on time,13,,,,32.0,0.00,24.5,18480.0,dry and calm
3843,2026-10-08,BLR,6E 196,6E,IndiGo,LKO,Lucknow,f,VT-IFI,Airbus A320 (Sharklets),1,2026-10-08 13:55:00,2026-10-08 14:02:00,2026-10-08 16:25:00,2026-10-08 16:15:00,7,-10,on time,13,,,,29.6,0.10,25.6,7940.0,light rain
3844,2026-10-08,BLR,6E 6595,6E,IndiGo,AMD,Ahmedabad,f,VT-IXE,Airbus A320 NEO,1,2026-10-08 13:55:00,2026-10-08 13:58:00,2026-10-08 16:00:00,,3,,on time,13,,,,29.6,0.10,25.6,7940.0,light rain
3845,2026-10-08,BLR,6E 840,6E,IndiGo,DEL,New Delhi,f,VT-NCD,Airbus A321 NEO,1,2026-10-08 13:55:00,,2026-10-08 17:18:00,,,,no actual time,13,6E 5217,BOM,-19,29.6,0.10,25.6,7940.0,light rain
3846,2026-10-08,BOM,6E 230,6E,IndiGo,GOI,Vasco da Gama,f,VT-IWR,Airbus A320,2,2026-10-08 13:55:00,2026-10-08 14:38:00,2026-10-08 15:10:00,,43,,late,13,,,,36.8,0.10,21.2,7580.0,light rain
3847,2026-10-08,BOM,AI 2773,AI,Air India,CCU,Kolkata,f,VT-TQR,Airbus A320 NEO,2,2026-10-08 13:55:00,2026-10-08 14:23:00,2026-10-08 16:55:00,2026-10-08 16:53:00,28,-2,on time,13,,,,36.8,0.10,21.2,7580.0,light rain
3848,2026-10-08,HYD,6E 6682,6E,IndiGo,COK,Kochi,f,VT-IQF,Airbus A320 NEO,,2026-10-08 13:55:00,2026-10-08 14:08:00,2026-10-08 15:35:00,,13,,on time,13,,,,32.0,0.00,24.5,18480.0,dry and calm
3849,2026-10-08,BLR,AI 2486,AI,Air India,DEL,New Delhi,f,VT-TQW,Airbus A320 NEO,2,2026-10-08 14:00:00,,2026-10-08 17:22:00,,,,no actual time,14,,,,29.5,0.20,24.5,7820.0,light rain
3850,2026-10-08,BOM,6E 6704,6E,IndiGo,DEL,New Delhi,f,VT-NHZ,Airbus A320,2,2026-10-08 14:00:00,2026-10-08 14:53:00,2026-10-08 16:35:00,,53,,late,14,,,,36.4,0.10,17.6,15140.0,light rain
3851,2026-10-08,HYD,6E 6907,6E,IndiGo,CCU,Kolkata,f,VT-ILU,Airbus A321 NEO,,2026-10-08 14:00:00,2026-10-08 14:22:00,2026-10-08 16:20:00,2026-10-08 16:15:00,22,-5,on time,14,,,,31.8,0.00,24.8,18600.0,dry and calm
3852,2026-10-08,HYD,6E 7126,6E,IndiGo,MYQ,Mysore,f,VT-IRG,ATR 72,,2026-10-08 14:00:00,,2026-10-08 15:55:00,,,,no actual time,14,,,,31.8,0.00,24.8,18600.0,dry and calm
3853,2026-10-08,BLR,6E 1037,6E,IndiGo,KUL,Kuala Lumpur,t,VT-ILF,Airbus A321 NEO,2,2026-10-08 14:05:00,2026-10-08 14:26:00,2026-10-08 21:00:00,,21,,on time,14,,,,29.5,0.20,24.5,7820.0,light rain
3854,2026-10-08,HYD,6E 6263,6E,IndiGo,RPR,Raipur,f,VT-IAZ,Airbus A321 NEO,,2026-10-08 14:05:00,2026-10-08 14:53:00,2026-10-08 15:25:00,,48,,late,14,,,,31.8,0.00,24.8,18600.0,dry and calm
3855,2026-10-08,BOM,6E 2280,6E,IndiGo,GOP,Gorakhpur,f,,Airbus A320,2,2026-10-08 14:10:00,2026-10-08 14:44:00,2026-10-08 16:35:00,,34,,late,14,,,,36.4,0.10,17.6,15140.0,light rain
3856,2026-10-08,HYD,6E 514,6E,IndiGo,MAA,Chennai,f,VT-ICC,Airbus A321 NEO,,2026-10-08 14:10:00,2026-10-08 14:42:00,2026-10-08 15:30:00,,32,,late,14,,,,31.8,0.00,24.8,18600.0,dry and calm
3857,2026-10-08,BLR,6E 5306,6E,IndiGo,IXE,Mangalore,f,VT-ILG,Airbus A321 NEO,1,2026-10-08 14:15:00,2026-10-08 15:07:00,2026-10-08 15:20:00,,52,,late,14,,,,29.5,0.20,24.5,7820.0,light rain
3858,2026-10-08,BOM,6E 6393,6E,IndiGo,IXC,Chandigarh,f,VT-ICB,Airbus A321 NEO,2,2026-10-08 14:15:00,2026-10-08 16:11:00,2026-10-08 16:35:00,,116,,late,14,,,,36.4,0.10,17.6,15140.0,light rain
3859,2026-10-08,HYD,6E 297,6E,IndiGo,JDH,Jodhpur,f,VT-ISP,Airbus A320 NEO,,2026-10-08 14:15:00,2026-10-08 14:19:00,2026-10-08 16:10:00,,4,,on time,14,,,,31.8,0.00,24.8,18600.0,dry and calm
3860,2026-10-08,HYD,6E 5099,6E,IndiGo,BOM,Mumbai,f,VT-NOO,Airbus A321 NEO,,2026-10-08 14:15:00,2026-10-08 14:29:00,2026-10-08 15:55:00,,14,,on time,14,6E 5178,BOM,3,31.8,0.00,24.8,18600.0,dry and calm
3861,2026-10-08,BLR,6E 5351,6E,IndiGo,BOM,Mumbai,f,VT-NOX,Airbus A321 NEO,1,2026-10-08 14:20:00,2026-10-08 14:57:00,2026-10-08 16:05:00,,37,,late,14,,,,29.5,0.20,24.5,7820.0,light rain
3862,2026-10-08,BLR,AI 133,AI,Air India,LHR,London,t,VT-ANE,Boeing 787-8,2,2026-10-08 14:20:00,2026-10-08 14:47:00,2026-10-08 20:20:00,2026-10-08 20:33:00,27,13,on time,14,,,,29.5,0.20,24.5,7820.0,light rain
3863,2026-10-08,HYD,6E 504,6E,IndiGo,VTZ,Visakhapatnam,f,VT-ICX,Airbus A321 NEO,,2026-10-08 14:20:00,2026-10-08 14:37:00,2026-10-08 15:45:00,2026-10-08 15:33:00,17,-12,on time,14,,,,31.8,0.00,24.8,18600.0,dry and calm
3864,2026-10-08,HYD,6E 6915,6E,IndiGo,IDR,Indore,f,VT-IBQ,Airbus A321 NEO,,2026-10-08 14:20:00,2026-10-08 14:50:00,2026-10-08 15:45:00,,30,,late,14,,,,31.8,0.00,24.8,18600.0,dry and calm
3865,2026-10-08,BLR,6E 602,6E,IndiGo,COK,Kochi,f,VT-ILV,Airbus A321 NEO,1,2026-10-08 14:25:00,2026-10-08 14:51:00,2026-10-08 15:35:00,,26,,on time,14,,,,29.5,0.20,24.5,7820.0,light rain
3866,2026-10-08,BLR,IX 2014,IX,Air India Express,IDR,Indore,f,VT-BWO,Boeing 737 MAX 8,2,2026-10-08 14:25:00,2026-10-08 14:37:00,2026-10-08 16:25:00,,12,,on time,14,,,,29.5,0.20,24.5,7820.0,light rain
3867,2026-10-08,BLR,IX 2505,IX,Air India Express,MAA,Chennai,f,VT-BXR,Boeing 737,2,2026-10-08 14:25:00,,2026-10-08 15:45:00,,,,no actual time,14,,,,29.5,0.20,24.5,7820.0,light rain
3868,2026-10-08,BOM,6E 5345,6E,IndiGo,RPR,Raipur,f,VT-IAX,Airbus A320 NEO,1,2026-10-08 14:25:00,2026-10-08 14:47:00,2026-10-08 16:25:00,,22,,on time,14,,,,36.4,0.10,17.6,15140.0,light rain
3869,2026-10-08,HYD,6E 6481,6E,IndiGo,BDQ,Vadodara,f,VT-IMY,Airbus A321 NEO,,2026-10-08 14:25:00,2026-10-08 15:03:00,2026-10-08 16:00:00,,38,,late,14,,,,31.8,0.00,24.8,18600.0,dry and calm
3870,2026-10-08,HYD,AI 2445,AI,Air India,BOM,Mumbai,f,VT-TQD,Airbus A320 NEO,,2026-10-08 14:25:00,2026-10-08 14:34:00,2026-10-08 16:25:00,,9,,on time,14,AI 2444,BOM,-4,31.8,0.00,24.8,18600.0,dry and calm
3871,2026-10-08,BLR,IX 2001,IX,Air India Express,AMD,Ahmedabad,f,,,2,2026-10-08 14:30:00,,,,,,no actual time,14,,,,29.5,0.20,24.5,7820.0,light rain
3872,2026-10-08,BOM,6E 5382,6E,IndiGo,BLR,Bangalore,f,VT-NOA,Airbus A321 NEO,1,2026-10-08 14:30:00,2026-10-08 15:01:00,2026-10-08 16:25:00,2026-10-08 16:14:00,31,-11,late,14,6E 5069,BLR,,36.4,0.10,17.6,15140.0,light rain
3873,2026-10-08,BOM,QP 1819,QP,Akasa Air,DEL,New Delhi,f,,Boeing 737,2,2026-10-08 14:30:00,2026-10-08 15:09:00,2026-10-08 16:57:00,,39,,late,14,,,,36.4,0.10,17.6,15140.0,light rain
3874,2026-10-08,BOM,WY 204,WY,Oman Air,MCT,Muscat,t,,Boeing 737-800,2,2026-10-08 14:30:00,2026-10-08 14:50:00,,,20,,on time,14,,,,36.4,0.10,17.6,15140.0,light rain
3875,2026-10-08,HYD,6E 6405,6E,IndiGo,BLR,Bangalore,f,VT-ILS,Airbus A321 NEO,,2026-10-08 14:30:00,2026-10-08 15:06:00,2026-10-08 15:50:00,2026-10-08 15:53:00,36,3,late,14,,,,31.8,0.00,24.8,18600.0,dry and calm
3876,2026-10-08,HYD,IX 2819,IX,Air India Express,VTZ,Visakhapatnam,f,VT-RNT,Boeing 737 MAX 8,,2026-10-08 14:30:00,2026-10-08 14:59:00,2026-10-08 15:55:00,2026-10-08 15:50:00,29,-5,on time,14,IX 2819,BLR,-5,31.8,0.00,24.8,18600.0,dry and calm
3877,2026-10-08,BOM,AI 2659,AI,Air India,IXC,Chandigarh,f,,Airbus A321,2,2026-10-08 14:35:00,2026-10-08 14:49:00,2026-10-08 17:15:00,,14,,on time,14,,,,36.4,0.10,17.6,15140.0,light rain
3878,2026-10-08,BOM,AI 2944,AI,Air India,DEL,New Delhi,f,,Airbus A320 NEO,2,2026-10-08 14:35:00,2026-10-08 15:18:00,2026-10-08 17:01:00,,43,,late,14,,,,36.4,0.10,17.6,15140.0,light rain
3879,2026-10-08,BLR,IX 1531,IX,Air India Express,IXE,Mangalore,f,,,2,2026-10-08 14:40:00,,,,,,no actual time,14,,,,29.5,0.20,24.5,7820.0,light rain
3880,2026-10-08,BOM,6E 273,6E,IndiGo,HSR,Rajkot,f,,Airbus A320 NEO,2,2026-10-08 14:40:00,2026-10-08 15:37:00,2026-10-08 15:50:00,,57,,late,14,,,,36.4,0.10,17.6,15140.0,light rain
3881,2026-10-08,BOM,6E 5123,6E,IndiGo,RJA,Rajahmundry,f,VT-IQM,Airbus A320 NEO,1,2026-10-08 14:40:00,2026-10-08 15:25:00,2026-10-08 16:35:00,,45,,late,14,,,,36.4,0.10,17.6,15140.0,light rain
3882,2026-10-08,BOM,QP 1137,QP,Akasa Air,COK,Kochi,f,,Boeing 737,2,2026-10-08 14:40:00,2026-10-08 15:03:00,2026-10-08 16:45:00,,23,,on time,14,,,,36.4,0.10,17.6,15140.0,light rain
3883,2026-10-08,HYD,6E 711,6E,IndiGo,DEL,New Delhi,f,VT-NCO,Airbus A321 NEO,,2026-10-08 14:40:00,2026-10-08 15:51:00,2026-10-08 17:42:00,,71,,late,14,,,,31.8,0.00,24.8,18600.0,dry and calm
3884,2026-10-08,BLR,6E 6277,6E,IndiGo,PAT,Patna,f,VT-IOT,Airbus A320 NEO,1,2026-10-08 14:45:00,2026-10-08 15:09:00,2026-10-08 17:20:00,,24,,on time,14,,,,29.5,0.20,24.5,7820.0,light rain
3885,2026-10-08,BLR,QP 1361,QP,Akasa Air,COK,Kochi,f,VT-YAL,Boeing 737 MAX 8,1,2026-10-08 14:45:00,,2026-10-08 16:05:00,,,,no actual time,14,,,,29.5,0.20,24.5,7820.0,light rain
3886,2026-10-08,BOM,IX 1050,IX,Air India Express,DEL,New Delhi,f,,Airbus A320,2,2026-10-08 14:45:00,2026-10-08 16:02:00,2026-10-08 17:51:00,,77,,late,14,,,,36.4,0.10,17.6,15140.0,light rain
3887,2026-10-08,BLR,6E 2030,6E,IndiGo,IXE,Mangalore,f,VT-IOU,Airbus A320 NEO,1,2026-10-08 14:50:00,2026-10-08 15:13:00,2026-10-08 15:50:00,,23,,on time,14,,,,29.5,0.20,24.5,7820.0,light rain
3888,2026-10-08,BLR,QP 1423,QP,Akasa Air,VNS,Varanasi,f,VT-YAE,Boeing 737,1,2026-10-08 14:50:00,,2026-10-08 17:15:00,,,,no actual time,14,,,,29.5,0.20,24.5,7820.0,light rain
3889,2026-10-08,BLR,IX 2051,IX,Air India Express,HYD,Hyderabad,f,VT-BWL,Boeing 737 MAX 8,2,2026-10-08 14:55:00,,2026-10-08 16:05:00,2026-10-08 16:05:00,,0,no actual time,14,,,,29.5,0.20,24.5,7820.0,light rain
3890,2026-10-08,BLR,6E 6030,6E,IndiGo,NMI,Mumbai,f,VT-ITO,Airbus A320 (Sharklets),1,2026-10-08 15:00:00,2026-10-08 15:33:00,2026-10-08 16:40:00,,33,,late,15,,,,29.3,0.10,22.7,10000.0,light rain
3891,2026-10-08,BLR,AI 2511,AI,Air India,DEL,New Delhi,f,VT-TNU,Airbus A321 (Sharklets),2,2026-10-08 15:00:00,2026-10-08 15:04:00,2026-10-08 18:03:00,,4,,on time,15,AI 2632,BOM,-15,29.3,0.10,22.7,10000.0,light rain
3892,2026-10-08,BLR,IX 1536,IX,Air India Express,BBI,Bhubaneswar,f,VT-BXB,Boeing 737 MAX 8,2,2026-10-08 15:00:00,,2026-10-08 17:05:00,,,,no actual time,15,,,,29.3,0.10,22.7,10000.0,light rain
3893,2026-10-08,BLR,WY 284,WY,Oman Air,MCT,Muscat,t,A4O-MK,Boeing 737 MAX 8,2,2026-10-08 15:00:00,2026-10-08 15:16:00,2026-10-08 17:05:00,,16,,on time,15,,,,29.3,0.10,22.7,10000.0,light rain
3894,2026-10-08,BOM,6E 349,6E,IndiGo,DEL,New Delhi,f,VT-NCR,Airbus A321 NEO,2,2026-10-08 15:00:00,2026-10-08 16:21:00,2026-10-08 18:05:00,,81,,late,15,,,,35.9,0.00,24.8,10260.0,dry and calm
3895,2026-10-08,HYD,6E 6781,6E,IndiGo,IXM,Madurai,f,VT-IQD,Airbus A320 NEO,,2026-10-08 15:00:00,2026-10-08 15:17:00,2026-10-08 16:40:00,,17,,on time,15,,,,31.4,0.00,24.8,18660.0,dry and calm
3896,2026-10-08,BLR,6E 6572,6E,IndiGo,CCU,Kolkata,f,VT-NHS,Airbus A321 NEO,1,2026-10-08 15:05:00,2026-10-08 15:26:00,2026-10-08 17:45:00,2026-10-08 17:25:00,21,-20,on time,15,,,,29.3,0.10,22.7,10000.0,light rain
3897,2026-10-08,BOM,6E 1453,6E,IndiGo,DXB,Dubai,t,VT-NHD,Airbus A320,2,2026-10-08 15:05:00,2026-10-08 15:28:00,2026-10-08 16:40:00,2026-10-08 16:30:00,23,-10,on time,15,,,,35.9,0.00,24.8,10260.0,dry and calm
3898,2026-10-08,BOM,AI 2531,AI,Air India,HYD,Hyderabad,f,VT-TQA,Airbus A320 NEO,2,2026-10-08 15:05:00,2026-10-08 15:29:00,2026-10-08 16:35:00,2026-10-08 16:25:00,24,-10,on time,15,,,,35.9,0.00,24.8,10260.0,dry and calm
3899,2026-10-08,HYD,6E 6146,6E,IndiGo,DED,Dehradun,f,VT-IPZ,Airbus A320 NEO,,2026-10-08 15:05:00,2026-10-08 15:13:00,2026-10-08 17:35:00,,8,,on time,15,,,,31.4,0.00,24.8,18660.0,dry and calm
3900,2026-10-08,HYD,IX 2746,IX,Air India Express,IXB,Siliguri,f,VT-BWD,Boeing 737 MAX 8,,2026-10-08 15:05:00,2026-10-08 15:11:00,2026-10-08 17:35:00,,6,,on time,15,,,,31.4,0.00,24.8,18660.0,dry and calm
3901,2026-10-08,BLR,6E 852,6E,IndiGo,DED,Dehradun,f,VT-IKQ,Airbus A320,1,2026-10-08 15:10:00,2026-10-08 15:23:00,2026-10-08 18:05:00,,13,,on time,15,,,,29.3,0.10,22.7,10000.0,light rain
3902,2026-10-08,BOM,6E 5386,6E,IndiGo,HYD,Hyderabad,f,VT-NCZ,Airbus A321 NEO,1,2026-10-08 15:10:00,2026-10-08 15:52:00,2026-10-08 16:45:00,2026-10-08 16:54:00,42,9,late,15,6E 5384,HYD,,35.9,0.00,24.8,10260.0,dry and calm
3903,2026-10-08,BOM,6E 624,6E,IndiGo,TRV,Trivandrum,f,VT-IMS,Airbus A320,2,2026-10-08 15:10:00,2026-10-08 15:31:00,2026-10-08 17:25:00,2026-10-08 17:26:00,21,1,on time,15,,,,35.9,0.00,24.8,10260.0,dry and calm
3904,2026-10-08,HYD,6E 7136,6E,IndiGo,ISK,Nasik,f,VT-IYX,ATR 72,,2026-10-08 15:10:00,2026-10-08 15:25:00,2026-10-08 16:50:00,,15,,on time,15,,,,31.4,0.00,24.8,18660.0,dry and calm
3905,2026-10-08,BLR,6E 6427,6E,IndiGo,TRV,Trivandrum,f,VT-IBE,Airbus A321 NEO,1,2026-10-08 15:15:00,2026-10-08 15:37:00,2026-10-08 16:35:00,2026-10-08 16:28:00,22,-7,on time,15,,,,29.3,0.10,22.7,10000.0,light rain
3906,2026-10-08,BLR,6E 6596,6E,IndiGo,VNS,Varanasi,f,VT-IWY,Airbus A320,1,2026-10-08 15:15:00,2026-10-08 15:35:00,2026-10-08 17:45:00,,20,,on time,15,,,,29.3,0.10,22.7,10000.0,light rain
3907,2026-10-08,BLR,6E 6753,6E,IndiGo,GOI,Vasco da Gama,f,VT-IME,Airbus A321 NEO,1,2026-10-08 15:15:00,2026-10-08 15:51:00,2026-10-08 16:35:00,,36,,late,15,,,,29.3,0.10,22.7,10000.0,light rain
3908,2026-10-08,BOM,6E 5354,6E,IndiGo,CCU,Kolkata,f,VT-NCF,Airbus A320,1,2026-10-08 15:15:00,2026-10-08 15:39:00,2026-10-08 18:00:00,2026-10-08 17:50:00,24,-10,on time,15,,,,35.9,0.00,24.8,10260.0,dry and calm
3909,2026-10-08,BLR,6E 7445,6E,IndiGo,KLH,Kolhapur,f,VT-IYJ,ATR 72,1,2026-10-08 15:20:00,,2026-10-08 17:05:00,,,,no actual time,15,,,,29.3,0.10,22.7,10000.0,light rain
3910,2026-10-08,BLR,QP 1315,QP,Akasa Air,PNQ,Pune,f,VT-YAV,Boeing 737 MAX 8,1,2026-10-08 15:20:00,,2026-10-08 16:55:00,,,,no actual time,15,,,,29.3,0.10,22.7,10000.0,light rain
3911,2026-10-08,BLR,IX 1540,IX,Air India Express,VNS,Varanasi,f,VT-BXV,Boeing 737 MAX 8,2,2026-10-08 15:25:00,,2026-10-08 17:55:00,,,,no actual time,15,,,,29.3,0.10,22.7,10000.0,light rain
3912,2026-10-08,BOM,6E 5196,6E,IndiGo,MAA,Chennai,f,VT-NHB,Airbus A320,1,2026-10-08 15:25:00,2026-10-08 15:57:00,2026-10-08 17:30:00,,32,,late,15,,,,35.9,0.00,24.8,10260.0,dry and calm
3913,2026-10-08,BOM,AI 2853,AI,Air India,BLR,Bangalore,f,VT-TNR,Airbus A321 (Sharklets),2,2026-10-08 15:25:00,2026-10-08 16:25:00,2026-10-08 17:35:00,2026-10-08 17:39:00,60,4,late,15,,,,35.9,0.00,24.8,10260.0,dry and calm
3914,2026-10-08,HYD,6E 6223,6E,IndiGo,PAT,Patna,f,VT-IOL,Airbus A320 NEO,,2026-10-08 15:25:00,2026-10-08 16:08:00,2026-10-08 17:30:00,,43,,late,15,,,,31.4,0.00,24.8,18660.0,dry and calm
3915,2026-10-08,BLR,6E 7223,6E,IndiGo,VGA,Vijayawada,f,VT-IYH,ATR 72,1,2026-10-08 15:30:00,,2026-10-08 17:00:00,,,,no actual time,15,,,,29.3,0.10,22.7,10000.0,light rain
3916,2026-10-08,BLR,AI 428,AI,Air India,DEL,New Delhi,f,VT-ANL,Boeing 787-8,2,2026-10-08 15:30:00,2026-10-08 15:45:00,2026-10-08 18:30:00,,15,,on time,15,,,,29.3,0.10,22.7,10000.0,light rain
3917,2026-10-08,BOM,AI 1851,AI,Air India,DEL,New Delhi,f,VT-TNV,Airbus A320 NEO,2,2026-10-08 15:30:00,2026-10-08 16:38:00,2026-10-08 18:22:00,,68,,late,15,,,,35.9,0.00,24.8,10260.0,dry and calm
3918,2026-10-08,BOM,AI 2915,AI,Air India,AMD,Ahmedabad,f,,Airbus A320 NEO,2,2026-10-08 15:30:00,2026-10-08 15:45:00,2026-10-08 16:50:00,,15,,on time,15,,,,35.9,0.00,24.8,10260.0,dry and calm
3919,2026-10-08,HYD,6E 2073,6E,IndiGo,TRZ,Tiruchirappally,f,VT-IPG,Airbus A320 NEO,,2026-10-08 15:30:00,2026-10-08 15:39:00,2026-10-08 17:00:00,,9,,on time,15,,,,31.4,0.00,24.8,18660.0,dry and calm
3920,2026-10-08,BLR,6E 6003,6E,IndiGo,NAG,Naqpur,f,VT-IKT,Airbus A320,1,2026-10-08 15:35:00,2026-10-08 15:59:00,2026-10-08 17:20:00,,24,,on time,15,,,,29.3,0.10,22.7,10000.0,light rain
3921,2026-10-08,BOM,6E 5071,6E,IndiGo,BLR,Bangalore,f,VT-NOT,Airbus A320,1,2026-10-08 15:35:00,2026-10-08 16:09:00,2026-10-08 17:25:00,2026-10-08 17:24:00,34,-1,late,15,6E 5218,BLR,,35.9,0.00,24.8,10260.0,dry and calm
3922,2026-10-08,BOM,AI 598,AI,Air India,VGA,Gannavaram,f,VT-TQT,Airbus A319,2,2026-10-08 15:35:00,2026-10-08 16:55:00,2026-10-08 17:30:00,,80,,late,15,,,,35.9,0.00,24.8,10260.0,dry and calm
3923,2026-10-08,BOM,IX 1807,IX,Air India Express,JGA,Jamnagar,f,,Airbus A320 NEO,2,2026-10-08 15:35:00,2026-10-08 17:24:00,2026-10-08 17:00:00,,109,,late,15,,,,35.9,0.00,24.8,10260.0,dry and calm
3924,2026-10-08,HYD,6E 121,6E,IndiGo,GOI,Vasco da Gama,f,VT-ICG,Airbus A321 NEO,,2026-10-08 15:35:00,2026-10-08 16:03:00,2026-10-08 16:45:00,,28,,on time,15,,,,31.4,0.00,24.8,18660.0,dry and calm
3925,2026-10-08,HYD,6E 6540,6E,IndiGo,TIR,Tirumala - Tirupati,f,VT-IOV,Airbus A320 NEO,,2026-10-08 15:35:00,2026-10-08 15:40:00,2026-10-08 16:35:00,,5,,on time,15,,,,31.4,0.00,24.8,18660.0,dry and calm
3926,2026-10-08,BLR,6E 516,6E,IndiGo,IXU,Aurangabad,f,VT-IOR,Airbus A320 NEO,1,2026-10-08 15:40:00,2026-10-08 16:04:00,2026-10-08 17:20:00,,24,,on time,15,,,,29.3,0.10,22.7,10000.0,light rain
3927,2026-10-08,BLR,6E 807,6E,IndiGo,BDQ,Vadodara,f,VT-NOV,Airbus A320,1,2026-10-08 15:40:00,2026-10-08 16:06:00,2026-10-08 17:50:00,,26,,on time,15,,,,29.3,0.10,22.7,10000.0,light rain
3928,2026-10-08,HYD,6E 1315,6E,IndiGo,DOH,Doha,t,VT-IPE,Airbus A320 NEO,,2026-10-08 15:40:00,2026-10-08 15:52:00,2026-10-08 17:30:00,2026-10-08 17:15:00,12,-15,on time,15,,,,31.4,0.00,24.8,18660.0,dry and calm
3929,2026-10-08,BLR,6E 860,6E,IndiGo,DEL,New Delhi,f,VT-NCN,Airbus A321 NEO,1,2026-10-08 15:45:00,,2026-10-08 19:05:00,,,,no actual time,15,6E 5184,BOM,-21,29.3,0.10,22.7,10000.0,light rain
3930,2026-10-08,BOM,6E 240,6E,IndiGo,CJB,Coimbatore,f,,Airbus A320,2,2026-10-08 15:45:00,2026-10-08 16:18:00,2026-10-08 17:40:00,,33,,late,15,,,,35.9,0.00,24.8,10260.0,dry and calm
3931,2026-10-08,BOM,6E 5154,6E,IndiGo,UDR,Udaipur,f,VT-IBI,Airbus A320,1,2026-10-08 15:45:00,2026-10-08 16:06:00,2026-10-08 17:10:00,,21,,on time,15,,,,35.9,0.00,24.8,10260.0,dry and calm
3932,2026-10-08,BLR,6E 2138,6E,IndiGo,COK,Kochi,f,VT-IPQ,Airbus A320 NEO,1,2026-10-08 15:50:00,2026-10-08 16:08:00,2026-10-08 16:50:00,,18,,on time,15,,,,29.3,0.10,22.7,10000.0,light rain
3933,2026-10-08,BOM,6E 5131,6E,IndiGo,BHO,Bhopal,f,VT-IMX,Airbus A321 NEO,1,2026-10-08 15:50:00,2026-10-08 16:29:00,2026-10-08 17:25:00,,39,,late,15,,,,35.9,0.00,24.8,10260.0,dry and calm
3934,2026-10-08,HYD,6E 7512,6E,IndiGo,IXG,Belgaum,f,VT-IYU,ATR 72,,2026-10-08 15:50:00,,2026-10-08 17:15:00,,,,no actual time,15,,,,31.4,0.00,24.8,18660.0,dry and calm
3935,2026-10-08,BLR,6E 469,6E,IndiGo,JAI,Jaipur,f,VT-IBC,Airbus A321 NEO,1,2026-10-08 16:00:00,2026-10-08 16:27:00,2026-10-08 18:20:00,,27,,on time,16,,,,29.0,0.00,21.2,14780.0,dry and calm
3936,2026-10-08,BLR,6E 5031,6E,IndiGo,BOM,Mumbai,f,VT-NHF,Airbus A321 NEO,1,2026-10-08 16:00:00,2026-10-08 16:31:00,2026-10-08 17:45:00,,31,,late,16,,,,29.0,0.00,21.2,14780.0,dry and calm
3937,2026-10-08,BLR,6E 7142,6E,IndiGo,PNY,Puducherry,f,VT-IYO,ATR 72,1,2026-10-08 16:00:00,2026-10-08 16:20:00,2026-10-08 17:10:00,,20,,on time,16,,,,29.0,0.00,21.2,14780.0,dry and calm
3938,2026-10-08,BLR,SG 573,SG,SpiceJet,CCU,Kolkata,f,,,1,2026-10-08 16:00:00,,,,,,no actual time,16,,,,29.0,0.00,21.2,14780.0,dry and calm
3939,2026-10-08,BOM,6E 313,6E,IndiGo,DEL,New Delhi,f,VT-NHE,Airbus A320,2,2026-10-08 16:00:00,2026-10-08 17:03:00,2026-10-08 18:46:00,,63,,late,16,,,,34.7,0.00,30.6,15740.0,dry and calm
3940,2026-10-08,BOM,AI 2730,AI,Air India,HSR,Rajkot,f,,Airbus A320 NEO,2,2026-10-08 16:00:00,2026-10-08 16:19:00,2026-10-08 17:20:00,,19,,on time,16,,,,34.7,0.00,30.6,15740.0,dry and calm
3941,2026-10-08,BOM,AI 4217,AI,Air India,DXB,Dubai,t,VT-ANY,Boeing 787-8,2,2026-10-08 16:00:00,2026-10-08 16:30:00,2026-10-08 17:25:00,2026-10-08 17:27:00,30,2,late,16,,,,34.7,0.00,30.6,15740.0,dry and calm
3942,2026-10-08,BOM,EK 507,EK,Emirates,DXB,Dubai,t,A6-ECK,Boeing 777-300,2,2026-10-08 16:00:00,2026-10-08 16:24:00,2026-10-08 17:35:00,2026-10-08 17:16:00,24,-19,on time,16,,,,34.7,0.00,30.6,15740.0,dry and calm
3943,2026-10-08,HYD,IX 1829,IX,Air India Express,TIR,Tirumala - Tirupati,f,VT-TNM,Airbus A320 NEO,,2026-10-08 16:00:00,2026-10-08 16:02:00,2026-10-08 17:20:00,,2,,on time,16,,,,30.7,0.00,22.7,18640.0,dry and calm
3944,2026-10-08,BLR,QP 1150,QP,Akasa Air,BOM,Mumbai,f,VT-YBB,Boeing 737 MAX 8,1,2026-10-08 16:05:00,,2026-10-08 17:55:00,,,,no actual time,16,,,,29.0,0.00,21.2,14780.0,dry and calm
3945,2026-10-08,BOM,6E 1311,6E,IndiGo,HKT,Phuket,t,VT-NCQ,Airbus A321 NEO,2,2026-10-08 16:05:00,2026-10-08 16:36:00,2026-10-08 21:55:00,,31,,late,16,,,,34.7,0.00,30.6,15740.0,dry and calm
3946,2026-10-08,HYD,6E 6234,6E,IndiGo,COK,Kochi,f,VT-NHR,Airbus A321 NEO,,2026-10-08 16:05:00,2026-10-08 16:10:00,2026-10-08 17:45:00,,5,,on time,16,,,,30.7,0.00,22.7,18640.0,dry and calm
3947,2026-10-08,BLR,IX 2052,IX,Air India Express,STV,Surat Gujarat,f,VT-AXJ,Boeing 737-800,2,2026-10-08 16:10:00,,2026-10-08 18:05:00,,,,no actual time,16,,,,29.0,0.00,21.2,14780.0,dry and calm
3948,2026-10-08,BOM,6E 6931,6E,IndiGo,CCJ,Calicut,f,VT-IBJ,Airbus A321 NEO,2,2026-10-08 16:10:00,2026-10-08 16:42:00,2026-10-08 18:05:00,,32,,late,16,,,,34.7,0.00,30.6,15740.0,dry and calm
3949,2026-10-08,BLR,IX 2608,IX,Air India Express,COK,Kochi,f,VT-BWN,Boeing 737 MAX 8,2,2026-10-08 16:15:00,2026-10-08 16:38:00,2026-10-08 17:30:00,,23,,on time,16,,,,29.0,0.00,21.2,14780.0,dry and calm
3950,2026-10-08,HYD,6E 501,6E,IndiGo,VNS,Varanasi,f,VT-IRZ,Airbus A321 NEO,,2026-10-08 16:15:00,2026-10-08 16:16:00,2026-10-08 18:10:00,,1,,on time,16,,,,30.7,0.00,22.7,18640.0,dry and calm
3951,2026-10-08,BLR,6E 451,6E,IndiGo,LKO,Lucknow,f,VT-IOQ,Airbus A320 NEO,1,2026-10-08 16:20:00,2026-10-08 16:34:00,2026-10-08 18:55:00,2026-10-08 18:43:00,14,-12,on time,16,,,,29.0,0.00,21.2,14780.0,dry and calm
3952,2026-10-08,BLR,6E 851,6E,IndiGo,IXC,Chandigarh,f,VT-IOX,Airbus A320,1,2026-10-08 16:20:00,2026-10-08 17:12:00,2026-10-08 19:20:00,,52,,late,16,,,,29.0,0.00,21.2,14780.0,dry and calm
3953,2026-10-08,BLR,6E 6774,6E,IndiGo,GAU,Guwahati,f,VT-ILS,Airbus A321 NEO,1,2026-10-08 16:25:00,2026-10-08 17:29:00,2026-10-08 19:30:00,,64,,late,16,6E 6405,HYD,3,29.0,0.00,21.2,14780.0,dry and calm
3954,2026-10-08,BOM,IX 1242,IX,Air India Express,GOI,Vasco da Gama,f,VT-BWX,Boeing 737,2,2026-10-08 16:25:00,2026-10-08 17:29:00,2026-10-08 17:50:00,,64,,late,16,,,,34.7,0.00,30.6,15740.0,dry and calm
3955,2026-10-08,HYD,6E 6372,6E,IndiGo,DEL,New Delhi,f,,Airbus A320,,2026-10-08 16:25:00,,2026-10-08 19:18:00,,,,no actual time,16,,,,30.7,0.00,22.7,18640.0,dry and calm
3956,2026-10-08,BLR,6E 6067,6E,IndiGo,HYD,Hyderabad,f,VT-ICN,Airbus A321 NEO,1,2026-10-08 16:30:00,,2026-10-08 17:45:00,2026-10-08 18:03:00,,18,no actual time,16,,,,29.0,0.00,21.2,14780.0,dry and calm
3957,2026-10-08,BLR,AI 2418,AI,Air India,DEL,New Delhi,f,VT-ATV,Airbus A320 NEO,2,2026-10-08 16:30:00,2026-10-08 16:17:00,2026-10-08 19:34:00,,-13,,on time,16,AI 2863,BOM,,29.0,0.00,21.2,14780.0,dry and calm
3958,2026-10-08,HYD,6E 314,6E,IndiGo,BLR,Bangalore,f,VT-IMB,Airbus A321 NEO,,2026-10-08 16:30:00,2026-10-08 16:43:00,2026-10-08 17:50:00,2026-10-08 17:29:00,13,-21,on time,16,,,,30.7,0.00,22.7,18640.0,dry and calm
3959,2026-10-08,BLR,IX 2945,IX,Air India Express,GAU,Guwahati,f,VT-TYE,Airbus A320 NEO,2,2026-10-08 16:35:00,2026-10-08 16:40:00,2026-10-08 19:45:00,,5,,on time,16,,,,29.0,0.00,21.2,14780.0,dry and calm
3960,2026-10-08,HYD,XY 366,XY,flynas,RUH,Riyadh,t,HZ-NS27,Airbus A320 NEO,,2026-10-08 16:35:00,2026-10-08 16:59:00,2026-10-08 18:55:00,,24,,on time,16,,,,30.7,0.00,22.7,18640.0,dry and calm
3961,2026-10-08,BLR,6E 309,6E,IndiGo,GOX,Mopa,f,VT-IQY,Airbus A320 NEO,1,2026-10-08 16:40:00,2026-10-08 16:49:00,2026-10-08 17:55:00,,9,,on time,16,,,,29.0,0.00,21.2,14780.0,dry and calm
3962,2026-10-08,BLR,IX 2924,IX,Air India Express,IXE,Mangalore,f,VT-BXS,Boeing 737 MAX 8,2,2026-10-08 16:40:00,,2026-10-08 17:45:00,,,,no actual time,16,,,,29.0,0.00,21.2,14780.0,dry and calm
3963,2026-10-08,BOM,6E 5241,6E,IndiGo,GOI,Vasco da Gama,f,VT-ISS,Airbus A320,1,2026-10-08 16:40:00,2026-10-08 16:49:00,2026-10-08 18:05:00,,9,,on time,16,,,,34.7,0.00,30.6,15740.0,dry and calm
3964,2026-10-08,HYD,6E 2101,6E,IndiGo,CNN,Kannur,f,VT-IQS,Airbus A320 NEO,,2026-10-08 16:40:00,2026-10-08 16:53:00,2026-10-08 18:30:00,,13,,on time,16,,,,30.7,0.00,22.7,18640.0,dry and calm
3965,2026-10-08,BLR,6E 6451,6E,IndiGo,PAT,Patna,f,VT-ION,Airbus A320 NEO,1,2026-10-08 16:45:00,2026-10-08 17:01:00,2026-10-08 19:15:00,,16,,on time,16,,,,29.0,0.00,21.2,14780.0,dry and calm
3966,2026-10-08,BLR,IX 1527,IX,Air India Express,DED,Dehradun,f,VT-BWS,Boeing 737 MAX 8,2,2026-10-08 16:45:00,,2026-10-08 19:50:00,,,,no actual time,16,,,,29.0,0.00,21.2,14780.0,dry and calm
3967,2026-10-08,BOM,6E 5228,6E,IndiGo,HYD,Hyderabad,f,,Airbus A320,1,2026-10-08 16:45:00,2026-10-08 17:44:00,2026-10-08 18:20:00,2026-10-08 18:43:00,59,23,late,16,,,,34.7,0.00,30.6,15740.0,dry and calm
3968,2026-10-08,BOM,6E 6082,6E,IndiGo,DEL,New Delhi,f,,Airbus A320,2,2026-10-08 16:45:00,2026-10-08 17:56:00,2026-10-08 19:33:00,,71,,late,16,,,,34.7,0.00,30.6,15740.0,dry and calm
3969,2026-10-08,BOM,IX 1671,IX,Air India Express,DEL,New Delhi,f,VT-BWA,Boeing 737,2,2026-10-08 16:45:00,2026-10-08 17:12:00,2026-10-08 19:04:00,,27,,on time,16,,,,34.7,0.00,30.6,15740.0,dry and calm
3970,2026-10-08,BLR,6E 239,6E,IndiGo,AMD,Ahmedabad,f,VT-NHQ,Airbus A321 NEO,1,2026-10-08 16:50:00,2026-10-08 17:23:00,2026-10-08 19:00:00,,33,,late,16,,,,29.0,0.00,21.2,14780.0,dry and calm
3971,2026-10-08,BLR,IX 2023,IX,Air India Express,VTZ,Visakhapatnam,f,VT-BWV,Boeing 737 MAX 8,2,2026-10-08 16:50:00,2026-10-08 17:44:00,2026-10-08 18:30:00,2026-10-08 19:11:00,54,41,late,16,,,,29.0,0.00,21.2,14780.0,dry and calm
3972,2026-10-08,BOM,6E 463,6E,IndiGo,BBI,Bhubaneswar,f,VT-IPS,Airbus A320 NEO,2,2026-10-08 16:50:00,2026-10-08 17:15:00,2026-10-08 19:25:00,,25,,on time,16,,,,34.7,0.00,30.6,15740.0,dry and calm
3973,2026-10-08,BOM,6E 6599,6E,IndiGo,IDR,Indore,f,VT-ICW,Airbus A320,2,2026-10-08 16:50:00,2026-10-08 17:42:00,2026-10-08 18:15:00,,52,,late,16,,,,34.7,0.00,30.6,15740.0,dry and calm
3974,2026-10-08,HYD,IX 1345,IX,Air India Express,BLR,Bangalore,f,VT-BWL,Boeing 737 MAX 8,,2026-10-08 16:50:00,2026-10-08 17:12:00,2026-10-08 18:20:00,2026-10-08 18:02:00,22,-18,on time,16,IX 2051,BLR,0,30.7,0.00,22.7,18640.0,dry and calm
3975,2026-10-08,HYD,ET 3695,ET,Ethiopian Airlines,ADD,Addis Ababa,t,N315SL,,,2026-10-08 16:51:00,2026-10-08 16:51:00,,,0,,on time,16,,,,30.7,0.00,22.7,18640.0,dry and calm
3976,2026-10-08,BLR,EY 237,EY,Etihad,AUH,Abu Dhabi,t,A6-EIT,Airbus A320 (Sharklets),2,2026-10-08 16:55:00,2026-10-08 16:57:00,2026-10-08 19:10:00,,2,,on time,16,,,,29.0,0.00,21.2,14780.0,dry and calm
3977,2026-10-08,BLR,IX 1504,IX,Air India Express,PAT,Patna,f,,,2,2026-10-08 16:55:00,,,,,,no actual time,16,,,,29.0,0.00,21.2,14780.0,dry and calm
3978,2026-10-08,BLR,QP 1503,QP,Akasa Air,BBI,Bhubaneswar,f,VT-YBP,Boeing 737 MAX 8,1,2026-10-08 16:55:00,,2026-10-08 19:10:00,,,,no actual time,16,,,,29.0,0.00,21.2,14780.0,dry and calm
3979,2026-10-08,BOM,6E 6802,6E,IndiGo,NAG,Naqpur,f,,Airbus A320 NEO,2,2026-10-08 16:55:00,2026-10-08 17:22:00,2026-10-08 18:30:00,,27,,on time,16,,,,34.7,0.00,30.6,15740.0,dry and calm
3980,2026-10-08,BOM,AI 621,AI,Air India,JAI,Jaipur,f,,Airbus A320 NEO,2,2026-10-08 16:55:00,2026-10-08 17:33:00,2026-10-08 18:50:00,,38,,late,16,,,,34.7,0.00,30.6,15740.0,dry and calm
3981,2026-10-08,BOM,AI 681,AI,Air India,COK,Kochi,f,VT-TQF,Airbus A319,2,2026-10-08 16:55:00,2026-10-08 17:18:00,2026-10-08 18:55:00,,23,,on time,16,,,,34.7,0.00,30.6,15740.0,dry and calm
3982,2026-10-08,BOM,EY 203,EY,Etihad,AUH,Abu Dhabi,t,A6-LRK,Airbus A320,2,2026-10-08 16:55:00,2026-10-08 17:07:00,2026-10-08 18:30:00,,12,,on time,16,,,,34.7,0.00,30.6,15740.0,dry and calm
3983,2026-10-08,BOM,QP 1825,QP,Akasa Air,DEL,New Delhi,f,,Boeing 737,2,2026-10-08 16:55:00,2026-10-08 18:04:00,2026-10-08 19:52:00,,69,,late,16,,,,34.7,0.00,30.6,15740.0,dry and calm
3984,2026-10-08,BLR,6E 109,6E,IndiGo,IXE,Mangalore,f,VT-IPP,Airbus A320 NEO,1,2026-10-08 17:00:00,2026-10-08 17:36:00,2026-10-08 18:00:00,,36,,late,17,,,,27.7,0.00,17.6,16100.0,dry and calm
3985,2026-10-08,BLR,6E 6039,6E,IndiGo,DEL,New Delhi,f,VT-NHL,Airbus A321 NEO,1,2026-10-08 17:00:00,2026-10-08 18:13:00,2026-10-08 20:35:00,,73,,late,17,,,,27.7,0.00,17.6,16100.0,dry and calm
3986,2026-10-08,BLR,QP 1579,QP,Akasa Air,COK,Kochi,f,VT-YBG,Boeing 737 MAX 8,1,2026-10-08 17:00:00,,2026-10-08 18:10:00,,,,no actual time,17,,,,27.7,0.00,17.6,16100.0,dry and calm
3987,2026-10-08,BOM,6E 5221,6E,IndiGo,BLR,Bangalore,f,VT-NOO,Airbus A320,1,2026-10-08 17:00:00,2026-10-08 17:10:00,2026-10-08 18:55:00,2026-10-08 18:26:00,10,-29,on time,17,6E 5099,HYD,,33.4,0.00,30.6,15720.0,dry and calm
3988,2026-10-08,BOM,QP 1429,QP,Akasa Air,VNS,Varanasi,f,,Boeing 737,2,2026-10-08 17:00:00,2026-10-08 17:40:00,2026-10-08 19:20:00,,40,,late,17,,,,33.4,0.00,30.6,15720.0,dry and calm
3989,2026-10-08,BLR,6E 223,6E,IndiGo,CCU,Kolkata,f,VT-ITR,Airbus A320 (Sharklets),1,2026-10-08 17:05:00,2026-10-08 17:31:00,2026-10-08 19:55:00,2026-10-08 19:37:00,26,-18,on time,17,,,,27.7,0.00,17.6,16100.0,dry and calm
3990,2026-10-08,BLR,IX 1538,IX,Air India Express,GOI,Vasco da Gama,f,VT-BWJ,Boeing 737 MAX 8,2,2026-10-08 17:05:00,2026-10-08 17:26:00,2026-10-08 18:30:00,,21,,on time,17,,,,27.7,0.00,17.6,16100.0,dry and calm
3991,2026-10-08,BOM,AI 2481,AI,Air India,CCU,Kolkata,f,VT-TQM,Airbus A320 NEO,2,2026-10-08 17:05:00,2026-10-08 17:36:00,2026-10-08 19:55:00,2026-10-08 19:53:00,31,-2,late,17,,,,33.4,0.00,30.6,15720.0,dry and calm
3992,2026-10-08,BLR,6E 7231,6E,IndiGo,RJA,Rajahmundry,f,VT-IYS,ATR 72,1,2026-10-08 17:10:00,2026-10-08 17:38:00,2026-10-08 19:15:00,,28,,on time,17,,,,27.7,0.00,17.6,16100.0,dry and calm
3993,2026-10-08,BLR,IX 2506,IX,Air India Express,HYD,Hyderabad,f,VT-BXQ,Boeing 737 MAX 8,2,2026-10-08 17:10:00,,2026-10-08 18:40:00,,,,no actual time,17,,,,27.7,0.00,17.6,16100.0,dry and calm
3994,2026-10-08,BOM,6E 437,6E,IndiGo,COK,Kochi,f,VT-IRV,Airbus A320,2,2026-10-08 17:10:00,2026-10-08 17:37:00,2026-10-08 19:10:00,,27,,on time,17,,,,33.4,0.00,30.6,15720.0,dry and calm
3995,2026-10-08,HYD,6E 67,6E,IndiGo,JED,Jeddah,t,VT-IPK,Airbus A320,,2026-10-08 17:10:00,2026-10-08 17:34:00,2026-10-08 20:25:00,,24,,on time,17,,,,29.6,0.00,19.8,16780.0,dry and calm
3996,2026-10-08,BLR,6E 356,6E,IndiGo,MAA,Chennai,f,VT-ICY,Airbus A321 NEO,1,2026-10-08 17:15:00,2026-10-08 17:41:00,2026-10-08 18:10:00,,26,,on time,17,,,,27.7,0.00,17.6,16100.0,dry and calm
3997,2026-10-08,BLR,6E 6465,6E,IndiGo,BHO,Bhopal,f,VT-ILL,Airbus A321 NEO,1,2026-10-08 17:15:00,2026-10-08 17:33:00,2026-10-08 19:25:00,,18,,on time,17,,,,27.7,0.00,17.6,16100.0,dry and calm
3998,2026-10-08,BOM,6E 843,6E,IndiGo,GAU,Guwahati,f,VT-NHJ,Airbus A321 NEO,2,2026-10-08 17:15:00,2026-10-08 18:13:00,2026-10-08 20:25:00,,58,,late,17,,,,33.4,0.00,30.6,15720.0,dry and calm
3999,2026-10-08,HYD,6E 208,6E,IndiGo,VTZ,Visakhapatnam,f,VT-IIH,Airbus A320 NEO,,2026-10-08 17:15:00,2026-10-08 17:58:00,2026-10-08 18:40:00,2026-10-08 18:55:00,43,15,late,17,,,,29.6,0.00,19.8,16780.0,dry and calm
4000,2026-10-08,BOM,6E 1455,6E,IndiGo,DXB,Dubai,t,VT-NHC,Airbus A320,2,2026-10-08 17:20:00,2026-10-08 17:48:00,2026-10-08 18:45:00,2026-10-08 18:46:00,28,1,on time,17,,,,33.4,0.00,30.6,15720.0,dry and calm
4001,2026-10-08,BOM,6E 315,6E,IndiGo,DEL,New Delhi,f,VT-NOE,Airbus A320,2,2026-10-08 17:20:00,2026-10-08 18:36:00,2026-10-08 20:15:00,,76,,late,17,,,,33.4,0.00,30.6,15720.0,dry and calm
4002,2026-10-08,BOM,QP 552,QP,Akasa Air,JED,Jeddah,t,,Boeing 737,2,2026-10-08 17:20:00,2026-10-08 17:55:00,2026-10-08 20:45:00,,35,,late,17,,,,33.4,0.00,30.6,15720.0,dry and calm
4003,2026-10-08,HYD,6E 5259,6E,IndiGo,BOM,Mumbai,f,VT-NCZ,Airbus A321 NEO,,2026-10-08 17:20:00,2026-10-08 18:11:00,2026-10-08 18:50:00,,51,,late,17,6E 5386,BOM,9,29.6,0.00,19.8,16780.0,dry and calm
4004,2026-10-08,BLR,6E 5255,6E,IndiGo,BOM,Mumbai,f,VT-NOA,Airbus A321 NEO,1,2026-10-08 17:25:00,2026-10-08 17:42:00,2026-10-08 19:05:00,,17,,on time,17,6E 5382,BOM,-11,27.7,0.00,17.6,16100.0,dry and calm
4005,2026-10-08,BLR,AI 2820,AI,Air India,DEL,New Delhi,f,VT-TQB,Airbus A320 NEO,2,2026-10-08 17:25:00,,2026-10-08 20:26:00,,,,no actual time,17,,,,27.7,0.00,17.6,16100.0,dry and calm
4006,2026-10-08,BLR,IX 2913,IX,Air India Express,PNQ,Pune,f,VT-ATH,Airbus A320 NEO,2,2026-10-08 17:25:00,2026-10-08 17:34:00,2026-10-08 19:00:00,2026-10-08 18:45:00,9,-15,on time,17,,,,27.7,0.00,17.6,16100.0,dry and calm
4007,2026-10-08,BOM,6E 5048,6E,IndiGo,MAA,Chennai,f,,Airbus A320,1,2026-10-08 17:25:00,2026-10-08 18:45:00,2026-10-08 19:35:00,,80,,late,17,,,,33.4,0.00,30.6,15720.0,dry and calm
4008,2026-10-08,BOM,QP 1183,QP,Akasa Air,CCU,Kolkata,f,,Boeing 737,2,2026-10-08 17:25:00,2026-10-08 18:26:00,2026-10-08 20:10:00,,61,,late,17,,,,33.4,0.00,30.6,15720.0,dry and calm
4009,2026-10-08,HYD,AI 2447,AI,Air India,BOM,Mumbai,f,VT-TQA,Airbus A320 NEO,,2026-10-08 17:25:00,2026-10-08 17:41:00,2026-10-08 19:25:00,,16,,on time,17,AI 2531,BOM,-10,29.6,0.00,19.8,16780.0,dry and calm
4010,2026-10-08,BLR,6E 978,6E,IndiGo,RPR,Raipur,f,VT-IIZ,Airbus A320 NEO,1,2026-10-08 17:30:00,,2026-10-08 19:20:00,,,,no actual time,17,,,,27.7,0.00,17.6,16100.0,dry and calm
4011,2026-10-08,BLR,RA 226,RA,Nepal,KTM,Kathmandu,t,9N-AKW,Airbus A320,2,2026-10-08 17:30:00,2026-10-08 19:03:00,2026-10-08 20:45:00,,93,,late,17,,,,27.7,0.00,17.6,16100.0,dry and calm
4012,2026-10-08,BOM,AI 2849,AI,Air India,BLR,Bangalore,f,VT-TQD,Airbus A320 NEO,2,2026-10-08 17:30:00,2026-10-08 17:58:00,2026-10-08 19:35:00,2026-10-08 19:16:00,28,-19,on time,17,AI 2445,HYD,,33.4,0.00,30.6,15720.0,dry and calm
4013,2026-10-08,BOM,AI 2910,AI,Air India,DEL,New Delhi,f,,Airbus A321,2,2026-10-08 17:30:00,2026-10-08 18:34:00,2026-10-08 20:13:00,,64,,late,17,,,,33.4,0.00,30.6,15720.0,dry and calm
4014,2026-10-08,BOM,IX 1164,IX,Air India Express,BBI,Bhubaneswar,f,VT-BWR,Boeing 737,2,2026-10-08 17:30:00,2026-10-08 18:37:00,2026-10-08 20:00:00,,67,,late,17,,,,33.4,0.00,30.6,15720.0,dry and calm
4015,2026-10-08,HYD,AI 2890,AI,Air India,DEL,New Delhi,f,VT-TNJ,Airbus A320 NEO,,2026-10-08 17:30:00,2026-10-08 17:38:00,2026-10-08 19:24:00,,8,,on time,17,,,,29.6,0.00,19.8,16780.0,dry and calm
4016,2026-10-08,HYD,QP 1407,QP,Akasa Air,DEL,New Delhi,f,,Boeing 737,,2026-10-08 17:30:00,,2026-10-08 20:01:00,,,,no actual time,17,,,,29.6,0.00,19.8,16780.0,dry and calm
4017,2026-10-08,BLR,IX 1040,IX,Air India Express,DEL,New Delhi,f,,Boeing 737,2,2026-10-08 17:35:00,,,,,,no actual time,17,,,,27.7,0.00,17.6,16100.0,dry and calm
4018,2026-10-08,BOM,6E 6027,6E,IndiGo,UDR,Udaipur,f,VT-IOF,Airbus A320,2,2026-10-08 17:35:00,2026-10-08 18:07:00,2026-10-08 19:00:00,,32,,late,17,,,,33.4,0.00,30.6,15720.0,dry and calm
4019,2026-10-08,BOM,AI 2655,AI,Air India,TRV,Trivandrum,f,VT-CID,Airbus A320 NEO,2,2026-10-08 17:35:00,2026-10-08 17:51:00,2026-10-08 19:45:00,2026-10-08 19:44:00,16,-1,on time,17,,,,33.4,0.00,30.6,15720.0,dry and calm
4020,2026-10-08,BOM,AI 2749,AI,Air India,IDR,Indore,f,,Airbus A319,2,2026-10-08 17:35:00,2026-10-08 18:09:00,2026-10-08 19:10:00,,34,,late,17,,,,33.4,0.00,30.6,15720.0,dry and calm
4021,2026-10-08,HYD,6E 567,6E,IndiGo,GAU,Guwahati,f,VT-IIK,Airbus A320 NEO,,2026-10-08 17:35:00,2026-10-08 17:52:00,2026-10-08 20:15:00,,17,,on time,17,,,,29.6,0.00,19.8,16780.0,dry and calm
4022,2026-10-08,HYD,6E 7546,6E,IndiGo,RJA,Rajahmundry,f,VT-IRM,ATR 72,,2026-10-08 17:35:00,2026-10-08 17:54:00,2026-10-08 18:45:00,,19,,on time,17,,,,29.6,0.00,19.8,16780.0,dry and calm
4023,2026-10-08,BLR,6E 6168,6E,IndiGo,GOI,Vasco da Gama,f,VT-NHW,Airbus A321 NEO,1,2026-10-08 17:40:00,2026-10-08 18:01:00,2026-10-08 18:55:00,,21,,on time,17,,,,27.7,0.00,17.6,16100.0,dry and calm
4024,2026-10-08,HYD,6E 57,6E,IndiGo,MED,Medina,t,VT-IOM,Airbus A320 NEO,,2026-10-08 17:40:00,2026-10-08 18:02:00,2026-10-08 20:50:00,,22,,on time,17,,,,29.6,0.00,19.8,16780.0,dry and calm
4025,2026-10-08,BLR,6E 221,6E,IndiGo,IXR,Ranchi,f,VT-IAO,Airbus A320 (Sharklets),1,2026-10-08 17:45:00,2026-10-08 18:00:00,2026-10-08 20:10:00,,15,,on time,17,,,,27.7,0.00,17.6,16100.0,dry and calm
4026,2026-10-08,BLR,QP 1986,QP,Akasa Air,BOM,Mumbai,f,VT-YBF,Boeing 737 MAX 8,1,2026-10-08 17:45:00,,2026-10-08 19:40:00,,,,no actual time,17,,,,27.7,0.00,17.6,16100.0,dry and calm
4027,2026-10-08,BOM,6E 272,6E,IndiGo,VNS,Varanasi,f,VT-ICR,Airbus A320,2,2026-10-08 17:45:00,2026-10-08 18:20:00,2026-10-08 20:00:00,,35,,late,17,,,,33.4,0.00,30.6,15720.0,dry and calm
4028,2026-10-08,BOM,AI 2251,AI,Air India,JED,Jeddah,t,VT-TNQ,Airbus A320 NEO,2,2026-10-08 17:45:00,2026-10-09 14:14:00,2026-10-08 20:40:00,,1229,,late,17,,,,33.4,0.00,30.6,15720.0,dry and calm
4029,2026-10-08,HYD,6E 6417,6E,IndiGo,BLR,Bangalore,f,VT-ITS,Airbus A321 (Sharklets),,2026-10-08 17:45:00,2026-10-08 18:05:00,2026-10-08 19:05:00,2026-10-08 18:51:00,20,-14,on time,17,,,,29.6,0.00,19.8,16780.0,dry and calm
4030,2026-10-08,HYD,6E 710,6E,IndiGo,DEL,New Delhi,f,VT-IWV,Airbus A321 NEO,,2026-10-08 17:45:00,2026-10-08 17:29:00,2026-10-08 20:48:00,,-16,,on time,17,,,,29.6,0.00,19.8,16780.0,dry and calm
4031,2026-10-08,BLR,S5 117,S5,Star Air,GBI,Kalaburagi,f,VT-GSU,Embraer 175,2,2026-10-08 17:50:00,,,,,,no actual time,17,,,,27.7,0.00,17.6,16100.0,dry and calm
4032,2026-10-08,BOM,6E 2100,6E,IndiGo,HSR,Rajkot,f,VT-ILP,Airbus A320,2,2026-10-08 17:50:00,2026-10-08 18:42:00,2026-10-08 19:05:00,,52,,late,17,,,,33.4,0.00,30.6,15720.0,dry and calm
4033,2026-10-08,HYD,6E 6823,6E,IndiGo,HSR,Rajkot,f,VT-NOL,Airbus A321 NEO,,2026-10-08 17:50:00,2026-10-08 18:23:00,2026-10-08 19:40:00,,33,,late,17,,,,29.6,0.00,19.8,16780.0,dry and calm
4034,2026-10-08,HYD,9I 867,9I,Alliance Air,PNQ,Pune,f,VT-RKJ,ATR 72,,2026-10-08 17:50:00,2026-10-08 18:09:00,2026-10-08 19:30:00,,19,,on time,17,,,,29.6,0.00,19.8,16780.0,dry and calm
4035,2026-10-08,BLR,6E 747,6E,IndiGo,IDR,Indore,f,VT-IPC,Airbus A320 NEO,1,2026-10-08 17:55:00,2026-10-08 18:16:00,2026-10-08 19:50:00,,21,,on time,17,,,,27.7,0.00,17.6,16100.0,dry and calm
4036,2026-10-08,HYD,6E 283,6E,IndiGo,CCU,Kolkata,f,VT-IBO,Airbus A321 NEO,,2026-10-08 17:55:00,2026-10-08 18:26:00,2026-10-08 20:05:00,2026-10-08 20:05:00,31,0,late,17,,,,29.6,0.00,19.8,16780.0,dry and calm
4037,2026-10-08,HYD,6E 598,6E,IndiGo,MAA,Chennai,f,,Airbus A320,,2026-10-08 17:55:00,,2026-10-08 19:10:00,,,,no actual time,17,,,,29.6,0.00,19.8,16780.0,dry and calm
4038,2026-10-08,BLR,6E 144,6E,IndiGo,COK,Kochi,f,VT-ILZ,Airbus A321 NEO,1,2026-10-08 18:00:00,,2026-10-08 19:05:00,,,,no actual time,18,,,,26.1,0.00,16.2,22180.0,dry and calm
4039,2026-10-08,BLR,6E 738,6E,IndiGo,VNS,Varanasi,f,VT-ILV,Airbus A321 NEO,1,2026-10-08 18:00:00,2026-10-08 18:35:00,2026-10-08 20:25:00,,35,,late,18,,,,26.1,0.00,16.2,22180.0,dry and calm
4040,2026-10-08,BLR,IX 2053,IX,Air India Express,IXR,Ranchi,f,VT-VTZ,Airbus A320,2,2026-10-08 18:00:00,2026-10-08 18:20:00,2026-10-08 20:25:00,,20,,on time,18,,,,26.1,0.00,16.2,22180.0,dry and calm
4041,2026-10-08,BOM,6E 5086,6E,IndiGo,CCU,Kolkata,f,VT-NCB,Airbus A320,1,2026-10-08 18:00:00,2026-10-08 18:22:00,2026-10-08 20:50:00,2026-10-08 20:33:00,22,-17,on time,18,,,,32.3,0.00,28.4,15700.0,dry and calm
4042,2026-10-08,BOM,AI 2440,AI,Air India,DEL,New Delhi,f,,Airbus A320 NEO,2,2026-10-08 18:00:00,2026-10-08 18:29:00,2026-10-08 20:10:00,,29,,on time,18,,,,32.3,0.00,28.4,15700.0,dry and calm
4043,2026-10-08,BOM,AI 2619,AI,Air India,HYD,Hyderabad,f,VT-TNP,Airbus A320 NEO,2,2026-10-08 18:00:00,2026-10-08 18:25:00,2026-10-08 19:35:00,2026-10-08 19:30:00,25,-5,on time,18,,,,32.3,0.00,28.4,15700.0,dry and calm
4044,2026-10-08,BLR,AI 2854,AI,Air India,BOM,Mumbai,f,VT-TVA,Airbus A321 NEO,2,2026-10-08 18:05:00,2026-10-08 18:17:00,2026-10-08 20:05:00,,12,,on time,18,,,,26.1,0.00,16.2,22180.0,dry and calm
4045,2026-10-08,BOM,6E 5082,6E,IndiGo,HBX,Hubli,f,VT-IXK,Airbus A320,1,2026-10-08 18:05:00,2026-10-08 18:15:00,2026-10-08 19:25:00,,10,,on time,18,,,,32.3,0.00,28.4,15700.0,dry and calm
4046,2026-10-08,HYD,6E 6167,6E,IndiGo,LKO,Lucknow,f,VT-ICC,Airbus A321 NEO,,2026-10-08 18:05:00,2026-10-08 18:20:00,2026-10-08 20:05:00,2026-10-08 19:52:00,15,-13,on time,18,,,,28.6,0.00,17.6,16700.0,dry and calm
4047,2026-10-08,HYD,6E 6533,6E,IndiGo,TIR,Tirumala - Tirupati,f,VT-IQJ,Airbus A320 NEO,,2026-10-08 18:10:00,2026-10-08 18:45:00,2026-10-08 19:20:00,,35,,late,18,,,,28.6,0.00,17.6,16700.0,dry and calm
4048,2026-10-08,BLR,OG 117,OG,Ghodawat Enterprises,GBI,Kalaburagi,f,VT-GSU,Embraer 175,,2026-10-08 18:11:00,2026-10-08 18:11:00,,,0,,on time,18,,,,26.1,0.00,16.2,22180.0,dry and calm
4049,2026-10-08,BLR,3U 9640,3U,Sichuan,CTU,Chengdu,t,B-308P,Airbus A330-200,2,2026-10-08 18:15:00,2026-10-08 18:57:00,,,42,,late,18,,,,26.1,0.00,16.2,22180.0,dry and calm
4050,2026-10-08,BLR,6E 6017,6E,IndiGo,MAA,Chennai,f,VT-IBF,Airbus A321 NEO,1,2026-10-08 18:15:00,2026-10-08 18:55:00,2026-10-08 19:15:00,,40,,late,18,,,,26.1,0.00,16.2,22180.0,dry and calm
4051,2026-10-08,BLR,6E 6034,6E,IndiGo,DEL,New Delhi,f,VT-NCK,Airbus A321 NEO,1,2026-10-08 18:15:00,2026-10-08 19:14:00,2026-10-08 21:36:00,,59,,late,18,,,,26.1,0.00,16.2,22180.0,dry and calm
4052,2026-10-08,BOM,6E 5126,6E,IndiGo,IXM,Madurai,f,VT-IKS,Airbus A320,1,2026-10-08 18:15:00,2026-10-08 18:32:00,2026-10-08 20:20:00,,17,,on time,18,,,,32.3,0.00,28.4,15700.0,dry and calm
4053,2026-10-08,BOM,6E 6613,6E,IndiGo,DEL,New Delhi,f,,Airbus A320,2,2026-10-08 18:15:00,2026-10-08 18:39:00,2026-10-08 20:20:00,,24,,on time,18,,,,32.3,0.00,28.4,15700.0,dry and calm
4054,2026-10-08,HYD,6E 6308,6E,IndiGo,CJB,Coimbatore,f,VT-ICX,Airbus A321 NEO,,2026-10-08 18:15:00,2026-10-08 18:31:00,2026-10-08 19:35:00,,16,,on time,18,,,,28.6,0.00,17.6,16700.0,dry and calm
4055,2026-10-08,HYD,6E 6727,6E,IndiGo,AMD,Ahmedabad,f,VT-IVB,Airbus A320 NEO,,2026-10-08 18:15:00,2026-10-08 18:36:00,2026-10-08 20:05:00,,21,,on time,18,,,,28.6,0.00,17.6,16700.0,dry and calm
4056,2026-10-08,BLR,6E 6141,6E,IndiGo,JAI,Jaipur,f,VT-IWN,Airbus A321 NEO,1,2026-10-08 18:20:00,2026-10-08 18:42:00,2026-10-08 20:50:00,,22,,on time,18,,,,26.1,0.00,16.2,22180.0,dry and calm
4057,2026-10-08,BLR,AI 2802,AI,Air India,DEL,New Delhi,f,VT-TNR,Airbus A321 (Sharklets),2,2026-10-08 18:20:00,2026-10-08 19:08:00,2026-10-08 21:27:00,,48,,late,18,AI 2853,BOM,4,26.1,0.00,16.2,22180.0,dry and calm
4058,2026-10-08,BLR,IX 1365,IX,Air India Express,CCJ,Calicut,f,VT-BXR,Boeing 737,2,2026-10-08 18:20:00,,2026-10-08 19:20:00,,,,no actual time,18,,,,26.1,0.00,16.2,22180.0,dry and calm
4059,2026-10-08,HYD,6E 6329,6E,IndiGo,GOI,Vasco da Gama,f,VT-ICN,Airbus A321 NEO,,2026-10-08 18:20:00,2026-10-08 19:02:00,2026-10-08 19:35:00,,42,,late,18,6E 6067,BLR,18,28.6,0.00,17.6,16700.0,dry and calm
4060,2026-10-08,BOM,QP 1175,QP,Akasa Air,GOX,Mopa,f,,Boeing 737,2,2026-10-08 18:25:00,2026-10-08 18:46:00,2026-10-08 19:55:00,,21,,on time,18,,,,32.3,0.00,28.4,15700.0,dry and calm
4061,2026-10-08,HYD,6E 7543,6E,IndiGo,NAG,Naqpur,f,,ATR 72,,2026-10-08 18:25:00,,2026-10-08 19:55:00,,,,no actual time,18,,,,28.6,0.00,17.6,16700.0,dry and calm
4062,2026-10-08,HYD,AI 2880,AI,Air India,DEL,New Delhi,f,VT-TQO,Airbus A320 NEO,,2026-10-08 18:25:00,2026-10-08 18:40:00,2026-10-08 20:31:00,,15,,on time,18,,,,28.6,0.00,17.6,16700.0,dry and calm
4063,2026-10-08,BLR,6E 676,6E,IndiGo,CCU,Kolkata,f,VT-IQP,Airbus A320 NEO,1,2026-10-08 18:30:00,2026-10-08 18:53:00,2026-10-08 21:10:00,2026-10-08 20:55:00,23,-15,on time,18,,,,26.1,0.00,16.2,22180.0,dry and calm
4064,2026-10-08,BLR,6E 7162,6E,IndiGo,HBX,Hubli,f,VT-IYE,ATR 72,1,2026-10-08 18:30:00,2026-10-08 18:43:00,2026-10-08 19:55:00,,13,,on time,18,,,,26.1,0.00,16.2,22180.0,dry and calm
4065,2026-10-08,BOM,6E 5047,6E,IndiGo,BLR,Bangalore,f,VT-NHF,Airbus A320,1,2026-10-08 18:30:00,2026-10-08 19:07:00,2026-10-08 20:25:00,2026-10-08 20:18:00,37,-7,late,18,6E 5031,BLR,,32.3,0.00,28.4,15700.0,dry and calm
4066,2026-10-08,BOM,AI 2493,AI,Air India,AMD,Ahmedabad,f,,Airbus A321,2,2026-10-08 18:30:00,2026-10-08 19:14:00,2026-10-08 19:40:00,,44,,late,18,,,,32.3,0.00,28.4,15700.0,dry and calm
4067,2026-10-08,BOM,AI 2641,AI,Air India,BLR,Bangalore,f,VT-TQX,Airbus A320 NEO,2,2026-10-08 18:30:00,2026-10-08 19:13:00,2026-10-08 20:35:00,2026-10-08 20:30:00,43,-5,late,18,,,,32.3,0.00,28.4,15700.0,dry and calm
4068,2026-10-08,BOM,AI 2996,AI,Air India,DEL,New Delhi,f,VT-TVE,Airbus A320 NEO,2,2026-10-08 18:30:00,2026-10-08 19:05:00,2026-10-08 20:41:00,,35,,late,18,AI 2846,BLR,,32.3,0.00,28.4,15700.0,dry and calm
4069,2026-10-08,HYD,6E 7248,6E,IndiGo,RPR,Raipur,f,,ATR 72,,2026-10-08 18:30:00,,2026-10-08 20:20:00,,,,no actual time,18,,,,28.6,0.00,17.6,16700.0,dry and calm
4070,2026-10-08,BLR,6E 638,6E,IndiGo,HYD,Hyderabad,f,VT-IMB,Airbus A321 NEO,1,2026-10-08 18:35:00,2026-10-08 19:07:00,2026-10-08 19:45:00,2026-10-08 19:54:00,32,9,late,18,6E 314,HYD,-21,26.1,0.00,16.2,22180.0,dry and calm
4071,2026-10-08,BOM,6E 5147,6E,IndiGo,NAG,Naqpur,f,VT-IWR,Airbus A320,1,2026-10-08 18:35:00,2026-10-08 18:49:00,2026-10-08 20:10:00,,14,,on time,18,,,,32.3,0.00,28.4,15700.0,dry and calm
4072,2026-10-08,BOM,6E 5273,6E,IndiGo,IDR,Indore,f,,Airbus A320 NEO,1,2026-10-08 18:35:00,2026-10-08 19:09:00,2026-10-08 20:00:00,,34,,late,18,,,,32.3,0.00,28.4,15700.0,dry and calm
4073,2026-10-08,HYD,6E 186,6E,IndiGo,IXR,Ranchi,f,VT-IIE,Airbus A320 NEO,,2026-10-08 18:35:00,2026-10-08 18:49:00,2026-10-08 20:30:00,,14,,on time,18,,,,28.6,0.00,17.6,16700.0,dry and calm
4074,2026-10-08,HYD,6E 7103,6E,IndiGo,IXE,Mangalore,f,VT-IRG,ATR 72,,2026-10-08 18:35:00,,2026-10-08 20:20:00,,,,no actual time,18,,,,28.6,0.00,17.6,16700.0,dry and calm
4075,2026-10-08,BLR,IX 1543,IX,Air India Express,NAG,Naqpur,f,VT-BXA,Boeing 737 MAX 8,2,2026-10-08 18:40:00,2026-10-08 19:05:00,2026-10-08 20:30:00,,25,,on time,18,,,,26.1,0.00,16.2,22180.0,dry and calm
4076,2026-10-08,BOM,6E 2237,6E,IndiGo,AMD,Ahmedabad,f,VT-IBQ,Airbus A320,2,2026-10-08 18:40:00,2026-10-08 18:57:00,2026-10-08 20:00:00,,17,,on time,18,,,,32.3,0.00,28.4,15700.0,dry and calm
4077,2026-10-08,HYD,IX 2743,IX,Air India Express,VGA,Vidzhayavada,f,VT-RNT,Boeing 737 MAX 8,,2026-10-08 18:40:00,2026-10-08 18:59:00,2026-10-08 19:45:00,,19,,on time,18,,,,28.6,0.00,17.6,16700.0,dry and calm
4078,2026-10-08,BLR,6E 1183,6E,IndiGo,CMB,Colombo,t,VT-IML,Airbus A321 NEO,2,2026-10-08 18:45:00,2026-10-08 18:51:00,2026-10-08 20:15:00,,6,,on time,18,,,,26.1,0.00,16.2,22180.0,dry and calm
4079,2026-10-08,BLR,IX 1581,IX,Air India Express,NMI,Mumbai,f,VT-BWT,Boeing 737 MAX 8,2,2026-10-08 18:45:00,2026-10-08 19:12:00,2026-10-08 20:25:00,,27,,on time,18,,,,26.1,0.00,16.2,22180.0,dry and calm
4080,2026-10-08,BOM,6E 6549,6E,IndiGo,IXE,Mangalore,f,VT-ISR,Airbus A320 NEO,2,2026-10-08 18:45:00,2026-10-08 19:22:00,2026-10-08 20:20:00,,37,,late,18,,,,32.3,0.00,28.4,15700.0,dry and calm
4081,2026-10-08,BOM,6E 825,6E,IndiGo,PAT,Patna,f,VT-IPY,Airbus A320 NEO,2,2026-10-08 18:45:00,2026-10-08 19:20:00,2026-10-08 21:25:00,,35,,late,18,,,,32.3,0.00,28.4,15700.0,dry and calm
4082,2026-10-08,BOM,QP 1837,QP,Akasa Air,LKO,Lucknow,f,,Boeing 737,2,2026-10-08 18:45:00,2026-10-08 19:02:00,2026-10-08 21:05:00,,17,,on time,18,,,,32.3,0.00,28.4,15700.0,dry and calm
4083,2026-10-08,HYD,6E 6783,6E,IndiGo,BLR,Bangalore,f,VT-IQF,Airbus A320 NEO,,2026-10-08 18:45:00,2026-10-08 19:09:00,2026-10-08 20:05:00,2026-10-08 19:56:00,24,-9,on time,18,,,,28.6,0.00,17.6,16700.0,dry and calm
4084,2026-10-08,BLR,6E 105,6E,IndiGo,PNQ,Pune,f,VT-ILE,Airbus A321 NEO,1,2026-10-08 18:50:00,2026-10-08 19:10:00,2026-10-08 20:15:00,2026-10-08 20:21:00,20,6,on time,18,,,,26.1,0.00,16.2,22180.0,dry and calm
4085,2026-10-08,BLR,6E 6162,6E,IndiGo,IXE,Mangalore,f,VT-IQW,Airbus A320 NEO,1,2026-10-08 18:50:00,2026-10-08 19:00:00,2026-10-08 19:45:00,,10,,on time,18,,,,26.1,0.00,16.2,22180.0,dry and calm
4086,2026-10-08,BLR,IX 1494,IX,Air India Express,JAI,Jaipur,f,,,2,2026-10-08 18:55:00,,,,,,no actual time,18,,,,26.1,0.00,16.2,22180.0,dry and calm
4087,2026-10-08,BLR,IX 1871,IX,Air India Express,CCU,Kolkata,f,,,2,2026-10-08 18:55:00,,,,,,no actual time,18,,,,26.1,0.00,16.2,22180.0,dry and calm
4088,2026-10-08,BLR,6E 969,6E,IndiGo,VTZ,Visakhapatnam,f,VT-ISU,Airbus A320 NEO,1,2026-10-08 19:00:00,,2026-10-08 20:40:00,2026-10-08 20:32:00,,-8,no actual time,19,,,,25.5,0.00,19.1,22040.0,dry and calm
4089,2026-10-08,BLR,AI 2610,AI,Air India,BOM,Mumbai,f,VT-TQH,Airbus A320 NEO,2,2026-10-08 19:00:00,2026-10-08 19:21:00,2026-10-08 21:05:00,,21,,on time,19,,,,25.5,0.00,19.1,22040.0,dry and calm
4090,2026-10-08,BOM,6E 317,6E,IndiGo,DEL,New Delhi,f,,Airbus A320,2,2026-10-08 19:00:00,,2026-10-08 20:54:00,,,,no actual time,19,,,,31.6,0.00,23.4,14260.0,dry and calm
4091,2026-10-08,BOM,QP 1120,QP,Akasa Air,DEL,New Delhi,f,,Boeing 737,2,2026-10-08 19:00:00,2026-10-08 19:27:00,2026-10-08 21:08:00,,27,,on time,19,,,,31.6,0.00,23.4,14260.0,dry and calm
4092,2026-10-08,HYD,6E 5039,6E,IndiGo,BOM,Mumbai,f,,Airbus A320,,2026-10-08 19:00:00,2026-10-08 19:51:00,2026-10-08 20:30:00,,51,,late,19,,,,27.9,0.00,14.4,14560.0,dry and calm
4093,2026-10-08,HYD,6E 6486,6E,IndiGo,MAA,Chennai,f,VT-IMY,Airbus A321 NEO,,2026-10-08 19:00:00,2026-10-08 19:47:00,2026-10-08 20:20:00,,47,,late,19,,,,27.9,0.00,14.4,14560.0,dry and calm
4094,2026-10-08,BLR,6E 6283,6E,IndiGo,BOM,Mumbai,f,VT-NOT,Airbus A321 NEO,1,2026-10-08 19:05:00,2026-10-08 19:19:00,2026-10-08 20:40:00,,14,,on time,19,6E 5071,BOM,-1,25.5,0.00,19.1,22040.0,dry and calm
4095,2026-10-08,BLR,IX 1250,IX,Air India Express,HYD,Hyderabad,f,VT-BWL,Boeing 737 MAX 8,2,2026-10-08 19:10:00,2026-10-08 19:22:00,2026-10-08 20:20:00,2026-10-08 20:11:00,12,-9,on time,19,IX 1345,HYD,-18,25.5,0.00,19.1,22040.0,dry and calm
4096,2026-10-08,BOM,6E 5177,6E,IndiGo,GOX,Mopa,f,VT-IXE,Airbus A320 NEO,1,2026-10-08 19:10:00,2026-10-08 19:41:00,2026-10-08 20:25:00,,31,,late,19,,,,31.6,0.00,23.4,14260.0,dry and calm
4097,2026-10-08,HYD,6E 6043,6E,IndiGo,DEL,New Delhi,f,VT-NHA,Airbus A321 NEO,,2026-10-08 19:10:00,2026-10-08 19:18:00,2026-10-08 21:10:00,,8,,on time,19,,,,27.9,0.00,14.4,14560.0,dry and calm
4098,2026-10-08,HYD,6E 6565,6E,IndiGo,TIR,Tirumala - Tirupati,f,VT-IOV,Airbus A320 NEO,,2026-10-08 19:10:00,2026-10-08 19:15:00,2026-10-08 20:20:00,,5,,on time,19,,,,27.9,0.00,14.4,14560.0,dry and calm
4099,2026-10-08,BLR,6E 6554,6E,IndiGo,GOI,Vasco da Gama,f,VT-IIR,Airbus A320 NEO,1,2026-10-08 19:15:00,2026-10-08 19:24:00,2026-10-08 20:25:00,,9,,on time,19,,,,25.5,0.00,19.1,22040.0,dry and calm
4100,2026-10-08,BLR,IX 1541,IX,Air India Express,LKO,Lucknow,f,,,2,2026-10-08 19:15:00,,,,,,no actual time,19,,,,25.5,0.00,19.1,22040.0,dry and calm
4101,2026-10-08,BOM,6E 618,6E,IndiGo,BDQ,Vadodara,f,VT-ILG,Airbus A321 NEO,2,2026-10-08 19:15:00,2026-10-08 19:36:00,2026-10-08 20:20:00,,21,,on time,19,,,,31.6,0.00,23.4,14260.0,dry and calm
4102,2026-10-08,HYD,6E 1235,6E,IndiGo,KWI,Kuwait City,t,VT-ILU,Airbus A321 NEO,,2026-10-08 19:15:00,2026-10-08 20:53:00,2026-10-08 22:00:00,,98,,late,19,,,,27.9,0.00,14.4,14560.0,dry and calm
4103,2026-10-08,HYD,6E 922,6E,IndiGo,BBI,Bhubaneswar,f,VT-ICG,Airbus A321 NEO,,2026-10-08 19:15:00,2026-10-08 19:43:00,2026-10-08 20:55:00,,28,,on time,19,,,,27.9,0.00,14.4,14560.0,dry and calm
4104,2026-10-08,BLR,6E 7134,6E,IndiGo,VGA,Vijayawada,f,VT-IYG,ATR 72,1,2026-10-08 19:20:00,,2026-10-08 20:50:00,,,,no actual time,19,,,,25.5,0.00,19.1,22040.0,dry and calm
4105,2026-10-08,BOM,6E 1401,6E,IndiGo,AUH,Abu Dhabi,t,VT-IRX,Airbus A321 NEO,2,2026-10-08 19:20:00,2026-10-08 19:44:00,2026-10-08 20:55:00,,24,,on time,19,,,,31.6,0.00,23.4,14260.0,dry and calm
4106,2026-10-08,BOM,6E 544,6E,IndiGo,LKO,Lucknow,f,VT-IQO,Airbus A320 NEO,2,2026-10-08 19:20:00,2026-10-08 19:38:00,2026-10-08 21:25:00,2026-10-08 21:21:00,18,-4,on time,19,,,,31.6,0.00,23.4,14260.0,dry and calm
4107,2026-10-08,BOM,QP 1125,QP,Akasa Air,CCU,Kolkata,f,,Boeing 737,2,2026-10-08 19:20:00,2026-10-08 19:30:00,2026-10-08 22:20:00,,10,,on time,19,,,,31.6,0.00,23.4,14260.0,dry and calm
4108,2026-10-08,HYD,6E 7283,6E,IndiGo,VGA,Vidzhayavada,f,,ATR 72,,2026-10-08 19:20:00,,2026-10-08 20:25:00,,,,no actual time,19,,,,27.9,0.00,14.4,14560.0,dry and calm
4109,2026-10-08,HYD,IX 2983,IX,Air India Express,BLR,Bangalore,f,VT-BXQ,Boeing 737 MAX 8,,2026-10-08 19:20:00,2026-10-08 19:13:00,2026-10-08 20:50:00,2026-10-08 20:02:00,-7,-48,on time,19,IX 2506,BLR,,27.9,0.00,14.4,14560.0,dry and calm
4110,2026-10-08,BLR,6E 152,6E,IndiGo,CCJ,Calicut,f,VT-ISO,Airbus A320 NEO,1,2026-10-08 19:25:00,2026-10-08 19:36:00,2026-10-08 20:25:00,,11,,on time,19,,,,25.5,0.00,19.1,22040.0,dry and calm
4111,2026-10-08,BOM,6E 5105,6E,IndiGo,MAA,Chennai,f,,Airbus A320,1,2026-10-08 19:25:00,2026-10-08 20:10:00,2026-10-08 21:30:00,,45,,late,19,,,,31.6,0.00,23.4,14260.0,dry and calm
4112,2026-10-08,BOM,AI 2505,AI,Air India,GOI,Vasco da Gama,f,VT-TCV,Airbus A320 NEO,2,2026-10-08 19:25:00,,2026-10-08 20:50:00,,,,no actual time,19,,,,31.6,0.00,23.4,14260.0,dry and calm
4113,2026-10-08,HYD,AI 2520,AI,Air India,DEL,New Delhi,f,VT-JRI,Airbus A350-900,,2026-10-08 19:25:00,2026-10-08 19:34:00,2026-10-08 21:20:00,,9,,on time,19,,,,27.9,0.00,14.4,14560.0,dry and calm
4114,2026-10-08,BLR,6E 6012,6E,IndiGo,MAA,Chennai,f,VT-IXM,Airbus A320 NEO,1,2026-10-08 19:30:00,2026-10-08 19:39:00,2026-10-08 20:35:00,,9,,on time,19,,,,25.5,0.00,19.1,22040.0,dry and calm
4115,2026-10-08,BLR,6E 6585,6E,IndiGo,IXM,Madurai,f,VT-IME,Airbus A321 NEO,1,2026-10-08 19:30:00,2026-10-08 19:51:00,2026-10-08 20:55:00,,21,,on time,19,,,,25.5,0.00,19.1,22040.0,dry and calm
4116,2026-10-08,BLR,6E 870,6E,IndiGo,DEL,New Delhi,f,VT-NCP,Airbus A321 NEO,1,2026-10-08 19:30:00,2026-10-08 20:19:00,2026-10-08 22:45:00,,49,,late,19,,,,25.5,0.00,19.1,22040.0,dry and calm
4117,2026-10-08,BOM,AI 2408,AI,Air India,DEL,New Delhi,f,VT-SCV,Airbus A319,2,2026-10-08 19:30:00,,2026-10-08 21:30:00,,,,no actual time,19,,,,31.6,0.00,23.4,14260.0,dry and calm
4118,2026-10-08,BOM,EK 503,EK,Emirates,DXB,Dubai,t,A6-EXH,Airbus A350-900,2,2026-10-08 19:30:00,,2026-10-08 21:00:00,2026-10-08 20:44:00,,-16,no actual time,19,,,,31.6,0.00,23.4,14260.0,dry and calm
4119,2026-10-08,BOM,NH 830,NH,ANA,NRT,Tokyo,t,JA898A,Boeing 787-9,2,2026-10-08 19:30:00,,2026-10-09 07:50:00,2026-10-09 07:00:00,,-50,no actual time,19,,,,31.6,0.00,23.4,14260.0,dry and calm
4120,2026-10-08,HYD,6E 6638,6E,IndiGo,JAI,Jaipur,f,VT-IPD,Airbus A320 NEO,,2026-10-08 19:30:00,2026-10-08 20:05:00,2026-10-08 21:25:00,,35,,late,19,,,,27.9,0.00,14.4,14560.0,dry and calm
4121,2026-10-08,BLR,6E 7165,6E,IndiGo,TRZ,Tiruchirappally,f,VT-IYH,ATR 72,1,2026-10-08 19:35:00,,2026-10-08 20:50:00,,,,no actual time,19,,,,25.5,0.00,19.1,22040.0,dry and calm
4122,2026-10-08,BOM,6E 5028,6E,IndiGo,ATQ,Amritsar,f,,Airbus A320 NEO,1,2026-10-08 19:35:00,,2026-10-08 22:00:00,,,,no actual time,19,,,,31.6,0.00,23.4,14260.0,dry and calm
4123,2026-10-08,BLR,AI 2665,AI,Air India,DEL,New Delhi,f,VT-TNE,Airbus A320 NEO,2,2026-10-08 19:40:00,,2026-10-08 22:23:00,,,,no actual time,19,,,,25.5,0.00,19.1,22040.0,dry and calm
4124,2026-10-08,BLR,IX 1168,IX,Air India Express,MAA,Chennai,f,VT-RTF,Airbus A320 NEO,2,2026-10-08 19:40:00,2026-10-08 19:48:00,2026-10-08 20:50:00,,8,,on time,19,,,,25.5,0.00,19.1,22040.0,dry and calm
4125,2026-10-08,BOM,6E 5326,6E,IndiGo,HYD,Hyderabad,f,VT-NCZ,Airbus A321 NEO,1,2026-10-08 19:40:00,2026-10-08 20:05:00,2026-10-08 21:20:00,2026-10-08 21:37:00,25,17,on time,19,6E 5259,HYD,,31.6,0.00,23.4,14260.0,dry and calm
4126,2026-10-08,BOM,CZ 5070,CZ,China Southern,CAN,Guangzhou,t,,,2,2026-10-08 19:40:00,,,,,,no actual time,19,,,,31.6,0.00,23.4,14260.0,dry and calm
4127,2026-10-08,BOM,QP 1133,QP,Akasa Air,BLR,Bangalore,f,VT-YAX,Boeing 737,2,2026-10-08 19:40:00,2026-10-08 20:15:00,2026-10-08 21:45:00,,35,,late,19,,,,31.6,0.00,23.4,14260.0,dry and calm
4128,2026-10-08,BOM,QP 1195,QP,Akasa Air,AMD,Ahmedabad,f,,Boeing 737,2,2026-10-08 19:40:00,,2026-10-08 20:55:00,,,,no actual time,19,,,,31.6,0.00,23.4,14260.0,dry and calm
4129,2026-10-08,HYD,6E 6252,6E,IndiGo,IXC,Chandigarh,f,VT-IWZ,Airbus A320,,2026-10-08 19:40:00,2026-10-08 19:45:00,2026-10-08 22:15:00,,5,,on time,19,,,,27.9,0.00,14.4,14560.0,dry and calm
4130,2026-10-08,HYD,6E 984,6E,IndiGo,GOI,Vasco da Gama,f,VT-ISV,Airbus A320 NEO,,2026-10-08 19:40:00,2026-10-08 20:56:00,2026-10-08 20:55:00,,76,,late,19,,,,27.9,0.00,14.4,14560.0,dry and calm
4131,2026-10-08,HYD,IX 951,IX,Air India Express,DXB,Dubai,t,VT-NTA,Boeing 737 MAX 8,,2026-10-08 19:40:00,2026-10-08 20:58:00,2026-10-08 21:55:00,2026-10-08 22:47:00,78,52,late,19,,,,27.9,0.00,14.4,14560.0,dry and calm
4132,2026-10-08,BLR,6E 855,6E,IndiGo,HYD,Hyderabad,f,VT-ITS,Airbus A321 (Sharklets),1,2026-10-08 19:45:00,,2026-10-08 21:00:00,2026-10-08 20:45:00,,-15,no actual time,19,6E 6417,HYD,-14,25.5,0.00,19.1,22040.0,dry and calm
4133,2026-10-08,BOM,6E 6049,6E,IndiGo,DEL,New Delhi,f,,Airbus A320,2,2026-10-08 19:45:00,2026-10-08 20:00:00,2026-10-08 22:16:00,,15,,on time,19,,,,31.6,0.00,23.4,14260.0,dry and calm
4134,2026-10-08,BOM,AI 2865,AI,Air India,BLR,Bangalore,f,VT-TNC,Airbus A320 NEO,2,2026-10-08 19:45:00,,2026-10-08 21:50:00,,,,no actual time,19,,,,31.6,0.00,23.4,14260.0,dry and calm
4135,2026-10-08,BLR,QP 1262,QP,Akasa Air,CCU,Kolkata,f,VT-YAA,Boeing 737 MAX 8,1,2026-10-08 19:50:00,,2026-10-08 22:25:00,,,,no actual time,19,,,,25.5,0.00,19.1,22040.0,dry and calm
4136,2026-10-08,BOM,6E 5032,6E,IndiGo,BLR,Bangalore,f,VT-NOA,Airbus A321 NEO,1,2026-10-08 19:50:00,,2026-10-08 21:45:00,2026-10-08 21:41:00,,-4,no actual time,19,6E 5255,BLR,,31.6,0.00,23.4,14260.0,dry and calm
4137,2026-10-08,BOM,6E 6287,6E,IndiGo,CCU,Kolkata,f,VT-NHX,Airbus A320,2,2026-10-08 19:50:00,,2026-10-08 22:45:00,2026-10-08 22:31:00,,-14,no actual time,19,,,,31.6,0.00,23.4,14260.0,dry and calm
4138,2026-10-08,HYD,6E 7146,6E,IndiGo,RJA,Rajahmundry,f,VT-IYO,ATR 72,,2026-10-08 19:50:00,2026-10-08 20:00:00,2026-10-08 21:05:00,,10,,on time,19,,,,27.9,0.00,14.4,14560.0,dry and calm
4139,2026-10-08,BLR,6E 6875,6E,IndiGo,CJB,Coimbatore,f,VT-IPF,Airbus A320 NEO,1,2026-10-08 19:55:00,2026-10-08 20:07:00,2026-10-08 20:55:00,,12,,on time,19,,,,25.5,0.00,19.1,22040.0,dry and calm
4140,2026-10-08,BLR,IX 921,IX,Air India Express,DXB,Dubai,t,,,2,2026-10-08 19:55:00,,,,,,no actual time,19,,,,25.5,0.00,19.1,22040.0,dry and calm
4141,2026-10-08,BOM,AI 2583,AI,Air India,NAG,Naqpur,f,VT-EXG,Airbus A320 (Sharklets),2,2026-10-08 19:55:00,,2026-10-08 21:35:00,,,,no actual time,19,AI 2852,BLR,,31.6,0.00,23.4,14260.0,dry and calm
4142,2026-10-08,BOM,IX 1795,IX,Air India Express,CJB,Coimbatore,f,,Airbus A320 NEO,2,2026-10-08 19:55:00,2026-10-08 20:40:00,2026-10-08 21:45:00,,45,,late,19,,,,31.6,0.00,23.4,14260.0,dry and calm
4143,2026-10-08,BLR,6E 6423,6E,IndiGo,AMD,Ahmedabad,f,VT-IIA,Airbus A320 NEO,1,2026-10-08 20:00:00,2026-10-08 20:11:00,2026-10-08 22:10:00,,11,,on time,20,,,,24.8,0.00,18.7,20020.0,dry and calm
4144,2026-10-08,BLR,AI 2818,AI,Air India,DEL,New Delhi,f,VT-EXS,Airbus A320 (Sharklets),2,2026-10-08 20:00:00,,2026-10-08 23:29:00,,,,no actual time,20,,,,24.8,0.00,18.7,20020.0,dry and calm
4145,2026-10-08,BLR,IX 941,IX,Air India Express,JED,Jeddah,t,,Boeing 737,2,2026-10-08 20:00:00,,,,,,no actual time,20,,,,24.8,0.00,18.7,20020.0,dry and calm
4146,2026-10-08,BLR,QP 1317,QP,Akasa Air,PNQ,Pune,f,VT-YAV,Boeing 737 MAX 8,1,2026-10-08 20:00:00,,2026-10-08 21:35:00,,,,no actual time,20,,,,24.8,0.00,18.7,20020.0,dry and calm
4147,2026-10-08,BOM,6E 5107,6E,IndiGo,AMD,Ahmedabad,f,,Airbus A320 NEO,1,2026-10-08 20:00:00,2026-10-08 20:15:00,2026-10-08 21:20:00,,15,,on time,20,,,,31.2,0.00,22.3,14260.0,dry and calm
4148,2026-10-08,BOM,AI 2289,AI,Air India,DOH,Doha,t,VT-TNW,Airbus A320 NEO,2,2026-10-08 20:00:00,,2026-10-08 21:15:00,2026-10-08 20:51:00,,-24,no actual time,20,,,,31.2,0.00,22.3,14260.0,dry and calm
4149,2026-10-08,BOM,AI 2940,AI,Air India,DEL,New Delhi,f,,Airbus A320 NEO,2,2026-10-08 20:00:00,,2026-10-08 22:07:00,,,,no actual time,20,,,,31.2,0.00,22.3,14260.0,dry and calm
4150,2026-10-08,HYD,6E 285,6E,IndiGo,BLR,Bangalore,f,VT-ISP,Airbus A320 NEO,,2026-10-08 20:00:00,2026-10-08 20:22:00,2026-10-08 21:20:00,2026-10-08 21:06:00,22,-14,on time,20,,,,27.1,0.00,11.2,14480.0,dry and calm
4151,2026-10-08,BOM,IX 1219,IX,Air India Express,JAI,Jaipur,f,VT-RTQ,Airbus A320 NEO,2,2026-10-08 20:10:00,2026-10-08 20:05:00,2026-10-08 22:00:00,,-5,,on time,20,,,,31.2,0.00,22.3,14260.0,dry and calm
4152,2026-10-08,BOM,QP 1107,QP,Akasa Air,CCU,Kolkata,f,,,2,2026-10-08 20:10:00,,,,,,no actual time,20,,,,31.2,0.00,22.3,14260.0,dry and calm
4153,2026-10-08,BLR,6E 5376,6E,IndiGo,BOM,Mumbai,f,VT-NOO,Airbus A321 NEO,1,2026-10-08 20:15:00,2026-10-08 20:26:00,2026-10-08 22:00:00,,11,,on time,20,6E 5221,BOM,-29,24.8,0.00,18.7,20020.0,dry and calm
4154,2026-10-08,BLR,6E 6120,6E,IndiGo,PAT,Patna,f,VT-IOR,Airbus A320 NEO,1,2026-10-08 20:15:00,2026-10-08 20:48:00,2026-10-08 22:50:00,,33,,late,20,,,,24.8,0.00,18.7,20020.0,dry and calm
4155,2026-10-08,BLR,QP 1743,QP,Akasa Air,CCJ,Calicut,f,VT-YBA,Boeing 737 MAX 8,1,2026-10-08 20:15:00,,2026-10-08 21:15:00,,,,no actual time,20,,,,24.8,0.00,18.7,20020.0,dry and calm
4156,2026-10-08,BOM,6E 5233,6E,IndiGo,IXC,Chandigarh,f,VT-IMX,Airbus A321 NEO,1,2026-10-08 20:15:00,2026-10-08 20:40:00,2026-10-08 22:45:00,,25,,on time,20,,,,31.2,0.00,22.3,14260.0,dry and calm
4157,2026-10-08,BLR,6E 6077,6E,IndiGo,MAA,Chennai,f,VT-IAQ,Airbus A320 (Sharklets),1,2026-10-08 20:20:00,2026-10-08 20:59:00,2026-10-08 21:25:00,,39,,late,20,,,,24.8,0.00,18.7,20020.0,dry and calm
4158,2026-10-08,BLR,6E 975,6E,IndiGo,CCU,Kolkata,f,VT-NOV,Airbus A320,1,2026-10-08 20:20:00,2026-10-08 21:27:00,2026-10-08 23:00:00,2026-10-08 23:34:00,67,34,late,20,,,,24.8,0.00,18.7,20020.0,dry and calm
4159,2026-10-08,BOM,6E 330,6E,IndiGo,DEL,New Delhi,f,VT-NHG,Airbus A321 NEO,2,2026-10-08 20:20:00,2026-10-08 20:40:00,2026-10-08 22:39:00,,20,,on time,20,,,,31.2,0.00,22.3,14260.0,dry and calm
4160,2026-10-08,BOM,6E 5164,6E,IndiGo,IDR,Indore,f,VT-IQM,Airbus A320 NEO,1,2026-10-08 20:20:00,,2026-10-08 22:00:00,,,,no actual time,20,,,,31.2,0.00,22.3,14260.0,dry and calm
4161,2026-10-08,BOM,IX 1801,IX,Air India Express,COK,Kochi,f,VT-BWF,Boeing 737 MAX 8,2,2026-10-08 20:20:00,,2026-10-08 22:20:00,,,,no actual time,20,,,,31.2,0.00,22.3,14260.0,dry and calm
4162,2026-10-08,HYD,6E 426,6E,IndiGo,PNQ,Pune,f,VT-IMS,Airbus A321 NEO,,2026-10-08 20:20:00,2026-10-08 20:48:00,2026-10-08 21:30:00,2026-10-08 21:39:00,28,9,on time,20,,,,27.1,0.00,11.2,14480.0,dry and calm
4163,2026-10-08,BLR,6E 435,6E,IndiGo,COK,Kochi,f,VT-IQY,Airbus A320 NEO,1,2026-10-08 20:25:00,2026-10-08 20:45:00,2026-10-08 21:30:00,,20,,on time,20,,,,24.8,0.00,18.7,20020.0,dry and calm
4164,2026-10-08,HYD,6E 1407,6E,IndiGo,AUH,Abu Dhabi,t,VT-ICW,Airbus A321 NEO,,2026-10-08 20:25:00,2026-10-08 21:58:00,,,93,,late,20,,,,27.1,0.00,11.2,14480.0,dry and calm
4165,2026-10-08,HYD,6E 621,6E,IndiGo,IDR,Indore,f,VT-IMB,Airbus A321 NEO,,2026-10-08 20:25:00,2026-10-08 21:10:00,2026-10-08 21:50:00,,45,,late,20,6E 638,BLR,9,27.1,0.00,11.2,14480.0,dry and calm
4166,2026-10-08,BLR,6E 6385,6E,IndiGo,IXC,Chandigarh,f,VT-IBB,Airbus A321 NEO,1,2026-10-08 20:30:00,2026-10-08 21:47:00,2026-10-08 23:40:00,,77,,late,20,,,,24.8,0.00,18.7,20020.0,dry and calm
4167,2026-10-08,BLR,AI 2850,AI,Air India,BOM,Mumbai,f,VT-TQD,Airbus A320 NEO,2,2026-10-08 20:30:00,2026-10-08 20:40:00,2026-10-08 22:40:00,,10,,on time,20,AI 2849,BOM,-19,24.8,0.00,18.7,20020.0,dry and calm
4168,2026-10-08,BOM,9I 932,9I,Alliance Air,DEL,New Delhi,f,VT-RKM,ATR 72,1,2026-10-08 20:30:00,,2026-10-08 23:57:00,,,,no actual time,20,,,,31.2,0.00,22.3,14260.0,dry and calm
4169,2026-10-08,BOM,AI 2827,AI,Air India,MAA,Chennai,f,,Airbus A320 NEO,2,2026-10-08 20:30:00,,2026-10-08 22:35:00,,,,no actual time,20,,,,31.2,0.00,22.3,14260.0,dry and calm
4170,2026-10-08,BOM,AI 2988,AI,Air India,DEL,New Delhi,f,,Airbus A320 NEO,2,2026-10-08 20:30:00,,2026-10-08 22:43:00,,,,no actual time,20,,,,31.2,0.00,22.3,14260.0,dry and calm
4171,2026-10-08,HYD,6E 1421,6E,IndiGo,SHJ,Sharjah,t,VT-IQD,Airbus A320 NEO,,2026-10-08 20:30:00,2026-10-08 20:39:00,2026-10-08 22:40:00,2026-10-08 22:31:00,9,-9,on time,20,,,,27.1,0.00,11.2,14480.0,dry and calm
4172,2026-10-08,BLR,IX 2015,IX,Air India Express,AMD,Ahmedabad,f,,,2,2026-10-08 20:35:00,,,,,,no actual time,20,,,,24.8,0.00,18.7,20020.0,dry and calm
4173,2026-10-08,BLR,IX 2063,IX,Air India Express,VTZ,Visakhapatnam,f,,,2,2026-10-08 20:35:00,,,,,,no actual time,20,,,,24.8,0.00,18.7,20020.0,dry and calm
4174,2026-10-08,BOM,QP 1103,QP,Akasa Air,AMD,Ahmedabad,f,,Boeing 737,2,2026-10-08 20:35:00,,2026-10-08 21:50:00,,,,no actual time,20,,,,31.2,0.00,22.3,14260.0,dry and calm
4175,2026-10-08,HYD,AI 2876,AI,Air India,BOM,Mumbai,f,VT-TNP,Airbus A320 (Sharklets),,2026-10-08 20:35:00,2026-10-08 20:43:00,2026-10-08 22:30:00,,8,,on time,20,AI 2619,BOM,-5,27.1,0.00,11.2,14480.0,dry and calm
4176,2026-10-08,BLR,6E 441,6E,IndiGo,PNQ,Pune,f,VT-IXF,Airbus A320 NEO,1,2026-10-08 20:40:00,2026-10-08 21:07:00,2026-10-08 22:05:00,2026-10-08 22:11:00,27,6,on time,20,,,,24.8,0.00,18.7,20020.0,dry and calm
4177,2026-10-08,BLR,6E 817,6E,IndiGo,DEL,New Delhi,f,VT-NHT,Airbus A321 NEO,1,2026-10-08 20:40:00,2026-10-08 20:54:00,2026-10-08 23:25:00,,14,,on time,20,,,,24.8,0.00,18.7,20020.0,dry and calm
4178,2026-10-08,BOM,6E 5182,6E,IndiGo,BBI,Bhubaneswar,f,,Airbus A320,1,2026-10-08 20:40:00,,2026-10-08 23:00:00,,,,no actual time,20,,,,31.2,0.00,22.3,14260.0,dry and calm
4179,2026-10-08,BOM,UL 144,UL,SriLankan,CMB,Colombo,t,4R-ABL,Airbus A320,2,2026-10-08 20:40:00,,2026-10-08 23:10:00,,,,no actual time,20,,,,31.2,0.00,22.3,14260.0,dry and calm
4180,2026-10-08,BLR,OG 151,OG,Ghodawat Enterprises,HYD,Hyderabad,f,VT-GSO,Embraer 175,,2026-10-08 20:43:00,2026-10-08 20:43:00,2026-10-08 21:33:00,2026-10-08 21:33:00,0,0,on time,20,,,,24.8,0.00,18.7,20020.0,dry and calm
4181,2026-10-08,BLR,6E 6086,6E,IndiGo,BBI,Bhubaneswar,f,VT-IQF,Airbus A320 NEO,1,2026-10-08 20:45:00,2026-10-08 21:08:00,2026-10-08 22:50:00,,23,,on time,20,6E 6783,HYD,-9,24.8,0.00,18.7,20020.0,dry and calm
4182,2026-10-08,BOM,6E 5145,6E,IndiGo,LKO,Lucknow,f,VT-ICB,Airbus A321 NEO,1,2026-10-08 20:45:00,2026-10-08 20:50:00,2026-10-08 23:05:00,2026-10-08 23:44:00,5,39,on time,20,,,,31.2,0.00,22.3,14260.0,dry and calm
4183,2026-10-08,BOM,AI 2401,AI,Air India,BLR,Bangalore,f,VT-EXN,Airbus A321 (Sharklets),2,2026-10-08 20:45:00,,2026-10-08 22:45:00,2026-10-08 22:23:00,,-22,no actual time,20,,,,31.2,0.00,22.3,14260.0,dry and calm
4184,2026-10-08,BOM,IX 1163,IX,Air India Express,GOX,Mopa,f,VT-BWX,Boeing 737 MAX 8,2,2026-10-08 20:45:00,2026-10-08 21:00:00,2026-10-08 22:00:00,,15,,on time,20,,,,31.2,0.00,22.3,14260.0,dry and calm
4185,2026-10-08,HYD,UL 176,UL,SriLankan,CMB,Colombo,t,4R-ABO,Airbus A320,,2026-10-08 20:45:00,2026-10-08 21:04:00,2026-10-08 22:40:00,,19,,on time,20,,,,27.1,0.00,11.2,14480.0,dry and calm
4186,2026-10-08,BLR,6E 6743,6E,IndiGo,IDR,Indore,f,VT-IQG,Airbus A320 NEO,1,2026-10-08 20:50:00,2026-10-08 21:03:00,2026-10-08 22:45:00,,13,,on time,20,,,,24.8,0.00,18.7,20020.0,dry and calm
4187,2026-10-08,BOM,6E 1201,6E,IndiGo,BAH,Manama,t,VT-IRY,Airbus A321 NEO,2,2026-10-08 20:50:00,,2026-10-08 21:55:00,,,,no actual time,20,,,,31.2,0.00,22.3,14260.0,dry and calm
4188,2026-10-08,BLR,IX 1360,IX,Air India Express,NMI,Mumbai,f,VT-BWJ,Boeing 737 MAX 8,2,2026-10-08 20:55:00,,2026-10-08 22:40:00,,,,no actual time,20,,,,24.8,0.00,18.7,20020.0,dry and calm
4189,2026-10-08,BOM,QP 1254,QP,Akasa Air,CCU,Kolkata,f,,Boeing 737,2,2026-10-08 20:55:00,,2026-10-08 23:30:00,,,,no actual time,20,,,,31.2,0.00,22.3,14260.0,dry and calm
4190,2026-10-08,BLR,EK 567,EK,Emirates,DXB,Dubai,t,A6-EGA,Boeing 777-300,2,2026-10-08 21:00:00,2026-10-08 21:10:00,2026-10-08 23:20:00,2026-10-08 22:57:00,10,-23,on time,21,,,,23.8,0.00,19.1,17940.0,dry and calm
4191,2026-10-08,BLR,IX 2116,IX,Air India Express,COK,Kochi,f,VT-BXQ,Boeing 737 MAX 8,2,2026-10-08 21:00:00,2026-10-08 21:19:00,2026-10-08 22:05:00,,19,,on time,21,IX 2983,HYD,-48,23.8,0.00,19.1,17940.0,dry and calm
4192,2026-10-08,BOM,6E 5291,6E,IndiGo,MAA,Chennai,f,VT-IWU,Airbus A321 NEO,1,2026-10-08 21:00:00,,2026-10-08 23:05:00,,,,no actual time,21,,,,31.0,0.00,22.0,15660.0,dry and calm
4193,2026-10-08,BOM,AI 816,AI,Air India,DEL,New Delhi,f,VT-SCH,Airbus A319,2,2026-10-08 21:00:00,,2026-10-08 23:13:00,,,,no actual time,21,,,,31.0,0.00,22.0,15660.0,dry and calm
4194,2026-10-08,HYD,6E 890,6E,IndiGo,DEL,New Delhi,f,VT-NCR,Airbus A321 NEO,,2026-10-08 21:00:00,2026-10-08 22:23:00,,,83,,late,21,,,,26.3,0.00,9.7,13140.0,dry and calm
4195,2026-10-08,BLR,IX 1089,IX,Air India Express,IXC,Chandigarh,f,VT-BXK,Boeing 737 MAX 8,2,2026-10-08 21:05:00,2026-10-08 21:33:00,,,28,,on time,21,,,,23.8,0.00,19.1,17940.0,dry and calm
4196,2026-10-08,HYD,6E 2084,6E,IndiGo,NMI,Mumbai,f,VT-IOU,Airbus A320 NEO,,2026-10-08 21:05:00,2026-10-08 21:43:00,2026-10-08 22:35:00,,38,,late,21,,,,26.3,0.00,9.7,13140.0,dry and calm
4197,2026-10-08,HYD,IX 1378,IX,Air India Express,BLR,Bangalore,f,VT-BWL,Boeing 737 MAX 8,,2026-10-08 21:05:00,2026-10-08 21:13:00,2026-10-08 22:30:00,2026-10-08 22:09:00,8,-21,on time,21,IX 1250,BLR,-9,26.3,0.00,9.7,13140.0,dry and calm
4198,2026-10-08,BLR,6E 1301,6E,IndiGo,DOH,Doha,t,VT-ILT,Airbus A321 NEO,2,2026-10-08 21:10:00,2026-10-08 21:29:00,2026-10-08 23:00:00,2026-10-08 22:59:00,19,-1,on time,21,,,,23.8,0.00,19.1,17940.0,dry and calm
4199,2026-10-08,BLR,6E 578,6E,IndiGo,IXE,Mangalore,f,,,1,2026-10-08 21:10:00,,,,,,no actual time,21,,,,23.8,0.00,19.1,17940.0,dry and calm
4200,2026-10-08,BLR,QP 1264,QP,Akasa Air,CCU,Kolkata,f,VT-YAE,Boeing 737,1,2026-10-08 21:10:00,,2026-10-08 23:35:00,,,,no actual time,21,,,,23.8,0.00,19.1,17940.0,dry and calm
4201,2026-10-08,BOM,6E 1491,6E,IndiGo,RKT,Ras Al Khaimah,t,VT-IAN,Airbus A320 (Sharklets),2,2026-10-08 21:10:00,,2026-10-08 22:40:00,2026-10-08 22:24:00,,-16,no actual time,21,,,,31.0,0.00,22.0,15660.0,dry and calm
4202,2026-10-08,BOM,6E 5056,6E,IndiGo,HYD,Hyderabad,f,,Airbus A320,1,2026-10-08 21:10:00,2026-10-08 21:25:00,2026-10-08 22:45:00,2026-10-08 23:03:00,15,18,on time,21,,,,31.0,0.00,22.0,15660.0,dry and calm
4203,2026-10-08,BOM,AI 2643,AI,Air India,CCU,Kolkata,f,VT-TQT,Airbus A320 NEO,2,2026-10-08 21:10:00,,2026-10-09 00:10:00,2026-10-09 00:08:00,,-2,no actual time,21,,,,31.0,0.00,22.0,15660.0,dry and calm
4204,2026-10-08,BOM,IX 261,IX,Air India Express,AUH,Abu Dhabi,t,VT-RTG,Airbus A320 NEO,2,2026-10-08 21:10:00,2026-10-08 21:35:00,,,25,,on time,21,,,,31.0,0.00,22.0,15660.0,dry and calm
4205,2026-10-08,HYD,6E 6174,6E,IndiGo,MAA,Chennai,f,VT-IRZ,Airbus A321 NEO,,2026-10-08 21:10:00,2026-10-08 21:26:00,2026-10-08 22:40:00,,16,,on time,21,,,,26.3,0.00,9.7,13140.0,dry and calm
4206,2026-10-08,BLR,6E 1247,6E,IndiGo,SIN,Singapore,t,VT-IWS,Airbus A321 NEO,2,2026-10-08 21:15:00,2026-10-08 23:22:00,2026-10-09 04:40:00,2026-10-09 05:55:00,127,75,late,21,,,,23.8,0.00,19.1,17940.0,dry and calm
4207,2026-10-08,BLR,6E 9051,6E,IndiGo,MAA,Chennai,f,VT-IKT,,1,2026-10-08 21:15:00,,,,,,no actual time,21,,,,23.8,0.00,19.1,17940.0,dry and calm
4208,2026-10-08,BLR,QP 2002,QP,Akasa Air,NMI,Mumbai,f,,Boeing 737,1,2026-10-08 21:15:00,,2026-10-08 23:00:00,,,,no actual time,21,,,,23.8,0.00,19.1,17940.0,dry and calm
4209,2026-10-08,BOM,6E 102,6E,IndiGo,DEL,New Delhi,f,VT-NHZ,Airbus A321 NEO,2,2026-10-08 21:15:00,,,,,,no actual time,21,,,,31.0,0.00,22.0,15660.0,dry and calm
4210,2026-10-08,BOM,AI 413,AI,Air India,JAI,Jaipur,f,,Airbus A319,2,2026-10-08 21:15:00,,2026-10-08 23:10:00,,,,no actual time,21,,,,31.0,0.00,22.0,15660.0,dry and calm
4211,2026-10-08,HYD,6E 216,6E,IndiGo,AMD,Ahmedabad,f,VT-IIH,Airbus A320 NEO,,2026-10-08 21:15:00,2026-10-08 21:46:00,2026-10-08 23:00:00,,31,,late,21,,,,26.3,0.00,9.7,13140.0,dry and calm
4212,2026-10-08,HYD,6E 944,6E,IndiGo,CCU,Kolkata,f,VT-IMM,Airbus A321 NEO,,2026-10-08 21:15:00,2026-10-08 22:59:00,2026-10-08 23:25:00,2026-10-09 00:32:00,104,67,late,21,,,,26.3,0.00,9.7,13140.0,dry and calm
4213,2026-10-08,BLR,IX 1367,IX,Air India Express,TRV,Trivandrum,f,VT-GHD,Boeing 737-800,2,2026-10-08 21:20:00,,2026-10-08 22:45:00,2026-10-08 22:43:00,,-2,no actual time,21,,,,23.8,0.00,19.1,17940.0,dry and calm
4214,2026-10-08,HYD,6E 1027,6E,IndiGo,SIN,Singapore,t,VT-IOL,Airbus A320 NEO,,2026-10-08 21:20:00,2026-10-08 21:48:00,2026-10-09 04:55:00,2026-10-09 04:41:00,28,-14,on time,21,,,,26.3,0.00,9.7,13140.0,dry and calm
4215,2026-10-08,HYD,EY 359,EY,Etihad,AUH,Abu Dhabi,t,A6-BNH,Boeing 787-9,,2026-10-08 21:20:00,2026-10-08 21:40:00,,,20,,on time,21,,,,26.3,0.00,9.7,13140.0,dry and calm
4216,2026-10-08,BLR,6E 6784,6E,IndiGo,HYD,Hyderabad,f,VT-IWY,Airbus A320,1,2026-10-08 21:25:00,2026-10-08 21:49:00,2026-10-08 22:40:00,2026-10-08 22:33:00,24,-7,on time,21,,,,23.8,0.00,19.1,17940.0,dry and calm
4217,2026-10-08,BOM,AI 2869,AI,Air India,HYD,Hyderabad,f,VT-TNS,Airbus A320 NEO,2,2026-10-08 21:25:00,,2026-10-08 23:05:00,2026-10-08 22:37:00,,-28,no actual time,21,,,,31.0,0.00,22.0,15660.0,dry and calm
4218,2026-10-08,BLR,6E 6526,6E,IndiGo,GOX,Mopa,f,VT-IOT,Airbus A320 NEO,1,2026-10-08 21:30:00,2026-10-08 21:55:00,2026-10-08 22:45:00,,25,,on time,21,,,,23.8,0.00,19.1,17940.0,dry and calm
4219,2026-10-08,BLR,AI 2642,AI,Air India,BOM,Mumbai,f,VT-TQX,Airbus A320 NEO,2,2026-10-08 21:30:00,2026-10-08 21:44:00,2026-10-08 23:35:00,,14,,on time,21,AI 2641,BOM,-5,23.8,0.00,19.1,17940.0,dry and calm
4220,2026-10-08,BLR,IX 36L,IX,Air India Express,TRZ,Tiruchirappally,f,VT-BWJ,Boeing 737 MAX 8,,2026-10-08 21:30:00,2026-10-08 21:30:00,,,0,,on time,21,,,,23.8,0.00,19.1,17940.0,dry and calm
4221,2026-10-08,BOM,6E 61,6E,IndiGo,JED,Jeddah,t,VT-ICZ,Airbus A321 NEO,2,2026-10-08 21:30:00,,,,,,no actual time,21,,,,31.0,0.00,22.0,15660.0,dry and calm
4222,2026-10-08,BOM,6E 6188,6E,IndiGo,BLR,Bangalore,f,VT-NOT,Airbus A320,2,2026-10-08 21:30:00,,2026-10-08 23:25:00,2026-10-08 23:39:00,,14,no actual time,21,6E 6283,BLR,,31.0,0.00,22.0,15660.0,dry and calm
4223,2026-10-08,BOM,AI 1895,AI,Air India,DEL,New Delhi,f,,Airbus A320 NEO,2,2026-10-08 21:30:00,,2026-10-08 23:38:00,,,,no actual time,21,,,,31.0,0.00,22.0,15660.0,dry and calm
4224,2026-10-08,HYD,AI 2870,AI,Air India,DEL,New Delhi,f,VT-EXJ,Airbus A321 (Sharklets),,2026-10-08 21:30:00,2026-10-08 21:36:00,2026-10-08 23:35:00,,6,,on time,21,,,,26.3,0.00,9.7,13140.0,dry and calm
4225,2026-10-08,BLR,6E 486,6E,IndiGo,NAG,Naqpur,f,,,1,2026-10-08 21:35:00,,,,,,no actual time,21,,,,23.8,0.00,19.1,17940.0,dry and calm
4226,2026-10-08,BLR,6E 6628,6E,IndiGo,TRV,Trivandrum,f,,,1,2026-10-08 21:35:00,,,,,,no actual time,21,,,,23.8,0.00,19.1,17940.0,dry and calm
4227,2026-10-08,BOM,AI 2919,AI,Air India,AMD,Ahmedabad,f,,Airbus A320 NEO,2,2026-10-08 21:35:00,,2026-10-08 22:55:00,,,,no actual time,21,,,,31.0,0.00,22.0,15660.0,dry and calm
4228,2026-10-08,HYD,6E 6505,6E,IndiGo,BLR,Bangalore,f,VT-ITS,Airbus A321 (Sharklets),,2026-10-08 21:35:00,2026-10-08 22:13:00,2026-10-08 22:50:00,2026-10-08 23:09:00,38,19,late,21,6E 855,BLR,-15,26.3,0.00,9.7,13140.0,dry and calm
4229,2026-10-08,BLR,6E 528,6E,IndiGo,PNQ,Pune,f,VT-ILZ,Airbus A321 NEO,1,2026-10-08 21:40:00,2026-10-08 22:13:00,2026-10-08 23:10:00,2026-10-08 23:17:00,33,7,late,21,,,,23.8,0.00,19.1,17940.0,dry and calm
4230,2026-10-08,BLR,QP 1906,QP,Akasa Air,AMD,Ahmedabad,f,VT-YBR,Boeing 737 MAX 8,1,2026-10-08 21:40:00,,2026-10-08 23:50:00,,,,no actual time,21,,,,23.8,0.00,19.1,17940.0,dry and calm
4231,2026-10-08,BOM,AI 191,AI,Air India,FCO,Rome,t,VT-AEM,Boeing 777-300,2,2026-10-08 21:40:00,,2026-10-09 02:20:00,2026-10-09 02:20:00,,0,no actual time,21,,,,31.0,0.00,22.0,15660.0,dry and calm
4232,2026-10-08,HYD,6E 5381,6E,IndiGo,TRV,Trivandrum,f,VT-IQJ,Airbus A320 NEO,,2026-10-08 21:40:00,2026-10-08 22:01:00,2026-10-08 23:35:00,2026-10-08 23:29:00,21,-6,on time,21,,,,26.3,0.00,9.7,13140.0,dry and calm
4233,2026-10-08,BLR,6E 977,6E,IndiGo,GOI,Vasco da Gama,f,,Airbus A320,1,2026-10-08 21:45:00,,,,,,no actual time,21,,,,23.8,0.00,19.1,17940.0,dry and calm
4234,2026-10-08,BOM,GF 65,GF,Gulf Air,BAH,Manama,t,,Airbus A320,2,2026-10-08 21:45:00,,2026-10-08 23:10:00,,,,no actual time,21,,,,31.0,0.00,22.0,15660.0,dry and calm
4235,2026-10-08,BOM,QP 1518,QP,Akasa Air,BLR,Bangalore,f,VT-YBD,Boeing 737,2,2026-10-08 21:45:00,,2026-10-08 23:35:00,,,,no actual time,21,,,,31.0,0.00,22.0,15660.0,dry and calm
4236,2026-10-08,BLR,6E 6562,6E,IndiGo,MAA,Chennai,f,VT-NHW,Airbus A321 NEO,1,2026-10-08 21:50:00,2026-10-08 22:07:00,2026-10-08 22:55:00,,17,,on time,21,,,,23.8,0.00,19.1,17940.0,dry and calm
4237,2026-10-08,BLR,IX 2680,IX,Air India Express,PNQ,Pune,f,VT-BXP,Boeing 737 MAX 8,2,2026-10-08 21:50:00,2026-10-08 22:05:00,2026-10-08 23:30:00,2026-10-08 23:10:00,15,-20,on time,21,,,,23.8,0.00,19.1,17940.0,dry and calm
4238,2026-10-08,BOM,6E 1267,6E,IndiGo,MCT,Muscat,t,,Airbus A320,2,2026-10-08 21:50:00,,2026-10-08 22:55:00,,,,no actual time,21,,,,31.0,0.00,22.0,15660.0,dry and calm
4239,2026-10-08,BOM,6E 5283,6E,IndiGo,AMD,Ahmedabad,f,VT-IWX,Airbus A320,1,2026-10-08 21:50:00,,2026-10-08 23:25:00,,,,no actual time,21,,,,31.0,0.00,22.0,15660.0,dry and calm
4240,2026-10-08,HYD,6E 695,6E,IndiGo,COK,Kochi,f,VT-ICN,Airbus A321 NEO,,2026-10-08 21:50:00,2026-10-08 22:48:00,2026-10-08 23:25:00,,58,,late,21,,,,26.3,0.00,9.7,13140.0,dry and calm
4241,2026-10-08,BLR,6E 1247T,6E,IndiGo,BLR,Bangalore,f,VT-IWS,Airbus A321 NEO,2,2026-10-08 21:51:00,,,,,,no actual time,21,,,,23.8,0.00,19.1,17940.0,dry and calm
4242,2026-10-08,BOM,G9 402,G9,Air Arabia,SHJ,Sharjah,t,A6-ANP,Airbus A320 (Sharklets),2,2026-10-08 21:55:00,,2026-10-08 23:25:00,2026-10-08 23:31:00,,6,no actual time,21,,,,31.0,0.00,22.0,15660.0,dry and calm
4243,2026-10-08,BLR,6E 6406,6E,IndiGo,DEL,New Delhi,f,VT-NCD,Airbus A321 NEO,1,2026-10-08 22:00:00,2026-10-08 22:15:00,2026-10-09 00:34:00,,15,,on time,22,,,,23.0,0.00,17.3,17940.0,dry and calm
4244,2026-10-08,BLR,AI 2814,AI,Air India,DEL,New Delhi,f,VT-TQW,Airbus A320 NEO,2,2026-10-08 22:00:00,,2026-10-09 00:37:00,,,,no actual time,22,,,,23.0,0.00,17.3,17940.0,dry and calm
4245,2026-10-08,BOM,6E 81,6E,IndiGo,DMM,Ad Dammam,t,VT-IBZ,Airbus A321 NEO,2,2026-10-08 22:00:00,2026-10-08 22:05:00,2026-10-08 23:20:00,,5,,on time,22,,,,30.8,0.00,21.6,15660.0,dry and calm
4246,2026-10-08,HYD,EK 529,EK,Emirates,DXB,Dubai,t,A6-EGW,Boeing 777-300,,2026-10-08 22:00:00,2026-10-08 22:29:00,2026-10-09 00:10:00,2026-10-09 00:08:00,29,-2,on time,22,,,,25.7,0.00,8.3,13120.0,dry and calm
4247,2026-10-08,BOM,IX 235,IX,Air India Express,MCT,Muscat,t,VT-BWB,Boeing 737 MAX 8,2,2026-10-08 22:05:00,,2026-10-08 23:15:00,,,,no actual time,22,,,,30.8,0.00,21.6,15660.0,dry and calm
4248,2026-10-08,BOM,RX 698,RX,Riyadh Air,RUH,Riyadh,t,,Boeing 787-9,2,2026-10-08 22:05:00,,2026-10-08 23:50:00,,,,canceled,22,,,,30.8,0.00,21.6,15660.0,dry and calm
4249,2026-10-08,HYD,6E 5203,6E,IndiGo,BOM,Mumbai,f,VT-NCZ,Airbus A321 NEO,,2026-10-08 22:05:00,2026-10-08 22:42:00,2026-10-08 23:30:00,,37,,late,22,6E 5326,BOM,17,25.7,0.00,8.3,13120.0,dry and calm
4250,2026-10-08,BLR,IX 2787,IX,Air India Express,MAA,Chennai,f,VT-BWQ,Boeing 737,2,2026-10-08 22:10:00,2026-10-08 22:19:00,2026-10-08 23:20:00,,9,,on time,22,,,,23.0,0.00,17.3,17940.0,dry and calm
4251,2026-10-08,BOM,6E 5106,6E,IndiGo,GOI,Vasco da Gama,f,,Airbus A320 NEO,1,2026-10-08 22:10:00,,2026-10-08 23:30:00,,,,no actual time,22,,,,30.8,0.00,21.6,15660.0,dry and calm
4252,2026-10-08,HYD,GF 277,GF,Gulf Air,BAH,Manama,t,A9C-TG,Airbus A320,,2026-10-08 22:10:00,2026-10-08 22:14:00,,,4,,on time,22,,,,25.7,0.00,8.3,13120.0,dry and calm
4253,2026-10-08,BLR,EY 239,EY,Etihad,AUH,Abu Dhabi,t,A6-BLE,Boeing 787-9,2,2026-10-08 22:15:00,,2026-10-09 00:35:00,,,,no actual time,22,,,,23.0,0.00,17.3,17940.0,dry and calm
4254,2026-10-08,BLR,IX 1370,IX,Air India Express,CCU,Kolkata,f,VT-TYE,Airbus A320 NEO,2,2026-10-08 22:15:00,,2026-10-09 00:50:00,2026-10-09 02:36:00,,106,no actual time,22,,,,23.0,0.00,17.3,17940.0,dry and calm
4255,2026-10-08,BOM,6E 1341,6E,IndiGo,DOH,Doha,t,,Airbus A320,2,2026-10-08 22:15:00,,2026-10-08 23:10:00,2026-10-08 23:44:00,,34,no actual time,22,,,,30.8,0.00,21.6,15660.0,dry and calm
4256,2026-10-08,BOM,6E 651,6E,IndiGo,DEL,New Delhi,f,,Airbus A320,2,2026-10-08 22:15:00,,2026-10-09 01:21:00,,,,no actual time,22,,,,30.8,0.00,21.6,15660.0,dry and calm
4257,2026-10-08,HYD,6E 2257,6E,IndiGo,CCU,Kolkata,f,VT-ITP,Airbus A320,,2026-10-08 22:15:00,2026-10-08 23:27:00,2026-10-09 00:25:00,2026-10-09 00:59:00,72,34,late,22,,,,25.7,0.00,8.3,13120.0,dry and calm
4258,2026-10-08,BLR,6E 5094,6E,IndiGo,BOM,Mumbai,f,VT-NHF,Airbus A321 NEO,1,2026-10-08 22:20:00,2026-10-08 22:26:00,2026-10-09 00:05:00,,6,,on time,22,6E 5047,BOM,-7,23.0,0.00,17.3,17940.0,dry and calm
4259,2026-10-08,BLR,6E 952,6E,IndiGo,CCU,Kolkata,f,VT-IBC,Airbus A321 NEO,1,2026-10-08 22:20:00,2026-10-08 22:47:00,2026-10-09 01:00:00,2026-10-09 00:43:00,27,-17,on time,22,,,,23.0,0.00,17.3,17940.0,dry and calm
4260,2026-10-08,BLR,GF 281,GF,Gulf Air,BAH,Manama,t,A9C-XG,Airbus A321 NEO,2,2026-10-08 22:20:00,2026-10-08 22:49:00,,,29,,on time,22,,,,23.0,0.00,17.3,17940.0,dry and calm
4261,2026-10-08,BOM,6E 1501,6E,IndiGo,FJR,Fujairah,t,,Airbus A320,2,2026-10-08 22:20:00,,2026-10-08 23:35:00,,,,no actual time,22,,,,30.8,0.00,21.6,15660.0,dry and calm
4262,2026-10-08,BOM,6E 5388,6E,IndiGo,BLR,Bangalore,f,VT-NCF,Airbus A321 NEO,1,2026-10-08 22:20:00,,2026-10-09 00:20:00,2026-10-08 23:55:00,,-25,no actual time,22,,,,30.8,0.00,21.6,15660.0,dry and calm
4263,2026-10-08,BOM,EK 509,EK,Emirates,DXB,Dubai,t,A6-ENG,Boeing 777-300ER,2,2026-10-08 22:25:00,,2026-10-08 23:55:00,2026-10-08 23:56:00,,1,no actual time,22,,,,30.8,0.00,21.6,15660.0,dry and calm
4264,2026-10-08,HYD,6E 6617,6E,IndiGo,MAA,Chennai,f,VT-IIX,Airbus A320 NEO,,2026-10-08 22:25:00,2026-10-08 23:58:00,2026-10-08 23:50:00,,93,,late,22,,,,25.7,0.00,8.3,13120.0,dry and calm
4265,2026-10-08,BLR,6E 684,6E,IndiGo,HYD,Hyderabad,f,,,1,2026-10-08 22:30:00,,,,,,no actual time,22,,,,23.0,0.00,17.3,17940.0,dry and calm
4266,2026-10-08,BLR,AI 2488,AI,Air India,DEL,New Delhi,f,VT-TVH,Airbus A321 NEO,2,2026-10-08 22:30:00,2026-10-08 22:17:00,2026-10-09 02:28:00,,-13,,on time,22,,,,23.0,0.00,17.3,17940.0,dry and calm
4267,2026-10-08,BLR,AI 2840,AI,Air India,BOM,Mumbai,f,VT-TNC,Airbus A320 NEO,2,2026-10-08 22:30:00,,2026-10-09 00:35:00,,,,no actual time,22,AI 2865,BOM,,23.0,0.00,17.3,17940.0,dry and calm
4268,2026-10-08,HYD,OG 152,OG,Ghodawat Enterprises,BLR,Bangalore,f,VT-GSO,Embraer 175,,2026-10-08 22:32:00,2026-10-08 22:32:00,2026-10-08 23:27:00,2026-10-08 23:27:00,0,0,on time,22,OG 151,BLR,0,25.7,0.00,8.3,13120.0,dry and calm
4269,2026-10-08,BLR,EY 2MJ,EY,Etihad Airways,AUH,Abu Dhabi,t,A6-BLE,Boeing 787-9,,2026-10-08 22:35:00,2026-10-08 22:35:00,,,0,,on time,22,,,,23.0,0.00,17.3,17940.0,dry and calm
4270,2026-10-08,BOM,AI 2986,AI,Air India,DEL,New Delhi,f,,Airbus A320 NEO,2,2026-10-08 22:35:00,,2026-10-09 00:26:00,,,,no actual time,22,,,,30.8,0.00,21.6,15660.0,dry and calm
4271,2026-10-08,BLR,6E 838,6E,IndiGo,JAI,Jaipur,f,VT-NHS,Airbus A321 NEO,1,2026-10-08 22:40:00,2026-10-08 22:51:00,,,11,,on time,22,,,,23.0,0.00,17.3,17940.0,dry and calm
4272,2026-10-08,BOM,6E 2093,6E,IndiGo,COK,Kochi,f,VT-IRV,Airbus A321 NEO,2,2026-10-08 22:45:00,,,,,,no actual time,22,,,,30.8,0.00,21.6,15660.0,dry and calm
4273,2026-10-08,BOM,6E 5328,6E,IndiGo,NAG,Naqpur,f,,Airbus A320,1,2026-10-08 22:45:00,,,,,,no actual time,22,,,,30.8,0.00,21.6,15660.0,dry and calm
4274,2026-10-08,BOM,6E 59,6E,IndiGo,MED,Medina,t,,Airbus A320 NEO,2,2026-10-08 22:50:00,,2026-10-09 01:15:00,,,,no actual time,22,,,,30.8,0.00,21.6,15660.0,dry and calm
4275,2026-10-08,BLR,LH 8375,LH,Lufthansa,FRA,Frankfurt-am-Main,t,D-ALFE,Boeing 777,2,2026-10-08 22:55:00,,,,,,no actual time,22,,,,23.0,0.00,17.3,17940.0,dry and calm
4276,2026-10-08,BLR,QP 1134,QP,Akasa Air,BOM,Mumbai,f,VT-YAH,Boeing 737 MAX 8,1,2026-10-08 22:55:00,,2026-10-09 00:45:00,,,,no actual time,22,,,,23.0,0.00,17.3,17940.0,dry and calm
4277,2026-10-08,BOM,AI 639,AI,Air India,MAA,Chennai,f,,Airbus A320 NEO,2,2026-10-08 22:55:00,,,,,,no actual time,22,,,,30.8,0.00,21.6,15660.0,dry and calm
4278,2026-10-08,BLR,IX 5303,IX,Air India Express,TRZ,Tiruchirappally,f,VT-AXJ,Boeing 737-800,2,2026-10-08 23:00:00,2026-10-08 23:07:00,,,7,,on time,23,,,,23.0,0.00,14.8,15580.0,dry and calm
4279,2026-10-08,BOM,6E 6137,6E,IndiGo,MAA,Chennai,f,VT-IKK,Airbus A320,2,2026-10-08 23:00:00,,,,,,no actual time,23,,,,30.6,0.00,18.0,15640.0,dry and calm
4280,2026-10-08,BOM,6E 6195,6E,IndiGo,HYD,Hyderabad,f,VT-NOE,Airbus A320,2,2026-10-08 23:00:00,,2026-10-09 00:35:00,2026-10-09 00:55:00,,20,no actual time,23,,,,30.6,0.00,18.0,15640.0,dry and calm
4281,2026-10-08,BLR,6E 116,6E,IndiGo,PNQ,Pune,f,VT-NHQ,Airbus A321 NEO,1,2026-10-08 23:05:00,2026-10-08 23:23:00,2026-10-09 00:45:00,2026-10-09 00:32:00,18,-13,on time,23,,,,23.0,0.00,14.8,15580.0,dry and calm
4282,2026-10-08,BLR,SQ 511,SQ,Singapore,SIN,Singapore,t,9V-SHO,Airbus A350-900,2,2026-10-08 23:05:00,2026-10-08 23:34:00,2026-10-09 06:10:00,2026-10-09 06:06:00,29,-4,on time,23,,,,23.0,0.00,14.8,15580.0,dry and calm
4283,2026-10-08,BOM,QP 584,QP,Akasa Air,AUH,Abu Dhabi,t,,,2,2026-10-08 23:05:00,,2026-10-09 00:50:00,,,,no actual time,23,,,,30.6,0.00,18.0,15640.0,dry and calm
4284,2026-10-08,BOM,6E 5152,6E,IndiGo,AMD,Ahmedabad,f,VT-IXK,Airbus A320 NEO,1,2026-10-08 23:10:00,,,,,,no actual time,23,,,,30.6,0.00,18.0,15640.0,dry and calm
4285,2026-10-08,BOM,EY 205,EY,Etihad,AUH,Abu Dhabi,t,,Airbus A350-1000,2,2026-10-08 23:10:00,,2026-10-09 00:45:00,,,,no actual time,23,,,,30.6,0.00,18.0,15640.0,dry and calm
4286,2026-10-08,BOM,VN 972,VN,Vietnam,HAN,Hanoi,t,VN-A870,Boeing 787-9,2,2026-10-08 23:10:00,,,,,,no actual time,23,,,,30.6,0.00,18.0,15640.0,dry and calm
4287,2026-10-08,HYD,SQ 523,SQ,Singapore,SIN,Singapore,t,9V-SHD,Airbus A350,,2026-10-08 23:15:00,2026-10-08 23:34:00,2026-10-09 06:40:00,2026-10-09 06:19:00,19,-21,on time,23,,,,25.5,0.00,7.9,13140.0,dry and calm
4288,2026-10-08,BLR,OD 242,OD,Malindo Air,KUL,Kuala Lumpur,t,9M-LNV,Boeing 737-800,2,2026-10-08 23:20:00,,2026-10-09 06:10:00,,,,no actual time,23,,,,23.0,0.00,14.8,15580.0,dry and calm
4289,2026-10-08,BOM,6E 5135,6E,IndiGo,JAI,Jaipur,f,VT-ILW,Airbus A321 NEO,1,2026-10-08 23:20:00,,,,,,no actual time,23,,,,30.6,0.00,18.0,15640.0,dry and calm
4290,2026-10-08,BOM,MH 195,MH,Malaysia,KUL,Kuala Lumpur,t,9M-MTH,Airbus A330-300,2,2026-10-08 23:25:00,,2026-10-09 07:25:00,,,,no actual time,23,,,,30.6,0.00,18.0,15640.0,dry and calm
4291,2026-10-08,BOM,OD 216,OD,Malindo Air,KUL,Kuala Lumpur,t,9M-LDK,Douglas DC-9-30 Freighter,2,2026-10-08 23:25:00,,2026-10-09 07:00:00,,,,no actual time,23,,,,30.6,0.00,18.0,15640.0,dry and calm
4292,2026-10-08,BLR,6E 2313,6E,IndiGo,DEL,New Delhi,f,VT-NCN,Airbus A321 NEO,1,2026-10-08 23:30:00,2026-10-09 00:42:00,2026-10-09 03:08:00,,72,,late,23,,,,23.0,0.00,14.8,15580.0,dry and calm
4293,2026-10-08,BLR,IX 865,IX,Air India Express,AUH,Abu Dhabi,t,,Boeing 737,2,2026-10-08 23:30:00,,,,,,no actual time,23,,,,23.0,0.00,14.8,15580.0,dry and calm
4294,2026-10-08,BOM,AI 2857,AI,Air India,BLR,Bangalore,f,VT-EXQ,Airbus A320 (Sharklets),2,2026-10-08 23:30:00,,2026-10-09 01:35:00,2026-10-09 01:07:00,,-28,no actual time,23,,,,30.6,0.00,18.0,15640.0,dry and calm
4295,2026-10-08,HYD,6E 6363,6E,IndiGo,BOM,Mumbai,f,,Airbus A320,,2026-10-08 23:30:00,2026-10-09 00:09:00,2026-10-09 01:00:00,,39,,late,23,,,,25.5,0.00,7.9,13140.0,dry and calm
4296,2026-10-08,HYD,AI 2776,AI,Air India,DEL,New Delhi,f,VT-CIF,Airbus A321 (Sharklets),,2026-10-08 23:30:00,2026-10-08 23:51:00,2026-10-09 01:47:00,,21,,on time,23,,,,25.5,0.00,7.9,13140.0,dry and calm
4297,2026-10-08,BOM,SG 164,SG,SpiceJet,DEL,New Delhi,f,VT-SLB,Boeing 737-700,1,2026-10-08 23:35:00,,2026-10-09 01:33:00,,,,no actual time,23,,,,30.6,0.00,18.0,15640.0,dry and calm
4298,2026-10-08,BOM,TG 318,TG,Thai  International,BKK,Bangkok,t,HS-TJV,Boeing 777-200,2,2026-10-08 23:35:00,,2026-10-09 05:35:00,2026-10-09 05:05:00,,-30,no actual time,23,,,,30.6,0.00,18.0,15640.0,dry and calm
4299,2026-10-08,HYD,VJ 1804,VJ,VietJetAir,SGN,Ho Chi Minh City,t,VN-A203,Airbus A321,,2026-10-08 23:35:00,2026-10-09 00:52:00,,,77,,late,23,,,,25.5,0.00,7.9,13140.0,dry and calm
4300,2026-10-08,BLR,AI 2811,AI,Air India,BOM,Mumbai,f,VT-CIO,Airbus A320,2,2026-10-08 23:40:00,2026-10-09 00:01:00,2026-10-09 01:45:00,,21,,on time,23,,,,23.0,0.00,14.8,15580.0,dry and calm
4301,2026-10-08,BOM,SQ 423,SQ,Singapore,SIN,Singapore,t,9V-SKR,Airbus A380-800,2,2026-10-08 23:40:00,,2026-10-09 07:40:00,2026-10-09 07:23:00,,-17,no actual time,23,,,,30.6,0.00,18.0,15640.0,dry and calm
4302,2026-10-08,BLR,VN 982,VN,Vietnam,HAN,Hanoi,t,VN-A506,Airbus A321 NEO,2,2026-10-08 23:45:00,2026-10-09 00:12:00,,,27,,on time,23,,,,23.0,0.00,14.8,15580.0,dry and calm
4303,2026-10-08,BOM,6E 350,6E,IndiGo,DEL,New Delhi,f,,Airbus A320,2,2026-10-08 23:45:00,,2026-10-09 02:08:00,,,,no actual time,23,,,,30.6,0.00,18.0,15640.0,dry and calm
4304,2026-10-08,BLR,IX 5937,IX,Air India Express,BOM,Mumbai,f,,,2,2026-10-08 23:50:00,,,,,,no actual time,23,,,,23.0,0.00,14.8,15580.0,dry and calm
4305,2026-10-08,HYD,6E 6025,6E,IndiGo,DEL,New Delhi,f,VT-IWV,Airbus A321 NEO,,2026-10-08 23:50:00,2026-10-09 00:11:00,2026-10-09 02:14:00,,21,,on time,23,,,,25.5,0.00,7.9,13140.0,dry and calm
4306,2026-10-08,BOM,AI 1882,AI,Air India,DEL,New Delhi,f,VT-TCV,Airbus A320 NEO,2,2026-10-08 23:55:00,,2026-10-09 01:53:00,,,,no actual time,23,,,,30.6,0.00,18.0,15640.0,dry and calm
4307,2026-10-09,HYD,6E 1273,6E,IndiGo,MCT,Muscat,t,VT-IMR,Airbus A321 NEO,,2026-10-09 00:05:00,2026-10-09 00:40:00,2026-10-09 01:50:00,,35,,late,0,,,,24.6,0.00,9.4,13200.0,dry and calm
4308,2026-10-09,BLR,AI 2758,AI,Air India,DEL,New Delhi,f,VT-EXN,Airbus A321 (Sharklets),2,2026-10-09 00:15:00,2026-10-09 00:28:00,2026-10-09 02:56:00,,13,,on time,0,AI 2401,BOM,-22,22.3,0.00,14.4,13680.0,dry and calm
4309,2026-10-09,BOM,VJ 884,VJ,VietJetAir,SGN,Ho Chi Minh City,t,VN-A693,Airbus A321,2,2026-10-09 00:15:00,2026-10-09 00:41:00,2026-10-09 07:15:00,,26,,on time,0,,,,29.9,0.00,14.8,15620.0,dry and calm
4310,2026-10-09,HYD,BZ 154,BZ,Blue Dart Aviation,BOM,Mumbai,f,VT-BDO,Boeing 757-200,,2026-10-09 00:23:00,2026-10-09 00:23:00,,,0,,on time,0,,,,24.6,0.00,9.4,13200.0,dry and calm
4311,2026-10-09,BOM,6E 91,6E,IndiGo,JED,Jeddah,t,VT-ILG,Airbus A320,2,2026-10-09 00:25:00,2026-10-09 00:40:00,2026-10-09 03:10:00,,15,,on time,0,,,,29.9,0.00,14.8,15620.0,dry and calm
4312,2026-10-09,HYD,MH 199,MH,Malaysia,KUL,Kuala Lumpur,t,9M-MXL,Boeing 737-800,,2026-10-09 00:25:00,2026-10-09 00:30:00,2026-10-09 07:20:00,,5,,on time,0,,,,24.6,0.00,9.4,13200.0,dry and calm
4313,2026-10-09,BOM,6E 6187,6E,IndiGo,HYD,Hyderabad,f,VT-IKS,Airbus A320,2,2026-10-09 00:30:00,,2026-10-09 02:10:00,2026-10-09 01:29:00,,-41,no actual time,0,,,,29.9,0.00,14.8,15620.0,dry and calm
4314,2026-10-09,BOM,QP 1135,QP,Akasa Air,CCU,Kolkata,f,,Boeing 737,2,2026-10-09 00:35:00,2026-10-09 00:51:00,2026-10-09 03:20:00,,16,,on time,0,,,,29.9,0.00,14.8,15620.0,dry and calm
4315,2026-10-09,BLR,IX 13K,IX,Air India Express,CCU,Kolkata,f,VT-TYE,Airbus A320 NEO,,2026-10-09 00:38:00,2026-10-09 00:38:00,,,0,,on time,0,,,,22.3,0.00,14.4,13680.0,dry and calm
4316,2026-10-09,BLR,MH 193,MH,Malaysia,KUL,Kuala Lumpur,t,9M-MLR,Boeing 737-800,2,2026-10-09 00:40:00,2026-10-09 01:13:00,2026-10-09 07:45:00,,33,,late,0,,,,22.3,0.00,14.4,13680.0,dry and calm
4317,2026-10-09,BOM,LX 155,LX,SWISS,ZRH,Zurich,t,HB-JHK,Airbus A330-300,2,2026-10-09 00:40:00,2026-10-09 01:18:00,2026-10-09 06:20:00,2026-10-09 06:40:00,38,20,late,0,,,,29.9,0.00,14.8,15620.0,dry and calm
4318,2026-10-09,BOM,QP 1516,QP,Akasa Air,BLR,Bangalore,f,VT-YBL,Boeing 737,2,2026-10-09 00:40:00,2026-10-09 01:02:00,2026-10-09 02:35:00,,22,,on time,0,,,,29.9,0.00,14.8,15620.0,dry and calm
4319,2026-10-09,BOM,6E 1049,6E,IndiGo,BKK,Bangkok,t,VT-IWQ,Airbus A320,2,2026-10-09 00:45:00,2026-10-09 01:22:00,2026-10-09 06:55:00,2026-10-09 06:38:00,37,-17,late,0,,,,29.9,0.00,14.8,15620.0,dry and calm
4320,2026-10-09,BLR,6E 1605,6E,IndiGo,DPS,Denpasar-Bali Island,t,VT-IIZ,Airbus A320 NEO,2,2026-10-09 00:50:00,2026-10-09 00:58:00,2026-10-09 10:20:00,,8,,on time,0,,,,22.3,0.00,14.4,13680.0,dry and calm
4321,2026-10-09,BLR,TG 326,TG,Thai  International,BKK,Bangkok,t,HS-THS,Airbus A350,2,2026-10-09 00:55:00,2026-10-09 01:19:00,2026-10-09 06:20:00,2026-10-09 06:00:00,24,-20,on time,0,,,,22.3,0.00,14.4,13680.0,dry and calm
4322,2026-10-09,BOM,VZ 761,VZ,Thai Vietjet Air,BKK,Bangkok,t,HS-VZB,Boeing 737,2,2026-10-09 00:55:00,2026-10-09 01:44:00,2026-10-09 06:50:00,2026-10-09 07:08:00,49,18,late,0,,,,29.9,0.00,14.8,15620.0,dry and calm
4323,2026-10-09,BLR,6E 5293,6E,IndiGo,BOM,Mumbai,f,VT-NHL,Airbus A321 NEO,1,2026-10-09 01:00:00,2026-10-09 01:17:00,2026-10-09 02:50:00,,17,,on time,1,,,,22.0,0.00,13.0,11380.0,dry and calm
4324,2026-10-09,BLR,6E 839,6E,IndiGo,DEL,New Delhi,f,VT-ICP,Airbus A321 NEO,1,2026-10-09 01:00:00,2026-10-09 01:06:00,2026-10-09 03:26:00,,6,,on time,1,,,,22.0,0.00,13.0,11380.0,dry and calm
4325,2026-10-09,BLR,KL 880,KL,KLM,AMS,Amsterdam,t,PH-BKH,Boeing 787-10,2,2026-10-09 01:00:00,2026-10-09 01:22:00,2026-10-09 07:55:00,2026-10-09 07:51:00,22,-4,on time,1,,,,22.0,0.00,13.0,11380.0,dry and calm
4326,2026-10-09,BOM,AI 2422,AI,Air India,DEL,New Delhi,f,,Airbus A320 NEO,2,2026-10-09 01:00:00,2026-10-09 01:13:00,2026-10-09 02:59:00,,13,,on time,1,,,,29.5,0.00,14.4,14200.0,dry and calm
4327,2026-10-09,BLR,6E 6563,6E,IndiGo,PNQ,Pune,f,VT-IMD,Airbus A321 NEO,1,2026-10-09 01:05:00,2026-10-09 01:15:00,2026-10-09 02:35:00,2026-10-09 02:20:00,10,-15,on time,1,,,,22.0,0.00,13.0,11380.0,dry and calm
4328,2026-10-09,BLR,IX 931,IX,Air India Express,DOH,Doha,t,VT-BWO,Boeing 737 MAX 8,2,2026-10-09 01:05:00,2026-10-09 01:44:00,2026-10-09 02:55:00,2026-10-09 03:11:00,39,16,late,1,,,,22.0,0.00,13.0,11380.0,dry and calm
4329,2026-10-09,BOM,6E 1413,6E,IndiGo,AUH,Abu Dhabi,t,VT-IPS,Airbus A320 NEO,2,2026-10-09 01:05:00,2026-10-09 01:33:00,2026-10-09 02:45:00,,28,,on time,1,,,,29.5,0.00,14.4,14200.0,dry and calm
4330,2026-10-09,HYD,BZ 684,BZ,Blue Dart Aviation,DEL,New Delhi,f,VT-BDB,Boeing 757-200,,2026-10-09 01:09:00,2026-10-09 01:09:00,,,0,,on time,1,,,,24.0,0.00,8.6,11840.0,dry and calm
4331,2026-10-09,BLR,6E 6779,6E,IndiGo,AMD,Ahmedabad,f,VT-ISU,Airbus A320 NEO,1,2026-10-09 01:10:00,2026-10-09 01:26:00,2026-10-09 03:20:00,,16,,on time,1,,,,22.0,0.00,13.0,11380.0,dry and calm
4332,2026-10-09,BOM,6E 5323,6E,IndiGo,BLR,Bangalore,f,VT-NHF,Airbus A320,1,2026-10-09 01:10:00,2026-10-09 01:15:00,2026-10-09 03:05:00,2026-10-09 02:24:00,5,-41,on time,1,6E 5094,BLR,,29.5,0.00,14.4,14200.0,dry and calm
4333,2026-10-09,HYD,6E 337,6E,IndiGo,PNQ,Pune,f,VT-ICG,Airbus A321 NEO,,2026-10-09 01:10:00,2026-10-09 01:17:00,2026-10-09 02:20:00,2026-10-09 02:05:00,7,-15,on time,1,,,,24.0,0.00,8.6,11840.0,dry and calm
4334,2026-10-09,HYD,TG 330,TG,Thai  International,BKK,Bangkok,t,HS-TXL,Airbus A320 (Sharklets),,2026-10-09 01:10:00,2026-10-09 01:19:00,2026-10-09 06:15:00,2026-10-09 06:10:00,9,-5,on time,1,,,,24.0,0.00,8.6,11840.0,dry and calm
4335,2026-10-09,BLR,CX 624,CX,Cathay Pacific,HKG,Hong Kong,t,B-LQH,Airbus A350-900,2,2026-10-09 01:15:00,2026-10-09 01:50:00,2026-10-09 09:50:00,2026-10-09 09:04:00,35,-46,late,1,,,,22.0,0.00,13.0,11380.0,dry and calm
4336,2026-10-09,BLR,IX 5976,IX,Air India Express,DEL,New Delhi,f,VT-ATD,Airbus A320 NEO,2,2026-10-09 01:15:00,,2026-10-09 03:53:00,,,,no actual time,1,,,,22.0,0.00,13.0,11380.0,dry and calm
4337,2026-10-09,BLR,6E 1419,6E,IndiGo,AUH,Abu Dhabi,t,VT-IPN,Airbus A320 NEO,2,2026-10-09 01:20:00,2026-10-09 01:37:00,2026-10-09 03:50:00,,17,,on time,1,,,,22.0,0.00,13.0,11380.0,dry and calm
4338,2026-10-09,BOM,6E 1339,6E,IndiGo,SIN,Singapore,t,VT-NHD,Airbus A320,2,2026-10-09 01:20:00,2026-10-09 01:41:00,2026-10-09 09:45:00,2026-10-09 09:15:00,21,-30,on time,1,,,,29.5,0.00,14.4,14200.0,dry and calm
4339,2026-10-09,BOM,AF 217,AF,Air France,CDG,Paris,t,F-HTYC,Airbus A350-900,2,2026-10-09 01:20:00,2026-10-09 01:59:00,2026-10-09 07:25:00,2026-10-09 07:52:00,39,27,late,1,,,,29.5,0.00,14.4,14200.0,dry and calm
4340,2026-10-09,HYD,FZ 9342,FZ,flydubai,DXB,Dubai,t,A6-FGG,Boeing 737-800,,2026-10-09 01:23:00,2026-10-09 01:23:00,2026-10-09 03:13:00,2026-10-09 03:13:00,0,0,on time,1,,,,24.0,0.00,8.6,11840.0,dry and calm
4341,2026-10-09,BLR,AF 191,AF,Air France,CDG,Paris,t,F-HTYQ,Airbus A350-900,2,2026-10-09 01:25:00,2026-10-09 01:58:00,2026-10-09 08:15:00,2026-10-09 08:40:00,33,25,late,1,,,,22.0,0.00,13.0,11380.0,dry and calm
4342,2026-10-09,BOM,6E 911,6E,IndiGo,AMD,Ahmedabad,f,VT-IBI,Airbus A320,2,2026-10-09 01:30:00,2026-10-09 01:37:00,2026-10-09 02:50:00,,7,,on time,1,,,,29.5,0.00,14.4,14200.0,dry and calm
4343,2026-10-09,BLR,6E 77,6E,IndiGo,JED,Jeddah,t,VT-NOG,Airbus A321 NEO,2,2026-10-09 01:35:00,2026-10-09 01:50:00,2026-10-09 04:50:00,,15,,on time,1,,,,22.0,0.00,13.0,11380.0,dry and calm
4344,2026-10-09,BLR,6E 1213,6E,IndiGo,BKK,Bangkok,t,VT-NOA,Airbus A321 NEO,2,2026-10-09 01:40:00,2026-10-09 01:55:00,2026-10-09 07:00:00,2026-10-09 06:41:00,15,-19,on time,1,6E 5032,BOM,-4,22.0,0.00,13.0,11380.0,dry and calm
4345,2026-10-09,BOM,BA 138,BA,British,LHR,London,t,G-YMMO,Boeing 787-9,2,2026-10-09 01:40:00,2026-10-09 02:11:00,2026-10-09 07:00:00,2026-10-09 07:47:00,31,47,late,1,,,,29.5,0.00,14.4,14200.0,dry and calm
4346,2026-10-09,BOM,CX 660,CX,Cathay Pacific,HKG,Hong Kong,t,B-HNR,Boeing 777-300ER,2,2026-10-09 01:40:00,2026-10-09 02:23:00,2026-10-09 10:10:00,2026-10-09 09:48:00,43,-22,late,1,,,,29.5,0.00,14.4,14200.0,dry and calm
4347,2026-10-09,BOM,LH 767,LH,Lufthansa,MUC,Munich,t,D-AIMN,Airbus A380-800,2,2026-10-09 01:45:00,2026-10-09 02:21:00,2026-10-09 06:45:00,2026-10-09 07:29:00,36,44,late,1,,,,29.5,0.00,14.4,14200.0,dry and calm
4348,2026-10-09,BLR,QO 378,QO,Quikjet,DEL,New Delhi,f,VT-AAZ,Boeing 737-800,1,2026-10-09 01:50:00,2026-10-09 02:01:00,,,11,,on time,1,,,,22.0,0.00,13.0,11380.0,dry and calm
4349,2026-10-09,BOM,SG 2803,SG,SpiceJet,DEL,New Delhi,f,VT-SQA,Bombardier Dash 8 Q400 / DHC-8-400,1,2026-10-09 01:50:00,2026-10-09 02:17:00,2026-10-09 04:32:00,,27,,on time,1,,,,29.5,0.00,14.4,14200.0,dry and calm
4350,2026-10-09,BOM,6E 1853,6E,IndiGo,NBO,Nairobi,t,VT-IIW,Airbus A320 NEO,2,2026-10-09 01:55:00,2026-10-09 02:09:00,2026-10-09 05:40:00,2026-10-09 05:31:00,14,-9,on time,1,,,,29.5,0.00,14.4,14200.0,dry and calm
4351,2026-10-09,BOM,AI 2241,AI,Air India,MRU,Port Louis,t,VT-TVI,Airbus A321,2,2026-10-09 02:00:00,2026-10-09 02:16:00,2026-10-09 06:30:00,,16,,on time,2,,,,29.0,0.00,12.6,14180.0,dry and calm
4352,2026-10-09,BOM,KL 878,KL,KLM,AMS,Amsterdam,t,,Boeing 777-200,2,2026-10-09 02:00:00,,2026-10-09 07:50:00,,,,canceled,2,,,,29.0,0.00,12.6,14180.0,dry and calm
4353,2026-10-09,BOM,AI 2812,AI,Air India,BLR,Bangalore,f,VT-TQG,Airbus A320 NEO,2,2026-10-09 02:05:00,2026-10-09 02:08:00,2026-10-09 04:10:00,2026-10-09 03:23:00,3,-47,on time,2,,,,29.0,0.00,12.6,14180.0,dry and calm
4354,2026-10-09,BLR,LH 765,LH,Lufthansa,MUC,Munich,t,D-AIXU,Airbus A350-900,2,2026-10-09 02:10:00,2026-10-09 02:29:00,2026-10-09 07:55:00,2026-10-09 08:19:00,19,24,on time,2,,,,21.6,0.00,11.5,11400.0,dry and calm
4355,2026-10-09,BOM,DD 939,DD,Nok Air,DMK,Bangkok,t,,,2,2026-10-09 02:10:00,,,,,,no actual time,2,,,,29.0,0.00,12.6,14180.0,dry and calm
4356,2026-10-09,HYD,6E 706,6E,IndiGo,DEL,New Delhi,f,VT-NCU,Airbus A321 NEO,,2026-10-09 02:15:00,2026-10-09 02:19:00,2026-10-09 04:09:00,,4,,on time,2,,,,23.5,0.00,7.2,11880.0,dry and calm
4357,2026-10-09,BLR,AI 2858,AI,Air India,BOM,Mumbai,f,VT-TQI,Airbus A320 NEO,2,2026-10-09 02:20:00,2026-10-09 03:16:00,2026-10-09 04:10:00,,56,,late,2,,,,21.6,0.00,11.5,11400.0,dry and calm
4358,2026-10-09,BOM,J2 60,J2,AZAL Azerbaijan,GYD,Baku,t,4K-AZ78,Airbus A320,2,2026-10-09 02:25:00,2026-10-09 02:45:00,2026-10-09 06:15:00,,20,,on time,2,,,,29.0,0.00,12.6,14180.0,dry and calm
4359,2026-10-09,BOM,J9 402,J9,Jazeera,KWI,Kuwait City,t,9K-CBK,Airbus A320,2,2026-10-09 02:30:00,2026-10-09 02:32:00,2026-10-09 04:10:00,,2,,on time,2,,,,29.0,0.00,12.6,14180.0,dry and calm
4360,2026-10-09,BLR,6E 6876,6E,IndiGo,PNQ,Pune,f,VT-ILF,Airbus A321 NEO,1,2026-10-09 02:40:00,2026-10-09 02:44:00,2026-10-09 04:05:00,2026-10-09 03:48:00,4,-17,on time,2,,,,21.6,0.00,11.5,11400.0,dry and calm
4361,2026-10-09,BOM,KQ 203,KQ,Kenya,NBO,Nairobi,t,5Y-CYA,Boeing 737-800,2,2026-10-09 02:40:00,2026-10-09 03:16:00,2026-10-09 06:25:00,,36,,late,2,,,,29.0,0.00,12.6,14180.0,dry and calm
4362,2026-10-09,BOM,LH 757,LH,Lufthansa,FRA,Frankfurt-am-Main,t,D-ABQC,Boeing 787-9,2,2026-10-09 02:40:00,2026-10-09 03:12:00,2026-10-09 08:05:00,2026-10-09 08:21:00,32,16,late,2,,,,29.0,0.00,12.6,14180.0,dry and calm
4363,2026-10-09,BOM,TG 352,TG,Thai  International,BKK,Bangkok,t,HS-TOE,Airbus A320,2,2026-10-09 02:40:00,2026-10-09 03:07:00,2026-10-09 08:40:00,2026-10-09 08:40:00,27,0,on time,2,,,,29.0,0.00,12.6,14180.0,dry and calm
4364,2026-10-09,HYD,CX 672,CX,Cathay Pacific,HKG,Hong Kong,t,B-HLR,Airbus A330-300,,2026-10-09 02:40:00,2026-10-09 03:43:00,2026-10-09 11:00:00,2026-10-09 10:46:00,63,-14,late,2,,,,23.5,0.00,7.2,11880.0,dry and calm
4365,2026-10-09,BOM,6E 5179,6E,IndiGo,HYD,Hyderabad,f,VT-NOO,Airbus A320,1,2026-10-09 02:45:00,2026-10-09 02:40:00,2026-10-09 04:20:00,2026-10-09 03:33:00,-5,-47,on time,2,6E 5376,BLR,,29.0,0.00,12.6,14180.0,dry and calm
4366,2026-10-09,BLR,BA 130,BA,British,LHR,London,t,G-ZBJH,Boeing 787-8,2,2026-10-09 02:50:00,2026-10-09 02:40:00,2026-10-09 09:00:00,2026-10-09 09:23:00,-10,23,on time,2,,,,21.6,0.00,11.5,11400.0,dry and calm
4367,2026-10-09,BLR,JL 754,JL,Japan Airlines,NRT,Tokyo,t,JA867J,Boeing 787-9,2,2026-10-09 02:55:00,2026-10-09 03:12:00,2026-10-09 14:35:00,2026-10-09 14:04:00,17,-31,on time,2,,,,21.6,0.00,11.5,11400.0,dry and calm
4368,2026-10-09,BLR,6E 804,6E,IndiGo,DEL,New Delhi,f,VT-NCP,Airbus A321 NEO,1,2026-10-09 03:00:00,2026-10-09 03:10:00,2026-10-09 05:30:00,,10,,on time,3,,,,21.3,0.00,9.4,7780.0,dry and calm
4369,2026-10-09,BLR,LH 755,LH,Lufthansa,FRA,Frankfurt-am-Main,t,D-ABTK,Boeing 747-400,2,2026-10-09 03:00:00,2026-10-09 03:53:00,2026-10-09 09:05:00,2026-10-09 09:41:00,53,36,late,3,,,,21.3,0.00,9.4,7780.0,dry and calm
4370,2026-10-09,BOM,6E 6045,6E,IndiGo,DEL,New Delhi,f,VT-NHZ,Airbus A320,2,2026-10-09 03:00:00,2026-10-09 03:05:00,2026-10-09 04:42:00,,5,,on time,3,,,,28.7,0.00,9.7,14180.0,dry and calm
4371,2026-10-09,BOM,MS 969,MS,EgyptAir,CAI,Cairo,t,SU-GFN,Airbus A320 NEO,2,2026-10-09 03:00:00,2026-10-09 03:18:00,2026-10-09 06:30:00,,18,,on time,3,,,,28.7,0.00,9.7,14180.0,dry and calm
4372,2026-10-09,HYD,6E 5143,6E,IndiGo,BOM,Mumbai,f,VT-IAS,Airbus A320 (Sharklets),,2026-10-09 03:00:00,2026-10-09 02:58:00,2026-10-09 04:35:00,,-2,,on time,3,,,,23.2,0.00,5.8,11880.0,dry and calm
4373,2026-10-09,BOM,AI 2452,AI,Air India,DEL,New Delhi,f,,Airbus A320 NEO,2,2026-10-09 03:05:00,2026-10-09 03:20:00,2026-10-09 04:54:00,,15,,on time,3,,,,28.7,0.00,9.7,14180.0,dry and calm
4374,2026-10-09,BOM,UL 142,UL,SriLankan,CMB,Colombo,t,4R-ALR,Airbus A320,2,2026-10-09 03:10:00,2026-10-09 04:08:00,2026-10-09 05:40:00,,58,,late,3,,,,28.7,0.00,9.7,14180.0,dry and calm
4375,2026-10-09,HYD,LH 753,LH,Lufthansa,FRA,Frankfurt-am-Main,t,D-ABQA,Boeing 787-9,,2026-10-09 03:10:00,2026-10-09 03:29:00,2026-10-09 09:05:00,2026-10-09 09:08:00,19,3,on time,3,,,,23.2,0.00,5.8,11880.0,dry and calm
4376,2026-10-09,HYD,QR 501,QR,Qatar,DOH,Doha,t,,Boeing 787-8,,2026-10-09 03:30:00,,2026-10-09 05:25:00,2026-10-09 07:29:00,,124,no actual time,3,,,,23.2,0.00,5.8,11880.0,dry and calm
4377,2026-10-09,HYD,C6 552,C6,Centrum Air,TAS,Tashkent,t,UK32075,Airbus A320 NEO,,2026-10-09 03:35:00,2026-10-09 03:15:00,2026-10-09 07:45:00,,-20,,on time,3,,,,23.2,0.00,5.8,11880.0,dry and calm
4378,2026-10-09,BLR,6E 5205,6E,IndiGo,BOM,Mumbai,f,VT-NOT,Airbus A321 NEO,1,2026-10-09 03:45:00,2026-10-09 03:51:00,2026-10-09 05:30:00,,6,,on time,3,6E 6188,BOM,14,21.3,0.00,9.4,7780.0,dry and calm
4379,2026-10-09,HYD,6E 1448,6E,IndiGo,AUH,Abu Dhabi,t,VT-IQA,Airbus A320 NEO,,2026-10-09 03:45:00,2026-10-09 03:46:00,2026-10-09 05:55:00,,1,,on time,3,,,,23.2,0.00,5.8,11880.0,dry and calm
4380,2026-10-09,BLR,KU 354,KU,Kuwait,KWI,Kuwait City,t,9K-AKP,Airbus A320 NEO,2,2026-10-09 03:50:00,2026-10-09 04:08:00,2026-10-09 06:30:00,,18,,on time,3,,,,21.3,0.00,9.4,7780.0,dry and calm
4381,2026-10-09,BOM,6E 1071,6E,IndiGo,HKT,Phuket,t,VT-NMH,Airbus A320,2,2026-10-09 03:55:00,2026-10-09 04:22:00,2026-10-09 10:05:00,,27,,on time,3,,,,28.7,0.00,9.7,14180.0,dry and calm
4382,2026-10-09,BOM,XY 322,XY,flynas,RUH,Riyadh,t,HZ-NS44,Airbus A320 NEO,2,2026-10-09 03:55:00,2026-10-09 07:17:00,2026-10-09 05:30:00,,202,,late,3,,,,28.7,0.00,9.7,14180.0,dry and calm
4383,2026-10-09,HYD,KU 374,KU,Kuwait,KWI,Kuwait City,t,9K-AKM,Airbus A320 NEO,,2026-10-09 03:55:00,2026-10-09 04:05:00,2026-10-09 06:30:00,,10,,on time,3,,,,23.2,0.00,5.8,11880.0,dry and calm
4384,2026-10-09,BLR,IX 2873,IX,Air India Express,PNQ,Pune,f,VT-BWV,Boeing 737 MAX 8,2,2026-10-09 04:00:00,2026-10-09 04:17:00,2026-10-09 05:35:00,2026-10-09 05:20:00,17,-15,on time,4,,,,21.0,0.00,9.7,7700.0,dry and calm
4385,2026-10-09,BLR,QR 573,QR,Qatar,DOH,Doha,t,A7-BEP,Boeing 777,2,2026-10-09 04:00:00,,2026-10-09 05:50:00,2026-10-09 05:58:00,,8,no actual time,4,,,,21.0,0.00,9.7,7700.0,dry and calm
4386,2026-10-09,BOM,6E 632,6E,IndiGo,AMD,Ahmedabad,f,VT-IPY,Airbus A320 NEO,2,2026-10-09 04:00:00,2026-10-09 04:03:00,2026-10-09 05:20:00,,3,,on time,4,,,,28.4,0.00,13.3,14160.0,dry and calm
4387,2026-10-09,BOM,6E 136,6E,IndiGo,MAA,Chennai,f,,Airbus A320,2,2026-10-09 04:05:00,2026-10-09 04:10:00,2026-10-09 06:05:00,,5,,on time,4,,,,28.4,0.00,13.3,14160.0,dry and calm
4388,2026-10-09,BOM,ET 611,ET,Ethiopian,ADD,Addis Ababa,t,,Boeing 777-300ER,2,2026-10-09 04:05:00,2026-10-09 04:52:00,2026-10-09 06:35:00,,47,,late,4,,,,28.4,0.00,13.3,14160.0,dry and calm
4389,2026-10-09,BLR,QP 1811,QP,Akasa Air,DEL,New Delhi,f,VT-YBA,Boeing 737 MAX 8,1,2026-10-09 04:10:00,,2026-10-09 06:39:00,,,,no actual time,4,,,,21.0,0.00,9.7,7700.0,dry and calm
4390,2026-10-09,BOM,QR 557,QR,Qatar,DOH,Doha,t,,Airbus A350-1000,2,2026-10-09 04:10:00,2026-10-09 05:15:00,2026-10-09 05:15:00,2026-10-09 05:43:00,65,28,late,4,,,,28.4,0.00,13.3,14160.0,dry and calm
4391,2026-10-09,BLR,6E 1861,6E,IndiGo,MRU,Port Louis,t,VT-NCA,Airbus A321 NEO,2,2026-10-09 04:15:00,2026-10-09 04:21:00,2026-10-09 08:30:00,,6,,on time,4,,,,21.0,0.00,9.7,7700.0,dry and calm
4392,2026-10-09,BOM,AI 4249,AI,Air India,DMM,Ad Dammam,t,VT-EXV,Airbus A320 NEO,2,2026-10-09 04:15:00,2026-10-09 04:28:00,2026-10-09 06:10:00,,13,,on time,4,,,,28.4,0.00,13.3,14160.0,dry and calm
4393,2026-10-09,HYD,OV 736,OV,SalamAir,MCT,Muscat,t,A4O-OVH,Airbus A320 NEO,,2026-10-09 04:15:00,2026-10-09 04:20:00,2026-10-09 06:05:00,,5,,on time,4,,,,23.0,0.00,4.3,11860.0,dry and calm
4394,2026-10-09,BLR,G9 497,G9,Air Arabia,SHJ,Sharjah,t,A6-AQM,Airbus A320,2,2026-10-09 04:20:00,,2026-10-09 06:40:00,,,,no actual time,4,,,,21.0,0.00,9.7,7700.0,dry and calm
4395,2026-10-09,HYD,G9 468,G9,Air Arabia,SHJ,Sharjah,t,A6-AOI,Airbus A320,,2026-10-09 04:20:00,2026-10-09 04:47:00,2026-10-09 06:30:00,,27,,on time,4,,,,23.0,0.00,4.3,11860.0,dry and calm
4396,2026-10-09,BOM,6E 1303,6E,IndiGo,DOH,Doha,t,VT-IMB,Airbus A320,2,2026-10-09 04:25:00,2026-10-09 04:35:00,2026-10-09 05:30:00,2026-10-09 05:03:00,10,-27,on time,4,,,,28.4,0.00,13.3,14160.0,dry and calm
4397,2026-10-09,BOM,EK 501,EK,Emirates,DXB,Dubai,t,A6-EOV,Airbus A380-800,2,2026-10-09 04:25:00,2026-10-09 04:44:00,2026-10-09 06:00:00,2026-10-09 05:39:00,19,-21,on time,4,,,,28.4,0.00,13.3,14160.0,dry and calm
4398,2026-10-09,BOM,VS 359,VS,Virgin Atlantic,LHR,London,t,G-VDIA,Boeing 787-9,2,2026-10-09 04:25:00,2026-10-09 04:38:00,2026-10-09 10:00:00,2026-10-09 10:04:00,13,4,on time,4,,,,28.4,0.00,13.3,14160.0,dry and calm
4399,2026-10-09,BLR,6E 408,6E,IndiGo,PNQ,Pune,f,VT-ICT,Airbus A321 NEO,1,2026-10-09 04:30:00,2026-10-09 04:37:00,2026-10-09 06:00:00,2026-10-09 05:38:00,7,-22,on time,4,,,,21.0,0.00,9.7,7700.0,dry and calm
4400,2026-10-09,BOM,6E 5294,6E,IndiGo,BLR,Bangalore,f,VT-NCZ,Airbus A320,1,2026-10-09 04:30:00,2026-10-09 04:36:00,2026-10-09 06:25:00,2026-10-09 05:50:00,6,-35,on time,4,6E 5203,HYD,,28.4,0.00,13.3,14160.0,dry and calm
4401,2026-10-09,BOM,6E 643,6E,IndiGo,LKO,Lucknow,f,VT-IXE,Airbus A320 NEO,2,2026-10-09 04:30:00,2026-10-09 04:32:00,2026-10-09 06:30:00,2026-10-09 08:21:00,2,111,on time,4,,,,28.4,0.00,13.3,14160.0,dry and calm
4402,2026-10-09,HYD,6E 1313,6E,IndiGo,DOH,Doha,t,VT-IBO,Airbus A321 NEO,,2026-10-09 04:30:00,2026-10-09 04:36:00,2026-10-09 06:25:00,2026-10-09 05:52:00,6,-33,on time,4,,,,23.0,0.00,4.3,11860.0,dry and calm
4403,2026-10-09,HYD,EY 353,EY,Etihad,AUH,Abu Dhabi,t,A6-AEP,Airbus A321 NEO,,2026-10-09 04:30:00,2026-10-09 05:53:00,2026-10-09 06:40:00,,83,,late,4,,,,23.0,0.00,4.3,11860.0,dry and calm
4404,2026-10-09,BLR,EY 233,EY,Etihad,AUH,Abu Dhabi,t,A6-AEB,Airbus A321 (Sharklets),2,2026-10-09 04:35:00,2026-10-09 06:06:00,2026-10-09 07:00:00,,91,,late,4,,,,21.0,0.00,9.7,7700.0,dry and calm
4405,2026-10-09,BOM,AI 129,AI,Air India,LHR,London,t,VT-AWB,Boeing 787-8,2,2026-10-09 04:35:00,2026-10-09 05:26:00,2026-10-09 10:15:00,2026-10-09 10:48:00,51,33,late,4,,,,28.4,0.00,13.3,14160.0,dry and calm
4406,2026-10-09,HYD,6E 351,6E,IndiGo,PNQ,Pune,f,VT-IBQ,Airbus A321 NEO,,2026-10-09 04:35:00,2026-10-09 04:34:00,2026-10-09 05:45:00,2026-10-09 05:25:00,-1,-20,on time,4,,,,23.0,0.00,4.3,11860.0,dry and calm
4407,2026-10-09,BLR,6E 6633,6E,IndiGo,IXC,Chandigarh,f,VT-ISP,Airbus A320 NEO,1,2026-10-09 04:40:00,2026-10-09 04:50:00,2026-10-09 07:40:00,,10,,on time,4,6E 285,HYD,-14,21.0,0.00,9.7,7700.0,dry and calm
4408,2026-10-09,BOM,6E 1603,6E,IndiGo,BKK,Bangkok,t,VT-NHC,Airbus A320,2,2026-10-09 04:40:00,2026-10-09 04:50:00,2026-10-09 10:40:00,2026-10-09 10:30:00,10,-10,on time,4,,,,28.4,0.00,13.3,14160.0,dry and calm
4409,2026-10-09,BOM,QP 561,QP,Akasa Air,JED,Jeddah,t,,Boeing 737,2,2026-10-09 04:40:00,2026-10-09 05:04:00,2026-10-09 07:45:00,,24,,on time,4,,,,28.4,0.00,13.3,14160.0,dry and calm
4410,2026-10-09,HYD,EK 525,EK,Emirates,DXB,Dubai,t,A6-EPT,Boeing 777,,2026-10-09 04:40:00,2026-10-09 05:03:00,2026-10-09 06:45:00,2026-10-09 06:49:00,23,4,on time,4,,,,23.0,0.00,4.3,11860.0,dry and calm
4411,2026-10-09,BLR,EK 569,EK,Emirates,DXB,Dubai,t,A6-EUG,Airbus A380,2,2026-10-09 04:45:00,2026-10-09 05:02:00,2026-10-09 07:05:00,2026-10-09 06:53:00,17,-12,on time,4,,,,21.0,0.00,9.7,7700.0,dry and calm
4412,2026-10-09,BOM,6E 73,6E,IndiGo,RUH,Riyadh,t,,Airbus A320,2,2026-10-09 04:45:00,,2026-10-09 06:45:00,,,,canceled,4,,,,28.4,0.00,13.3,14160.0,dry and calm
4413,2026-10-09,BOM,G9 406,G9,Air Arabia,SHJ,Sharjah,t,A6-AOA,Airbus A320,2,2026-10-09 04:55:00,2026-10-09 05:45:00,2026-10-09 06:25:00,,50,,late,4,,,,28.4,0.00,13.3,14160.0,dry and calm
4414,2026-10-09,BLR,QP 1359,QP,Akasa Air,DEL,New Delhi,f,VT-YBN,Boeing 737 MAX 8,1,2026-10-09 05:00:00,,2026-10-09 07:31:00,,,,no actual time,5,,,,21.1,0.00,10.4,7620.0,dry and calm
4415,2026-10-09,BOM,6E 5243,6E,IndiGo,GAU,Guwahati,f,VT-ISR,Airbus A320 NEO,1,2026-10-09 05:00:00,2026-10-09 05:03:00,2026-10-09 08:10:00,,3,,on time,5,,,,28.3,0.00,14.4,14160.0,dry and calm
4416,2026-10-09,BOM,6E 6361,6E,IndiGo,GOI,Vasco da Gama,f,VT-IWU,Airbus A320 NEO,2,2026-10-09 05:00:00,2026-10-09 05:08:00,2026-10-09 06:05:00,,8,,on time,5,,,,28.3,0.00,14.4,14160.0,dry and calm
4417,2026-10-09,BOM,6E 656,6E,IndiGo,DEL,New Delhi,f,VT-NCX,Airbus A320,2,2026-10-09 05:00:00,2026-10-09 05:14:00,2026-10-09 06:50:00,,14,,on time,5,,,,28.3,0.00,14.4,14160.0,dry and calm
4418,2026-10-09,BOM,EY 207,EY,Etihad,AUH,Abu Dhabi,t,A6-ETS,Airbus A320,2,2026-10-09 05:00:00,2026-10-09 05:31:00,2026-10-09 06:30:00,,31,,late,5,,,,28.3,0.00,14.4,14160.0,dry and calm
4419,2026-10-09,BOM,QP 1145,QP,Akasa Air,MAA,Chennai,f,,Boeing 737,2,2026-10-09 05:00:00,2026-10-09 05:24:00,2026-10-09 07:00:00,,24,,on time,5,,,,28.3,0.00,14.4,14160.0,dry and calm
4420,2026-10-09,HYD,6E 5245,6E,IndiGo,BOM,Mumbai,f,VT-NOO,Airbus A321 NEO,,2026-10-09 05:00:00,2026-10-09 04:56:00,2026-10-09 06:25:00,,-4,,on time,5,6E 5179,BOM,-47,22.7,0.00,3.2,11820.0,dry and calm
4421,2026-10-09,BLR,6E 836,6E,IndiGo,DEL,New Delhi,f,VT-NCE,Airbus A321 NEO,1,2026-10-09 05:05:00,2026-10-09 05:11:00,2026-10-09 07:30:00,,6,,on time,5,,,,21.1,0.00,10.4,7620.0,dry and calm
4422,2026-10-09,BLR,QP 1517,QP,Akasa Air,BOM,Mumbai,f,VT-YBD,Boeing 737 MAX 8,1,2026-10-09 05:05:00,,2026-10-09 06:50:00,,,,no actual time,5,QP 1518,BOM,,21.1,0.00,10.4,7620.0,dry and calm
4423,2026-10-09,BOM,IX 1797,IX,Air India Express,COK,Kochi,f,VT-BWR,Boeing 737,2,2026-10-09 05:05:00,2026-10-09 05:18:00,2026-10-09 07:05:00,,13,,on time,5,,,,28.3,0.00,14.4,14160.0,dry and calm
4424,2026-10-09,HYD,6E 815,6E,IndiGo,JAI,Jaipur,f,VT-IMS,Airbus A321 NEO,,2026-10-09 05:05:00,2026-10-09 05:13:00,2026-10-09 07:05:00,,8,,on time,5,,,,22.7,0.00,3.2,11820.0,dry and calm
4425,2026-10-09,BLR,6E 586,6E,IndiGo,AMD,Ahmedabad,f,VT-IVB,Airbus A320 NEO,1,2026-10-09 05:10:00,2026-10-09 05:23:00,2026-10-09 07:20:00,,13,,on time,5,,,,21.1,0.00,10.4,7620.0,dry and calm
4426,2026-10-09,BLR,QP 1311,QP,Akasa Air,PNQ,Pune,f,VT-YBP,Boeing 737 MAX 8,1,2026-10-09 05:10:00,,2026-10-09 06:50:00,,,,no actual time,5,,,,21.1,0.00,10.4,7620.0,dry and calm
4427,2026-10-09,BOM,AI 603,AI,Air India,GOI,Vasco da Gama,f,VT-TVA,Airbus A321,2,2026-10-09 05:10:00,2026-10-09 05:22:00,2026-10-09 06:30:00,,12,,on time,5,AI 2854,BLR,,28.3,0.00,14.4,14160.0,dry and calm
4428,2026-10-09,BLR,6E 457,6E,IndiGo,GAU,Guwahati,f,VT-IME,Airbus A321 NEO,1,2026-10-09 05:15:00,2026-10-09 05:18:00,2026-10-09 08:20:00,,3,,on time,5,,,,21.1,0.00,10.4,7620.0,dry and calm
4429,2026-10-09,BOM,6E 1607,6E,IndiGo,MAA,Chennai,f,VT-IOG,Airbus A320,2,2026-10-09 05:15:00,2026-10-09 05:29:00,2026-10-09 07:15:00,,14,,on time,5,,,,28.3,0.00,14.4,14160.0,dry and calm
4430,2026-10-09,BOM,6E 6118,6E,IndiGo,ATQ,Amritsar,f,VT-ICB,Airbus A320,2,2026-10-09 05:15:00,2026-10-09 05:30:00,2026-10-09 07:45:00,,15,,on time,5,,,,28.3,0.00,14.4,14160.0,dry and calm
4431,2026-10-09,BOM,FZ 446,FZ,flydubai,DXB,Dubai,t,A6-FEM,Boeing 737-800,2,2026-10-09 05:20:00,2026-10-09 06:52:00,2026-10-09 07:05:00,2026-10-09 08:00:00,92,55,late,5,,,,28.3,0.00,14.4,14160.0,dry and calm
4432,2026-10-09,HYD,6E 709,6E,IndiGo,DEL,New Delhi,f,VT-NCR,Airbus A321 NEO,,2026-10-09 05:20:00,2026-10-09 05:25:00,2026-10-09 07:16:00,,5,,on time,5,,,,22.7,0.00,3.2,11820.0,dry and calm
4433,2026-10-09,HYD,6E 7549,6E,IndiGo,IXE,Mangalore,f,VT-IRD,ATR 72,,2026-10-09 05:20:00,2026-10-09 05:27:00,2026-10-09 07:05:00,,7,,on time,5,,,,22.7,0.00,3.2,11820.0,dry and calm
4434,2026-10-09,BLR,QP 1372,QP,Akasa Air,GAU,Guwahati,f,VT-YAI,Boeing 737 MAX 8,1,2026-10-09 05:25:00,,2026-10-09 08:35:00,,,,no actual time,5,,,,21.1,0.00,10.4,7620.0,dry and calm
4435,2026-10-09,BOM,QP 625,QP,Akasa Air,HAN,Hanoi,t,,Boeing 737,2,2026-10-09 05:25:00,2026-10-09 05:38:00,2026-10-09 12:00:00,,13,,on time,5,,,,28.3,0.00,14.4,14160.0,dry and calm
4436,2026-10-09,BLR,6E 5089,6E,IndiGo,BOM,Mumbai,f,VT-NHF,Airbus A321 NEO,1,2026-10-09 05:30:00,2026-10-09 05:27:00,2026-10-09 07:15:00,,-3,,on time,5,6E 5323,BOM,-41,21.1,0.00,10.4,7620.0,dry and calm
4437,2026-10-09,BLR,AI 2414,AI,Air India,DEL,New Delhi,f,VT-EXI,Airbus A320 NEO,2,2026-10-09 05:30:00,2026-10-09 05:49:00,2026-10-09 08:15:00,,19,,on time,5,,,,21.1,0.00,10.4,7620.0,dry and calm
4438,2026-10-09,BLR,QP 1571,QP,Akasa Air,DEL,New Delhi,f,VT-YBQ,Boeing 737 MAX 8,1,2026-10-09 05:30:00,,2026-10-09 08:23:00,,,,no actual time,5,,,,21.1,0.00,10.4,7620.0,dry and calm
4439,2026-10-09,BLR,QP 1850,QP,Akasa Air,IXB,Siliguri,f,VT-YBO,Boeing 737 MAX 8,1,2026-10-09 05:30:00,,2026-10-09 08:30:00,,,,no actual time,5,,,,21.1,0.00,10.4,7620.0,dry and calm
4440,2026-10-09,BOM,6E 6367,6E,IndiGo,CCU,Kolkata,f,VT-NCB,Airbus A320,2,2026-10-09 05:30:00,2026-10-09 05:43:00,2026-10-09 08:15:00,2026-10-09 07:50:00,13,-25,on time,5,,,,28.3,0.00,14.4,14160.0,dry and calm
4441,2026-10-09,HYD,6E 972,6E,IndiGo,GAU,Guwahati,f,VT-ICI,Airbus A321 NEO,,2026-10-09 05:30:00,2026-10-09 05:48:00,2026-10-09 08:10:00,,18,,on time,5,,,,22.7,0.00,3.2,11820.0,dry and calm
4442,2026-10-09,HYD,AI 1806,AI,Air India,DEL,New Delhi,f,VT-RTZ,Airbus A320 NEO,,2026-10-09 05:30:00,2026-10-09 05:33:00,2026-10-09 07:26:00,,3,,on time,5,,,,22.7,0.00,3.2,11820.0,dry and calm
4443,2026-10-09,BOM,6E 5081,6E,IndiGo,IXU,Aurangabad,f,VT-IAS,Airbus A320 NEO,1,2026-10-09 05:35:00,2026-10-09 05:44:00,2026-10-09 06:40:00,,9,,on time,5,6E 5143,HYD,,28.3,0.00,14.4,14160.0,dry and calm
4444,2026-10-09,BOM,6E 6701,6E,IndiGo,COK,Kochi,f,VT-IRX,Airbus A320,2,2026-10-09 05:35:00,2026-10-09 05:55:00,2026-10-09 07:30:00,,20,,on time,5,,,,28.3,0.00,14.4,14160.0,dry and calm
4445,2026-10-09,BOM,IX 1793,IX,Air India Express,CJB,Coimbatore,f,,Airbus A320 NEO,2,2026-10-09 05:35:00,2026-10-09 05:49:00,2026-10-09 07:20:00,,14,,on time,5,,,,28.3,0.00,14.4,14160.0,dry and calm
4446,2026-10-09,BLR,6E 194,6E,IndiGo,GOI,Vasco da Gama,f,VT-IOX,Airbus A320 NEO,1,2026-10-09 05:40:00,2026-10-09 05:42:00,2026-10-09 06:45:00,,2,,on time,5,,,,21.1,0.00,10.4,7620.0,dry and calm
4447,2026-10-09,BLR,IX 2875,IX,Air India Express,VGA,Vijayawada,f,VT-RTF,Airbus A320 NEO,2,2026-10-09 05:40:00,2026-10-09 05:54:00,2026-10-09 07:25:00,,14,,on time,5,,,,21.1,0.00,10.4,7620.0,dry and calm
4448,2026-10-09,BLR,QP 1511,QP,Akasa Air,BBI,Bhubaneswar,f,VT-YAW,Boeing 737 MAX 8,1,2026-10-09 05:40:00,,2026-10-09 07:40:00,,,,no actual time,5,,,,21.1,0.00,10.4,7620.0,dry and calm
4449,2026-10-09,BOM,QP 1121,QP,Akasa Air,SXR,Srinagar,f,,Boeing 737,2,2026-10-09 05:40:00,2026-10-09 06:02:00,,,22,,on time,5,,,,28.3,0.00,14.4,14160.0,dry and calm
4450,2026-10-09,HYD,6E 1509,6E,IndiGo,BKK,Bangkok,t,VT-IXD,Airbus A320 NEO,,2026-10-09 05:40:00,2026-10-09 05:59:00,2026-10-09 10:55:00,2026-10-09 10:50:00,19,-5,on time,5,,,,22.7,0.00,3.2,11820.0,dry and calm
4451,2026-10-09,BLR,GF 283,GF,Gulf Air,BAH,Manama,t,A9C-XB,Airbus A321 NEO,2,2026-10-09 05:45:00,2026-10-09 05:55:00,2026-10-09 07:55:00,,10,,on time,5,,,,21.1,0.00,10.4,7620.0,dry and calm
4452,2026-10-09,BOM,6E 5059,6E,IndiGo,BDQ,Vadodara,f,VT-NHJ,Airbus A320,1,2026-10-09 05:45:00,2026-10-09 05:57:00,2026-10-09 06:55:00,,12,,on time,5,,,,28.3,0.00,14.4,14160.0,dry and calm
4453,2026-10-09,BOM,6E 6362,6E,IndiGo,HYD,Hyderabad,f,VT-NCH,Airbus A320,2,2026-10-09 05:45:00,2026-10-09 05:52:00,2026-10-09 07:20:00,2026-10-09 06:49:00,7,-31,on time,5,,,,28.3,0.00,14.4,14160.0,dry and calm
4454,2026-10-09,HYD,6E 6207,6E,IndiGo,PAT,Patna,f,VT-IIE,Airbus A320 NEO,,2026-10-09 05:45:00,2026-10-09 05:50:00,2026-10-09 07:45:00,,5,,on time,5,,,,22.7,0.00,3.2,11820.0,dry and calm
4455,2026-10-09,BLR,IX 2881,IX,Air India Express,GAU,Guwahati,f,VT-BXV,Boeing 737 MAX 8,2,2026-10-09 05:50:00,2026-10-09 06:11:00,2026-10-09 09:15:00,,21,,on time,5,,,,21.1,0.00,10.4,7620.0,dry and calm
4456,2026-10-09,BLR,QP 1515,QP,Akasa Air,BOM,Mumbai,f,VT-YAT,Boeing 737 MAX 8,1,2026-10-09 05:50:00,,2026-10-09 07:35:00,,,,no actual time,5,,,,21.1,0.00,10.4,7620.0,dry and calm
4457,2026-10-09,BOM,IX 1026,IX,Air India Express,LKO,Lucknow,f,VT-BWF,Boeing 737,2,2026-10-09 05:50:00,2026-10-09 06:11:00,2026-10-09 08:10:00,2026-10-09 07:58:00,21,-12,on time,5,,,,28.3,0.00,14.4,14160.0,dry and calm
4458,2026-10-09,BOM,TC 401,TC,Air Tanzania,DAR,Dar es Salaam,t,5H-TCP,Boeing 737-900,2,2026-10-09 05:50:00,2026-10-09 06:38:00,2026-10-09 09:20:00,,48,,late,5,,,,28.3,0.00,14.4,14160.0,dry and calm
4459,2026-10-09,HYD,AI 2872,AI,Air India,BOM,Mumbai,f,VT-TNS,Airbus A320 NEO,,2026-10-09 05:50:00,2026-10-09 05:57:00,2026-10-09 07:45:00,,7,,on time,5,AI 2869,BOM,-28,22.7,0.00,3.2,11820.0,dry and calm
4460,2026-10-09,BLR,IX 2056,IX,Air India Express,VTZ,Visakhapatnam,f,VT-BWP,Boeing 737 MAX 8,2,2026-10-09 05:55:00,2026-10-09 06:09:00,2026-10-09 07:30:00,2026-10-09 07:21:00,14,-9,on time,5,,,,21.1,0.00,10.4,7620.0,dry and calm
4461,2026-10-09,BOM,AI 4215,AI,Air India,DXB,Dubai,t,VT-TQB,Airbus A320 NEO,2,2026-10-09 05:55:00,2026-10-09 06:04:00,2026-10-09 07:25:00,2026-10-09 07:06:00,9,-19,on time,5,,,,28.3,0.00,14.4,14160.0,dry and calm
4462,2026-10-09,BOM,IX 1237,IX,Air India Express,IXR,Ranchi,f,,Boeing 737,2,2026-10-09 05:55:00,2026-10-09 06:09:00,2026-10-09 08:20:00,,14,,on time,5,,,,28.3,0.00,14.4,14160.0,dry and calm
4463,2026-10-09,HYD,6E 6494,6E,IndiGo,CCU,Kolkata,f,VT-IMK,Airbus A321 NEO,,2026-10-09 05:55:00,2026-10-09 06:08:00,2026-10-09 08:05:00,2026-10-09 07:43:00,13,-22,on time,5,,,,22.7,0.00,3.2,11820.0,dry and calm
4464,2026-10-09,BLR,AI 2810,AI,Air India,DEL,New Delhi,f,VT-EXQ,Airbus A320 (Sharklets),2,2026-10-09 06:00:00,2026-10-09 06:03:00,2026-10-09 08:27:00,,3,,on time,6,AI 2857,BOM,-28,21.0,0.00,10.1,7660.0,dry and calm
4465,2026-10-09,BOM,6E 762,6E,IndiGo,DEL,New Delhi,f,VT-NOH,Airbus A320,2,2026-10-09 06:00:00,2026-10-09 06:13:00,2026-10-09 07:50:00,,13,,on time,6,,,,28.0,0.00,15.1,14140.0,dry and calm
4466,2026-10-09,BOM,AI 2625,AI,Air India,HYD,Hyderabad,f,VT-EXG,Airbus A320 NEO,2,2026-10-09 06:00:00,2026-10-09 06:21:00,2026-10-09 07:35:00,2026-10-09 07:20:00,21,-15,on time,6,,,,28.0,0.00,15.1,14140.0,dry and calm
4467,2026-10-09,HYD,6E 7452,6E,IndiGo,NAG,Naqpur,f,,ATR 72,,2026-10-09 06:00:00,,2026-10-09 07:40:00,,,,no actual time,6,,,,22.8,0.00,4.3,11780.0,dry and calm
4468,2026-10-09,HYD,QP 1405,QP,Akasa Air,DEL,New Delhi,f,,Boeing 737,,2026-10-09 06:00:00,,2026-10-09 07:57:00,,,,no actual time,6,,,,22.8,0.00,4.3,11780.0,dry and calm
4469,2026-10-09,BLR,6E 2455,6E,IndiGo,IXJ,Jammu,f,VT-IKQ,Airbus A320,1,2026-10-09 06:05:00,2026-10-09 06:12:00,,,7,,on time,6,,,,21.0,0.00,10.1,7660.0,dry and calm
4470,2026-10-09,BLR,IX 2018,IX,Air India Express,HYD,Hyderabad,f,VT-VTZ,Airbus A320,2,2026-10-09 06:05:00,2026-10-09 06:16:00,2026-10-09 07:25:00,2026-10-09 07:01:00,11,-24,on time,6,,,,21.0,0.00,10.1,7660.0,dry and calm
4471,2026-10-09,BLR,QP 1823,QP,Akasa Air,DEL,New Delhi,f,VT-YBM,Boeing 737 MAX 8,1,2026-10-09 06:05:00,,2026-10-09 08:43:00,,,,no actual time,6,,,,21.0,0.00,10.1,7660.0,dry and calm
4472,2026-10-09,BOM,6E 1429,6E,IndiGo,AUH,Abu Dhabi,t,VT-IXK,Airbus A320 NEO,2,2026-10-09 06:05:00,2026-10-09 06:18:00,2026-10-09 07:40:00,,13,,on time,6,,,,28.0,0.00,15.1,14140.0,dry and calm
4473,2026-10-09,BOM,AI 471,AI,Air India,IXC,Chandigarh,f,,Airbus A320 NEO,2,2026-10-09 06:05:00,2026-10-09 06:06:00,2026-10-09 08:20:00,,1,,on time,6,,,,28.0,0.00,15.1,14140.0,dry and calm
4474,2026-10-09,BOM,GF 57,GF,Gulf Air,BAH,Manama,t,A9C-XA,Airbus A320,2,2026-10-09 06:05:00,2026-10-09 06:25:00,2026-10-09 07:30:00,,20,,on time,6,,,,28.0,0.00,15.1,14140.0,dry and calm
4475,2026-10-09,BLR,6E 368,6E,IndiGo,BHO,Bhopal,f,VT-IMI,Airbus A321 NEO,1,2026-10-09 06:10:00,2026-10-09 06:14:00,2026-10-09 08:10:00,,4,,on time,6,,,,21.0,0.00,10.1,7660.0,dry and calm
4476,2026-10-09,BLR,6E 6178,6E,IndiGo,HYD,Hyderabad,f,VT-IIR,Airbus A320 NEO,1,2026-10-09 06:10:00,2026-10-09 06:23:00,2026-10-09 07:20:00,2026-10-09 07:10:00,13,-10,on time,6,,,,21.0,0.00,10.1,7660.0,dry and calm
4477,2026-10-09,BOM,6E 1185,6E,IndiGo,CMB,Colombo,t,VT-IXA,Airbus A320 NEO,2,2026-10-09 06:10:00,2026-10-09 06:23:00,2026-10-09 08:45:00,,13,,on time,6,,,,28.0,0.00,15.1,14140.0,dry and calm
4478,2026-10-09,BOM,6E 5144,6E,IndiGo,AMD,Ahmedabad,f,VT-NHR,Airbus A320,1,2026-10-09 06:10:00,2026-10-09 06:29:00,2026-10-09 07:25:00,,19,,on time,6,,,,28.0,0.00,15.1,14140.0,dry and calm
4479,2026-10-09,BOM,IX 1280,IX,Air India Express,JAI,Jaipur,f,VT-RTG,Airbus A320,2,2026-10-09 06:10:00,2026-10-09 06:59:00,2026-10-09 08:05:00,,49,,late,6,,,,28.0,0.00,15.1,14140.0,dry and calm
4480,2026-10-09,HYD,6E 5278,6E,IndiGo,TRV,Trivandrum,f,VT-IWN,Airbus A321 NEO,,2026-10-09 06:10:00,2026-10-09 06:18:00,2026-10-09 07:55:00,2026-10-09 07:46:00,8,-9,on time,6,,,,22.8,0.00,4.3,11780.0,dry and calm
4481,2026-10-09,HYD,OG 156,OG,Ghodawat Enterprises,BLR,Bangalore,f,VT-GSM,Embraer 175,,2026-10-09 06:13:00,2026-10-09 06:13:00,2026-10-09 07:13:00,2026-10-09 07:13:00,0,0,on time,6,,,,22.8,0.00,4.3,11780.0,dry and calm
4482,2026-10-09,BLR,6E 6032,6E,IndiGo,JDH,Jodhpur,f,VT-IML,Airbus A321 NEO,1,2026-10-09 06:15:00,2026-10-09 06:21:00,2026-10-09 08:45:00,,6,,on time,6,,,,21.0,0.00,10.1,7660.0,dry and calm
4483,2026-10-09,BLR,QP 1501,QP,Akasa Air,LKO,Lucknow,f,VT-YBC,Boeing 737 MAX 8,1,2026-10-09 06:15:00,,2026-10-09 08:45:00,,,,no actual time,6,,,,21.0,0.00,10.1,7660.0,dry and calm
4484,2026-10-09,BLR,QP 1561,QP,Akasa Air,CCU,Kolkata,f,VT-YBL,Boeing 737 MAX 8,1,2026-10-09 06:15:00,,2026-10-09 08:50:00,,,,no actual time,6,QP 1516,BOM,,21.0,0.00,10.1,7660.0,dry and calm
4485,2026-10-09,BOM,6E 5188,6E,IndiGo,MAA,Chennai,f,VT-NOT,Airbus A320,1,2026-10-09 06:15:00,2026-10-09 06:26:00,2026-10-09 08:20:00,,11,,on time,6,6E 5205,BLR,,28.0,0.00,15.1,14140.0,dry and calm
4486,2026-10-09,BOM,6E 5296,6E,IndiGo,BLR,Bangalore,f,VT-NHL,Airbus A320,1,2026-10-09 06:15:00,2026-10-09 06:16:00,2026-10-09 08:00:00,2026-10-09 07:33:00,1,-27,on time,6,6E 5293,BLR,,28.0,0.00,15.1,14140.0,dry and calm
4487,2026-10-09,BOM,6E 6794,6E,IndiGo,UDR,Udaipur,f,VT-IBJ,Airbus A320,2,2026-10-09 06:15:00,2026-10-09 06:22:00,2026-10-09 07:40:00,,7,,on time,6,,,,28.0,0.00,15.1,14140.0,dry and calm
4488,2026-10-09,HYD,6E 6305,6E,IndiGo,IXZ,Port Blair,f,VT-ICC,Airbus A321 NEO,,2026-10-09 06:15:00,2026-10-09 06:14:00,2026-10-09 09:00:00,,-1,,on time,6,,,,22.8,0.00,4.3,11780.0,dry and calm
4489,2026-10-09,HYD,6E 7201,6E,IndiGo,VGA,Vidzhayavada,f,VT-IRG,ATR 72,,2026-10-09 06:15:00,2026-10-09 06:28:00,2026-10-09 07:15:00,,13,,on time,6,,,,22.8,0.00,4.3,11780.0,dry and calm
4490,2026-10-09,BLR,IX 1479,IX,Air India Express,LKO,Lucknow,f,VT-BWL,Boeing 737 MAX 8,2,2026-10-09 06:20:00,,2026-10-09 08:50:00,2026-10-09 08:51:00,,1,no actual time,6,IX 1378,HYD,-21,21.0,0.00,10.1,7660.0,dry and calm
4491,2026-10-09,BOM,6E 802,6E,IndiGo,IXZ,Port Blair,f,VT-IIO,Airbus A320 NEO,2,2026-10-09 06:20:00,2026-10-09 06:30:00,2026-10-09 09:45:00,,10,,on time,6,,,,28.0,0.00,15.1,14140.0,dry and calm
4492,2026-10-09,BOM,AI 601,AI,Air India,BHJ,Bhuj,f,VT-SCV,Airbus A319,2,2026-10-09 06:20:00,2026-10-09 06:33:00,2026-10-09 07:45:00,,13,,on time,6,,,,28.0,0.00,15.1,14140.0,dry and calm
4493,2026-10-09,BOM,IX 251,IX,Air India Express,SHJ,Sharjah,t,VT-ATJ,Airbus A320,2,2026-10-09 06:20:00,2026-10-09 06:34:00,2026-10-09 07:55:00,,14,,on time,6,,,,28.0,0.00,15.1,14140.0,dry and calm
4494,2026-10-09,HYD,6E 5209,6E,IndiGo,AMD,Ahmedabad,f,VT-IOV,Airbus A320 NEO,,2026-10-09 06:20:00,2026-10-09 06:30:00,2026-10-09 08:10:00,,10,,on time,6,,,,22.8,0.00,4.3,11780.0,dry and calm
4495,2026-10-09,HYD,6E 928,6E,IndiGo,STV,Surat,f,,Airbus A320 NEO,,2026-10-09 06:20:00,,2026-10-09 07:55:00,,,,no actual time,6,,,,22.8,0.00,4.3,11780.0,dry and calm
4496,2026-10-09,HYD,IX 2934,IX,Air India Express,BLR,Bangalore,f,VT-RNT,Boeing 737 MAX 8,,2026-10-09 06:20:00,2026-10-09 08:11:00,2026-10-09 07:55:00,,111,,late,6,,,,22.8,0.00,4.3,11780.0,dry and calm
4497,2026-10-09,BLR,6E 7227,6E,IndiGo,HBX,Hubli,f,VT-IYE,ATR 72,1,2026-10-09 06:25:00,2026-10-09 06:38:00,2026-10-09 07:50:00,,13,,on time,6,,,,21.0,0.00,10.1,7660.0,dry and calm
4498,2026-10-09,BLR,IX 2013,IX,Air India Express,AMD,Ahmedabad,f,VT-BWG,Boeing 737 MAX 8,2,2026-10-09 06:25:00,,2026-10-09 08:20:00,,,,no actual time,6,,,,21.0,0.00,10.1,7660.0,dry and calm
4499,2026-10-09,HYD,6E 707,6E,IndiGo,DEL,New Delhi,f,VT-NHA,Airbus A321 NEO,,2026-10-09 06:25:00,2026-10-09 06:37:00,2026-10-09 08:30:00,,12,,on time,6,,,,22.8,0.00,4.3,11780.0,dry and calm
4500,2026-10-09,BLR,6E 1077,6E,IndiGo,HKT,Phuket,t,VT-IOR,Airbus A320 NEO,2,2026-10-09 06:30:00,2026-10-09 06:48:00,2026-10-09 11:45:00,,18,,on time,6,,,,21.0,0.00,10.1,7660.0,dry and calm
4501,2026-10-09,BLR,6E 6439,6E,IndiGo,CCU,Kolkata,f,VT-ILE,Airbus A321 NEO,1,2026-10-09 06:30:00,2026-10-09 06:36:00,2026-10-09 09:10:00,2026-10-09 08:38:00,6,-32,on time,6,,,,21.0,0.00,10.1,7660.0,dry and calm
4502,2026-10-09,BOM,AI 2605,AI,Air India,TRV,Trivandrum,f,VT-TNW,Airbus A319,2,2026-10-09 06:30:00,2026-10-09 06:34:00,2026-10-09 08:50:00,2026-10-09 08:34:00,4,-16,on time,6,,,,28.0,0.00,15.1,14140.0,dry and calm
4503,2026-10-09,BOM,AI 2928,AI,Air India,DEL,New Delhi,f,VT-TQR,Airbus A320 NEO,2,2026-10-09 06:30:00,2026-10-09 06:42:00,2026-10-09 08:24:00,,12,,on time,6,,,,28.0,0.00,15.1,14140.0,dry and calm
4504,2026-10-09,BOM,SK 970,SK,SAS,CPH,Copenhagen,t,LN-RKU,Airbus A330-300,2,2026-10-09 06:30:00,2026-10-09 07:05:00,2026-10-09 12:15:00,2026-10-09 12:58:00,35,43,late,6,,,,28.0,0.00,15.1,14140.0,dry and calm
4505,2026-10-09,HYD,6E 413,6E,IndiGo,BLR,Bangalore,f,VT-ISV,Airbus A320 NEO,,2026-10-09 06:30:00,2026-10-09 06:38:00,2026-10-09 07:50:00,2026-10-09 07:31:00,8,-19,on time,6,,,,22.8,0.00,4.3,11780.0,dry and calm
4506,2026-10-09,HYD,6E 6196,6E,IndiGo,BOM,Mumbai,f,VT-NOE,Airbus A321 NEO,,2026-10-09 06:30:00,2026-10-09 06:41:00,2026-10-09 07:55:00,,11,,on time,6,6E 6195,BOM,20,22.8,0.00,4.3,11780.0,dry and calm
4507,2026-10-09,BLR,AI 2402,AI,Air India,BOM,Mumbai,f,VT-TQG,Airbus A320 NEO,2,2026-10-09 06:35:00,2026-10-09 06:37:00,2026-10-09 08:35:00,,2,,on time,6,AI 2812,BOM,-47,21.0,0.00,10.1,7660.0,dry and calm
4508,2026-10-09,BLR,IX 1239,IX,Air India Express,IXR,Ranchi,f,VT-BXP,Boeing 737 MAX 8,2,2026-10-09 06:35:00,,2026-10-09 08:55:00,,,,no actual time,6,,,,21.0,0.00,10.1,7660.0,dry and calm
4509,2026-10-09,BOM,6E 1601,6E,IndiGo,CGK,Jakarta,t,VT-IOM,Airbus A320 NEO,2,2026-10-09 06:35:00,2026-10-09 08:03:00,2026-10-09 14:50:00,2026-10-09 15:39:00,88,49,late,6,,,,28.0,0.00,15.1,14140.0,dry and calm
4510,2026-10-09,BOM,AI 2603,AI,Air India,BLR,Bangalore,f,VT-TNP,Airbus A320 NEO,2,2026-10-09 06:35:00,2026-10-09 06:44:00,2026-10-09 08:35:00,2026-10-09 07:58:00,9,-37,on time,6,AI 2876,HYD,,28.0,0.00,15.1,14140.0,dry and calm
4511,2026-10-09,BOM,AI 2787,AI,Air India,COK,Kochi,f,,Airbus A320 NEO,2,2026-10-09 06:35:00,2026-10-09 07:49:00,2026-10-09 08:35:00,,74,,late,6,,,,28.0,0.00,15.1,14140.0,dry and calm
4512,2026-10-09,BOM,QP 618,QP,Akasa Air,HKT,Phuket,t,,Boeing 737,2,2026-10-09 06:35:00,2026-10-09 06:47:00,2026-10-09 12:40:00,,12,,on time,6,,,,28.0,0.00,15.1,14140.0,dry and calm
4513,2026-10-09,BOM,6E 5197,6E,IndiGo,SXR,Srinagar,f,VT-IPQ,Airbus A320 NEO,1,2026-10-09 06:40:00,2026-10-09 06:53:00,,,13,,on time,6,,,,28.0,0.00,15.1,14140.0,dry and calm
4514,2026-10-09,BOM,AI 2785,AI,Air India,HSR,Rajkot,f,VT-TQI,Airbus A320 NEO,2,2026-10-09 06:40:00,2026-10-09 06:46:00,2026-10-09 08:00:00,,6,,on time,6,AI 2858,BLR,,28.0,0.00,15.1,14140.0,dry and calm
4515,2026-10-09,BOM,AI 2821,AI,Air India,MAA,Chennai,f,VT-TQU,Airbus A320 NEO,2,2026-10-09 06:40:00,2026-10-09 06:51:00,2026-10-09 08:55:00,,11,,on time,6,,,,28.0,0.00,15.1,14140.0,dry and calm
4516,2026-10-09,BOM,AI 493,AI,Air India,AMD,Ahmedabad,f,VT-PPH,Airbus A321,2,2026-10-09 06:40:00,2026-10-09 06:55:00,2026-10-09 07:50:00,,15,,on time,6,,,,28.0,0.00,15.1,14140.0,dry and calm
4517,2026-10-09,HYD,6E 7252,6E,IndiGo,IXU,Aurangabad,f,VT-IYO,ATR 72,,2026-10-09 06:40:00,2026-10-09 06:45:00,2026-10-09 08:10:00,,5,,on time,6,,,,22.8,0.00,4.3,11780.0,dry and calm
4518,2026-10-09,BLR,6E 687,6E,IndiGo,UDR,Udaipur,f,VT-ILV,Airbus A321 NEO,1,2026-10-09 06:45:00,2026-10-09 06:55:00,2026-10-09 09:00:00,,10,,on time,6,,,,21.0,0.00,10.1,7660.0,dry and calm
4519,2026-10-09,HYD,S5 173,S5,Star Air,PNQ,Pune,f,,Embraer 175,,2026-10-09 06:45:00,,2026-10-09 07:55:00,,,,no actual time,6,,,,22.8,0.00,4.3,11780.0,dry and calm
4520,2026-10-09,BLR,6E 7204,6E,IndiGo,VGA,Vijayawada,f,VT-IYZ,ATR 72,1,2026-10-09 06:50:00,,2026-10-09 08:20:00,,,,no actual time,6,,,,21.0,0.00,10.1,7660.0,dry and calm
4521,2026-10-09,BLR,6E 7285,6E,IndiGo,IXG,Belgaum,f,VT-IYS,ATR 72,1,2026-10-09 06:50:00,2026-10-09 06:57:00,2026-10-09 08:20:00,,7,,on time,6,,,,21.0,0.00,10.1,7660.0,dry and calm
4522,2026-10-09,BLR,BA 118,BA,British,LHR,London,t,G-ZBKA,Boeing 787-9,2,2026-10-09 06:50:00,2026-10-09 07:25:00,2026-10-09 13:15:00,2026-10-09 13:32:00,35,17,late,6,,,,21.0,0.00,10.1,7660.0,dry and calm
4523,2026-10-09,BOM,QP 1252,QP,Akasa Air,CCU,Kolkata,f,,Boeing 737,2,2026-10-09 06:50:00,2026-10-09 07:12:00,2026-10-09 09:30:00,,22,,on time,6,,,,28.0,0.00,15.1,14140.0,dry and calm
4524,2026-10-09,HYD,6E 7118,6E,IndiGo,RJA,Rajahmundry,f,,ATR 72,,2026-10-09 06:50:00,,2026-10-09 08:05:00,,,,no actual time,6,,,,22.8,0.00,4.3,11780.0,dry and calm
4525,2026-10-09,HYD,6E 7554,6E,IndiGo,RPR,Raipur,f,VT-IXW,ATR 72,,2026-10-09 06:50:00,2026-10-09 06:59:00,2026-10-09 08:40:00,,9,,on time,6,,,,22.8,0.00,4.3,11780.0,dry and calm
4526,2026-10-09,HYD,IX 2082,IX,Air India Express,VTZ,Visakhapatnam,f,VT-BWD,Boeing 737 MAX 8,,2026-10-09 06:50:00,2026-10-09 07:16:00,2026-10-09 08:10:00,2026-10-09 08:10:00,26,0,on time,6,,,,22.8,0.00,4.3,11780.0,dry and calm
4527,2026-10-09,BLR,6E 7236,6E,IndiGo,TRZ,Tiruchirappally,f,VT-IYH,ATR 72,1,2026-10-09 06:55:00,,2026-10-09 08:05:00,,,,no actual time,6,,,,21.0,0.00,10.1,7660.0,dry and calm
4528,2026-10-09,BOM,AI 2771,AI,Air India,CCU,Kolkata,f,VT-TVE,Airbus A320 NEO,2,2026-10-09 06:55:00,2026-10-09 07:20:00,2026-10-09 09:45:00,2026-10-09 09:29:00,25,-16,on time,6,,,,28.0,0.00,15.1,14140.0,dry and calm
4529,2026-10-09,BOM,TK 721,TK,Turkish,IST,Istanbul,t,TC-LKB,Boeing 777-300ER,2,2026-10-09 06:55:00,2026-10-09 07:31:00,,,36,,late,6,,,,28.0,0.00,15.1,14140.0,dry and calm
4530,2026-10-09,BLR,6E 844,6E,IndiGo,DEL,New Delhi,f,VT-NCF,Airbus A321 NEO,1,2026-10-09 07:00:00,2026-10-09 07:17:00,2026-10-09 09:43:00,,17,,on time,7,6E 5388,BOM,-25,22.8,0.00,16.2,13420.0,dry and calm
4531,2026-10-09,BLR,AI 2654,AI,Air India,DEL,New Delhi,f,VT-TQQ,Airbus A320 NEO,2,2026-10-09 07:00:00,2026-10-09 07:24:00,2026-10-09 09:50:00,,24,,on time,7,,,,22.8,0.00,16.2,13420.0,dry and calm
4532,2026-10-09,BLR,QP 1525,QP,Akasa Air,DXN,Gautam Buddha Nagar,f,VT-YAX,Boeing 737 MAX 8,1,2026-10-09 07:00:00,,,,,,no actual time,7,QP 1133,BOM,,22.8,0.00,16.2,13420.0,dry and calm
4533,2026-10-09,BOM,6E 301,6E,IndiGo,DEL,New Delhi,f,VT-NOU,Airbus A320,2,2026-10-09 07:00:00,2026-10-09 07:11:00,2026-10-09 08:50:00,,11,,on time,7,,,,28.5,0.00,16.9,14140.0,dry and calm
4534,2026-10-09,BOM,AI 2424,AI,Air India,DEL,New Delhi,f,,Airbus A320 NEO,2,2026-10-09 07:00:00,2026-10-09 07:23:00,2026-10-09 09:02:00,,23,,on time,7,,,,28.5,0.00,16.9,14140.0,dry and calm
4535,2026-10-09,BOM,QP 1109,QP,Akasa Air,DEL,New Delhi,f,,Boeing 737,2,2026-10-09 07:00:00,2026-10-09 07:33:00,2026-10-09 09:10:00,,33,,late,7,,,,28.5,0.00,16.9,14140.0,dry and calm
4536,2026-10-09,HYD,6E 7307,6E,IndiGo,JLR,Dzhabalpur,f,VT-IYJ,ATR 72,,2026-10-09 07:00:00,2026-10-09 07:37:00,2026-10-09 09:00:00,,37,,late,7,,,,24.9,0.00,7.9,11720.0,dry and calm
4537,2026-10-09,BLR,6E 857,6E,IndiGo,CJB,Coimbatore,f,VT-IMY,Airbus A321 NEO,1,2026-10-09 07:05:00,2026-10-09 07:21:00,2026-10-09 07:55:00,,16,,on time,7,,,,22.8,0.00,16.2,13420.0,dry and calm
4538,2026-10-09,BLR,IX 1131,IX,Air India Express,CCU,Kolkata,f,VT-BWS,Boeing 737 MAX 8,2,2026-10-09 07:05:00,2026-10-09 07:10:00,2026-10-09 09:35:00,2026-10-09 09:13:00,5,-22,on time,7,,,,22.8,0.00,16.2,13420.0,dry and calm
4539,2026-10-09,BLR,IX 1472,IX,Air India Express,MAA,Chennai,f,VT-EXC,Airbus A320,2,2026-10-09 07:05:00,2026-10-09 07:12:00,2026-10-09 08:10:00,,7,,on time,7,,,,22.8,0.00,16.2,13420.0,dry and calm
4540,2026-10-09,BOM,6E 294,6E,IndiGo,IDR,Indore,f,VT-IXH,Airbus A320 NEO,2,2026-10-09 07:05:00,2026-10-09 07:17:00,2026-10-09 08:30:00,,12,,on time,7,,,,28.5,0.00,16.9,14140.0,dry and calm
4541,2026-10-09,HYD,6E 243,6E,IndiGo,MAA,Chennai,f,VT-IPP,Airbus A320 NEO,,2026-10-09 07:05:00,2026-10-09 07:22:00,2026-10-09 08:25:00,,17,,on time,7,,,,24.9,0.00,7.9,11720.0,dry and calm
4542,2026-10-09,HYD,9I 877,9I,Alliance Air,TIR,Tirumala - Tirupati,f,VT-RKJ,ATR 72,,2026-10-09 07:05:00,,2026-10-09 08:30:00,,,,no actual time,7,,,,24.9,0.00,7.9,11720.0,dry and calm
4543,2026-10-09,BLR,6E 6353,6E,IndiGo,LKO,Lucknow,f,VT-IPX,Airbus A320 NEO,1,2026-10-09 07:10:00,2026-10-09 07:18:00,2026-10-09 09:50:00,2026-10-09 09:21:00,8,-29,on time,7,,,,22.8,0.00,16.2,13420.0,dry and calm
4544,2026-10-09,BLR,6E 763,6E,IndiGo,COK,Kochi,f,VT-IIA,Airbus A320 NEO,1,2026-10-09 07:10:00,2026-10-09 07:22:00,2026-10-09 08:15:00,,12,,on time,7,,,,22.8,0.00,16.2,13420.0,dry and calm
4545,2026-10-09,HYD,6E 6408,6E,IndiGo,VTZ,Visakhapatnam,f,VT-ISX,Airbus A320 NEO,,2026-10-09 07:10:00,2026-10-09 07:19:00,2026-10-09 08:30:00,2026-10-09 08:15:00,9,-15,on time,7,,,,24.9,0.00,7.9,11720.0,dry and calm
4546,2026-10-09,HYD,OG 173,OG,Ghodawat Enterprises,PNQ,Pune,f,VT-GSK,Embraer 175,,2026-10-09 07:12:00,2026-10-09 07:12:00,2026-10-09 08:01:00,2026-10-09 08:02:00,0,1,on time,7,,,,24.9,0.00,7.9,11720.0,dry and calm
4547,2026-10-09,BLR,6E 541,6E,IndiGo,IXE,Mangalore,f,VT-ILQ,Airbus A321 NEO,1,2026-10-09 07:15:00,2026-10-09 07:28:00,2026-10-09 08:15:00,,13,,on time,7,,,,22.8,0.00,16.2,13420.0,dry and calm
4548,2026-10-09,BLR,6E 6269,6E,IndiGo,MAA,Chennai,f,VT-ILF,Airbus A321 NEO,1,2026-10-09 07:15:00,2026-10-09 07:38:00,2026-10-09 08:15:00,,23,,on time,7,,,,22.8,0.00,16.2,13420.0,dry and calm
4549,2026-10-09,BOM,6E 2387,6E,IndiGo,RPR,Raipur,f,,Airbus A320,2,2026-10-09 07:15:00,2026-10-09 07:39:00,2026-10-09 09:00:00,,24,,on time,7,,,,28.5,0.00,16.9,14140.0,dry and calm
4550,2026-10-09,BOM,6E 5246,6E,IndiGo,HYD,Hyderabad,f,VT-NOO,Airbus A320,1,2026-10-09 07:15:00,2026-10-09 07:25:00,2026-10-09 08:50:00,2026-10-09 08:24:00,10,-26,on time,7,6E 5245,HYD,,28.5,0.00,16.9,14140.0,dry and calm
4551,2026-10-09,HYD,AI 2860,AI,Air India,DEL,New Delhi,f,,Airbus A320 NEO,,2026-10-09 07:15:00,,2026-10-09 09:25:00,,,,no actual time,7,,,,24.9,0.00,7.9,11720.0,dry and calm
4552,2026-10-09,BLR,6E 688,6E,IndiGo,TRV,Trivandrum,f,VT-IMD,Airbus A321 NEO,1,2026-10-09 07:20:00,2026-10-09 07:34:00,2026-10-09 08:40:00,2026-10-09 08:28:00,14,-12,on time,7,,,,22.8,0.00,16.2,13420.0,dry and calm
4553,2026-10-09,BLR,9I 507,9I,Alliance Air,COK,Kochi,f,VT-RKC,ATR 72,2,2026-10-09 07:20:00,,,,,,no actual time,7,,,,22.8,0.00,16.2,13420.0,dry and calm
4554,2026-10-09,BOM,6E 5156,6E,IndiGo,HSR,Rajkot,f,VT-IWR,Airbus A320,1,2026-10-09 07:20:00,2026-10-09 07:28:00,2026-10-09 08:40:00,,8,,on time,7,,,,28.5,0.00,16.9,14140.0,dry and calm
4555,2026-10-09,BOM,AI 2354,AI,Air India,BKK,Bangkok,t,VT-CIO,Airbus A320 NEO,2,2026-10-09 07:20:00,2026-10-09 07:44:00,2026-10-09 13:35:00,2026-10-09 13:19:00,24,-16,on time,7,AI 2811,BLR,,28.5,0.00,16.9,14140.0,dry and calm
4556,2026-10-09,BOM,IX 2367,IX,Air India Express,GOX,Mopa,f,VT-BWE,Boeing 737,2,2026-10-09 07:20:00,2026-10-09 07:36:00,2026-10-09 08:40:00,,16,,on time,7,,,,28.5,0.00,16.9,14140.0,dry and calm
4557,2026-10-09,HYD,6E 6646,6E,IndiGo,CJB,Coimbatore,f,VT-IQE,Airbus A320 NEO,,2026-10-09 07:20:00,2026-10-09 07:32:00,2026-10-09 08:45:00,,12,,on time,7,,,,24.9,0.00,7.9,11720.0,dry and calm
4558,2026-10-09,HYD,6E 752,6E,IndiGo,COK,Kochi,f,VT-IMH,Airbus A321 NEO,,2026-10-09 07:20:00,2026-10-09 07:36:00,2026-10-09 09:00:00,,16,,on time,7,,,,24.9,0.00,7.9,11720.0,dry and calm
4559,2026-10-09,BLR,6E 5216,6E,IndiGo,BOM,Mumbai,f,VT-NCZ,Airbus A321 NEO,1,2026-10-09 07:25:00,2026-10-09 07:36:00,2026-10-09 09:10:00,,11,,on time,7,6E 5294,BOM,-35,22.8,0.00,16.2,13420.0,dry and calm
4560,2026-10-09,BLR,QP 1421,QP,Akasa Air,VNS,Varanasi,f,VT-YAV,Boeing 737 MAX 8,1,2026-10-09 07:25:00,,2026-10-09 10:00:00,,,,no actual time,7,,,,22.8,0.00,16.2,13420.0,dry and calm
4561,2026-10-09,BOM,6E 6128,6E,IndiGo,BHO,Bhopal,f,VT-IAN,Airbus A320 NEO,2,2026-10-09 07:25:00,2026-10-09 07:47:00,2026-10-09 09:00:00,,22,,on time,7,,,,28.5,0.00,16.9,14140.0,dry and calm
4562,2026-10-09,BOM,AI 2183,AI,Air India,DAC,Dhaka,t,VT-TQX,Airbus A320 NEO,2,2026-10-09 07:25:00,2026-10-09 07:41:00,2026-10-09 10:45:00,,16,,on time,7,AI 2642,BLR,,28.5,0.00,16.9,14140.0,dry and calm
4563,2026-10-09,HYD,6E 6242,6E,IndiGo,BBI,Bhubaneswar,f,VT-IWY,Airbus A320,,2026-10-09 07:25:00,2026-10-09 07:33:00,2026-10-09 09:10:00,,8,,on time,7,6E 6784,BLR,-7,24.9,0.00,7.9,11720.0,dry and calm
4564,2026-10-09,HYD,AI 2626,AI,Air India,BOM,Mumbai,f,VT-CIG,Airbus A320 (Sharklets),,2026-10-09 07:25:00,2026-10-09 07:28:00,2026-10-09 09:15:00,,3,,on time,7,,,,24.9,0.00,7.9,11720.0,dry and calm
4565,2026-10-09,BLR,6E 702,6E,IndiGo,BBI,Bhubaneswar,f,VT-IQP,Airbus A320 NEO,1,2026-10-09 07:30:00,2026-10-09 07:42:00,2026-10-09 09:35:00,,12,,on time,7,,,,22.8,0.00,16.2,13420.0,dry and calm
4566,2026-10-09,BLR,6E 959,6E,IndiGo,IDR,Indore,f,VT-NON,Airbus A320,1,2026-10-09 07:30:00,2026-10-09 07:48:00,2026-10-09 09:25:00,,18,,on time,7,,,,22.8,0.00,16.2,13420.0,dry and calm
4567,2026-10-09,BOM,AI 2930,AI,Air India,DEL,New Delhi,f,,Airbus A321,2,2026-10-09 07:30:00,2026-10-09 07:52:00,2026-10-09 09:32:00,,22,,on time,7,,,,28.5,0.00,16.9,14140.0,dry and calm
4568,2026-10-09,BLR,6E 6302,6E,IndiGo,GOP,Gorakhpur,f,VT-IPM,Airbus A320 NEO,1,2026-10-09 07:35:00,2026-10-09 07:54:00,2026-10-09 10:20:00,,19,,on time,7,,,,22.8,0.00,16.2,13420.0,dry and calm
4569,2026-10-09,BOM,QP 1101,QP,Akasa Air,AMD,Ahmedabad,f,,Boeing 737,2,2026-10-09 07:35:00,2026-10-09 08:20:00,2026-10-09 08:55:00,,45,,late,7,,,,28.5,0.00,16.9,14140.0,dry and calm
4570,2026-10-09,BLR,6E 1043,6E,IndiGo,LGK,Langkawi,t,VT-IQW,Airbus A320 NEO,2,2026-10-09 07:40:00,2026-10-09 08:02:00,2026-10-09 13:50:00,,22,,on time,7,,,,22.8,0.00,16.2,13420.0,dry and calm
4571,2026-10-09,BLR,6E 405,6E,IndiGo,RPR,Raipur,f,VT-IPF,Airbus A320 NEO,1,2026-10-09 07:40:00,2026-10-09 07:46:00,2026-10-09 09:25:00,,6,,on time,7,,,,22.8,0.00,16.2,13420.0,dry and calm
4572,2026-10-09,BOM,AI 2741,AI,Air India,DED,Dehradun,f,,Airbus A320 NEO,2,2026-10-09 07:40:00,2026-10-09 08:14:00,2026-10-09 09:55:00,,34,,late,7,,,,28.5,0.00,16.9,14140.0,dry and calm
4573,2026-10-09,HYD,6E 151,6E,IndiGo,BLR,Bangalore,f,VT-ICW,Airbus A321 NEO,,2026-10-09 07:40:00,2026-10-09 07:47:00,2026-10-09 08:40:00,2026-10-09 08:36:00,7,-4,on time,7,,,,24.9,0.00,7.9,11720.0,dry and calm
4574,2026-10-09,BLR,6E 6288,6E,IndiGo,ATQ,Amritsar,f,VT-ITR,Airbus A320 (Sharklets),1,2026-10-09 07:45:00,2026-10-09 07:55:00,2026-10-09 10:50:00,,10,,on time,7,,,,22.8,0.00,16.2,13420.0,dry and calm
4575,2026-10-09,BLR,S5 155,S5,Star Air,HYD,Hyderabad,f,VT-GSM,Embraer 175,2,2026-10-09 07:45:00,,,,,,no actual time,7,OG 156,HYD,0,22.8,0.00,16.2,13420.0,dry and calm
4576,2026-10-09,BOM,6E 5193,6E,IndiGo,BLR,Bangalore,f,VT-NCL,Airbus A320,1,2026-10-09 07:45:00,2026-10-09 07:54:00,2026-10-09 09:45:00,2026-10-09 09:17:00,9,-28,on time,7,,,,28.5,0.00,16.9,14140.0,dry and calm
4577,2026-10-09,BOM,6E 5329,6E,IndiGo,CCU,Kolkata,f,VT-NHG,Airbus A320,1,2026-10-09 07:45:00,2026-10-09 08:08:00,2026-10-09 10:30:00,2026-10-09 10:19:00,23,-11,on time,7,,,,28.5,0.00,16.9,14140.0,dry and calm
4578,2026-10-09,HYD,BA 276,BA,British,LHR,London,t,G-YMMG,Boeing 777-200,,2026-10-09 07:45:00,2026-10-09 08:07:00,2026-10-09 13:50:00,2026-10-09 14:14:00,22,24,on time,7,,,,24.9,0.00,7.9,11720.0,dry and calm
4579,2026-10-09,BOM,6E 5091,6E,IndiGo,BBI,Bhubaneswar,f,VT-ICR,Airbus A320,1,2026-10-09 07:50:00,2026-10-09 08:17:00,2026-10-09 10:15:00,,27,,on time,7,,,,28.5,0.00,16.9,14140.0,dry and calm
4580,2026-10-09,BOM,6E 5305,6E,IndiGo,IXB,Siliguri,f,VT-IOF,Airbus A320,1,2026-10-09 07:50:00,2026-10-09 08:26:00,2026-10-09 10:50:00,,36,,late,7,,,,28.5,0.00,16.9,14140.0,dry and calm
4581,2026-10-09,BOM,6E 6543,6E,IndiGo,VNS,Varanasi,f,VT-IRY,Airbus A320,2,2026-10-09 07:50:00,2026-10-09 08:11:00,2026-10-09 10:10:00,,21,,on time,7,,,,28.5,0.00,16.9,14140.0,dry and calm
4582,2026-10-09,HYD,6E 6323,6E,IndiGo,UDR,Udaipur,f,VT-ILU,Airbus A321 NEO,,2026-10-09 07:50:00,2026-10-09 08:35:00,2026-10-09 09:45:00,,45,,late,7,,,,24.9,0.00,7.9,11720.0,dry and calm
4583,2026-10-09,HYD,BZ 481,BZ,Blue Dart Aviation,HYD,Hyderabad,f,VT-BDA,Boeing 757-200,,2026-10-09 07:54:00,2026-10-09 07:54:00,,,0,,on time,7,,,,24.9,0.00,7.9,11720.0,dry and calm
4584,2026-10-09,BOM,AI 2851,AI,Air India,BLR,Bangalore,f,VT-TQM,Airbus A320 NEO,2,2026-10-09 07:55:00,2026-10-09 08:21:00,2026-10-09 10:05:00,,26,,on time,7,,,,28.5,0.00,16.9,14140.0,dry and calm
4585,2026-10-09,HYD,6E 371,6E,IndiGo,MAA,Chennai,f,VT-IQQ,Airbus A320 NEO,,2026-10-09 07:55:00,2026-10-09 08:03:00,2026-10-09 09:20:00,,8,,on time,7,,,,24.9,0.00,7.9,11720.0,dry and calm
4586,2026-10-09,HYD,F3 666,F3,flyadeal,RUH,Riyadh,t,HZ-FBQ,Airbus A320 NEO,,2026-10-09 07:55:00,,2026-10-09 10:15:00,,,,no actual time,7,,,,24.9,0.00,7.9,11720.0,dry and calm
4587,2026-10-09,BLR,OG 155,OG,Ghodawat Enterprises,HYD,Hyderabad,f,VT-GSM,Embraer 175,,2026-10-09 07:59:00,2026-10-09 07:59:00,2026-10-09 08:46:00,2026-10-09 08:46:00,0,0,on time,7,,,,22.8,0.00,16.2,13420.0,dry and calm
4588,2026-10-09,BLR,S5 183,S5,Star Air,NDC,Nanded,f,VT-GSO,Embraer 175,2,2026-10-09 08:00:00,,,,,,no actual time,8,OG 152,HYD,0,24.5,0.00,19.1,14860.0,dry and calm
4589,2026-10-09,BOM,6E 333,6E,IndiGo,DEL,New Delhi,f,,Airbus A320,2,2026-10-09 08:00:00,2026-10-09 08:32:00,2026-10-09 10:23:00,,32,,late,8,,,,30.2,0.00,18.4,15540.0,dry and calm
4590,2026-10-09,BOM,AI 2428,AI,Air India,DEL,New Delhi,f,VT-TQH,Airbus A320 NEO,2,2026-10-09 08:00:00,2026-10-09 08:24:00,2026-10-09 10:14:00,,24,,on time,8,,,,30.2,0.00,18.4,15540.0,dry and calm
4591,2026-10-09,HYD,6E 5213,6E,IndiGo,BOM,Mumbai,f,VT-NCH,Airbus A321 NEO,,2026-10-09 08:00:00,2026-10-09 08:09:00,2026-10-09 09:30:00,,9,,on time,8,6E 6362,BOM,-31,27.0,0.00,13.7,13040.0,dry and calm
4592,2026-10-09,HYD,6E 6411,6E,IndiGo,RJA,Rajahmundry,f,VT-IIR,Airbus A320 NEO,,2026-10-09 08:00:00,2026-10-09 08:12:00,2026-10-09 09:10:00,,12,,on time,8,6E 6178,BLR,-10,27.0,0.00,13.7,13040.0,dry and calm
4593,2026-10-09,BLR,6E 7005,6E,IndiGo,COK,Kochi,f,VT-IYG,ATR 72,1,2026-10-09 08:05:00,,2026-10-09 09:25:00,,,,no actual time,8,,,,24.5,0.00,19.1,14860.0,dry and calm
4594,2026-10-09,BOM,6E 6058,6E,IndiGo,NAG,Naqpur,f,,Airbus A320,2,2026-10-09 08:05:00,2026-10-09 08:03:00,2026-10-09 09:30:00,,-2,,on time,8,,,,30.2,0.00,18.4,15540.0,dry and calm
4595,2026-10-09,HYD,IX 1831,IX,Air India Express,MAA,Chennai,f,VT-TNM,Airbus A320 NEO,,2026-10-09 08:05:00,2026-10-09 08:20:00,2026-10-09 09:40:00,,15,,on time,8,,,,27.0,0.00,13.7,13040.0,dry and calm
4596,2026-10-09,HYD,IX 2019,IX,Air India Express,BLR,Bangalore,f,VT-VTZ,Airbus A320,,2026-10-09 08:05:00,2026-10-09 08:15:00,2026-10-09 09:25:00,2026-10-09 09:11:00,10,-14,on time,8,IX 2018,BLR,-24,27.0,0.00,13.7,13040.0,dry and calm
4597,2026-10-09,BLR,6E 1485,6E,IndiGo,DXB,Dubai,t,VT-NCY,Airbus A320,2,2026-10-09 08:10:00,2026-10-09 08:15:00,2026-10-09 10:25:00,2026-10-09 10:22:00,5,-3,on time,8,,,,24.5,0.00,19.1,14860.0,dry and calm
4598,2026-10-09,BLR,6E 442,6E,IndiGo,CCU,Kolkata,f,VT-ILS,Airbus A321 NEO,1,2026-10-09 08:10:00,2026-10-09 08:20:00,2026-10-09 10:35:00,2026-10-09 10:29:00,10,-6,on time,8,,,,24.5,0.00,19.1,14860.0,dry and calm
4599,2026-10-09,BOM,6E 1451,6E,IndiGo,DXB,Dubai,t,VT-NOD,Airbus A320,2,2026-10-09 08:10:00,2026-10-09 08:37:00,2026-10-09 09:40:00,2026-10-09 09:43:00,27,3,on time,8,,,,30.2,0.00,18.4,15540.0,dry and calm
4600,2026-10-09,BOM,AI 1891,AI,Air India,IDR,Indore,f,,Airbus A320 NEO,2,2026-10-09 08:10:00,2026-10-09 08:34:00,2026-10-09 09:45:00,,24,,on time,8,,,,30.2,0.00,18.4,15540.0,dry and calm
4601,2026-10-09,HYD,6E 1465,6E,IndiGo,DXB,Dubai,t,VT-IIK,Airbus A320 NEO,,2026-10-09 08:10:00,2026-10-09 08:33:00,2026-10-09 10:25:00,2026-10-09 10:33:00,23,8,on time,8,,,,27.0,0.00,13.7,13040.0,dry and calm
4602,2026-10-09,BLR,OG 183,OG,Ghodawat Enterprises,NDC,Nanded,f,VT-GSO,Embraer 175,,2026-10-09 08:12:00,2026-10-09 08:12:00,,,0,,on time,8,,,,24.5,0.00,19.1,14860.0,dry and calm
4603,2026-10-09,BLR,6E 443,6E,IndiGo,IXB,Siliguri,f,VT-ITS,Airbus A321 (Sharklets),1,2026-10-09 08:15:00,2026-10-09 08:22:00,2026-10-09 11:00:00,,7,,on time,8,6E 6505,HYD,19,24.5,0.00,19.1,14860.0,dry and calm
4604,2026-10-09,BLR,6E 484,6E,IndiGo,HYD,Hyderabad,f,VT-ISW,Airbus A320 NEO,1,2026-10-09 08:15:00,2026-10-09 08:33:00,2026-10-09 09:30:00,,18,,on time,8,,,,24.5,0.00,19.1,14860.0,dry and calm
4605,2026-10-09,BLR,6E 849,6E,IndiGo,DEL,New Delhi,f,VT-IWT,Airbus A321 NEO,1,2026-10-09 08:15:00,2026-10-09 08:30:00,2026-10-09 10:56:00,,15,,on time,8,,,,24.5,0.00,19.1,14860.0,dry and calm
4606,2026-10-09,BOM,6E 5204,6E,IndiGo,MAA,Chennai,f,VT-NHF,Airbus A320,1,2026-10-09 08:15:00,2026-10-09 08:40:00,2026-10-09 10:20:00,,25,,on time,8,6E 5089,BLR,,30.2,0.00,18.4,15540.0,dry and calm
4607,2026-10-09,HYD,6E 664,6E,IndiGo,CCU,Kolkata,f,VT-IMG,Airbus A321 NEO,,2026-10-09 08:15:00,2026-10-09 08:26:00,2026-10-09 10:25:00,2026-10-09 10:03:00,11,-22,on time,8,,,,27.0,0.00,13.7,13040.0,dry and calm
4608,2026-10-09,HYD,6E 6872,6E,IndiGo,IXB,Siliguri,f,VT-IBQ,Airbus A321 NEO,,2026-10-09 08:15:00,2026-10-09 08:23:00,2026-10-09 10:40:00,,8,,on time,8,,,,27.0,0.00,13.7,13040.0,dry and calm
4609,2026-10-09,BLR,6E 6863,6E,IndiGo,NAG,Naqpur,f,VT-IAZ,Airbus A321 NEO,1,2026-10-09 08:20:00,2026-10-09 08:37:00,2026-10-09 09:55:00,,17,,on time,8,,,,24.5,0.00,19.1,14860.0,dry and calm
4610,2026-10-09,BLR,QP 1902,QP,Akasa Air,AMD,Ahmedabad,f,VT-YBJ,Boeing 737 MAX 8,1,2026-10-09 08:20:00,,2026-10-09 10:35:00,,,,no actual time,8,,,,24.5,0.00,19.1,14860.0,dry and calm
4611,2026-10-09,BLR,VS 317,VS,Virgin Atlantic,LHR,London,t,G-VFAN,Boeing 787-9,2,2026-10-09 08:20:00,2026-10-09 08:27:00,2026-10-09 14:35:00,2026-10-09 14:27:00,7,-8,on time,8,,,,24.5,0.00,19.1,14860.0,dry and calm
4612,2026-10-09,BOM,QP 1143,QP,Akasa Air,IXB,Siliguri,f,,Boeing 737,2,2026-10-09 08:20:00,2026-10-09 08:51:00,2026-10-09 11:25:00,,31,,late,8,,,,30.2,0.00,18.4,15540.0,dry and calm
4613,2026-10-09,HYD,6E 7417,6E,IndiGo,HBX,Hubli,f,VT-IYK,ATR 72,,2026-10-09 08:20:00,2026-10-09 08:37:00,2026-10-09 09:35:00,,17,,on time,8,,,,27.0,0.00,13.7,13040.0,dry and calm
4614,2026-10-09,BLR,6E 6801,6E,IndiGo,PAT,Patna,f,VT-ISV,Airbus A320 NEO,1,2026-10-09 08:25:00,2026-10-09 08:48:00,2026-10-09 11:00:00,,23,,on time,8,6E 413,HYD,-19,24.5,0.00,19.1,14860.0,dry and calm
4615,2026-10-09,BOM,6E 5268,6E,IndiGo,IXC,Chandigarh,f,VT-IMX,Airbus A320,1,2026-10-09 08:25:00,2026-10-09 08:48:00,2026-10-09 10:40:00,,23,,on time,8,,,,30.2,0.00,18.4,15540.0,dry and calm
4616,2026-10-09,HYD,6E 946,6E,IndiGo,GOX,Mopa,f,VT-NOL,Airbus A321 NEO,,2026-10-09 08:25:00,2026-10-09 08:34:00,2026-10-09 09:30:00,,9,,on time,8,,,,27.0,0.00,13.7,13040.0,dry and calm
4617,2026-10-09,BLR,6E 5051,6E,IndiGo,BOM,Mumbai,f,VT-NHL,Airbus A321 NEO,1,2026-10-09 08:30:00,2026-10-09 08:43:00,2026-10-09 10:15:00,,13,,on time,8,6E 5296,BOM,-27,24.5,0.00,19.1,14860.0,dry and calm
4618,2026-10-09,BOM,6E 1115,6E,IndiGo,DAC,Dhaka,t,VT-IPK,Airbus A320 NEO,2,2026-10-09 08:30:00,2026-10-09 08:45:00,2026-10-09 12:05:00,2026-10-09 11:44:00,15,-21,on time,8,,,,30.2,0.00,18.4,15540.0,dry and calm
4619,2026-10-09,BOM,AI 2970,AI,Air India,DEL,New Delhi,f,,Airbus A320 NEO,2,2026-10-09 08:30:00,2026-10-09 09:01:00,2026-10-09 10:40:00,,31,,late,8,,,,30.2,0.00,18.4,15540.0,dry and calm
4620,2026-10-09,HYD,6E 6719,6E,IndiGo,PAT,Patna,f,VT-IPG,Airbus A320 NEO,,2026-10-09 08:30:00,2026-10-09 08:40:00,2026-10-09 10:30:00,,10,,on time,8,,,,27.0,0.00,13.7,13040.0,dry and calm
4621,2026-10-09,HYD,6E 889,6E,IndiGo,DEL,New Delhi,f,,Airbus A320,,2026-10-09 08:30:00,,2026-10-09 10:41:00,,,,no actual time,8,,,,27.0,0.00,13.7,13040.0,dry and calm
4622,2026-10-09,BOM,6E 17,6E,IndiGo,IST,Istanbul,t,VT-NLC,Airbus A320,2,2026-10-09 08:35:00,2026-10-09 08:41:00,,,6,,on time,8,,,,30.2,0.00,18.4,15540.0,dry and calm
4623,2026-10-09,BOM,MK 749,MK,Air Mauritius,MRU,Port Louis,t,3B-NBU,Airbus A330,2,2026-10-09 08:35:00,2026-10-09 08:57:00,2026-10-09 13:15:00,,22,,on time,8,,,,30.2,0.00,18.4,15540.0,dry and calm
4624,2026-10-09,HYD,AI 2466,AI,Air India,DEL,New Delhi,f,VT-EXG,Airbus A320 (Sharklets),,2026-10-09 08:35:00,2026-10-09 08:44:00,2026-10-09 10:42:00,,9,,on time,8,AI 2625,BOM,-15,27.0,0.00,13.7,13040.0,dry and calm
4625,2026-10-09,BLR,IX 1893,IX,Air India Express,COK,Kochi,f,VT-BWN,Boeing 737 MAX 8,2,2026-10-09 08:40:00,,2026-10-09 09:55:00,,,,no actual time,8,,,,24.5,0.00,19.1,14860.0,dry and calm
4626,2026-10-09,BLR,IX 2926,IX,Air India Express,MAA,Chennai,f,VT-BXG,Boeing 737 MAX 8,2,2026-10-09 08:40:00,,2026-10-09 09:50:00,,,,no actual time,8,,,,24.5,0.00,19.1,14860.0,dry and calm
4627,2026-10-09,BOM,6E 204,6E,IndiGo,DED,Dehradun,f,VT-ISU,Airbus A320 NEO,2,2026-10-09 08:40:00,2026-10-09 08:54:00,2026-10-09 11:00:00,,14,,on time,8,,,,30.2,0.00,18.4,15540.0,dry and calm
4628,2026-10-09,BOM,6E 5281,6E,IndiGo,JAI,Jaipur,f,VT-ILW,Airbus A320,1,2026-10-09 08:40:00,2026-10-09 09:02:00,2026-10-09 10:30:00,,22,,on time,8,,,,30.2,0.00,18.4,15540.0,dry and calm
4629,2026-10-09,HYD,IX 971,IX,Air India Express,AUH,Abu Dhabi,t,VT-NTA,Boeing 737 MAX 8,,2026-10-09 08:40:00,2026-10-09 08:48:00,2026-10-09 10:55:00,,8,,on time,8,,,,27.0,0.00,13.7,13040.0,dry and calm
4630,2026-10-09,BLR,IX 2931,IX,Air India Express,GAU,Guwahati,f,VT-BXZ,Boeing 737 MAX 8,2,2026-10-09 08:45:00,2026-10-09 09:04:00,2026-10-09 11:55:00,,19,,on time,8,,,,24.5,0.00,19.1,14860.0,dry and calm
4631,2026-10-09,HYD,6E 714,6E,IndiGo,VTZ,Visakhapatnam,f,VT-NCU,Airbus A321 NEO,,2026-10-09 08:45:00,2026-10-09 08:41:00,2026-10-09 10:05:00,2026-10-09 09:57:00,-4,-8,on time,8,,,,27.0,0.00,13.7,13040.0,dry and calm
4632,2026-10-09,BOM,6E 2347,6E,IndiGo,AMD,Ahmedabad,f,VT-IWU,Airbus A320 NEO,2,2026-10-09 08:50:00,2026-10-09 09:06:00,2026-10-09 10:15:00,,16,,on time,8,,,,30.2,0.00,18.4,15540.0,dry and calm
4633,2026-10-09,HYD,6E 134,6E,IndiGo,AMD,Ahmedabad,f,VT-IWX,Airbus A320,,2026-10-09 08:50:00,2026-10-09 08:51:00,2026-10-09 10:40:00,,1,,on time,8,,,,27.0,0.00,13.7,13040.0,dry and calm
4634,2026-10-09,BOM,6E 1163,6E,IndiGo,SIN,Singapore,t,VT-NCQ,Airbus A320,2,2026-10-09 08:55:00,2026-10-09 09:37:00,2026-10-09 17:20:00,,42,,late,8,,,,30.2,0.00,18.4,15540.0,dry and calm
4635,2026-10-09,BOM,6E 5150,6E,IndiGo,JGA,Jamnagar,f,VT-IQM,Airbus A320,1,2026-10-09 08:55:00,2026-10-09 09:10:00,2026-10-09 10:10:00,,15,,on time,8,,,,30.2,0.00,18.4,15540.0,dry and calm
4636,2026-10-09,BOM,AI 417,AI,Air India,HYD,Hyderabad,f,VT-RIO,Airbus A319,2,2026-10-09 08:55:00,2026-10-09 09:10:00,2026-10-09 10:35:00,2026-10-09 10:15:00,15,-20,on time,8,,,,30.2,0.00,18.4,15540.0,dry and calm
4637,2026-10-09,HYD,XY 326,XY,flynas,RUH,Riyadh,t,HZ-NS32,Airbus A320 NEO,,2026-10-09 08:55:00,2026-10-09 10:58:00,2026-10-09 11:15:00,,123,,late,8,,,,27.0,0.00,13.7,13040.0,dry and calm
4638,2026-10-09,BLR,IX 1489,IX,Air India Express,CCJ,Calicut,f,VT-BXN,Boeing 737 MAX 8,2,2026-10-09 09:00:00,,2026-10-09 10:05:00,,,,no actual time,9,,,,26.4,0.00,25.2,13360.0,dry and calm
4639,2026-10-09,BOM,6E 355,6E,IndiGo,DEL,New Delhi,f,VT-NOE,Airbus A320,2,2026-10-09 09:00:00,2026-10-09 09:21:00,2026-10-09 11:00:00,,21,,on time,9,6E 6196,HYD,,32.6,0.00,22.0,17620.0,dry and calm
4640,2026-10-09,BOM,AI 2739,AI,Air India,MAA,Chennai,f,VT-TQO,Airbus A320 NEO,2,2026-10-09 09:00:00,2026-10-09 09:04:00,2026-10-09 11:10:00,,4,,on time,9,,,,32.6,0.00,22.0,17620.0,dry and calm
4641,2026-10-09,BLR,6E 1167,6E,IndiGo,CMB,Colombo,t,VT-IBV,Airbus A321 NEO,2,2026-10-09 09:05:00,2026-10-09 09:21:00,2026-10-09 10:30:00,,16,,on time,9,,,,26.4,0.00,25.2,13360.0,dry and calm
4642,2026-10-09,BLR,6E 6558,6E,IndiGo,VNS,Varanasi,f,VT-IOX,Airbus A320 NEO,1,2026-10-09 09:05:00,,2026-10-09 11:25:00,,,,no actual time,9,,,,26.4,0.00,25.2,13360.0,dry and calm
4643,2026-10-09,BOM,6E 6674,6E,IndiGo,IXE,Mangalore,f,VT-IOT,Airbus A320 NEO,2,2026-10-09 09:05:00,2026-10-09 09:19:00,2026-10-09 10:35:00,,14,,on time,9,,,,32.6,0.00,22.0,17620.0,dry and calm
4644,2026-10-09,BOM,IX 1283,IX,Air India Express,BBI,Bhubaneswar,f,,Boeing 737,2,2026-10-09 09:05:00,2026-10-09 09:29:00,2026-10-09 11:35:00,,24,,on time,9,,,,32.6,0.00,22.0,17620.0,dry and calm
4645,2026-10-09,HYD,6E 179,6E,IndiGo,LKO,Lucknow,f,VT-NHN,Airbus A321 NEO,,2026-10-09 09:05:00,,2026-10-09 10:55:00,,,,no actual time,9,,,,28.7,0.00,19.4,14320.0,dry and calm
4646,2026-10-09,HYD,6E 7208,6E,IndiGo,VGA,Vidzhayavada,f,,ATR 72,,2026-10-09 09:05:00,,2026-10-09 10:10:00,,,,no actual time,9,,,,28.7,0.00,19.4,14320.0,dry and calm
4647,2026-10-09,BLR,IX 1506,IX,Air India Express,DED,Dehradun,f,VT-GHC,Boeing 737-800,2,2026-10-09 09:10:00,,2026-10-09 12:15:00,,,,no actual time,9,,,,26.4,0.00,25.2,13360.0,dry and calm
4648,2026-10-09,BLR,IX 2892,IX,Air India Express,IXB,Siliguri,f,VT-GHD,Boeing 737-800,2,2026-10-09 09:10:00,2026-10-09 09:18:00,2026-10-09 12:00:00,,8,,on time,9,,,,26.4,0.00,25.2,13360.0,dry and calm
4649,2026-10-09,BLR,6E 312,6E,IndiGo,HYD,Hyderabad,f,VT-ICT,Airbus A321 NEO,1,2026-10-09 09:15:00,2026-10-09 09:24:00,2026-10-09 10:30:00,2026-10-09 10:13:00,9,-17,on time,9,,,,26.4,0.00,25.2,13360.0,dry and calm
4650,2026-10-09,BLR,AI 2604,AI,Air India,BOM,Mumbai,f,VT-TNP,Airbus A320 (Sharklets),2,2026-10-09 09:15:00,2026-10-09 09:29:00,2026-10-09 11:15:00,,14,,on time,9,AI 2603,BOM,-37,26.4,0.00,25.2,13360.0,dry and calm
4651,2026-10-09,BOM,6E 2024,6E,IndiGo,PAT,Patna,f,VT-IIM,Airbus A320,2,2026-10-09 09:15:00,2026-10-09 09:30:00,2026-10-09 11:45:00,,15,,on time,9,,,,32.6,0.00,22.0,17620.0,dry and calm
4652,2026-10-09,BOM,6E 6057,6E,IndiGo,GOX,Mopa,f,VT-ILX,Airbus A320,2,2026-10-09 09:15:00,2026-10-09 09:44:00,2026-10-09 10:30:00,,29,,on time,9,,,,32.6,0.00,22.0,17620.0,dry and calm
4653,2026-10-09,HYD,6E 392,6E,IndiGo,VNS,Varanasi,f,VT-ICN,Airbus A321 NEO,,2026-10-09 09:15:00,,2026-10-09 11:05:00,,,,no actual time,9,,,,28.7,0.00,19.4,14320.0,dry and calm
4654,2026-10-09,HYD,6E 421,6E,IndiGo,IXR,Ranchi,f,VT-IMR,Airbus A321 NEO,,2026-10-09 09:15:00,,2026-10-09 11:10:00,,,,no actual time,9,,,,28.7,0.00,19.4,14320.0,dry and calm
4655,2026-10-09,BLR,6E 2518,6E,IndiGo,HDO,Ghaziabad,f,VT-IPO,Airbus A320 NEO,1,2026-10-09 09:20:00,2026-10-09 09:58:00,2026-10-09 12:10:00,,38,,late,9,,,,26.4,0.00,25.2,13360.0,dry and calm
4656,2026-10-09,BLR,IX 2786,IX,Air India Express,IXR,Ranchi,f,VT-BWQ,Boeing 737,2,2026-10-09 09:20:00,2026-10-09 09:42:00,2026-10-09 11:45:00,,22,,on time,9,,,,26.4,0.00,25.2,13360.0,dry and calm
4657,2026-10-09,BOM,IX 1809,IX,Air India Express,VNS,Varanasi,f,VT-BWB,Boeing 737,2,2026-10-09 09:20:00,2026-10-09 08:05:00,,,-75,,on time,9,,,,32.6,0.00,22.0,17620.0,dry and calm
4658,2026-10-09,BLR,6E 2086,6E,IndiGo,NMI,Mumbai,f,VT-ICW,Airbus A321 NEO,1,2026-10-09 09:25:00,2026-10-09 09:44:00,2026-10-09 10:55:00,,19,,on time,9,6E 151,HYD,-4,26.4,0.00,25.2,13360.0,dry and calm
4659,2026-10-09,BLR,6E 524,6E,IndiGo,IXA,Agartala,f,VT-IOQ,Airbus A320 NEO,1,2026-10-09 09:25:00,2026-10-09 09:46:00,2026-10-09 12:20:00,,21,,on time,9,,,,26.4,0.00,25.2,13360.0,dry and calm
4660,2026-10-09,BLR,QP 1513,QP,Akasa Air,DBR,Darbhanga,f,VT-YAA,Boeing 737 MAX 8,1,2026-10-09 09:25:00,,2026-10-09 12:10:00,,,,no actual time,9,,,,26.4,0.00,25.2,13360.0,dry and calm
4661,2026-10-09,BOM,QP 1153,QP,Akasa Air,BLR,Bangalore,f,VT-YAT,Boeing 737,2,2026-10-09 09:25:00,2026-10-09 09:39:00,2026-10-09 11:20:00,,14,,on time,9,QP 1515,BLR,,32.6,0.00,22.0,17620.0,dry and calm
4662,2026-10-09,BLR,6E 830,6E,IndiGo,DEL,New Delhi,f,VT-NCD,Airbus A321 NEO,1,2026-10-09 09:30:00,2026-10-09 10:03:00,2026-10-09 12:30:00,,33,,late,9,,,,26.4,0.00,25.2,13360.0,dry and calm
4663,2026-10-09,BLR,IX 1526,IX,Air India Express,JAI,Jaipur,f,VT-RTF,Airbus A320 NEO,2,2026-10-09 09:30:00,,2026-10-09 12:30:00,,,,no actual time,9,,,,26.4,0.00,25.2,13360.0,dry and calm
4664,2026-10-09,BOM,AI 2432,AI,Air India,DEL,New Delhi,f,VT-CIH,Airbus A320 NEO,2,2026-10-09 09:30:00,2026-10-09 09:49:00,2026-10-09 11:31:00,,19,,on time,9,,,,32.6,0.00,22.0,17620.0,dry and calm
4665,2026-10-09,BOM,BA 134,BA,British,LHR,London,t,G-YMMS,Boeing 777,2,2026-10-09 09:30:00,2026-10-09 09:41:00,2026-10-09 15:00:00,2026-10-09 14:56:00,11,-4,on time,9,,,,32.6,0.00,22.0,17620.0,dry and calm
4666,2026-10-09,HYD,6E 5174,6E,IndiGo,BOM,Mumbai,f,VT-NOO,Airbus A321 NEO,,2026-10-09 09:30:00,2026-10-09 09:37:00,2026-10-09 10:55:00,,7,,on time,9,6E 5246,BOM,-26,28.7,0.00,19.4,14320.0,dry and calm
4667,2026-10-09,BLR,6E 415,6E,IndiGo,JAI,Jaipur,f,VT-NHS,Airbus A321 NEO,1,2026-10-09 09:35:00,2026-10-09 11:03:00,2026-10-09 12:05:00,,88,,late,9,,,,26.4,0.00,25.2,13360.0,dry and calm
4668,2026-10-09,BLR,IX 904,IX,Air India Express,HKT,Phuket,t,VT-ATH,Airbus A320 NEO,2,2026-10-09 09:35:00,2026-10-09 10:22:00,2026-10-09 15:15:00,,47,,late,9,,,,26.4,0.00,25.2,13360.0,dry and calm
4669,2026-10-09,BOM,6E 2034,6E,IndiGo,KNU,Kanpur,f,VT-ILP,Airbus A320,2,2026-10-09 09:35:00,2026-10-09 09:54:00,2026-10-09 12:00:00,,19,,on time,9,,,,32.6,0.00,22.0,17620.0,dry and calm
4670,2026-10-09,BOM,6E 5109,6E,IndiGo,CJB,Coimbatore,f,VT-NHJ,Airbus A320,1,2026-10-09 09:35:00,2026-10-09 10:01:00,2026-10-09 11:25:00,,26,,on time,9,,,,32.6,0.00,22.0,17620.0,dry and calm
4671,2026-10-09,HYD,6E 6066,6E,IndiGo,BLR,Bangalore,f,VT-IQS,Airbus A320 NEO,,2026-10-09 09:35:00,2026-10-09 10:00:00,2026-10-09 10:55:00,2026-10-09 10:49:00,25,-6,on time,9,,,,28.7,0.00,19.4,14320.0,dry and calm
4672,2026-10-09,BOM,KU 304,KU,Kuwait,KWI,Kuwait City,t,9K-APJ,Airbus A330-900,2,2026-10-09 09:40:00,2026-10-09 09:58:00,2026-10-09 11:20:00,,18,,on time,9,,,,32.6,0.00,22.0,17620.0,dry and calm
4673,2026-10-09,BOM,AI 2245,AI,Air India,JED,Jeddah,t,VT-EXF,Airbus A320 NEO,2,2026-10-09 09:45:00,2026-10-09 10:02:00,2026-10-09 12:35:00,,17,,on time,9,,,,32.6,0.00,22.0,17620.0,dry and calm
4674,2026-10-09,BOM,S5 164,S5,Star Air,KLH,Kolhapur,f,,Embraer 175,1,2026-10-09 09:45:00,2026-10-09 10:10:00,,,25,,on time,9,,,,32.6,0.00,22.0,17620.0,dry and calm
4675,2026-10-09,BLR,QP 623,QP,Akasa Air,HKT,Phuket,t,VT-YAK,Boeing 737 MAX 8,2,2026-10-09 09:50:00,,2026-10-09 15:05:00,,,,no actual time,9,,,,26.4,0.00,25.2,13360.0,dry and calm
4676,2026-10-09,BOM,6E 5092,6E,IndiGo,BLR,Bangalore,f,VT-NCZ,Airbus A320,1,2026-10-09 09:50:00,2026-10-09 10:04:00,2026-10-09 11:55:00,2026-10-09 11:20:00,14,-35,on time,9,6E 5216,BLR,,32.6,0.00,22.0,17620.0,dry and calm
4677,2026-10-09,BOM,6E 5313,6E,IndiGo,MAA,Chennai,f,,Airbus A320,1,2026-10-09 09:50:00,2026-10-09 09:57:00,2026-10-09 12:00:00,,7,,on time,9,,,,32.6,0.00,22.0,17620.0,dry and calm
4678,2026-10-09,HYD,6E 7503,6E,IndiGo,TIR,Tirumala - Tirupati,f,VT-IRD,ATR 72,,2026-10-09 09:50:00,2026-10-09 10:10:00,2026-10-09 11:15:00,,20,,on time,9,,,,28.7,0.00,19.4,14320.0,dry and calm
4679,2026-10-09,BLR,WY 282,WY,Oman Air,MCT,Muscat,t,A4O-MI,Boeing 737 MAX 8,2,2026-10-09 09:55:00,2026-10-09 10:00:00,2026-10-09 12:00:00,,5,,on time,9,,,,26.4,0.00,25.2,13360.0,dry and calm
4680,2026-10-09,BOM,AI 2863,AI,Air India,BLR,Bangalore,f,,Airbus A320 NEO,2,2026-10-09 09:55:00,2026-10-09 10:19:00,,,24,,on time,9,,,,32.6,0.00,22.0,17620.0,dry and calm
4681,2026-10-09,HYD,6E 6707,6E,IndiGo,COK,Kochi,f,VT-IBD,Airbus A321 NEO,,2026-10-09 09:55:00,2026-10-09 09:52:00,2026-10-09 11:35:00,,-3,,on time,9,,,,28.7,0.00,19.4,14320.0,dry and calm
4682,2026-10-09,BLR,6E 503,6E,IndiGo,LKO,Lucknow,f,VT-NOV,Airbus A320,1,2026-10-09 10:00:00,2026-10-09 10:18:00,2026-10-09 12:35:00,,18,,on time,10,,,,28.0,0.00,28.1,17500.0,dry and calm
4683,2026-10-09,BLR,AI 2804,AI,Air India,DEL,New Delhi,f,VT-EXL,Airbus A320 (Sharklets),2,2026-10-09 10:00:00,,2026-10-09 12:41:00,,,,no actual time,10,,,,28.0,0.00,28.1,17500.0,dry and calm
4684,2026-10-09,BLR,IX 882,IX,Air India Express,BKK,Bangkok,t,VT-BWJ,Boeing 737 MAX 8,2,2026-10-09 10:00:00,2026-10-09 10:53:00,2026-10-09 15:40:00,2026-10-09 15:56:00,53,16,late,10,,,,28.0,0.00,28.1,17500.0,dry and calm
4685,2026-10-09,BLR,QP 590,QP,Akasa Air,AUH,Abu Dhabi,t,VT-YAO,Boeing 737 MAX 8,2,2026-10-09 10:00:00,,2026-10-09 12:35:00,,,,no actual time,10,,,,28.0,0.00,28.1,17500.0,dry and calm
4686,2026-10-09,BLR,UL 1174,UL,SriLankan,CMB,Colombo,t,4R-ANE,Airbus A321,2,2026-10-09 10:00:00,2026-10-09 11:41:00,2026-10-09 11:25:00,,101,,late,10,,,,28.0,0.00,28.1,17500.0,dry and calm
4687,2026-10-09,BOM,6E 6052,6E,IndiGo,DEL,New Delhi,f,VT-NHZ,Airbus A320,2,2026-10-09 10:00:00,2026-10-09 10:15:00,2026-10-09 11:54:00,,15,,on time,10,,,,34.8,0.00,24.1,17600.0,dry and calm
4688,2026-10-09,BOM,AI 2430,AI,Air India,DEL,New Delhi,f,VT-CIH,Airbus A320 NEO,2,2026-10-09 10:00:00,2026-10-09 10:16:00,2026-10-09 11:57:00,,16,,on time,10,,,,34.8,0.00,24.1,17600.0,dry and calm
4689,2026-10-09,BOM,AI 2855,AI,Air India,COK,Kochi,f,VT-EXK,Airbus A320 NEO,2,2026-10-09 10:00:00,2026-10-09 10:03:00,2026-10-09 12:05:00,,3,,on time,10,,,,34.8,0.00,24.1,17600.0,dry and calm
4690,2026-10-09,HYD,6E 6151,6E,IndiGo,MAA,Chennai,f,VT-IQD,Airbus A320 NEO,,2026-10-09 10:00:00,2026-10-09 10:35:00,2026-10-09 11:20:00,,35,,late,10,,,,30.2,0.00,21.6,16380.0,dry and calm
4691,2026-10-09,HYD,6E 6281,6E,IndiGo,DEL,New Delhi,f,VT-NCP,Airbus A321 NEO,,2026-10-09 10:00:00,2026-10-09 10:18:00,2026-10-09 12:15:00,,18,,on time,10,,,,30.2,0.00,21.6,16380.0,dry and calm
4692,2026-10-09,BOM,6E 2060,6E,IndiGo,NAG,Naqpur,f,VT-IAS,Airbus A320 NEO,2,2026-10-09 10:05:00,2026-10-09 10:25:00,2026-10-09 11:40:00,,20,,on time,10,,,,34.8,0.00,24.1,17600.0,dry and calm
4693,2026-10-09,BOM,6E 5165,6E,IndiGo,CCU,Kolkata,f,VT-NHX,Airbus A320,1,2026-10-09 10:05:00,2026-10-09 10:31:00,2026-10-09 12:55:00,2026-10-09 12:38:00,26,-17,on time,10,,,,34.8,0.00,24.1,17600.0,dry and calm
4694,2026-10-09,BOM,AI 2107,AI,Air India,SIN,Singapore,t,VT-TVA,Airbus A321,2,2026-10-09 10:05:00,2026-10-09 10:22:00,2026-10-09 18:30:00,2026-10-09 18:08:00,17,-22,on time,10,,,,34.8,0.00,24.1,17600.0,dry and calm
4695,2026-10-09,BLR,6E 6059,6E,IndiGo,JRG,Jharsuguda,f,VT-IMY,Airbus A321 NEO,1,2026-10-09 10:10:00,2026-10-09 10:33:00,2026-10-09 12:20:00,,23,,on time,10,,,,28.0,0.00,28.1,17500.0,dry and calm
4696,2026-10-09,BLR,6E 7271,6E,IndiGo,AGX,Agatti Island,f,VT-IYH,ATR 72,1,2026-10-09 10:10:00,,2026-10-09 12:25:00,,,,no actual time,10,,,,28.0,0.00,28.1,17500.0,dry and calm
4697,2026-10-09,BOM,6E 535,6E,IndiGo,DBR,Darbhanga,f,VT-IXE,Airbus A320 NEO,2,2026-10-09 10:10:00,2026-10-09 10:37:00,2026-10-09 12:55:00,,27,,on time,10,,,,34.8,0.00,24.1,17600.0,dry and calm
4698,2026-10-09,BOM,AI 2997,AI,Air India,ATQ,Amritsar,f,VT-TNS,Airbus A320 NEO,2,2026-10-09 10:10:00,2026-10-09 10:34:00,2026-10-09 12:35:00,,24,,on time,10,AI 2872,HYD,,34.8,0.00,24.1,17600.0,dry and calm
4699,2026-10-09,BOM,QP 1131,QP,Akasa Air,IXB,Siliguri,f,,Boeing 737,2,2026-10-09 10:10:00,2026-10-09 10:25:00,2026-10-09 13:15:00,,15,,on time,10,,,,34.8,0.00,24.1,17600.0,dry and calm
4700,2026-10-09,BOM,QP 1139,QP,Akasa Air,DBR,Darbhanga,f,,Boeing 737,2,2026-10-09 10:10:00,2026-10-09 10:43:00,2026-10-09 13:05:00,,33,,late,10,,,,34.8,0.00,24.1,17600.0,dry and calm
4701,2026-10-09,HYD,6E 468,6E,IndiGo,CJB,Coimbatore,f,VT-ISW,Airbus A320 NEO,,2026-10-09 10:10:00,2026-10-09 10:33:00,2026-10-09 11:35:00,,23,,on time,10,6E 484,BLR,,30.2,0.00,21.6,16380.0,dry and calm
4702,2026-10-09,BLR,6E 5237,6E,IndiGo,BOM,Mumbai,f,VT-NCL,Airbus A321 NEO,1,2026-10-09 10:15:00,2026-10-09 10:54:00,2026-10-09 12:05:00,,39,,late,10,6E 5193,BOM,-28,28.0,0.00,28.1,17500.0,dry and calm
4703,2026-10-09,BLR,6E 537,6E,IndiGo,HYD,Hyderabad,f,VT-IKP,Airbus A320,1,2026-10-09 10:15:00,2026-10-09 11:01:00,2026-10-09 11:30:00,2026-10-09 11:47:00,46,17,late,10,,,,28.0,0.00,28.1,17500.0,dry and calm
4704,2026-10-09,BOM,6E 5318,6E,IndiGo,HYD,Hyderabad,f,VT-NCH,Airbus A320,1,2026-10-09 10:15:00,2026-10-09 10:40:00,2026-10-09 11:40:00,2026-10-09 11:38:00,25,-2,on time,10,6E 5213,HYD,,34.8,0.00,24.1,17600.0,dry and calm
4705,2026-10-09,BOM,EK 505,EK,Emirates,DXB,Dubai,t,A6-EPH,Boeing 777-300ER,2,2026-10-09 10:15:00,2026-10-09 10:45:00,2026-10-09 11:45:00,2026-10-09 11:44:00,30,-1,late,10,,,,34.8,0.00,24.1,17600.0,dry and calm
4706,2026-10-09,BOM,WY 202,WY,Oman Air,MCT,Muscat,t,,Boeing 737-800,2,2026-10-09 10:15:00,2026-10-09 12:27:00,2026-10-09 11:30:00,,132,,late,10,,,,34.8,0.00,24.1,17600.0,dry and calm
4707,2026-10-09,HYD,EK 527,EK,Emirates,DXB,Dubai,t,A6-EGW,Boeing 777-300,,2026-10-09 10:15:00,2026-10-09 10:30:00,2026-10-09 12:25:00,2026-10-09 12:08:00,15,-17,on time,10,,,,30.2,0.00,21.6,16380.0,dry and calm
4708,2026-10-09,BLR,6E 1457,6E,IndiGo,SIN,Singapore,t,VT-IWS,Airbus A321 NEO,2,2026-10-09 10:20:00,2026-10-09 10:40:00,2026-10-09 17:40:00,,20,,on time,10,,,,28.0,0.00,28.1,17500.0,dry and calm
4709,2026-10-09,BLR,IX 2816,IX,Air India Express,PAT,Patna,f,VT-VTZ,Airbus A320,2,2026-10-09 10:20:00,2026-10-09 10:31:00,2026-10-09 12:55:00,,11,,on time,10,IX 2019,HYD,-14,28.0,0.00,28.1,17500.0,dry and calm
4710,2026-10-09,BLR,QP 1313,QP,Akasa Air,PNQ,Pune,f,VT-YBP,Boeing 737 MAX 8,1,2026-10-09 10:20:00,,2026-10-09 11:40:00,,,,no actual time,10,,,,28.0,0.00,28.1,17500.0,dry and calm
4711,2026-10-09,HYD,6E 7228,6E,IndiGo,RJA,Rajahmundry,f,VT-IYP,ATR 72,,2026-10-09 10:20:00,2026-10-09 10:37:00,2026-10-09 11:45:00,,17,,on time,10,,,,30.2,0.00,21.6,16380.0,dry and calm
4712,2026-10-09,BLR,6E 6445,6E,IndiGo,COK,Kochi,f,VT-IPZ,Airbus A320 NEO,1,2026-10-09 10:25:00,2026-10-09 10:50:00,2026-10-09 11:30:00,,25,,on time,10,,,,28.0,0.00,28.1,17500.0,dry and calm
4713,2026-10-09,BLR,S5 701,S5,Star Air,VDY,Vijaynagar,f,VT-GSU,Embraer 175,2,2026-10-09 10:25:00,,2026-10-09 11:15:00,,,,no actual time,10,,,,28.0,0.00,28.1,17500.0,dry and calm
4714,2026-10-09,BOM,6E 5181,6E,IndiGo,IDR,Indore,f,,Airbus A320,1,2026-10-09 10:25:00,2026-10-09 11:02:00,2026-10-09 11:50:00,,37,,late,10,,,,34.8,0.00,24.1,17600.0,dry and calm
4715,2026-10-09,BOM,AI 2663,AI,Air India,SXR,Srinagar,f,VT-CID,Airbus A320 NEO,2,2026-10-09 10:25:00,2026-10-09 10:53:00,2026-10-09 13:10:00,,28,,on time,10,,,,34.8,0.00,24.1,17600.0,dry and calm
4716,2026-10-09,BOM,QP 1834,QP,Akasa Air,DEL,New Delhi,f,,Boeing 737,2,2026-10-09 10:25:00,2026-10-09 10:50:00,2026-10-09 12:32:00,,25,,on time,10,,,,34.8,0.00,24.1,17600.0,dry and calm
4717,2026-10-09,HYD,6E 422,6E,IndiGo,DED,Dehradun,f,VT-ISS,Airbus A320 NEO,,2026-10-09 10:25:00,2026-10-09 10:49:00,2026-10-09 12:50:00,,24,,on time,10,,,,30.2,0.00,21.6,16380.0,dry and calm
4718,2026-10-09,BLR,6E 6144,6E,IndiGo,TRV,Trivandrum,f,VT-ILT,Airbus A321 NEO,1,2026-10-09 10:30:00,2026-10-09 10:47:00,2026-10-09 11:50:00,2026-10-09 11:58:00,17,8,on time,10,,,,28.0,0.00,28.1,17500.0,dry and calm
4719,2026-10-09,BLR,AI 2852,AI,Air India,BOM,Mumbai,f,VT-TNR,Airbus A321 (Sharklets),2,2026-10-09 10:30:00,2026-10-09 10:46:00,2026-10-09 12:35:00,,16,,on time,10,,,,28.0,0.00,28.1,17500.0,dry and calm
4720,2026-10-09,BLR,EK 565,EK,Emirates,DXB,Dubai,t,A6-EGX,Boeing 777-300,2,2026-10-09 10:30:00,2026-10-09 11:19:00,2026-10-09 12:45:00,2026-10-09 13:06:00,49,21,late,10,,,,28.0,0.00,28.1,17500.0,dry and calm
4721,2026-10-09,BLR,EK 9811,EK,Emirates,DWC,Jebel Ali,t,A6-EFZ,Boeing 777,2,2026-10-09 10:30:00,,2026-10-09 12:18:00,2026-10-09 12:18:00,,0,no actual time,10,,,,28.0,0.00,28.1,17500.0,dry and calm
4722,2026-10-09,BOM,6E 310,6E,IndiGo,DEL,New Delhi,f,,Airbus A320,2,2026-10-09 10:35:00,2026-10-09 10:59:00,2026-10-09 12:37:00,,24,,on time,10,,,,34.8,0.00,24.1,17600.0,dry and calm
4723,2026-10-09,BOM,AI 2579,AI,Air India,UDR,Udaipur,f,,Airbus A320 NEO,2,2026-10-09 10:35:00,2026-10-09 11:06:00,2026-10-09 12:05:00,,31,,late,10,,,,34.8,0.00,24.1,17600.0,dry and calm
4724,2026-10-09,HYD,6E 997,6E,IndiGo,AMD,Ahmedabad,f,VT-IBB,Airbus A321 NEO,,2026-10-09 10:35:00,2026-10-09 10:46:00,2026-10-09 12:25:00,,11,,on time,10,,,,30.2,0.00,21.6,16380.0,dry and calm
4725,2026-10-09,HYD,AI 2543,AI,Air India,DEL,New Delhi,f,VT-TQE,Airbus A320 NEO,,2026-10-09 10:35:00,2026-10-09 10:41:00,2026-10-09 12:39:00,,6,,on time,10,,,,30.2,0.00,21.6,16380.0,dry and calm
4726,2026-10-09,BLR,6E 6583,6E,IndiGo,GOX,Mopa,f,VT-ILQ,Airbus A321 NEO,1,2026-10-09 10:40:00,2026-10-09 10:58:00,2026-10-09 11:45:00,,18,,on time,10,,,,28.0,0.00,28.1,17500.0,dry and calm
4727,2026-10-09,BLR,IX 1498,IX,Air India Express,IXC,Chandigarh,f,VT-BXK,Boeing 737 MAX 8,2,2026-10-09 10:40:00,2026-10-09 10:59:00,2026-10-09 13:50:00,,19,,on time,10,,,,28.0,0.00,28.1,17500.0,dry and calm
4728,2026-10-09,HYD,IX 2745,IX,Air India Express,GOX,Mopa,f,VT-BWD,Boeing 737 MAX 8,,2026-10-09 10:40:00,2026-10-09 10:53:00,2026-10-09 12:00:00,,13,,on time,10,,,,30.2,0.00,21.6,16380.0,dry and calm
4729,2026-10-09,BLR,OG 701,OG,Ghodawat Enterprises,VDY,VDY,f,VT-GSU,Embraer 175,,2026-10-09 10:43:00,2026-10-09 10:43:00,,,0,,on time,10,,,,28.0,0.00,28.1,17500.0,dry and calm
4730,2026-10-09,BLR,6E 175,6E,IndiGo,DEL,New Delhi,f,VT-NCO,Airbus A321 NEO,1,2026-10-09 10:45:00,2026-10-09 11:14:00,2026-10-09 13:37:00,,29,,on time,10,,,,28.0,0.00,28.1,17500.0,dry and calm
4731,2026-10-09,BLR,6E 904,6E,IndiGo,MAA,Chennai,f,VT-ILF,Airbus A321 NEO,1,2026-10-09 10:45:00,2026-10-09 11:12:00,2026-10-09 11:45:00,,27,,on time,10,,,,28.0,0.00,28.1,17500.0,dry and calm
4732,2026-10-09,BOM,6E 6087,6E,IndiGo,IXR,Ranchi,f,VT-ICX,Airbus A320,2,2026-10-09 10:45:00,2026-10-09 11:12:00,2026-10-09 13:10:00,,27,,on time,10,,,,34.8,0.00,24.1,17600.0,dry and calm
4733,2026-10-09,BOM,AI 2781,AI,Air India,JAI,Jaipur,f,,Airbus A319,2,2026-10-09 10:45:00,2026-10-09 11:21:00,2026-10-09 12:45:00,,36,,late,10,,,,34.8,0.00,24.1,17600.0,dry and calm
4734,2026-10-09,BLR,6E 7737,6E,IndiGo,TIR,Tirumala - Tirupati,f,VT-IYE,ATR 72,1,2026-10-09 10:50:00,2026-10-09 11:06:00,2026-10-09 11:55:00,,16,,on time,10,,,,28.0,0.00,28.1,17500.0,dry and calm
4735,2026-10-09,BOM,6E 1131,6E,IndiGo,MLE,Malé,t,VT-ICZ,Airbus A320,2,2026-10-09 10:50:00,2026-10-09 11:15:00,2026-10-09 13:10:00,,25,,on time,10,,,,34.8,0.00,24.1,17600.0,dry and calm
4736,2026-10-09,BOM,AI 2444,AI,Air India,HYD,Hyderabad,f,VT-TQT,Airbus A320 NEO,2,2026-10-09 10:50:00,2026-10-09 11:09:00,2026-10-09 12:25:00,2026-10-09 12:09:00,19,-16,on time,10,,,,34.8,0.00,24.1,17600.0,dry and calm
4737,2026-10-09,BOM,IX 1805,IX,Air India Express,JGA,Jamnagar,f,VT-TYG,Airbus A320 NEO,2,2026-10-09 10:50:00,2026-10-09 11:18:00,2026-10-09 12:25:00,,28,,on time,10,,,,34.8,0.00,24.1,17600.0,dry and calm
4738,2026-10-09,HYD,6E 6471,6E,IndiGo,PNQ,Pune,f,VT-IMK,Airbus A321 NEO,,2026-10-09 10:50:00,2026-10-09 12:00:00,2026-10-09 11:55:00,2026-10-09 12:48:00,70,53,late,10,,,,30.2,0.00,21.6,16380.0,dry and calm
4739,2026-10-09,BLR,IX 1385,IX,Air India Express,SXR,Srinagar,f,VT-EXC,Airbus A320,2,2026-10-09 10:55:00,2026-10-09 11:04:00,2026-10-09 14:30:00,,9,,on time,10,,,,28.0,0.00,28.1,17500.0,dry and calm
4740,2026-10-09,BOM,AI 2789,AI,Air India,PAT,Patna,f,,Airbus A320 NEO,2,2026-10-09 10:55:00,2026-10-09 11:27:00,2026-10-09 13:25:00,,32,,late,10,,,,34.8,0.00,24.1,17600.0,dry and calm
4741,2026-10-09,BLR,AI 2406,AI,Air India,DEL,New Delhi,f,VT-TNE,Airbus A320 NEO,2,2026-10-09 11:00:00,2026-10-09 11:30:00,2026-10-09 13:53:00,,30,,late,11,,,,28.1,0.20,28.1,6120.0,light rain
4742,2026-10-09,BOM,6E 5217,6E,IndiGo,BLR,Bangalore,f,VT-NHL,Airbus A320,1,2026-10-09 11:00:00,2026-10-09 11:25:00,2026-10-09 12:55:00,2026-10-09 12:40:00,25,-15,on time,11,6E 5051,BLR,,37.1,0.00,23.8,19820.0,dry and calm
4743,2026-10-09,BOM,SV 771,SV,Saudi Arabian,JED,Jeddah,t,HZ-AQ19,Airbus A330-300,2,2026-10-09 11:00:00,2026-10-09 11:30:00,2026-10-09 13:15:00,,30,,late,11,,,,37.1,0.00,23.8,19820.0,dry and calm
4744,2026-10-09,HYD,6E 6911,6E,IndiGo,BBI,Bhubaneswar,f,VT-IXJ,Airbus A320 NEO,,2026-10-09 11:00:00,2026-10-09 11:19:00,2026-10-09 12:40:00,,19,,on time,11,,,,31.8,0.00,24.1,18180.0,dry and calm
4745,2026-10-09,BLR,6E 574,6E,IndiGo,SAG,Shirdi,f,VT-IMD,Airbus A321 NEO,1,2026-10-09 11:05:00,2026-10-09 11:25:00,2026-10-09 12:45:00,,20,,on time,11,,,,28.1,0.20,28.1,6120.0,light rain
4746,2026-10-09,BOM,ET 641,ET,Ethiopian,ADD,Addis Ababa,t,ET-ASK,Boeing 777-200LR,2,2026-10-09 11:05:00,2026-10-09 11:33:00,2026-10-09 13:45:00,,28,,on time,11,,,,37.1,0.00,23.8,19820.0,dry and calm
4747,2026-10-09,BOM,IX 1803,IX,Air India Express,JDH,Jodhpur,f,VT-BWR,Boeing 737,2,2026-10-09 11:05:00,2026-10-09 11:54:00,2026-10-09 12:55:00,,49,,late,11,,,,37.1,0.00,23.8,19820.0,dry and calm
4748,2026-10-09,HYD,6E 879,6E,IndiGo,VTZ,Visakhapatnam,f,VT-IIY,Airbus A320 NEO,,2026-10-09 11:05:00,2026-10-09 11:14:00,2026-10-09 12:20:00,2026-10-09 12:11:00,9,-9,on time,11,,,,31.8,0.00,24.1,18180.0,dry and calm
4749,2026-10-09,BOM,6E 1157,6E,IndiGo,KTM,Kathmandu,t,VT-IPS,Airbus A320 NEO,2,2026-10-09 11:10:00,2026-10-09 11:56:00,2026-10-09 14:10:00,,46,,late,11,,,,37.1,0.00,23.8,19820.0,dry and calm
4750,2026-10-09,HYD,6E 875,6E,IndiGo,CCJ,Calicut,f,VT-IIG,Airbus A320 NEO,,2026-10-09 11:10:00,2026-10-09 11:17:00,2026-10-09 12:30:00,,7,,on time,11,,,,31.8,0.00,24.1,18180.0,dry and calm
4751,2026-10-09,HYD,6E 886,6E,IndiGo,GOP,Gorakhpur,f,VT-ICT,Airbus A321 NEO,,2026-10-09 11:10:00,2026-10-09 11:29:00,2026-10-09 13:15:00,,19,,on time,11,6E 312,BLR,-17,31.8,0.00,24.1,18180.0,dry and calm
4752,2026-10-09,BLR,6E 6531,6E,IndiGo,IXD,Allahabad,f,VT-IKS,Airbus A320,1,2026-10-09 11:15:00,2026-10-09 11:39:00,2026-10-09 13:35:00,,24,,on time,11,,,,28.1,0.20,28.1,6120.0,light rain
4753,2026-10-09,BOM,AI 2491,AI,Air India,LKO,Lucknow,f,,Airbus A320 NEO,2,2026-10-09 11:15:00,2026-10-09 11:49:00,2026-10-09 13:35:00,,34,,late,11,,,,37.1,0.00,23.8,19820.0,dry and calm
4754,2026-10-09,BOM,EY 201,EY,Etihad,AUH,Abu Dhabi,t,A6-LRC,Airbus A320,2,2026-10-09 11:15:00,2026-10-09 11:51:00,2026-10-09 12:55:00,,36,,late,11,,,,37.1,0.00,23.8,19820.0,dry and calm
4755,2026-10-09,BLR,QP 1880,QP,Akasa Air,GOP,Gorakhpur,f,VT-YAW,Boeing 737 MAX 8,1,2026-10-09 11:20:00,,2026-10-09 14:05:00,,,,no actual time,11,,,,28.1,0.20,28.1,6120.0,light rain
4756,2026-10-09,BOM,6E 261,6E,IndiGo,GOI,Vasco da Gama,f,VT-IWR,Airbus A320,2,2026-10-09 11:20:00,2026-10-09 12:00:00,2026-10-09 12:30:00,,40,,late,11,,,,37.1,0.00,23.8,19820.0,dry and calm
4757,2026-10-09,BOM,IX 1023,IX,Air India Express,VNS,Varanasi,f,VT-BWE,Boeing 737,2,2026-10-09 11:20:00,2026-10-09 12:02:00,2026-10-09 13:55:00,,42,,late,11,,,,37.1,0.00,23.8,19820.0,dry and calm
4758,2026-10-09,HYD,6E 362,6E,IndiGo,GOI,Vasco da Gama,f,VT-IXG,Airbus A320 NEO,,2026-10-09 11:20:00,2026-10-09 12:03:00,2026-10-09 12:35:00,,43,,late,11,,,,31.8,0.00,24.1,18180.0,dry and calm
4759,2026-10-09,HYD,6E 7563,6E,IndiGo,KLH,Kolkhapur,f,VT-IXW,ATR 72,,2026-10-09 11:20:00,2026-10-09 11:22:00,2026-10-09 12:45:00,,2,,on time,11,,,,31.8,0.00,24.1,18180.0,dry and calm
4760,2026-10-09,BOM,AI 2952,AI,Air India,DEL,New Delhi,f,,Airbus A350-900,2,2026-10-09 11:25:00,2026-10-09 11:58:00,2026-10-09 13:30:00,,33,,late,11,,,,37.1,0.00,23.8,19820.0,dry and calm
4761,2026-10-09,BOM,VS 355,VS,Virgin Atlantic,LHR,London,t,G-VBOW,Boeing 787-9,2,2026-10-09 11:25:00,2026-10-09 12:12:00,2026-10-09 16:45:00,2026-10-09 17:10:00,47,25,late,11,,,,37.1,0.00,23.8,19820.0,dry and calm
4762,2026-10-09,HYD,6E 7096,6E,IndiGo,CDP,Kuddapakh,f,VT-IRA,ATR 72,,2026-10-09 11:25:00,2026-10-09 11:31:00,2026-10-09 12:35:00,,6,,on time,11,,,,31.8,0.00,24.1,18180.0,dry and calm
4763,2026-10-09,BLR,6E 5069,6E,IndiGo,BOM,Mumbai,f,VT-NOA,Airbus A321 NEO,1,2026-10-09 11:30:00,2026-10-09 11:45:00,2026-10-09 13:20:00,,15,,on time,11,,,,28.1,0.20,28.1,6120.0,light rain
4764,2026-10-09,BLR,6E 6035,6E,IndiGo,KNU,Kanpur,f,VT-IVB,Airbus A320 NEO,1,2026-10-09 11:30:00,2026-10-09 11:43:00,2026-10-09 13:55:00,,13,,on time,11,,,,28.1,0.20,28.1,6120.0,light rain
4765,2026-10-09,BLR,6E 6537,6E,IndiGo,DGH,Deoghar,f,VT-IMI,Airbus A321 NEO,1,2026-10-09 11:30:00,,2026-10-09 14:00:00,,,,no actual time,11,,,,28.1,0.20,28.1,6120.0,light rain
4766,2026-10-09,BOM,6E 6827,6E,IndiGo,DEL,New Delhi,f,,Airbus A320,2,2026-10-09 11:30:00,2026-10-09 12:09:00,2026-10-09 13:48:00,,39,,late,11,,,,37.1,0.00,23.8,19820.0,dry and calm
4767,2026-10-09,BOM,6E 6937,6E,IndiGo,IXD,Allahabad,f,VT-IRX,Airbus A320,2,2026-10-09 11:30:00,2026-10-09 12:17:00,2026-10-09 13:25:00,,47,,late,11,,,,37.1,0.00,23.8,19820.0,dry and calm
4768,2026-10-09,BOM,IX 1176,IX,Air India Express,IXB,Siliguri,f,VT-RTG,Airbus A320,2,2026-10-09 11:30:00,2026-10-09 12:38:00,2026-10-09 14:20:00,,68,,late,11,,,,37.1,0.00,23.8,19820.0,dry and calm
4769,2026-10-09,HYD,AI 418,AI,Air India,BOM,Mumbai,f,VT-RIO,Airbus A320 NEO,,2026-10-09 11:30:00,2026-10-09 11:34:00,2026-10-09 13:25:00,,4,,on time,11,AI 417,BOM,-20,31.8,0.00,24.1,18180.0,dry and calm
4770,2026-10-09,HYD,SQ 519,SQ,Singapore,SIN,Singapore,t,9V-MBZ,Boeing 737 MAX 8,,2026-10-09 11:30:00,2026-10-09 11:53:00,2026-10-09 19:05:00,2026-10-09 18:42:00,23,-23,on time,11,,,,31.8,0.00,24.1,18180.0,dry and calm
4771,2026-10-09,BLR,6E 6404,6E,IndiGo,HYD,Hyderabad,f,VT-IQS,Airbus A320 NEO,1,2026-10-09 11:35:00,2026-10-09 12:16:00,2026-10-09 12:50:00,2026-10-09 13:01:00,41,11,late,11,6E 6066,HYD,-6,28.1,0.20,28.1,6120.0,light rain
4772,2026-10-09,BLR,6E 7917,6E,IndiGo,SXV,Salem,f,VT-IYS,ATR 72,1,2026-10-09 11:35:00,2026-10-09 11:49:00,2026-10-09 12:35:00,,14,,on time,11,,,,28.1,0.20,28.1,6120.0,light rain
4773,2026-10-09,BLR,SQ 509,SQ,Singapore,SIN,Singapore,t,9V-SHT,Airbus A350-900,2,2026-10-09 11:35:00,2026-10-09 12:11:00,2026-10-09 19:00:00,,36,,late,11,,,,28.1,0.20,28.1,6120.0,light rain
4774,2026-10-09,HYD,6E 6202,6E,IndiGo,DEL,New Delhi,f,VT-NOJ,Airbus A321 NEO,,2026-10-09 11:35:00,2026-10-09 12:05:00,2026-10-09 14:00:00,,30,,late,11,,,,31.8,0.00,24.1,18180.0,dry and calm
4775,2026-10-09,BLR,6E 6104,6E,IndiGo,PNQ,Pune,f,VT-IAQ,Airbus A320 (Sharklets),1,2026-10-09 11:40:00,2026-10-09 11:54:00,2026-10-09 13:10:00,2026-10-09 13:06:00,14,-4,on time,11,,,,28.1,0.20,28.1,6120.0,light rain
4776,2026-10-09,BLR,6E 6356,6E,IndiGo,IXZ,Port Blair,f,VT-IBC,Airbus A321 NEO,1,2026-10-09 11:40:00,,2026-10-09 14:15:00,,,,no actual time,11,,,,28.1,0.20,28.1,6120.0,light rain
4777,2026-10-09,BLR,6E 6535,6E,IndiGo,BBI,Bhubaneswar,f,VT-NHQ,Airbus A321 NEO,1,2026-10-09 11:40:00,2026-10-09 11:56:00,2026-10-09 13:45:00,,16,,on time,11,,,,28.1,0.20,28.1,6120.0,light rain
4778,2026-10-09,BOM,6E 1,6E,IndiGo,LHR,London,t,LN-FND,Boeing 787-9,2,2026-10-09 11:40:00,2026-10-09 12:29:00,2026-10-09 17:45:00,2026-10-09 17:45:00,49,0,late,11,,,,37.1,0.00,23.8,19820.0,dry and calm
4779,2026-10-09,BOM,6E 6349,6E,IndiGo,MAA,Chennai,f,VT-NCT,Airbus A320,2,2026-10-09 11:40:00,2026-10-09 12:22:00,2026-10-09 13:45:00,,42,,late,11,,,,37.1,0.00,23.8,19820.0,dry and calm
4780,2026-10-09,BOM,9I 623,9I,Alliance Air,DIU,Diu,f,,ATR 72,1,2026-10-09 11:40:00,,2026-10-09 12:45:00,,,,canceled,11,,,,37.1,0.00,23.8,19820.0,dry and calm
4781,2026-10-09,BOM,6E 5178,6E,IndiGo,HYD,Hyderabad,f,VT-NOO,Airbus A320,1,2026-10-09 11:45:00,2026-10-09 12:14:00,2026-10-09 13:20:00,,29,,on time,11,6E 5174,HYD,,37.1,0.00,23.8,19820.0,dry and calm
4782,2026-10-09,BOM,SQ 421,SQ,Singapore,SIN,Singapore,t,9V-SCP,Boeing 787,2,2026-10-09 11:45:00,2026-10-09 12:20:00,2026-10-09 19:50:00,,35,,late,11,,,,37.1,0.00,23.8,19820.0,dry and calm
4783,2026-10-09,HYD,6E 7144,6E,IndiGo,PNY,Puduchcheri,f,VT-IYO,ATR 72,,2026-10-09 11:45:00,2026-10-09 11:56:00,2026-10-09 13:40:00,,11,,on time,11,,,,31.8,0.00,24.1,18180.0,dry and calm
4784,2026-10-09,BLR,IX 927,IX,Air India Express,KWI,Kuwait City,t,,,2,2026-10-09 11:50:00,,,,,,no actual time,11,,,,28.1,0.20,28.1,6120.0,light rain
4785,2026-10-09,HYD,6E 905,6E,IndiGo,GOX,Mopa,f,VT-NOL,Airbus A321 NEO,,2026-10-09 11:50:00,2026-10-09 12:08:00,2026-10-09 13:05:00,,18,,on time,11,,,,31.8,0.00,24.1,18180.0,dry and calm
4786,2026-10-09,HYD,6E 913,6E,IndiGo,JAI,Jaipur,f,VT-IMH,Airbus A321 NEO,,2026-10-09 11:50:00,2026-10-09 11:58:00,2026-10-09 13:45:00,,8,,on time,11,,,,31.8,0.00,24.1,18180.0,dry and calm
4787,2026-10-09,BLR,6E 6586,6E,IndiGo,JLR,Jabalpur,f,VT-ISP,Airbus A320 NEO,1,2026-10-09 11:55:00,2026-10-09 12:06:00,2026-10-09 14:00:00,,11,,on time,11,,,,28.1,0.20,28.1,6120.0,light rain
4788,2026-10-09,HYD,6E 1117,6E,IndiGo,DAC,Dhaka,t,VT-IBZ,Airbus A321 NEO,,2026-10-09 11:55:00,2026-10-09 12:18:00,2026-10-09 14:55:00,2026-10-09 14:38:00,23,-17,on time,11,,,,31.8,0.00,24.1,18180.0,dry and calm
4789,2026-10-09,HYD,6E 376,6E,IndiGo,CCU,Kolkata,f,VT-ICI,Airbus A321 NEO,,2026-10-09 11:55:00,2026-10-09 12:47:00,2026-10-09 14:10:00,2026-10-09 14:34:00,52,24,late,11,,,,31.8,0.00,24.1,18180.0,dry and calm
4790,2026-10-09,BLR,6E 809,6E,IndiGo,DEL,New Delhi,f,VT-NCK,Airbus A321 NEO,1,2026-10-09 12:00:00,2026-10-09 12:32:00,2026-10-09 14:58:00,,32,,late,12,,,,28.5,0.20,27.4,15460.0,light rain
4791,2026-10-09,BLR,IX 1537,IX,Air India Express,CCU,Kolkata,f,VT-BXR,Boeing 737,2,2026-10-09 12:00:00,,2026-10-09 14:40:00,2026-10-09 14:31:00,,-9,no actual time,12,,,,28.5,0.20,27.4,15460.0,light rain
4792,2026-10-09,BLR,IX 2648,IX,Air India Express,IXZ,Port Blair,f,VT-BWP,Boeing 737 MAX 8,2,2026-10-09 12:00:00,2026-10-09 12:29:00,2026-10-09 14:40:00,,29,,on time,12,,,,28.5,0.20,27.4,15460.0,light rain
4793,2026-10-09,BOM,AI 2632,AI,Air India,BLR,Bangalore,f,VT-TNP,Airbus A320 NEO,2,2026-10-09 12:00:00,2026-10-09 12:35:00,2026-10-09 14:05:00,2026-10-09 13:48:00,35,-17,late,12,AI 2604,BLR,,37.8,0.00,24.1,19820.0,dry and calm
4794,2026-10-09,BOM,IX 1027,IX,Air India Express,IXE,Mangalore,f,VT-BWF,Boeing 737,2,2026-10-09 12:00:00,2026-10-09 12:38:00,2026-10-09 13:35:00,,38,,late,12,,,,37.8,0.00,24.1,19820.0,dry and calm
4795,2026-10-09,HYD,6E 1181,6E,IndiGo,CMB,Colombo,t,VT-IIR,Airbus A320 NEO,,2026-10-09 12:00:00,2026-10-09 12:06:00,2026-10-09 14:00:00,,6,,on time,12,,,,32.4,0.00,28.1,18340.0,dry and calm
4796,2026-10-09,BLR,AI 2630,AI,Air India,BOM,Mumbai,f,VT-TQM,Airbus A320 NEO,2,2026-10-09 12:05:00,2026-10-09 12:14:00,2026-10-09 14:05:00,,9,,on time,12,AI 2851,BOM,,28.5,0.20,27.4,15460.0,light rain
4797,2026-10-09,BOM,6E 2284,6E,IndiGo,HSR,Rajkot,f,,Airbus A320,2,2026-10-09 12:05:00,2026-10-09 12:40:00,2026-10-09 13:15:00,,35,,late,12,,,,37.8,0.00,24.1,19820.0,dry and calm
4798,2026-10-09,HYD,6E 6574,6E,IndiGo,VGA,Vidzhayavada,f,VT-IQJ,Airbus A320 NEO,,2026-10-09 12:05:00,2026-10-09 12:14:00,2026-10-09 13:05:00,,9,,on time,12,,,,32.4,0.00,28.1,18340.0,dry and calm
4799,2026-10-09,BLR,QP 1154,QP,Akasa Air,BOM,Mumbai,f,VT-YAT,Boeing 737 MAX 8,1,2026-10-09 12:10:00,,2026-10-09 13:55:00,,,,no actual time,12,QP 1153,BOM,,28.5,0.20,27.4,15460.0,light rain
4800,2026-10-09,BOM,6E 5251,6E,IndiGo,LKO,Lucknow,f,VT-IAN,Airbus A320 NEO,1,2026-10-09 12:10:00,2026-10-09 12:58:00,2026-10-09 14:20:00,,48,,late,12,,,,37.8,0.00,24.1,19820.0,dry and calm
4801,2026-10-09,BOM,AI 431,AI,Air India,DED,Dehradun,f,,Airbus A320 NEO,2,2026-10-09 12:10:00,2026-10-09 12:44:00,2026-10-09 14:20:00,,34,,late,12,,,,37.8,0.00,24.1,19820.0,dry and calm
4802,2026-10-09,HYD,6E 537,6E,IndiGo,DBR,Darbhanga,f,VT-IKP,Airbus A320,,2026-10-09 12:10:00,2026-10-09 12:45:00,2026-10-09 14:20:00,,35,,late,12,6E 537,BLR,17,32.4,0.00,28.1,18340.0,dry and calm
4803,2026-10-09,BOM,6E 2247,6E,IndiGo,JDH,Jodhpur,f,,Airbus A320,2,2026-10-09 12:15:00,2026-10-09 12:53:00,2026-10-09 13:50:00,,38,,late,12,,,,37.8,0.00,24.1,19820.0,dry and calm
4804,2026-10-09,BOM,6E 6028,6E,IndiGo,DEL,New Delhi,f,VT-NCX,Airbus A320,2,2026-10-09 12:15:00,2026-10-09 12:57:00,2026-10-09 14:33:00,,42,,late,12,,,,37.8,0.00,24.1,19820.0,dry and calm
4805,2026-10-09,BLR,6E 6336,6E,IndiGo,VTZ,Visakhapatnam,f,VT-IPF,Airbus A320 NEO,1,2026-10-09 12:25:00,2026-10-09 12:35:00,2026-10-09 14:10:00,2026-10-09 13:45:00,10,-25,on time,12,,,,28.5,0.20,27.4,15460.0,light rain
4806,2026-10-09,BOM,6E 21,6E,IndiGo,AMS,Amsterdam,t,LN-FNB,Boeing 787-9,2,2026-10-09 12:25:00,2026-10-09 12:49:00,2026-10-09 18:35:00,2026-10-09 18:38:00,24,3,on time,12,,,,37.8,0.00,24.1,19820.0,dry and calm
4807,2026-10-09,BOM,AI 2276,AI,Air India,CMB,Colombo,t,VT-EXQ,Airbus A320 NEO,2,2026-10-09 12:25:00,2026-10-09 13:33:00,2026-10-09 15:05:00,,68,,late,12,,,,37.8,0.00,24.1,19820.0,dry and calm
4808,2026-10-09,HYD,6E 7121,6E,IndiGo,BHO,Bhopal,f,VT-IYK,ATR 72,,2026-10-09 12:25:00,2026-10-09 12:28:00,2026-10-09 14:50:00,,3,,on time,12,,,,32.4,0.00,28.1,18340.0,dry and calm
4809,2026-10-09,BLR,IX 2819,IX,Air India Express,HYD,Hyderabad,f,VT-BXQ,Boeing 737 MAX 8,2,2026-10-09 12:30:00,,2026-10-09 13:45:00,2026-10-09 14:08:00,,23,no actual time,12,,,,28.5,0.20,27.4,15460.0,light rain
4810,2026-10-09,BOM,6E 5184,6E,IndiGo,BLR,Bangalore,f,VT-NCB,Airbus A320,1,2026-10-09 12:30:00,2026-10-09 12:54:00,2026-10-09 14:25:00,2026-10-09 14:08:00,24,-17,on time,12,,,,37.8,0.00,24.1,19820.0,dry and calm
4811,2026-10-09,BOM,6E 6122,6E,IndiGo,RPR,Raipur,f,VT-IBM,Airbus A320,2,2026-10-09 12:30:00,2026-10-09 13:01:00,2026-10-09 14:15:00,,31,,late,12,,,,37.8,0.00,24.1,19820.0,dry and calm
4812,2026-10-09,BOM,IX 1238,IX,Air India Express,GOI,Vasco da Gama,f,VT-BWX,Boeing 737,2,2026-10-09 12:30:00,2026-10-09 13:05:00,2026-10-09 13:45:00,,35,,late,12,,,,37.8,0.00,24.1,19820.0,dry and calm
4813,2026-10-09,BLR,6E 6653,6E,IndiGo,GOI,Vasco da Gama,f,VT-IML,Airbus A321 NEO,1,2026-10-09 12:35:00,2026-10-09 12:42:00,2026-10-09 13:50:00,,7,,on time,12,,,,28.5,0.20,27.4,15460.0,light rain
4814,2026-10-09,BOM,6E 673,6E,IndiGo,COK,Kochi,f,VT-ILJ,Airbus A320,2,2026-10-09 12:35:00,2026-10-09 13:05:00,2026-10-09 14:25:00,,30,,late,12,,,,37.8,0.00,24.1,19820.0,dry and calm
4815,2026-10-09,HYD,6E 6294,6E,IndiGo,VNS,Varanasi,f,VT-NOF,Airbus A321 NEO,,2026-10-09 12:35:00,2026-10-09 12:48:00,2026-10-09 14:30:00,,13,,on time,12,,,,32.4,0.00,28.1,18340.0,dry and calm
4816,2026-10-09,BLR,6E 941,6E,IndiGo,AGR,Agra,f,VT-IIX,Airbus A320 NEO,1,2026-10-09 12:40:00,2026-10-09 12:48:00,2026-10-09 15:10:00,,8,,on time,12,,,,28.5,0.20,27.4,15460.0,light rain
4817,2026-10-09,BLR,IX 2942,IX,Air India Express,MAA,Chennai,f,,,2,2026-10-09 12:40:00,,,,,,no actual time,12,,,,28.5,0.20,27.4,15460.0,light rain
4818,2026-10-09,BOM,6E 214,6E,IndiGo,SXR,Srinagar,f,VT-IOV,Airbus A320 NEO,2,2026-10-09 12:40:00,2026-10-09 12:59:00,2026-10-09 15:20:00,,19,,on time,12,,,,37.8,0.00,24.1,19820.0,dry and calm
4819,2026-10-09,HYD,6E 6296,6E,IndiGo,TIR,Tirumala - Tirupati,f,VT-IQE,Airbus A320 NEO,,2026-10-09 12:40:00,2026-10-09 12:50:00,2026-10-09 13:50:00,,10,,on time,12,,,,32.4,0.00,28.1,18340.0,dry and calm
4820,2026-10-09,BLR,6E 6208,6E,IndiGo,MAA,Chennai,f,VT-IAZ,Airbus A321 NEO,1,2026-10-09 12:45:00,2026-10-09 13:13:00,2026-10-09 13:55:00,,28,,on time,12,,,,28.5,0.20,27.4,15460.0,light rain
4821,2026-10-09,BLR,IX 1971,IX,Air India Express,PNQ,Pune,f,VT-BXC,Boeing 737 MAX 8,2,2026-10-09 12:45:00,2026-10-09 13:04:00,2026-10-09 14:20:00,,19,,on time,12,,,,28.5,0.20,27.4,15460.0,light rain
4822,2026-10-09,BOM,6E 5239,6E,IndiGo,CCU,Kolkata,f,VT-NCL,Airbus A320,1,2026-10-09 12:45:00,2026-10-09 13:18:00,2026-10-09 15:30:00,2026-10-09 15:27:00,33,-3,late,12,6E 5237,BLR,,37.8,0.00,24.1,19820.0,dry and calm
4823,2026-10-09,BOM,AI 2780,AI,Air India,MAA,Chennai,f,,Airbus A320 NEO,2,2026-10-09 12:45:00,2026-10-09 14:24:00,,,99,,late,12,,,,37.8,0.00,24.1,19820.0,dry and calm
4824,2026-10-09,HYD,AI 2559,AI,Air India,DEL,New Delhi,f,VT-RTV,Airbus A320 NEO,,2026-10-09 12:45:00,2026-10-09 14:04:00,2026-10-09 15:27:00,,79,,late,12,,,,32.4,0.00,28.1,18340.0,dry and calm
4825,2026-10-09,BLR,6E 1127,6E,IndiGo,MLE,Malé,t,VT-IMS,Airbus A321 NEO,2,2026-10-09 12:50:00,,2026-10-09 14:15:00,,,,no actual time,12,,,,28.5,0.20,27.4,15460.0,light rain
4826,2026-10-09,BLR,IX 1480,IX,Air India Express,LKO,Lucknow,f,,,2,2026-10-09 12:50:00,,,,,,no actual time,12,,,,28.5,0.20,27.4,15460.0,light rain
4827,2026-10-09,BLR,IX 2084,IX,Air India Express,IXR,Ranchi,f,,,2,2026-10-09 12:50:00,,,,,,no actual time,12,,,,28.5,0.20,27.4,15460.0,light rain
4828,2026-10-09,BOM,BA 198,BA,British,LHR,London,t,G-ZBKK,Boeing 787-8,2,2026-10-09 12:50:00,2026-10-09 13:15:00,2026-10-09 18:15:00,2026-10-09 18:19:00,25,4,on time,12,,,,37.8,0.00,24.1,19820.0,dry and calm
4829,2026-10-09,HYD,6E 311,6E,IndiGo,PNQ,Pune,f,VT-IQQ,Airbus A320 NEO,,2026-10-09 12:50:00,2026-10-09 12:56:00,2026-10-09 14:10:00,2026-10-09 14:02:00,6,-8,on time,12,,,,32.4,0.00,28.1,18340.0,dry and calm
4830,2026-10-09,BLR,6E 465,6E,IndiGo,STV,Surat Gujarat,f,VT-ILV,Airbus A321 NEO,1,2026-10-09 12:55:00,2026-10-09 13:26:00,2026-10-09 14:50:00,,31,,late,12,,,,28.5,0.20,27.4,15460.0,light rain
4831,2026-10-09,BLR,6E 703,6E,IndiGo,COK,Kochi,f,VT-IQP,Airbus A320 NEO,1,2026-10-09 12:55:00,2026-10-09 13:11:00,2026-10-09 14:00:00,,16,,on time,12,,,,28.5,0.20,27.4,15460.0,light rain
4832,2026-10-09,BOM,AI 2503,AI,Air India,AMD,Ahmedabad,f,,Airbus A321,2,2026-10-09 12:55:00,2026-10-09 13:08:00,2026-10-09 14:15:00,,13,,on time,12,,,,37.8,0.00,24.1,19820.0,dry and calm
4833,2026-10-09,BOM,QP 1123,QP,Akasa Air,IXD,Allahabad,f,,Boeing 737,2,2026-10-09 12:55:00,2026-10-09 13:09:00,2026-10-09 15:15:00,,14,,on time,12,,,,37.8,0.00,24.1,19820.0,dry and calm
4834,2026-10-09,BOM,SG 5113,SG,SpiceJet,DXB,Dubai,t,,Boeing 737-800,2,2026-10-09 12:55:00,2026-10-09 11:45:00,,,-70,,on time,12,,,,37.8,0.00,24.1,19820.0,dry and calm
4835,2026-10-09,HYD,6E 5384,6E,IndiGo,BOM,Mumbai,f,VT-NCH,Airbus A321 NEO,,2026-10-09 12:55:00,2026-10-09 13:01:00,2026-10-09 14:25:00,,6,,on time,12,6E 5318,BOM,-2,32.4,0.00,28.1,18340.0,dry and calm
4836,2026-10-09,HYD,6E 6974,6E,IndiGo,GOX,Mopa,f,VT-ILX,Airbus A321 NEO,,2026-10-09 12:55:00,2026-10-09 13:25:00,2026-10-09 14:05:00,,30,,late,12,,,,32.4,0.00,28.1,18340.0,dry and calm
4837,2026-10-09,BLR,6E 5218,6E,IndiGo,BOM,Mumbai,f,VT-NCZ,Airbus A321 NEO,1,2026-10-09 13:00:00,2026-10-09 13:18:00,2026-10-09 14:50:00,,18,,on time,13,6E 5092,BOM,-35,29.0,0.10,28.1,9540.0,light rain
4838,2026-10-09,BOM,6E 615,6E,IndiGo,DEL,New Delhi,f,VT-IWQ,Airbus A320,2,2026-10-09 13:00:00,2026-10-09 13:52:00,2026-10-09 15:51:00,,52,,late,13,,,,37.2,0.00,24.1,19800.0,dry and calm
4839,2026-10-09,BOM,AI 2677,AI,Air India,DEL,New Delhi,f,,Airbus A320 NEO,2,2026-10-09 13:00:00,2026-10-09 14:00:00,2026-10-09 15:53:00,,60,,late,13,,,,37.2,0.00,24.1,19800.0,dry and calm
4840,2026-10-09,BOM,QP 1127,QP,Akasa Air,DEL,New Delhi,f,,Boeing 737,2,2026-10-09 13:00:00,2026-10-09 13:57:00,2026-10-09 15:58:00,,57,,late,13,,,,37.2,0.00,24.1,19800.0,dry and calm
4841,2026-10-09,HYD,6E 6031,6E,IndiGo,DEL,New Delhi,f,VT-NHA,Airbus A321 NEO,,2026-10-09 13:00:00,2026-10-09 13:47:00,2026-10-09 15:55:00,,47,,late,13,,,,32.8,0.00,28.1,18500.0,dry and calm
4842,2026-10-09,BLR,IX 1386,IX,Air India Express,GOI,Vasco da Gama,f,VT-RNT,Boeing 737 MAX 8,2,2026-10-09 13:05:00,2026-10-09 13:22:00,2026-10-09 14:15:00,,17,,on time,13,IX 2934,HYD,,29.0,0.10,28.1,9540.0,light rain
4843,2026-10-09,BLR,QP 1821,QP,Akasa Air,DEL,New Delhi,f,VT-YBC,Boeing 737 MAX 8,1,2026-10-09 13:05:00,,2026-10-09 16:09:00,,,,no actual time,13,,,,29.0,0.10,28.1,9540.0,light rain
4844,2026-10-09,BOM,6E 1059,6E,IndiGo,BKK,Bangkok,t,VT-NCR,Airbus A320,2,2026-10-09 13:05:00,2026-10-09 13:19:00,2026-10-09 19:15:00,2026-10-09 18:44:00,14,-31,on time,13,,,,37.2,0.00,24.1,19800.0,dry and calm
4845,2026-10-09,BOM,AI 2477,AI,Air India,GOI,Vasco da Gama,f,VT-TYA,Airbus A319,2,2026-10-09 13:05:00,2026-10-09 13:12:00,2026-10-09 14:20:00,,7,,on time,13,,,,37.2,0.00,24.1,19800.0,dry and calm
4846,2026-10-09,BLR,6E 6542,6E,IndiGo,CJB,Coimbatore,f,VT-IME,Airbus A321 NEO,1,2026-10-09 13:10:00,2026-10-09 13:24:00,2026-10-09 14:10:00,,14,,on time,13,,,,29.0,0.10,28.1,9540.0,light rain
4847,2026-10-09,BLR,6E 869,6E,IndiGo,DEL,New Delhi,f,VT-IWV,Airbus A321 NEO,1,2026-10-09 13:10:00,2026-10-09 13:31:00,2026-10-09 16:14:00,,21,,on time,13,,,,29.0,0.10,28.1,9540.0,light rain
4848,2026-10-09,BOM,IX 1787,IX,Air India Express,BHO,Bhopal,f,,Boeing 737,2,2026-10-09 13:10:00,2026-10-09 14:05:00,2026-10-09 14:50:00,,55,,late,13,,,,37.2,0.00,24.1,19800.0,dry and calm
4849,2026-10-09,HYD,6E 409,6E,IndiGo,VTZ,Visakhapatnam,f,VT-ICC,Airbus A321 NEO,,2026-10-09 13:10:00,2026-10-09 13:21:00,2026-10-09 14:25:00,2026-10-09 14:11:00,11,-14,on time,13,,,,32.8,0.00,28.1,18500.0,dry and calm
4850,2026-10-09,BLR,6E 6507,6E,IndiGo,HSR,Rajkot,f,VT-IPN,Airbus A320 NEO,1,2026-10-09 13:15:00,2026-10-09 13:44:00,2026-10-09 15:20:00,,29,,on time,13,,,,29.0,0.10,28.1,9540.0,light rain
4851,2026-10-09,BOM,MH 175,MH,Malaysia,KUL,Kuala Lumpur,t,9M-MLU,Boeing 737-800,2,2026-10-09 13:15:00,2026-10-09 14:23:00,2026-10-09 22:00:00,,68,,late,13,,,,37.2,0.00,24.1,19800.0,dry and calm
4852,2026-10-09,BOM,QP 1105,QP,Akasa Air,GOX,Mopa,f,,Boeing 737,2,2026-10-09 13:25:00,2026-10-09 13:45:00,2026-10-09 14:50:00,,20,,on time,13,,,,37.2,0.00,24.1,19800.0,dry and calm
4853,2026-10-09,HYD,6E 108,6E,IndiGo,IXC,Chandigarh,f,VT-ILU,Airbus A321 NEO,,2026-10-09 13:25:00,2026-10-09 13:35:00,2026-10-09 15:50:00,,10,,on time,13,,,,32.8,0.00,28.1,18500.0,dry and calm
4854,2026-10-09,HYD,6E 149,6E,IndiGo,IXB,Siliguri,f,VT-IQS,Airbus A320 NEO,,2026-10-09 13:25:00,2026-10-09 14:12:00,2026-10-09 15:45:00,,47,,late,13,6E 6404,BLR,11,32.8,0.00,28.1,18500.0,dry and calm
4855,2026-10-09,BLR,IX 1407,IX,Air India Express,IXB,Siliguri,f,VT-BWO,Boeing 737 MAX 8,2,2026-10-09 13:30:00,2026-10-09 13:41:00,2026-10-09 16:30:00,,11,,on time,13,,,,29.0,0.10,28.1,9540.0,light rain
4856,2026-10-09,BOM,6E 5276,6E,IndiGo,GWL,Gwalior,f,VT-IQM,Airbus A320 NEO,1,2026-10-09 13:30:00,2026-10-09 13:38:00,2026-10-09 15:40:00,,8,,on time,13,,,,37.2,0.00,24.1,19800.0,dry and calm
4857,2026-10-09,BOM,AI 2337,AI,Air India,BKK,Bangkok,t,VT-EXN,Airbus A320 NEO,2,2026-10-09 13:30:00,2026-10-09 13:49:00,2026-10-09 19:20:00,2026-10-09 19:24:00,19,4,on time,13,,,,37.2,0.00,24.1,19800.0,dry and calm
4858,2026-10-09,BOM,QP 1427,QP,Akasa Air,VNS,Varanasi,f,,Boeing 737,2,2026-10-09 13:30:00,2026-10-09 13:55:00,2026-10-09 15:50:00,,25,,on time,13,,,,37.2,0.00,24.1,19800.0,dry and calm
4859,2026-10-09,HYD,AI 2541,AI,Air India,DEL,New Delhi,f,VT-TQR,Airbus A320 NEO,,2026-10-09 13:30:00,2026-10-09 13:31:00,2026-10-09 16:16:00,,1,,on time,13,,,,32.8,0.00,28.1,18500.0,dry and calm
4860,2026-10-09,HYD,UL 178,UL,SriLankan,CMB,Colombo,t,4R-ANE,Airbus A321,,2026-10-09 13:30:00,2026-10-09 16:32:00,2026-10-09 15:25:00,,182,,late,13,,,,32.8,0.00,28.1,18500.0,dry and calm
4861,2026-10-09,BOM,6E 2011,6E,IndiGo,CNN,Kannur,f,VT-ICS,Airbus A320,2,2026-10-09 13:35:00,2026-10-09 13:53:00,2026-10-09 15:15:00,,18,,on time,13,,,,37.2,0.00,24.1,19800.0,dry and calm
4862,2026-10-09,BOM,QP 1141,QP,Akasa Air,GAU,Guwahati,f,,Boeing 737,2,2026-10-09 13:35:00,2026-10-09 14:15:00,2026-10-09 16:50:00,,40,,late,13,,,,37.2,0.00,24.1,19800.0,dry and calm
4863,2026-10-09,BLR,6E 172,6E,IndiGo,CCU,Kolkata,f,VT-ILG,Airbus A321 NEO,1,2026-10-09 13:40:00,2026-10-09 13:56:00,2026-10-09 16:20:00,2026-10-09 16:00:00,16,-20,on time,13,,,,29.0,0.10,28.1,9540.0,light rain
4864,2026-10-09,BOM,IX 1810,IX,Air India Express,COK,Kochi,f,VT-BWB,Boeing 737,2,2026-10-09 13:40:00,2026-10-09 14:10:00,2026-10-09 15:40:00,,30,,late,13,,,,37.2,0.00,24.1,19800.0,dry and calm
4865,2026-10-09,HYD,6E 93,6E,IndiGo,RUH,Riyadh,t,,Airbus A320,,2026-10-09 13:40:00,,2026-10-09 16:10:00,,,,no actual time,13,,,,32.8,0.00,28.1,18500.0,dry and calm
4866,2026-10-09,BOM,6E 5337,6E,IndiGo,MAA,Chennai,f,VT-NHB,Airbus A320,1,2026-10-09 13:45:00,2026-10-09 14:08:00,2026-10-09 15:50:00,,23,,on time,13,,,,37.2,0.00,24.1,19800.0,dry and calm
4867,2026-10-09,BOM,AI 2753,AI,Air India,BHJ,Bhuj,f,,Airbus A320 NEO,2,2026-10-09 13:50:00,2026-10-09 14:12:00,2026-10-09 15:15:00,,22,,on time,13,,,,37.2,0.00,24.1,19800.0,dry and calm
4868,2026-10-09,HYD,6E 6062,6E,IndiGo,SAG,Shirdi,f,VT-IPG,Airbus A320 NEO,,2026-10-09 13:50:00,2026-10-09 14:01:00,2026-10-09 15:10:00,,11,,on time,13,,,,32.8,0.00,28.1,18500.0,dry and calm
4869,2026-10-09,BLR,6E 196,6E,IndiGo,LKO,Lucknow,f,VT-IPZ,Airbus A320 NEO,1,2026-10-09 13:55:00,2026-10-09 14:11:00,2026-10-09 16:25:00,,16,,on time,13,,,,29.0,0.10,28.1,9540.0,light rain
4870,2026-10-09,BLR,6E 6595,6E,IndiGo,AMD,Ahmedabad,f,VT-IPX,Airbus A320 NEO,1,2026-10-09 13:55:00,2026-10-09 14:10:00,2026-10-09 16:00:00,,15,,on time,13,,,,29.0,0.10,28.1,9540.0,light rain
4871,2026-10-09,BLR,6E 840,6E,IndiGo,DEL,New Delhi,f,VT-NHL,Airbus A321 NEO,1,2026-10-09 13:55:00,2026-10-09 14:20:00,2026-10-09 16:46:00,,25,,on time,13,6E 5217,BOM,-15,29.0,0.10,28.1,9540.0,light rain
4872,2026-10-09,BOM,6E 230,6E,IndiGo,GOI,Vasco da Gama,f,VT-IRY,Airbus A320,2,2026-10-09 13:55:00,2026-10-09 14:31:00,2026-10-09 15:10:00,,36,,late,13,,,,37.2,0.00,24.1,19800.0,dry and calm
4873,2026-10-09,HYD,6E 6682,6E,IndiGo,COK,Kochi,f,VT-IIA,Airbus A320 NEO,,2026-10-09 13:55:00,2026-10-09 14:10:00,2026-10-09 15:35:00,,15,,on time,13,,,,32.8,0.00,28.1,18500.0,dry and calm
4874,2026-10-09,BLR,AI 2486,AI,Air India,DEL,New Delhi,f,VT-CIG,Airbus A320 (Sharklets),2,2026-10-09 14:00:00,2026-10-09 14:23:00,2026-10-09 16:43:00,,23,,on time,14,,,,29.9,0.10,27.0,13420.0,light rain
4875,2026-10-09,BOM,6E 6704,6E,IndiGo,DEL,New Delhi,f,VT-NOU,Airbus A320,2,2026-10-09 14:00:00,2026-10-09 14:28:00,2026-10-09 16:24:00,,28,,on time,14,,,,37.0,0.00,23.4,19800.0,dry and calm
4876,2026-10-09,BOM,AI 131,AI,Air India,LHR,London,t,VT-AWA,Boeing 787-9,2,2026-10-09 14:00:00,2026-10-09 14:43:00,2026-10-09 19:30:00,2026-10-09 19:40:00,43,10,late,14,,,,37.0,0.00,23.4,19800.0,dry and calm
4877,2026-10-09,HYD,6E 6907,6E,IndiGo,CCU,Kolkata,f,VT-IMG,Airbus A321 NEO,,2026-10-09 14:00:00,2026-10-09 14:19:00,2026-10-09 16:20:00,2026-10-09 15:56:00,19,-24,on time,14,,,,32.8,0.00,27.7,18640.0,dry and calm
4878,2026-10-09,HYD,6E 7126,6E,IndiGo,MYQ,Mysore,f,VT-IYB,ATR 72,,2026-10-09 14:00:00,,2026-10-09 15:55:00,,,,no actual time,14,,,,32.8,0.00,27.7,18640.0,dry and calm
4879,2026-10-09,BLR,6E 1037,6E,IndiGo,KUL,Kuala Lumpur,t,VT-ILE,Airbus A321 NEO,2,2026-10-09 14:05:00,2026-10-09 14:22:00,2026-10-09 21:00:00,,17,,on time,14,,,,29.9,0.10,27.0,13420.0,light rain
4880,2026-10-09,BOM,AI 2773,AI,Air India,CCU,Kolkata,f,VT-TNQ,Airbus A320 NEO,2,2026-10-09 14:05:00,2026-10-09 14:33:00,2026-10-09 16:55:00,2026-10-09 16:40:00,28,-15,on time,14,,,,37.0,0.00,23.4,19800.0,dry and calm
4881,2026-10-09,HYD,6E 6263,6E,IndiGo,RPR,Raipur,f,VT-NHN,Airbus A321 NEO,,2026-10-09 14:05:00,2026-10-09 15:01:00,2026-10-09 15:25:00,,56,,late,14,,,,32.8,0.00,27.7,18640.0,dry and calm
4882,2026-10-09,BOM,6E 2280,6E,IndiGo,GOP,Gorakhpur,f,VT-ICR,Airbus A320,2,2026-10-09 14:10:00,2026-10-09 14:39:00,2026-10-09 16:35:00,,29,,on time,14,,,,37.0,0.00,23.4,19800.0,dry and calm
4883,2026-10-09,HYD,6E 514,6E,IndiGo,MAA,Chennai,f,VT-IMR,Airbus A321 NEO,,2026-10-09 14:10:00,2026-10-09 14:50:00,2026-10-09 15:30:00,,40,,late,14,,,,32.8,0.00,27.7,18640.0,dry and calm
4884,2026-10-09,BLR,6E 5306,6E,IndiGo,IXE,Mangalore,f,VT-IBV,Airbus A321 NEO,1,2026-10-09 14:15:00,2026-10-09 14:30:00,2026-10-09 15:20:00,,15,,on time,14,,,,29.9,0.10,27.0,13420.0,light rain
4885,2026-10-09,BOM,6E 6393,6E,IndiGo,IXC,Chandigarh,f,VT-IMX,Airbus A320,2,2026-10-09 14:15:00,2026-10-09 14:46:00,2026-10-09 16:35:00,,31,,late,14,,,,37.0,0.00,23.4,19800.0,dry and calm
4886,2026-10-09,HYD,6E 297,6E,IndiGo,JDH,Jodhpur,f,VT-ISW,Airbus A320 NEO,,2026-10-09 14:15:00,2026-10-09 14:37:00,2026-10-09 16:10:00,,22,,on time,14,,,,32.8,0.00,27.7,18640.0,dry and calm
4887,2026-10-09,HYD,6E 5099,6E,IndiGo,BOM,Mumbai,f,VT-NOO,Airbus A321 NEO,,2026-10-09 14:15:00,2026-10-09 14:23:00,2026-10-09 15:55:00,,8,,on time,14,6E 5178,BOM,,32.8,0.00,27.7,18640.0,dry and calm
4888,2026-10-09,BLR,6E 5351,6E,IndiGo,BOM,Mumbai,f,VT-NCF,Airbus A321 NEO,1,2026-10-09 14:20:00,2026-10-09 14:41:00,2026-10-09 16:05:00,,21,,on time,14,,,,29.9,0.10,27.0,13420.0,light rain
4889,2026-10-09,BLR,AI 133,AI,Air India,LHR,London,t,VT-ANV,Boeing 787-8,2,2026-10-09 14:20:00,2026-10-09 14:37:00,2026-10-09 20:20:00,2026-10-09 20:37:00,17,17,on time,14,,,,29.9,0.10,27.0,13420.0,light rain
4890,2026-10-09,HYD,6E 504,6E,IndiGo,VTZ,Visakhapatnam,f,VT-ICN,Airbus A321 NEO,,2026-10-09 14:20:00,2026-10-09 14:29:00,2026-10-09 15:45:00,2026-10-09 15:23:00,9,-22,on time,14,,,,32.8,0.00,27.7,18640.0,dry and calm
4891,2026-10-09,HYD,6E 6915,6E,IndiGo,IDR,Indore,f,VT-IBD,Airbus A321 NEO,,2026-10-09 14:20:00,2026-10-09 14:46:00,2026-10-09 15:45:00,,26,,on time,14,,,,32.8,0.00,27.7,18640.0,dry and calm
4892,2026-10-09,BLR,6E 602,6E,IndiGo,COK,Kochi,f,VT-ILQ,Airbus A321 NEO,1,2026-10-09 14:25:00,2026-10-09 14:47:00,2026-10-09 15:35:00,,22,,on time,14,,,,29.9,0.10,27.0,13420.0,light rain
4893,2026-10-09,BLR,IX 2014,IX,Air India Express,IDR,Indore,f,VT-BXP,Boeing 737 MAX 8,2,2026-10-09 14:25:00,2026-10-09 14:39:00,2026-10-09 16:25:00,,14,,on time,14,,,,29.9,0.10,27.0,13420.0,light rain
4894,2026-10-09,BOM,6E 5345,6E,IndiGo,RPR,Raipur,f,VT-IAS,Airbus A320 NEO,1,2026-10-09 14:25:00,2026-10-09 14:48:00,2026-10-09 16:25:00,,23,,on time,14,,,,37.0,0.00,23.4,19800.0,dry and calm
4895,2026-10-09,BOM,AI 2595,AI,Air India,UDR,Udaipur,f,,Airbus A320 NEO,2,2026-10-09 14:25:00,2026-10-09 14:50:00,2026-10-09 16:00:00,,25,,on time,14,,,,37.0,0.00,23.4,19800.0,dry and calm
4896,2026-10-09,HYD,6E 6481,6E,IndiGo,BDQ,Vadodara,f,VT-IBJ,Airbus A321 NEO,,2026-10-09 14:25:00,2026-10-09 15:08:00,2026-10-09 16:00:00,,43,,late,14,,,,32.8,0.00,27.7,18640.0,dry and calm
4897,2026-10-09,HYD,AI 2445,AI,Air India,BOM,Mumbai,f,,Airbus A320 NEO,,2026-10-09 14:25:00,,2026-10-09 16:25:00,,,,no actual time,14,,,,32.8,0.00,27.7,18640.0,dry and calm
4898,2026-10-09,BLR,IX 2001,IX,Air India Express,AMD,Ahmedabad,f,,,2,2026-10-09 14:30:00,,,,,,no actual time,14,,,,29.9,0.10,27.0,13420.0,light rain
4899,2026-10-09,BOM,6E 5382,6E,IndiGo,BLR,Bangalore,f,VT-NOA,Airbus A320,1,2026-10-09 14:30:00,2026-10-09 14:51:00,2026-10-09 16:25:00,2026-10-09 16:02:00,21,-23,on time,14,6E 5069,BLR,,37.0,0.00,23.4,19800.0,dry and calm
4900,2026-10-09,BOM,QP 1819,QP,Akasa Air,DEL,New Delhi,f,,Boeing 737,2,2026-10-09 14:30:00,2026-10-09 15:00:00,2026-10-09 16:48:00,,30,,late,14,,,,37.0,0.00,23.4,19800.0,dry and calm
4901,2026-10-09,BOM,WY 204,WY,Oman Air,MCT,Muscat,t,,Boeing 737-900,2,2026-10-09 14:30:00,2026-10-09 14:47:00,2026-10-09 15:45:00,,17,,on time,14,,,,37.0,0.00,23.4,19800.0,dry and calm
4902,2026-10-09,HYD,6E 6405,6E,IndiGo,BLR,Bangalore,f,VT-IBQ,Airbus A321 NEO,,2026-10-09 14:30:00,2026-10-09 14:54:00,2026-10-09 15:50:00,2026-10-09 15:43:00,24,-7,on time,14,,,,32.8,0.00,27.7,18640.0,dry and calm
4903,2026-10-09,HYD,IX 2819,IX,Air India Express,VTZ,Visakhapatnam,f,VT-BXQ,Boeing 737 MAX 8,,2026-10-09 14:30:00,2026-10-09 15:10:00,2026-10-09 15:55:00,2026-10-09 16:04:00,40,9,late,14,IX 2819,BLR,23,32.8,0.00,27.7,18640.0,dry and calm
4904,2026-10-09,BLR,IX 2505,IX,Air India Express,MAA,Chennai,f,VT-BWT,Boeing 737 MAX 8,2,2026-10-09 14:35:00,,2026-10-09 15:45:00,,,,no actual time,14,,,,29.9,0.10,27.0,13420.0,light rain
4905,2026-10-09,BOM,AI 2659,AI,Air India,IXC,Chandigarh,f,VT-TVE,Airbus A320 NEO,2,2026-10-09 14:35:00,2026-10-09 14:55:00,2026-10-09 17:15:00,,20,,on time,14,,,,37.0,0.00,23.4,19800.0,dry and calm
4906,2026-10-09,BOM,AI 2944,AI,Air India,DEL,New Delhi,f,VT-TNH,Airbus A320 NEO,2,2026-10-09 14:35:00,2026-10-09 15:34:00,2026-10-09 17:27:00,,59,,late,14,,,,37.0,0.00,23.4,19800.0,dry and calm
4907,2026-10-09,BLR,IX 1531,IX,Air India Express,IXE,Mangalore,f,,,2,2026-10-09 14:40:00,,,,,,no actual time,14,,,,29.9,0.10,27.0,13420.0,light rain
4908,2026-10-09,BOM,6E 273,6E,IndiGo,HSR,Rajkot,f,,Airbus A320 NEO,2,2026-10-09 14:40:00,2026-10-09 15:02:00,2026-10-09 15:50:00,,22,,on time,14,,,,37.0,0.00,23.4,19800.0,dry and calm
4909,2026-10-09,BOM,6E 5123,6E,IndiGo,VGA,Gannavaram,f,VT-ISU,Airbus A320 NEO,1,2026-10-09 14:40:00,2026-10-09 14:54:00,2026-10-09 16:25:00,,14,,on time,14,,,,37.0,0.00,23.4,19800.0,dry and calm
4910,2026-10-09,BOM,QP 1137,QP,Akasa Air,COK,Kochi,f,,Boeing 737,2,2026-10-09 14:40:00,2026-10-09 15:19:00,2026-10-09 16:45:00,,39,,late,14,,,,37.0,0.00,23.4,19800.0,dry and calm
4911,2026-10-09,HYD,6E 711,6E,IndiGo,DEL,New Delhi,f,VT-IWT,Airbus A321 NEO,,2026-10-09 14:40:00,2026-10-09 15:04:00,2026-10-09 17:06:00,,24,,on time,14,,,,32.8,0.00,27.7,18640.0,dry and calm
4912,2026-10-09,BLR,6E 6277,6E,IndiGo,PAT,Patna,f,VT-ISV,Airbus A320 NEO,1,2026-10-09 14:45:00,2026-10-09 15:06:00,2026-10-09 17:20:00,,21,,on time,14,,,,29.9,0.10,27.0,13420.0,light rain
4913,2026-10-09,BLR,QP 2006,QP,Akasa Air,NMI,Mumbai,f,VT-YBP,Boeing 737 MAX 8,1,2026-10-09 14:45:00,,2026-10-09 16:50:00,,,,no actual time,14,,,,29.9,0.10,27.0,13420.0,light rain
4914,2026-10-09,BOM,IX 1050,IX,Air India Express,DEL,New Delhi,f,,Airbus A320,2,2026-10-09 14:45:00,2026-10-09 15:07:00,2026-10-09 16:55:00,,22,,on time,14,,,,37.0,0.00,23.4,19800.0,dry and calm
4915,2026-10-09,BLR,QP 1423,QP,Akasa Air,VNS,Varanasi,f,VT-YAV,Boeing 737 MAX 8,1,2026-10-09 14:50:00,,2026-10-09 17:15:00,,,,no actual time,14,,,,29.9,0.10,27.0,13420.0,light rain
4916,2026-10-09,BLR,IX 2051,IX,Air India Express,HYD,Hyderabad,f,VT-BXT,Boeing 737 MAX 8,2,2026-10-09 14:55:00,2026-10-09 15:29:00,2026-10-09 16:05:00,2026-10-09 16:15:00,34,10,late,14,,,,29.9,0.10,27.0,13420.0,light rain
4917,2026-10-09,BOM,6E 5201,6E,IndiGo,AMD,Ahmedabad,f,VT-IOI,Airbus A320 NEO,1,2026-10-09 14:55:00,2026-10-09 15:09:00,2026-10-09 16:20:00,,14,,on time,14,,,,37.0,0.00,23.4,19800.0,dry and calm
4918,2026-10-09,HYD,9I 893,9I,Alliance Air,MAA,Chennai,f,VT-RKJ,ATR 72,,2026-10-09 14:55:00,2026-10-09 18:17:00,2026-10-09 16:45:00,,202,,late,14,,,,32.8,0.00,27.7,18640.0,dry and calm
4919,2026-10-09,BLR,AI 2511,AI,Air India,DEL,New Delhi,f,VT-RTL,Airbus A320 NEO,2,2026-10-09 15:00:00,2026-10-09 15:08:00,2026-10-09 17:48:00,,8,,on time,15,,,,29.6,0.10,25.6,8260.0,light rain
4920,2026-10-09,BLR,IX 1536,IX,Air India Express,BBI,Bhubaneswar,f,VT-BWL,Boeing 737 MAX 8,2,2026-10-09 15:00:00,,2026-10-09 17:05:00,,,,no actual time,15,,,,29.6,0.10,25.6,8260.0,light rain
4921,2026-10-09,BOM,6E 349,6E,IndiGo,DEL,New Delhi,f,VT-NHE,Airbus A320,2,2026-10-09 15:00:00,2026-10-09 15:20:00,2026-10-09 17:17:00,,20,,on time,15,,,,36.3,0.00,27.0,19760.0,dry and calm
4922,2026-10-09,BOM,AI 2442,AI,Air India,DEL,New Delhi,f,VT-TQU,Airbus A320 NEO,2,2026-10-09 15:00:00,2026-10-09 15:16:00,2026-10-09 17:03:00,,16,,on time,15,,,,36.3,0.00,27.0,19760.0,dry and calm
4923,2026-10-09,HYD,6E 6781,6E,IndiGo,IXM,Madurai,f,,Airbus A320 NEO,,2026-10-09 15:00:00,,2026-10-09 16:40:00,,,,no actual time,15,,,,32.4,0.00,27.7,18660.0,dry and calm
4924,2026-10-09,BLR,6E 6572,6E,IndiGo,CCU,Kolkata,f,VT-IBT,Airbus A321 NEO,1,2026-10-09 15:05:00,2026-10-09 15:54:00,2026-10-09 17:45:00,2026-10-09 17:52:00,49,7,late,15,,,,29.6,0.10,25.6,8260.0,light rain
4925,2026-10-09,BOM,6E 1453,6E,IndiGo,DXB,Dubai,t,VT-NHD,Airbus A320,2,2026-10-09 15:05:00,2026-10-09 15:22:00,2026-10-09 16:40:00,2026-10-09 16:25:00,17,-15,on time,15,,,,36.3,0.00,27.0,19760.0,dry and calm
4926,2026-10-09,BOM,AI 2531,AI,Air India,HYD,Hyderabad,f,VT-EXM,Airbus A320 NEO,2,2026-10-09 15:05:00,2026-10-09 15:49:00,2026-10-09 16:35:00,2026-10-09 16:52:00,44,17,late,15,,,,36.3,0.00,27.0,19760.0,dry and calm
4927,2026-10-09,BOM,J9 1402,J9,Jazeera,KWI,Kuwait City,t,9K-CBH,Airbus A320,2,2026-10-09 15:05:00,2026-10-09 15:12:00,2026-10-09 16:45:00,,7,,on time,15,,,,36.3,0.00,27.0,19760.0,dry and calm
4928,2026-10-09,HYD,IX 2746,IX,Air India Express,IXB,Siliguri,f,VT-BWD,Boeing 737 MAX 8,,2026-10-09 15:05:00,2026-10-09 15:12:00,2026-10-09 17:35:00,,7,,on time,15,,,,32.4,0.00,27.7,18660.0,dry and calm
4929,2026-10-09,BLR,6E 852,6E,IndiGo,DED,Dehradun,f,VT-IOX,Airbus A320 NEO,1,2026-10-09 15:10:00,,2026-10-09 18:05:00,,,,no actual time,15,,,,29.6,0.10,25.6,8260.0,light rain
4930,2026-10-09,BLR,ET 691,ET,Ethiopian,ADD,Addis Ababa,t,ET-BAM,Boeing 737 MAX 8,2,2026-10-09 15:10:00,,2026-10-09 18:40:00,,,,no actual time,15,,,,29.6,0.10,25.6,8260.0,light rain
4931,2026-10-09,BOM,6E 5386,6E,IndiGo,HYD,Hyderabad,f,VT-NCH,Airbus A320,1,2026-10-09 15:10:00,2026-10-09 15:25:00,2026-10-09 16:45:00,2026-10-09 16:23:00,15,-22,on time,15,6E 5384,HYD,,36.3,0.00,27.0,19760.0,dry and calm
4932,2026-10-09,BOM,6E 624,6E,IndiGo,TRV,Trivandrum,f,VT-NHJ,Airbus A320,2,2026-10-09 15:10:00,2026-10-09 15:31:00,2026-10-09 17:25:00,2026-10-09 17:25:00,21,0,on time,15,,,,36.3,0.00,27.0,19760.0,dry and calm
4933,2026-10-09,HYD,6E 7136,6E,IndiGo,ISK,Nasik,f,VT-IYQ,ATR 72,,2026-10-09 15:10:00,2026-10-09 15:21:00,2026-10-09 16:50:00,,11,,on time,15,,,,32.4,0.00,27.7,18660.0,dry and calm
4934,2026-10-09,BLR,6E 6427,6E,IndiGo,TRV,Trivandrum,f,VT-IBK,Airbus A321 NEO,1,2026-10-09 15:15:00,2026-10-09 15:55:00,2026-10-09 16:35:00,2026-10-09 16:55:00,40,20,late,15,,,,29.6,0.10,25.6,8260.0,light rain
4935,2026-10-09,BLR,6E 6596,6E,IndiGo,VNS,Varanasi,f,VT-ITR,Airbus A320 (Sharklets),1,2026-10-09 15:15:00,2026-10-09 15:43:00,2026-10-09 17:45:00,,28,,on time,15,,,,29.6,0.10,25.6,8260.0,light rain
4936,2026-10-09,BLR,6E 6753,6E,IndiGo,GOI,Vasco da Gama,f,VT-ITS,Airbus A321 (Sharklets),1,2026-10-09 15:15:00,2026-10-09 15:51:00,2026-10-09 16:35:00,,36,,late,15,,,,29.6,0.10,25.6,8260.0,light rain
4937,2026-10-09,BOM,6E 5354,6E,IndiGo,CCU,Kolkata,f,VT-NHG,Airbus A320,1,2026-10-09 15:15:00,2026-10-09 15:37:00,2026-10-09 18:00:00,2026-10-09 17:40:00,22,-20,on time,15,,,,36.3,0.00,27.0,19760.0,dry and calm
4938,2026-10-09,BLR,6E 7162,6E,IndiGo,HBX,Hubli,f,VT-IXW,ATR 72,1,2026-10-09 15:20:00,2026-10-09 15:32:00,2026-10-09 16:45:00,,12,,on time,15,,,,29.6,0.10,25.6,8260.0,light rain
4939,2026-10-09,BLR,6E 7445,6E,IndiGo,KLH,Kolhapur,f,VT-IYZ,ATR 72,1,2026-10-09 15:20:00,,2026-10-09 17:05:00,,,,no actual time,15,,,,29.6,0.10,25.6,8260.0,light rain
4940,2026-10-09,BLR,6E 7711,6E,IndiGo,TRZ,Tiruchirappally,f,VT-IYS,ATR 72,1,2026-10-09 15:20:00,,2026-10-09 16:35:00,,,,no actual time,15,,,,29.6,0.10,25.6,8260.0,light rain
4941,2026-10-09,BLR,IX 1539,IX,Air India Express,GOI,Vasco da Gama,f,,Boeing 737,2,2026-10-09 15:20:00,,,,,,no actual time,15,,,,29.6,0.10,25.6,8260.0,light rain
4942,2026-10-09,BLR,QP 1315,QP,Akasa Air,PNQ,Pune,f,VT-YAI,Boeing 737 MAX 8,1,2026-10-09 15:20:00,,2026-10-09 16:55:00,,,,no actual time,15,,,,29.6,0.10,25.6,8260.0,light rain
4943,2026-10-09,BLR,IX 1540,IX,Air India Express,VNS,Varanasi,f,VT-BXB,Boeing 737 MAX 8,2,2026-10-09 15:25:00,,2026-10-09 17:55:00,,,,no actual time,15,,,,29.6,0.10,25.6,8260.0,light rain
4944,2026-10-09,BOM,6E 5196,6E,IndiGo,MAA,Chennai,f,VT-NOX,Airbus A320,1,2026-10-09 15:25:00,2026-10-09 15:47:00,2026-10-09 17:30:00,,22,,on time,15,,,,36.3,0.00,27.0,19760.0,dry and calm
4945,2026-10-09,BOM,AI 2853,AI,Air India,BLR,Bangalore,f,VT-RIO,Airbus A320 NEO,2,2026-10-09 15:25:00,2026-10-09 15:55:00,2026-10-09 17:35:00,2026-10-09 17:09:00,30,-26,late,15,AI 418,HYD,,36.3,0.00,27.0,19760.0,dry and calm
4946,2026-10-09,HYD,6E 6223,6E,IndiGo,PAT,Patna,f,VT-IXJ,Airbus A320 NEO,,2026-10-09 15:25:00,2026-10-09 15:45:00,2026-10-09 17:30:00,,20,,on time,15,,,,32.4,0.00,27.7,18660.0,dry and calm
4947,2026-10-09,BLR,6E 7223,6E,IndiGo,VGA,Vijayawada,f,VT-IYG,ATR 72,1,2026-10-09 15:30:00,,2026-10-09 17:00:00,,,,no actual time,15,,,,29.6,0.10,25.6,8260.0,light rain
4948,2026-10-09,BLR,AI 428,AI,Air India,DEL,New Delhi,f,VT-ANE,Boeing 787-8,2,2026-10-09 15:30:00,2026-10-09 16:03:00,2026-10-09 18:28:00,,33,,late,15,,,,29.6,0.10,25.6,8260.0,light rain
4949,2026-10-09,BOM,AI 1851,AI,Air India,DEL,New Delhi,f,VT-TQB,Airbus A320 NEO,2,2026-10-09 15:30:00,2026-10-09 15:57:00,2026-10-09 17:43:00,,27,,on time,15,,,,36.3,0.00,27.0,19760.0,dry and calm
4950,2026-10-09,BOM,AI 2745,AI,Air India,GOI,Vasco da Gama,f,,Airbus A320 NEO,2,2026-10-09 15:30:00,2026-10-09 17:24:00,2026-10-09 16:50:00,,114,,late,15,,,,36.3,0.00,27.0,19760.0,dry and calm
4951,2026-10-09,BOM,AI 2915,AI,Air India,AMD,Ahmedabad,f,,Airbus A320 NEO,2,2026-10-09 15:30:00,2026-10-09 15:45:00,2026-10-09 16:50:00,,15,,on time,15,,,,36.3,0.00,27.0,19760.0,dry and calm
4952,2026-10-09,HYD,6E 2073,6E,IndiGo,TRZ,Tiruchirappally,f,VT-IXD,Airbus A320 NEO,,2026-10-09 15:30:00,2026-10-09 15:39:00,2026-10-09 17:00:00,,9,,on time,15,,,,32.4,0.00,27.7,18660.0,dry and calm
4953,2026-10-09,BLR,6E 6003,6E,IndiGo,NAG,Naqpur,f,VT-IMY,Airbus A321 NEO,1,2026-10-09 15:35:00,2026-10-09 16:00:00,2026-10-09 17:20:00,,25,,on time,15,,,,29.6,0.10,25.6,8260.0,light rain
4954,2026-10-09,BOM,6E 5071,6E,IndiGo,BLR,Bangalore,f,VT-NCZ,Airbus A320,1,2026-10-09 15:35:00,2026-10-09 16:09:00,2026-10-09 17:25:00,2026-10-09 17:21:00,34,-4,late,15,6E 5218,BLR,,36.3,0.00,27.0,19760.0,dry and calm
4955,2026-10-09,BOM,AI 598,AI,Air India,VGA,Gannavaram,f,,Airbus A319,2,2026-10-09 15:35:00,2026-10-09 16:15:00,2026-10-09 17:30:00,,40,,late,15,,,,36.3,0.00,27.0,19760.0,dry and calm
4956,2026-10-09,BOM,IX 1807,IX,Air India Express,JGA,Jamnagar,f,,Airbus A320 NEO,2,2026-10-09 15:35:00,2026-10-09 15:46:00,2026-10-09 17:00:00,,11,,on time,15,,,,36.3,0.00,27.0,19760.0,dry and calm
4957,2026-10-09,HYD,6E 121,6E,IndiGo,GOI,Vasco da Gama,f,VT-IBB,Airbus A321 NEO,,2026-10-09 15:35:00,2026-10-09 15:53:00,2026-10-09 16:45:00,,18,,on time,15,,,,32.4,0.00,27.7,18660.0,dry and calm
4958,2026-10-09,HYD,6E 6540,6E,IndiGo,TIR,Tirumala - Tirupati,f,VT-IQJ,Airbus A320 NEO,,2026-10-09 15:35:00,2026-10-09 15:34:00,2026-10-09 16:45:00,,-1,,on time,15,,,,32.4,0.00,27.7,18660.0,dry and calm
4959,2026-10-09,BLR,6E 807,6E,IndiGo,BDQ,Vadodara,f,VT-IMD,Airbus A321 NEO,1,2026-10-09 15:40:00,2026-10-09 16:06:00,2026-10-09 17:50:00,,26,,on time,15,,,,29.6,0.10,25.6,8260.0,light rain
4960,2026-10-09,HYD,6E 1315,6E,IndiGo,DOH,Doha,t,VT-IPE,Airbus A320 NEO,,2026-10-09 15:40:00,2026-10-09 15:56:00,2026-10-09 17:30:00,2026-10-09 17:20:00,16,-10,on time,15,,,,32.4,0.00,27.7,18660.0,dry and calm
4961,2026-10-09,BLR,6E 860,6E,IndiGo,DEL,New Delhi,f,VT-NCB,Airbus A321 NEO,1,2026-10-09 15:45:00,2026-10-09 16:08:00,2026-10-09 18:36:00,,23,,on time,15,6E 5184,BOM,-17,29.6,0.10,25.6,8260.0,light rain
4962,2026-10-09,BOM,6E 240,6E,IndiGo,CJB,Coimbatore,f,VT-IWN,Airbus A320,2,2026-10-09 15:45:00,2026-10-09 16:25:00,2026-10-09 17:40:00,,40,,late,15,,,,36.3,0.00,27.0,19760.0,dry and calm
4963,2026-10-09,BOM,6E 5154,6E,IndiGo,UDR,Udaipur,f,VT-IWU,Airbus A320,1,2026-10-09 15:45:00,2026-10-09 15:52:00,2026-10-09 17:10:00,,7,,on time,15,,,,36.3,0.00,27.0,19760.0,dry and calm
4964,2026-10-09,BOM,6E 5131,6E,IndiGo,BHO,Bhopal,f,VT-IWR,Airbus A320,1,2026-10-09 15:50:00,2026-10-09 16:07:00,2026-10-09 17:25:00,,17,,on time,15,,,,36.3,0.00,27.0,19760.0,dry and calm
4965,2026-10-09,HYD,6E 7512,6E,IndiGo,IXG,Belgaum,f,VT-IYJ,ATR 72,,2026-10-09 15:50:00,,2026-10-09 17:15:00,,,,no actual time,15,,,,32.4,0.00,27.7,18660.0,dry and calm
4966,2026-10-09,BOM,6E 1311,6E,IndiGo,HKT,Phuket,t,VT-NCU,Airbus A320,2,2026-10-09 15:55:00,2026-10-09 16:11:00,2026-10-09 21:55:00,,16,,on time,15,,,,36.3,0.00,27.0,19760.0,dry and calm
4967,2026-10-09,BLR,6E 469,6E,IndiGo,JAI,Jaipur,f,VT-NHS,Airbus A321 NEO,1,2026-10-09 16:00:00,2026-10-09 17:11:00,2026-10-09 18:20:00,,71,,late,16,,,,29.4,0.10,26.6,28000.0,light rain
4968,2026-10-09,BLR,6E 5031,6E,IndiGo,BOM,Mumbai,f,VT-NCW,Airbus A321 NEO,1,2026-10-09 16:00:00,2026-10-09 16:20:00,2026-10-09 17:45:00,,20,,on time,16,,,,29.4,0.10,26.6,28000.0,light rain
4969,2026-10-09,BLR,6E 7142,6E,IndiGo,PNY,Puducherry,f,VT-IYH,ATR 72,1,2026-10-09 16:00:00,,2026-10-09 17:10:00,,,,no actual time,16,,,,29.4,0.10,26.6,28000.0,light rain
4970,2026-10-09,BLR,9I 513,9I,Alliance Air,SXV,Salem,f,VT-RKC,ATR 72,2,2026-10-09 16:00:00,2026-10-09 15:55:00,,,-5,,on time,16,,,,29.4,0.10,26.6,28000.0,light rain
4971,2026-10-09,BLR,SG 573,SG,SpiceJet,CCU,Kolkata,f,,,1,2026-10-09 16:00:00,,,,,,no actual time,16,,,,29.4,0.10,26.6,28000.0,light rain
4972,2026-10-09,BOM,6E 313,6E,IndiGo,DEL,New Delhi,f,VT-NOT,Airbus A320,2,2026-10-09 16:00:00,2026-10-09 16:17:00,2026-10-09 17:59:00,,17,,on time,16,,,,34.9,0.00,31.0,17520.0,dry and calm
4973,2026-10-09,BOM,AI 2730,AI,Air India,HSR,Rajkot,f,,Airbus A320 NEO,2,2026-10-09 16:00:00,2026-10-09 16:22:00,2026-10-09 17:20:00,,22,,on time,16,,,,34.9,0.00,31.0,17520.0,dry and calm
4974,2026-10-09,BOM,AI 4217,AI,Air India,DXB,Dubai,t,VT-ANY,Boeing 787-8,2,2026-10-09 16:00:00,2026-10-09 16:21:00,2026-10-09 17:25:00,2026-10-09 17:16:00,21,-9,on time,16,,,,34.9,0.00,31.0,17520.0,dry and calm
4975,2026-10-09,BOM,EK 507,EK,Emirates,DXB,Dubai,t,A6-ECF,Boeing 777-300ER,2,2026-10-09 16:00:00,2026-10-09 16:18:00,2026-10-09 17:35:00,2026-10-09 17:13:00,18,-22,on time,16,,,,34.9,0.00,31.0,17520.0,dry and calm
4976,2026-10-09,HYD,IX 1829,IX,Air India Express,TIR,Tirumala - Tirupati,f,VT-TNM,Airbus A320 NEO,,2026-10-09 16:00:00,2026-10-09 16:06:00,2026-10-09 17:20:00,,6,,on time,16,,,,31.7,0.00,27.0,18660.0,dry and calm
4977,2026-10-09,HYD,6E 6234,6E,IndiGo,COK,Kochi,f,VT-ICK,Airbus A320 NEO,,2026-10-09 16:05:00,2026-10-09 16:29:00,2026-10-09 17:45:00,,24,,on time,16,,,,31.7,0.00,27.0,18660.0,dry and calm
4978,2026-10-09,BLR,IX 2052,IX,Air India Express,STV,Surat Gujarat,f,VT-GHD,Boeing 737-800,2,2026-10-09 16:10:00,,2026-10-09 18:05:00,,,,no actual time,16,,,,29.4,0.10,26.6,28000.0,light rain
4979,2026-10-09,BOM,6E 6931,6E,IndiGo,CCJ,Calicut,f,,Airbus A320,2,2026-10-09 16:10:00,2026-10-09 17:37:00,2026-10-09 18:05:00,,87,,late,16,,,,34.9,0.00,31.0,17520.0,dry and calm
4980,2026-10-09,BOM,AI 2217,AI,Air India,DXB,Dubai,t,,,2,2026-10-09 16:10:00,,,,,,canceled,16,,,,34.9,0.00,31.0,17520.0,dry and calm
4981,2026-10-09,BLR,IX 2608,IX,Air India Express,COK,Kochi,f,,Boeing 737,2,2026-10-09 16:15:00,,,,,,no actual time,16,,,,29.4,0.10,26.6,28000.0,light rain
4982,2026-10-09,BOM,AI 356,AI,Air India,HND,Tokyo,t,VT-ANJ,Boeing 787-8,2,2026-10-09 16:15:00,2026-10-09 16:41:00,2026-10-10 04:55:00,2026-10-10 03:40:00,26,-75,on time,16,,,,34.9,0.00,31.0,17520.0,dry and calm
4983,2026-10-09,HYD,6E 501,6E,IndiGo,VNS,Varanasi,f,VT-IRV,Airbus A321 NEO,,2026-10-09 16:15:00,2026-10-09 16:18:00,2026-10-09 18:10:00,,3,,on time,16,,,,31.7,0.00,27.0,18660.0,dry and calm
4984,2026-10-09,BLR,6E 451,6E,IndiGo,LKO,Lucknow,f,VT-IOR,Airbus A320 NEO,1,2026-10-09 16:20:00,2026-10-09 16:31:00,2026-10-09 18:55:00,2026-10-09 18:33:00,11,-22,on time,16,,,,29.4,0.10,26.6,28000.0,light rain
4985,2026-10-09,BLR,6E 851,6E,IndiGo,IXC,Chandigarh,f,VT-IAZ,Airbus A321 NEO,1,2026-10-09 16:20:00,2026-10-09 16:35:00,2026-10-09 19:20:00,,15,,on time,16,,,,29.4,0.10,26.6,28000.0,light rain
4986,2026-10-09,BLR,6E 6774,6E,IndiGo,GAU,Guwahati,f,VT-IME,Airbus A321 NEO,1,2026-10-09 16:25:00,2026-10-09 16:44:00,2026-10-09 19:30:00,,19,,on time,16,,,,29.4,0.10,26.6,28000.0,light rain
4987,2026-10-09,BOM,IX 1242,IX,Air India Express,GOI,Vasco da Gama,f,VT-BWX,Boeing 737,2,2026-10-09 16:25:00,2026-10-09 16:45:00,2026-10-09 17:50:00,,20,,on time,16,,,,34.9,0.00,31.0,17520.0,dry and calm
4988,2026-10-09,HYD,6E 6372,6E,IndiGo,DEL,New Delhi,f,VT-NCP,Airbus A321 NEO,,2026-10-09 16:25:00,2026-10-09 17:08:00,2026-10-09 19:13:00,,43,,late,16,,,,31.7,0.00,27.0,18660.0,dry and calm
4989,2026-10-09,BLR,6E 6067,6E,IndiGo,HYD,Hyderabad,f,VT-IBQ,Airbus A321 NEO,1,2026-10-09 16:30:00,2026-10-09 16:54:00,2026-10-09 17:45:00,2026-10-09 17:47:00,24,2,on time,16,6E 6405,HYD,-7,29.4,0.10,26.6,28000.0,light rain
4990,2026-10-09,BLR,AI 2418,AI,Air India,DEL,New Delhi,f,VT-CIH,Airbus A320 (Sharklets),2,2026-10-09 16:30:00,2026-10-09 16:51:00,2026-10-09 19:17:00,,21,,on time,16,,,,29.4,0.10,26.6,28000.0,light rain
4991,2026-10-09,BOM,AI 2687,AI,Air India,DEL,New Delhi,f,,Airbus A321,2,2026-10-09 16:30:00,2026-10-09 18:14:00,2026-10-09 19:52:00,,104,,late,16,,,,34.9,0.00,31.0,17520.0,dry and calm
4992,2026-10-09,HYD,6E 314,6E,IndiGo,BLR,Bangalore,f,VT-ICT,Airbus A321 NEO,,2026-10-09 16:30:00,2026-10-09 17:04:00,2026-10-09 17:50:00,2026-10-09 17:52:00,34,2,late,16,,,,31.7,0.00,27.0,18660.0,dry and calm
4993,2026-10-09,BLR,IX 2945,IX,Air India Express,GAU,Guwahati,f,VT-RTF,Airbus A320 NEO,2,2026-10-09 16:35:00,2026-10-09 16:47:00,2026-10-09 19:45:00,,12,,on time,16,,,,29.4,0.10,26.6,28000.0,light rain
4994,2026-10-09,HYD,XY 366,XY,flynas,RUH,Riyadh,t,HZ-NS42,Airbus A320 NEO,,2026-10-09 16:35:00,2026-10-09 17:40:00,2026-10-09 18:55:00,,65,,late,16,,,,31.7,0.00,27.0,18660.0,dry and calm
4995,2026-10-09,BLR,6E 309,6E,IndiGo,GOX,Mopa,f,VT-IIZ,Airbus A320 NEO,1,2026-10-09 16:40:00,2026-10-09 16:57:00,2026-10-09 17:55:00,,17,,on time,16,,,,29.4,0.10,26.6,28000.0,light rain
4996,2026-10-09,BOM,6E 5241,6E,IndiGo,GOI,Vasco da Gama,f,VT-IOF,Airbus A320,1,2026-10-09 16:40:00,2026-10-09 16:55:00,2026-10-09 18:05:00,,15,,on time,16,,,,34.9,0.00,31.0,17520.0,dry and calm
4997,2026-10-09,HYD,6E 2015,6E,IndiGo,NMI,Mumbai,f,VT-IPK,Airbus A320 NEO,,2026-10-09 16:40:00,2026-10-09 17:02:00,2026-10-09 18:10:00,,22,,on time,16,,,,31.7,0.00,27.0,18660.0,dry and calm
4998,2026-10-09,HYD,6E 2101,6E,IndiGo,CNN,Kannur,f,VT-IQE,Airbus A320 NEO,,2026-10-09 16:40:00,2026-10-09 16:42:00,2026-10-09 18:30:00,,2,,on time,16,,,,31.7,0.00,27.0,18660.0,dry and calm
4999,2026-10-09,BLR,6E 6451,6E,IndiGo,PAT,Patna,f,VT-IPO,Airbus A320 NEO,1,2026-10-09 16:45:00,2026-10-09 17:00:00,2026-10-09 19:15:00,,15,,on time,16,,,,29.4,0.10,26.6,28000.0,light rain
5000,2026-10-09,BLR,IX 1527,IX,Air India Express,DED,Dehradun,f,,Boeing 737,2,2026-10-09 16:45:00,,,,,,no actual time,16,,,,29.4,0.10,26.6,28000.0,light rain
5001,2026-10-09,BOM,6E 5228,6E,IndiGo,HYD,Hyderabad,f,VT-NCF,Airbus A320,1,2026-10-09 16:45:00,2026-10-09 17:11:00,2026-10-09 18:20:00,2026-10-09 18:12:00,26,-8,on time,16,6E 5351,BLR,,34.9,0.00,31.0,17520.0,dry and calm
5002,2026-10-09,BOM,6E 6082,6E,IndiGo,DEL,New Delhi,f,VT-NHI,Airbus A320,2,2026-10-09 16:45:00,2026-10-09 17:01:00,2026-10-09 18:51:00,,16,,on time,16,,,,34.9,0.00,31.0,17520.0,dry and calm
5003,2026-10-09,BOM,AI 2783,AI,Air India,IXC,Chandigarh,f,VT-EXV,Airbus A320 NEO,2,2026-10-09 16:45:00,2026-10-09 17:03:00,2026-10-09 19:10:00,,18,,on time,16,,,,34.9,0.00,31.0,17520.0,dry and calm
5004,2026-10-09,BOM,IX 1671,IX,Air India Express,DEL,New Delhi,f,VT-BWF,Boeing 737,2,2026-10-09 16:45:00,2026-10-09 17:39:00,2026-10-09 19:20:00,,54,,late,16,,,,34.9,0.00,31.0,17520.0,dry and calm
5005,2026-10-09,BLR,6E 239,6E,IndiGo,AMD,Ahmedabad,f,VT-NOV,Airbus A320,1,2026-10-09 16:50:00,2026-10-09 17:02:00,2026-10-09 19:00:00,,12,,on time,16,,,,29.4,0.10,26.6,28000.0,light rain
5006,2026-10-09,BLR,IX 2023,IX,Air India Express,VTZ,Visakhapatnam,f,VT-RNT,Boeing 737 MAX 8,2,2026-10-09 16:50:00,2026-10-09 17:14:00,2026-10-09 18:30:00,2026-10-09 18:27:00,24,-3,on time,16,,,,29.4,0.10,26.6,28000.0,light rain
5007,2026-10-09,BOM,6E 463,6E,IndiGo,BBI,Bhubaneswar,f,VT-IIW,Airbus A320 NEO,2,2026-10-09 16:50:00,2026-10-09 17:15:00,2026-10-09 19:25:00,,25,,on time,16,,,,34.9,0.00,31.0,17520.0,dry and calm
5008,2026-10-09,BOM,6E 6599,6E,IndiGo,IDR,Indore,f,VT-ICX,Airbus A320,2,2026-10-09 16:50:00,2026-10-09 17:34:00,2026-10-09 18:15:00,,44,,late,16,,,,34.9,0.00,31.0,17520.0,dry and calm
5009,2026-10-09,HYD,IX 1345,IX,Air India Express,BLR,Bangalore,f,VT-BXT,Boeing 737 MAX 8,,2026-10-09 16:50:00,2026-10-09 17:22:00,2026-10-09 18:20:00,2026-10-09 18:09:00,32,-11,late,16,IX 2051,BLR,10,31.7,0.00,27.0,18660.0,dry and calm
5010,2026-10-09,BLR,IX 1504,IX,Air India Express,PAT,Patna,f,,,2,2026-10-09 16:55:00,,,,,,no actual time,16,,,,29.4,0.10,26.6,28000.0,light rain
5011,2026-10-09,BLR,QP 1503,QP,Akasa Air,BBI,Bhubaneswar,f,VT-YBO,Boeing 737 MAX 8,1,2026-10-09 16:55:00,,2026-10-09 19:10:00,,,,no actual time,16,,,,29.4,0.10,26.6,28000.0,light rain
5012,2026-10-09,BOM,6E 6802,6E,IndiGo,NAG,Naqpur,f,VT-IXE,Airbus A320 NEO,2,2026-10-09 16:55:00,2026-10-09 17:17:00,2026-10-09 18:30:00,,22,,on time,16,,,,34.9,0.00,31.0,17520.0,dry and calm
5013,2026-10-09,BOM,AI 621,AI,Air India,JAI,Jaipur,f,VT-TNS,Airbus A320 NEO,2,2026-10-09 16:55:00,2026-10-09 17:04:00,2026-10-09 18:50:00,,9,,on time,16,,,,34.9,0.00,31.0,17520.0,dry and calm
5014,2026-10-09,BOM,AI 681,AI,Air India,COK,Kochi,f,VT-SCV,Airbus A319,2,2026-10-09 16:55:00,2026-10-09 17:04:00,2026-10-09 18:55:00,,9,,on time,16,,,,34.9,0.00,31.0,17520.0,dry and calm
5015,2026-10-09,BOM,EY 203,EY,Etihad,AUH,Abu Dhabi,t,A6-LRH,Airbus A320,2,2026-10-09 16:55:00,2026-10-09 17:12:00,2026-10-09 18:30:00,,17,,on time,16,,,,34.9,0.00,31.0,17520.0,dry and calm
5016,2026-10-09,BOM,QP 1825,QP,Akasa Air,DEL,New Delhi,f,,Boeing 737,2,2026-10-09 16:55:00,2026-10-09 17:54:00,,,59,,late,16,,,,34.9,0.00,31.0,17520.0,dry and calm
5017,2026-10-09,BLR,6E 109,6E,IndiGo,IXE,Mangalore,f,VT-IQW,Airbus A320 NEO,1,2026-10-09 17:00:00,2026-10-09 17:13:00,2026-10-09 18:00:00,,13,,on time,17,,,,28.3,0.00,24.1,24940.0,dry and calm
5018,2026-10-09,BLR,6E 6039,6E,IndiGo,DEL,New Delhi,f,VT-NCD,Airbus A321 NEO,1,2026-10-09 17:00:00,2026-10-09 17:42:00,2026-10-09 20:06:00,,42,,late,17,,,,28.3,0.00,24.1,24940.0,dry and calm
5019,2026-10-09,BOM,6E 5221,6E,IndiGo,BLR,Bangalore,f,VT-NOO,Airbus A320,1,2026-10-09 17:00:00,2026-10-09 17:08:00,2026-10-09 18:55:00,2026-10-09 18:21:00,8,-34,on time,17,6E 5099,HYD,,34.1,0.00,30.2,17520.0,dry and calm
5020,2026-10-09,BOM,QP 1429,QP,Akasa Air,VNS,Varanasi,f,,Boeing 737,2,2026-10-09 17:00:00,2026-10-09 17:18:00,2026-10-09 19:20:00,,18,,on time,17,,,,34.1,0.00,30.2,17520.0,dry and calm
5021,2026-10-09,BLR,6E 223,6E,IndiGo,CCU,Kolkata,f,VT-NHQ,Airbus A321 NEO,1,2026-10-09 17:05:00,2026-10-09 17:29:00,2026-10-09 19:55:00,2026-10-09 19:25:00,24,-30,on time,17,,,,28.3,0.00,24.1,24940.0,dry and calm
5022,2026-10-09,BLR,IX 1538,IX,Air India Express,GOI,Vasco da Gama,f,VT-BWQ,Boeing 737,2,2026-10-09 17:05:00,2026-10-09 17:17:00,2026-10-09 18:30:00,,12,,on time,17,,,,28.3,0.00,24.1,24940.0,dry and calm
5023,2026-10-09,BOM,AI 2481,AI,Air India,CCU,Kolkata,f,VT-TQG,Airbus A320 NEO,2,2026-10-09 17:05:00,2026-10-09 17:21:00,2026-10-09 19:55:00,2026-10-09 19:39:00,16,-16,on time,17,AI 2402,BLR,,34.1,0.00,30.2,17520.0,dry and calm
5024,2026-10-09,BLR,6E 7231,6E,IndiGo,RJA,Rajahmundry,f,VT-IYO,ATR 72,1,2026-10-09 17:10:00,2026-10-09 17:24:00,2026-10-09 19:15:00,,14,,on time,17,,,,28.3,0.00,24.1,24940.0,dry and calm
5025,2026-10-09,BLR,IX 2506,IX,Air India Express,HYD,Hyderabad,f,VT-BXV,Boeing 737 MAX 8,2,2026-10-09 17:10:00,,2026-10-09 18:40:00,2026-10-09 18:21:00,,-19,no actual time,17,,,,28.3,0.00,24.1,24940.0,dry and calm
5026,2026-10-09,BOM,6E 437,6E,IndiGo,COK,Kochi,f,VT-IRX,Airbus A320,2,2026-10-09 17:10:00,2026-10-09 17:31:00,2026-10-09 19:10:00,,21,,on time,17,,,,34.1,0.00,30.2,17520.0,dry and calm
5027,2026-10-09,HYD,6E 67,6E,IndiGo,JED,Jeddah,t,VT-IOU,Airbus A320 NEO,,2026-10-09 17:10:00,2026-10-09 18:00:00,2026-10-09 20:25:00,,50,,late,17,,,,30.2,0.00,24.8,18620.0,dry and calm
5028,2026-10-09,BLR,6E 356,6E,IndiGo,MAA,Chennai,f,VT-IML,Airbus A321 NEO,1,2026-10-09 17:15:00,2026-10-09 17:33:00,2026-10-09 18:10:00,,18,,on time,17,,,,28.3,0.00,24.1,24940.0,dry and calm
5029,2026-10-09,BLR,6E 6465,6E,IndiGo,BHO,Bhopal,f,VT-ISP,Airbus A320 NEO,1,2026-10-09 17:15:00,2026-10-09 17:27:00,2026-10-09 19:25:00,,12,,on time,17,,,,28.3,0.00,24.1,24940.0,dry and calm
5030,2026-10-09,BOM,6E 843,6E,IndiGo,GAU,Guwahati,f,VT-IBM,Airbus A320,2,2026-10-09 17:15:00,2026-10-09 18:12:00,2026-10-09 20:25:00,,57,,late,17,,,,34.1,0.00,30.2,17520.0,dry and calm
5031,2026-10-09,BOM,QP 1183,QP,Akasa Air,CCU,Kolkata,f,,Boeing 737,2,2026-10-09 17:15:00,2026-10-09 17:26:00,2026-10-09 20:10:00,,11,,on time,17,,,,34.1,0.00,30.2,17520.0,dry and calm
5032,2026-10-09,HYD,6E 208,6E,IndiGo,VTZ,Visakhapatnam,f,VT-ISX,Airbus A320 NEO,,2026-10-09 17:15:00,2026-10-09 17:20:00,2026-10-09 18:40:00,2026-10-09 18:10:00,5,-30,on time,17,,,,30.2,0.00,24.8,18620.0,dry and calm
5033,2026-10-09,BLR,6E 6008,6E,IndiGo,STV,Surat Gujarat,f,VT-IKS,Airbus A320,1,2026-10-09 17:20:00,2026-10-09 17:50:00,2026-10-09 19:15:00,,30,,late,17,,,,28.3,0.00,24.1,24940.0,dry and calm
5034,2026-10-09,BOM,6E 1455,6E,IndiGo,DXB,Dubai,t,VT-NOD,Airbus A320,2,2026-10-09 17:20:00,2026-10-09 17:28:00,2026-10-09 18:45:00,2026-10-09 18:33:00,8,-12,on time,17,,,,34.1,0.00,30.2,17520.0,dry and calm
5035,2026-10-09,BOM,6E 315,6E,IndiGo,DEL,New Delhi,f,VT-NHI,Airbus A320,2,2026-10-09 17:20:00,2026-10-09 18:05:00,2026-10-09 19:44:00,,45,,late,17,,,,34.1,0.00,30.2,17520.0,dry and calm
5036,2026-10-09,HYD,6E 5259,6E,IndiGo,BOM,Mumbai,f,VT-NCH,Airbus A321 NEO,,2026-10-09 17:20:00,2026-10-09 17:34:00,2026-10-09 18:50:00,,14,,on time,17,6E 5386,BOM,-22,30.2,0.00,24.8,18620.0,dry and calm
5037,2026-10-09,BLR,6E 5255,6E,IndiGo,BOM,Mumbai,f,VT-NOA,Airbus A321 NEO,1,2026-10-09 17:25:00,2026-10-09 18:09:00,2026-10-09 19:05:00,,44,,late,17,6E 5382,BOM,-23,28.3,0.00,24.1,24940.0,dry and calm
5038,2026-10-09,BLR,AI 2820,AI,Air India,DEL,New Delhi,f,VT-TNP,Airbus A320 (Sharklets),2,2026-10-09 17:25:00,2026-10-09 17:53:00,2026-10-09 20:17:00,,28,,on time,17,AI 2632,BOM,-17,28.3,0.00,24.1,24940.0,dry and calm
5039,2026-10-09,BLR,IX 2913,IX,Air India Express,PNQ,Pune,f,VT-BXA,Boeing 737 MAX 8,2,2026-10-09 17:25:00,,2026-10-09 19:00:00,2026-10-09 18:58:00,,-2,no actual time,17,,,,28.3,0.00,24.1,24940.0,dry and calm
5040,2026-10-09,BOM,6E 5048,6E,IndiGo,MAA,Chennai,f,VT-NCJ,Airbus A320,1,2026-10-09 17:25:00,2026-10-09 17:46:00,2026-10-09 19:35:00,,21,,on time,17,,,,34.1,0.00,30.2,17520.0,dry and calm
5041,2026-10-09,HYD,AI 2447,AI,Air India,BOM,Mumbai,f,VT-TNY,Airbus A320 NEO,,2026-10-09 17:25:00,2026-10-09 17:33:00,2026-10-09 19:25:00,,8,,on time,17,,,,30.2,0.00,24.8,18620.0,dry and calm
5042,2026-10-09,BLR,6E 978,6E,IndiGo,RPR,Raipur,f,VT-IPF,Airbus A320 NEO,1,2026-10-09 17:30:00,,2026-10-09 19:20:00,,,,no actual time,17,,,,28.3,0.00,24.1,24940.0,dry and calm
5043,2026-10-09,BOM,AI 2849,AI,Air India,BLR,Bangalore,f,VT-TQX,Airbus A320 NEO,2,2026-10-09 17:30:00,2026-10-09 17:55:00,2026-10-09 19:35:00,2026-10-09 19:10:00,25,-25,on time,17,,,,34.1,0.00,30.2,17520.0,dry and calm
5044,2026-10-09,BOM,IX 1164,IX,Air India Express,BBI,Bhubaneswar,f,VT-BWE,Boeing 737,2,2026-10-09 17:30:00,2026-10-09 18:02:00,2026-10-09 20:00:00,,32,,late,17,,,,34.1,0.00,30.2,17520.0,dry and calm
5045,2026-10-09,HYD,QP 1407,QP,Akasa Air,DEL,New Delhi,f,,Boeing 737,,2026-10-09 17:30:00,,2026-10-09 19:53:00,,,,no actual time,17,,,,30.2,0.00,24.8,18620.0,dry and calm
5046,2026-10-09,BLR,IX 1040,IX,Air India Express,DEL,New Delhi,f,VT-BXC,Boeing 737 MAX 8,2,2026-10-09 17:35:00,,2026-10-09 20:34:00,,,,no actual time,17,,,,28.3,0.00,24.1,24940.0,dry and calm
5047,2026-10-09,BOM,6E 6027,6E,IndiGo,UDR,Udaipur,f,VT-IIM,Airbus A320,2,2026-10-09 17:35:00,2026-10-09 17:51:00,2026-10-09 19:00:00,,16,,on time,17,,,,34.1,0.00,30.2,17520.0,dry and calm
5048,2026-10-09,BOM,AI 2655,AI,Air India,TRV,Trivandrum,f,VT-TQH,Airbus A320 NEO,2,2026-10-09 17:35:00,2026-10-09 19:18:00,2026-10-09 19:45:00,2026-10-09 21:07:00,103,82,late,17,,,,34.1,0.00,30.2,17520.0,dry and calm
5049,2026-10-09,BOM,AI 2749,AI,Air India,IDR,Indore,f,VT-TYA,Airbus A319,2,2026-10-09 17:35:00,2026-10-09 17:59:00,2026-10-09 19:10:00,,24,,on time,17,,,,34.1,0.00,30.2,17520.0,dry and calm
5050,2026-10-09,HYD,6E 567,6E,IndiGo,GAU,Guwahati,f,VT-IIR,Airbus A320 NEO,,2026-10-09 17:35:00,2026-10-09 17:49:00,2026-10-09 20:15:00,,14,,on time,17,,,,30.2,0.00,24.8,18620.0,dry and calm
5051,2026-10-09,HYD,6E 7546,6E,IndiGo,RJA,Rajahmundry,f,VT-IRA,ATR 72,,2026-10-09 17:35:00,2026-10-09 17:57:00,2026-10-09 18:45:00,,22,,on time,17,,,,30.2,0.00,24.8,18620.0,dry and calm
5052,2026-10-09,BLR,6E 6168,6E,IndiGo,GOI,Vasco da Gama,f,VT-NON,Airbus A320,1,2026-10-09 17:40:00,2026-10-09 18:17:00,2026-10-09 18:55:00,,37,,late,17,,,,28.3,0.00,24.1,24940.0,dry and calm
5053,2026-10-09,BLR,IX 5306,IX,Air India Express,TRZ,Tiruchirappally,f,VT-GHC,Boeing 737-800,2,2026-10-09 17:40:00,2026-10-09 17:55:00,2026-10-09 18:50:00,,15,,on time,17,,,,28.3,0.00,24.1,24940.0,dry and calm
5054,2026-10-09,HYD,6E 57,6E,IndiGo,MED,Medina,t,VT-IQQ,Airbus A320 NEO,,2026-10-09 17:40:00,2026-10-09 18:03:00,2026-10-09 20:50:00,,23,,on time,17,,,,30.2,0.00,24.8,18620.0,dry and calm
5055,2026-10-09,BLR,6E 221,6E,IndiGo,IXR,Ranchi,f,VT-IQX,Airbus A320 NEO,1,2026-10-09 17:45:00,2026-10-09 18:22:00,2026-10-09 20:10:00,,37,,late,17,,,,28.3,0.00,24.1,24940.0,dry and calm
5056,2026-10-09,BLR,QP 1581,QP,Akasa Air,AMD,Ahmedabad,f,,Boeing 737,1,2026-10-09 17:45:00,,2026-10-09 20:05:00,,,,no actual time,17,,,,28.3,0.00,24.1,24940.0,dry and calm
5057,2026-10-09,BOM,6E 272,6E,IndiGo,VNS,Varanasi,f,VT-ICQ,Airbus A320,2,2026-10-09 17:45:00,2026-10-09 18:28:00,2026-10-09 20:00:00,,43,,late,17,,,,34.1,0.00,30.2,17520.0,dry and calm
5058,2026-10-09,BOM,QP 552,QP,Akasa Air,JED,Jeddah,t,,Boeing 737,2,2026-10-09 17:45:00,,2026-10-09 20:45:00,,,,canceled,17,,,,34.1,0.00,30.2,17520.0,dry and calm
5059,2026-10-09,HYD,6E 6417,6E,IndiGo,BLR,Bangalore,f,VT-IAQ,Airbus A320 (Sharklets),,2026-10-09 17:45:00,2026-10-09 19:16:00,2026-10-09 19:05:00,2026-10-09 19:06:00,91,1,late,17,,,,30.2,0.00,24.8,18620.0,dry and calm
5060,2026-10-09,HYD,6E 710,6E,IndiGo,DEL,New Delhi,f,VT-NOJ,Airbus A321 NEO,,2026-10-09 17:45:00,2026-10-09 18:14:00,2026-10-09 20:10:00,,29,,on time,17,,,,30.2,0.00,24.8,18620.0,dry and calm
5061,2026-10-09,BLR,S5 117,S5,Star Air,GBI,Kalaburagi,f,VT-GSU,Embraer 175,2,2026-10-09 17:50:00,,,,,,no actual time,17,,,,28.3,0.00,24.1,24940.0,dry and calm
5062,2026-10-09,BOM,6E 2100,6E,IndiGo,HSR,Rajkot,f,,Airbus A320,2,2026-10-09 17:50:00,2026-10-09 20:33:00,2026-10-09 19:05:00,,163,,late,17,,,,34.1,0.00,30.2,17520.0,dry and calm
5063,2026-10-09,HYD,6E 6823,6E,IndiGo,HSR,Rajkot,f,VT-NOF,Airbus A321 NEO,,2026-10-09 17:50:00,2026-10-09 18:06:00,2026-10-09 19:40:00,,16,,on time,17,,,,30.2,0.00,24.8,18620.0,dry and calm
5064,2026-10-09,BLR,6E 7226,6E,IndiGo,IXG,Belgaum,f,VT-IYE,ATR 72,1,2026-10-09 17:55:00,2026-10-09 18:14:00,2026-10-09 19:25:00,,19,,on time,17,,,,28.3,0.00,24.1,24940.0,dry and calm
5065,2026-10-09,BLR,6E 747,6E,IndiGo,IDR,Indore,f,VT-IAO,Airbus A320 (Sharklets),1,2026-10-09 17:55:00,2026-10-09 18:10:00,2026-10-09 19:50:00,,15,,on time,17,,,,28.3,0.00,24.1,24940.0,dry and calm
5066,2026-10-09,HYD,6E 283,6E,IndiGo,CCU,Kolkata,f,VT-ICI,Airbus A321 NEO,,2026-10-09 17:55:00,2026-10-09 18:37:00,2026-10-09 20:05:00,2026-10-09 20:11:00,42,6,late,17,,,,30.2,0.00,24.8,18620.0,dry and calm
5067,2026-10-09,HYD,6E 598,6E,IndiGo,MAA,Chennai,f,,Airbus A320,,2026-10-09 17:55:00,,2026-10-09 19:10:00,,,,no actual time,17,,,,30.2,0.00,24.8,18620.0,dry and calm
5068,2026-10-09,BLR,6E 144,6E,IndiGo,COK,Kochi,f,VT-IMI,Airbus A321 NEO,1,2026-10-09 18:00:00,2026-10-09 18:24:00,2026-10-09 19:05:00,,24,,on time,18,,,,26.4,0.00,15.8,24840.0,dry and calm
5069,2026-10-09,BLR,6E 738,6E,IndiGo,VNS,Varanasi,f,VT-ILQ,Airbus A321 NEO,1,2026-10-09 18:00:00,2026-10-09 18:54:00,2026-10-09 20:25:00,,54,,late,18,,,,26.4,0.00,15.8,24840.0,dry and calm
5070,2026-10-09,BLR,IX 2053,IX,Air India Express,IXR,Ranchi,f,VT-VTZ,Airbus A320,2,2026-10-09 18:00:00,2026-10-09 18:13:00,2026-10-09 20:25:00,,13,,on time,18,,,,26.4,0.00,15.8,24840.0,dry and calm
5071,2026-10-09,BOM,6E 5086,6E,IndiGo,CCU,Kolkata,f,VT-NHX,Airbus A320,1,2026-10-09 18:00:00,2026-10-09 18:16:00,2026-10-09 20:50:00,2026-10-09 20:28:00,16,-22,on time,18,,,,32.5,0.00,33.1,14020.0,dry and calm
5072,2026-10-09,BOM,AI 2440,AI,Air India,DEL,New Delhi,f,VT-NAC,Airbus A320 NEO,2,2026-10-09 18:00:00,2026-10-09 19:38:00,2026-10-09 21:19:00,,98,,late,18,,,,32.5,0.00,33.1,14020.0,dry and calm
5073,2026-10-09,BOM,AI 2619,AI,Air India,HYD,Hyderabad,f,VT-TQJ,Airbus A320 NEO,2,2026-10-09 18:00:00,2026-10-09 18:24:00,2026-10-09 19:35:00,2026-10-09 19:25:00,24,-10,on time,18,,,,32.5,0.00,33.1,14020.0,dry and calm
5074,2026-10-09,BLR,AI 2854,AI,Air India,BOM,Mumbai,f,VT-TNI,Airbus A320 NEO,2,2026-10-09 18:05:00,,2026-10-09 20:05:00,,,,no actual time,18,,,,26.4,0.00,15.8,24840.0,dry and calm
5075,2026-10-09,HYD,6E 6167,6E,IndiGo,LKO,Lucknow,f,VT-IMR,Airbus A321 NEO,,2026-10-09 18:05:00,2026-10-09 18:23:00,2026-10-09 20:05:00,,18,,on time,18,,,,28.5,0.00,20.5,16660.0,dry and calm
5076,2026-10-09,HYD,6E 6533,6E,IndiGo,TIR,Tirumala - Tirupati,f,VT-IPG,Airbus A320 NEO,,2026-10-09 18:10:00,2026-10-09 18:30:00,2026-10-09 19:20:00,,20,,on time,18,,,,28.5,0.00,20.5,16660.0,dry and calm
5077,2026-10-09,BLR,6E 6017,6E,IndiGo,MAA,Chennai,f,VT-IRZ,Airbus A321 NEO,1,2026-10-09 18:15:00,2026-10-09 18:28:00,2026-10-09 19:15:00,,13,,on time,18,,,,26.4,0.00,15.8,24840.0,dry and calm
5078,2026-10-09,BLR,6E 6034,6E,IndiGo,DEL,New Delhi,f,VT-NCO,Airbus A321 NEO,1,2026-10-09 18:15:00,2026-10-09 18:38:00,2026-10-09 20:59:00,,23,,on time,18,,,,26.4,0.00,15.8,24840.0,dry and calm
5079,2026-10-09,BOM,6E 5126,6E,IndiGo,IXM,Madurai,f,VT-NHR,Airbus A320,1,2026-10-09 18:15:00,2026-10-09 18:25:00,2026-10-09 20:20:00,,10,,on time,18,,,,32.5,0.00,33.1,14020.0,dry and calm
5080,2026-10-09,BOM,6E 6613,6E,IndiGo,DEL,New Delhi,f,,Airbus A320,2,2026-10-09 18:15:00,2026-10-09 18:22:00,2026-10-09 20:01:00,,7,,on time,18,,,,32.5,0.00,33.1,14020.0,dry and calm
5081,2026-10-09,HYD,6E 6308,6E,IndiGo,CJB,Coimbatore,f,VT-ICN,Airbus A321 NEO,,2026-10-09 18:15:00,2026-10-09 18:34:00,2026-10-09 19:35:00,,19,,on time,18,,,,28.5,0.00,20.5,16660.0,dry and calm
5082,2026-10-09,HYD,6E 6727,6E,IndiGo,AMD,Ahmedabad,f,VT-IWZ,Airbus A320,,2026-10-09 18:15:00,2026-10-09 18:42:00,2026-10-09 20:05:00,,27,,on time,18,,,,28.5,0.00,20.5,16660.0,dry and calm
5083,2026-10-09,BLR,OG 117,OG,Ghodawat Enterprises,GBI,Kalaburagi,f,VT-GSU,Embraer 175,,2026-10-09 18:19:00,2026-10-09 18:19:00,,,0,,on time,18,,,,26.4,0.00,15.8,24840.0,dry and calm
5084,2026-10-09,BLR,6E 6141,6E,IndiGo,JAI,Jaipur,f,VT-IXG,Airbus A320 NEO,1,2026-10-09 18:20:00,2026-10-09 18:45:00,2026-10-09 20:50:00,,25,,on time,18,,,,26.4,0.00,15.8,24840.0,dry and calm
5085,2026-10-09,BLR,AI 2802,AI,Air India,DEL,New Delhi,f,VT-RIO,Airbus A320 NEO,2,2026-10-09 18:20:00,2026-10-09 18:26:00,2026-10-09 20:44:00,,6,,on time,18,AI 2853,BOM,-26,26.4,0.00,15.8,24840.0,dry and calm
5086,2026-10-09,HYD,6E 6329,6E,IndiGo,GOI,Vasco da Gama,f,VT-IBQ,Airbus A321 NEO,,2026-10-09 18:20:00,2026-10-09 18:51:00,2026-10-09 19:35:00,,31,,late,18,6E 6067,BLR,2,28.5,0.00,20.5,16660.0,dry and calm
5087,2026-10-09,BOM,QP 1175,QP,Akasa Air,GOX,Mopa,f,,Boeing 737,2,2026-10-09 18:25:00,2026-10-09 18:45:00,2026-10-09 19:55:00,,20,,on time,18,,,,32.5,0.00,33.1,14020.0,dry and calm
5088,2026-10-09,HYD,6E 7543,6E,IndiGo,NAG,Naqpur,f,VT-IRG,ATR 72,,2026-10-09 18:25:00,2026-10-09 18:44:00,2026-10-09 19:55:00,,19,,on time,18,,,,28.5,0.00,20.5,16660.0,dry and calm
5089,2026-10-09,HYD,AI 2880,AI,Air India,DEL,New Delhi,f,VT-TNE,Airbus A320 NEO,,2026-10-09 18:25:00,2026-10-09 18:40:00,2026-10-09 20:32:00,,15,,on time,18,,,,28.5,0.00,20.5,16660.0,dry and calm
5090,2026-10-09,BLR,6E 676,6E,IndiGo,CCU,Kolkata,f,VT-IKQ,Airbus A320,1,2026-10-09 18:30:00,2026-10-09 18:44:00,2026-10-09 21:10:00,2026-10-09 20:45:00,14,-25,on time,18,,,,26.4,0.00,15.8,24840.0,dry and calm
5091,2026-10-09,BOM,6E 5047,6E,IndiGo,BLR,Bangalore,f,VT-NCW,Airbus A320,1,2026-10-09 18:30:00,2026-10-09 18:54:00,2026-10-09 20:25:00,2026-10-09 20:07:00,24,-18,on time,18,6E 5031,BLR,,32.5,0.00,33.1,14020.0,dry and calm
5092,2026-10-09,BOM,AI 2493,AI,Air India,AMD,Ahmedabad,f,VT-PPH,Airbus A321,2,2026-10-09 18:30:00,2026-10-09 18:29:00,2026-10-09 19:40:00,,-1,,on time,18,,,,32.5,0.00,33.1,14020.0,dry and calm
5093,2026-10-09,BOM,AI 2641,AI,Air India,BLR,Bangalore,f,VT-TNC,Airbus A320 NEO,2,2026-10-09 18:30:00,2026-10-09 19:03:00,2026-10-09 20:35:00,,33,,late,18,,,,32.5,0.00,33.1,14020.0,dry and calm
5094,2026-10-09,BOM,AI 2996,AI,Air India,DEL,New Delhi,f,VT-NAC,Airbus A320 NEO,2,2026-10-09 18:30:00,2026-10-09 18:56:00,2026-10-09 20:36:00,,26,,on time,18,,,,32.5,0.00,33.1,14020.0,dry and calm
5095,2026-10-09,HYD,6E 7248,6E,IndiGo,RPR,Raipur,f,,ATR 72,,2026-10-09 18:30:00,,2026-10-09 20:20:00,,,,no actual time,18,,,,28.5,0.00,20.5,16660.0,dry and calm
5096,2026-10-09,BLR,6E 638,6E,IndiGo,HYD,Hyderabad,f,VT-ICT,Airbus A321 NEO,1,2026-10-09 18:35:00,2026-10-09 19:18:00,2026-10-09 19:45:00,2026-10-09 20:06:00,43,21,late,18,6E 314,HYD,2,26.4,0.00,15.8,24840.0,dry and calm
5097,2026-10-09,BOM,6E 5147,6E,IndiGo,NAG,Naqpur,f,VT-IRY,Airbus A320,1,2026-10-09 18:35:00,2026-10-09 18:49:00,2026-10-09 20:10:00,,14,,on time,18,,,,32.5,0.00,33.1,14020.0,dry and calm
5098,2026-10-09,BOM,6E 5273,6E,IndiGo,IDR,Indore,f,VT-IIO,Airbus A320 NEO,1,2026-10-09 18:35:00,2026-10-09 18:51:00,2026-10-09 20:00:00,,16,,on time,18,,,,32.5,0.00,33.1,14020.0,dry and calm
5099,2026-10-09,HYD,6E 186,6E,IndiGo,IXR,Ranchi,f,VT-IIA,Airbus A320 NEO,,2026-10-09 18:35:00,2026-10-09 19:20:00,2026-10-09 20:30:00,,45,,late,18,,,,28.5,0.00,20.5,16660.0,dry and calm
5100,2026-10-09,HYD,6E 7103,6E,IndiGo,IXE,Mangalore,f,VT-IYZ,ATR 72,,2026-10-09 18:35:00,,2026-10-09 20:20:00,,,,no actual time,18,,,,28.5,0.00,20.5,16660.0,dry and calm
5101,2026-10-09,BLR,IX 1543,IX,Air India Express,NAG,Naqpur,f,VT-BWT,Boeing 737 MAX 8,2,2026-10-09 18:40:00,2026-10-09 18:57:00,2026-10-09 20:30:00,,17,,on time,18,,,,26.4,0.00,15.8,24840.0,dry and calm
5102,2026-10-09,BLR,IX 5313,IX,Air India Express,CCJ,Calicut,f,VT-BXZ,Boeing 737 MAX 8,2,2026-10-09 18:40:00,2026-10-09 18:59:00,2026-10-09 19:40:00,,19,,on time,18,,,,26.4,0.00,15.8,24840.0,dry and calm
5103,2026-10-09,BOM,6E 2237,6E,IndiGo,AMD,Ahmedabad,f,VT-IBD,Airbus A320,2,2026-10-09 18:40:00,2026-10-09 19:14:00,2026-10-09 20:00:00,,34,,late,18,,,,32.5,0.00,33.1,14020.0,dry and calm
5104,2026-10-09,HYD,IX 2743,IX,Air India Express,VGA,Vidzhayavada,f,VT-BXQ,Boeing 737 MAX 8,,2026-10-09 18:40:00,2026-10-09 19:00:00,2026-10-09 19:45:00,,20,,on time,18,,,,28.5,0.00,20.5,16660.0,dry and calm
5105,2026-10-09,BLR,6E 1183,6E,IndiGo,CMB,Colombo,t,VT-IMS,Airbus A321 NEO,2,2026-10-09 18:45:00,2026-10-09 19:23:00,2026-10-09 20:15:00,,38,,late,18,,,,26.4,0.00,15.8,24840.0,dry and calm
5106,2026-10-09,BLR,IX 1581,IX,Air India Express,NMI,Mumbai,f,VT-BXR,Boeing 737,2,2026-10-09 18:45:00,2026-10-09 19:13:00,2026-10-09 20:25:00,,28,,on time,18,,,,26.4,0.00,15.8,24840.0,dry and calm
5107,2026-10-09,BOM,6E 825,6E,IndiGo,PAT,Patna,f,VT-IQO,Airbus A320 NEO,2,2026-10-09 18:45:00,2026-10-09 19:17:00,2026-10-09 21:25:00,,32,,late,18,,,,32.5,0.00,33.1,14020.0,dry and calm
5108,2026-10-09,BOM,QP 1837,QP,Akasa Air,LKO,Lucknow,f,,Boeing 737,2,2026-10-09 18:45:00,2026-10-09 19:00:00,2026-10-09 21:05:00,,15,,on time,18,,,,32.5,0.00,33.1,14020.0,dry and calm
5109,2026-10-09,HYD,6E 6783,6E,IndiGo,BLR,Bangalore,f,VT-IAQ,Airbus A320 NEO,,2026-10-09 18:45:00,,2026-10-09 20:05:00,,,,no actual time,18,,,,28.5,0.00,20.5,16660.0,dry and calm
5110,2026-10-09,BLR,6E 105,6E,IndiGo,PNQ,Pune,f,VT-IBU,Airbus A321 NEO,1,2026-10-09 18:50:00,2026-10-09 19:21:00,2026-10-09 20:15:00,2026-10-09 20:25:00,31,10,late,18,,,,26.4,0.00,15.8,24840.0,dry and calm
5111,2026-10-09,BLR,6E 6162,6E,IndiGo,IXE,Mangalore,f,VT-IXH,Airbus A320 NEO,1,2026-10-09 18:50:00,2026-10-09 19:20:00,2026-10-09 19:45:00,,30,,late,18,,,,26.4,0.00,15.8,24840.0,dry and calm
5112,2026-10-09,BOM,6E 5082,6E,IndiGo,HBX,Hubli,f,VT-IPQ,Airbus A320,1,2026-10-09 18:50:00,2026-10-09 18:05:00,2026-10-09 19:25:00,,-45,,on time,18,,,,32.5,0.00,33.1,14020.0,dry and calm
5113,2026-10-09,BOM,6E 6549,6E,IndiGo,IXE,Mangalore,f,VT-IPS,Airbus A320 NEO,2,2026-10-09 18:50:00,2026-10-09 19:34:00,2026-10-09 20:25:00,,44,,late,18,,,,32.5,0.00,33.1,14020.0,dry and calm
5114,2026-10-09,BLR,IX 1494,IX,Air India Express,JAI,Jaipur,f,,,2,2026-10-09 18:55:00,,,,,,no actual time,18,,,,26.4,0.00,15.8,24840.0,dry and calm
5115,2026-10-09,BLR,IX 1871,IX,Air India Express,CCU,Kolkata,f,,,2,2026-10-09 18:55:00,,,,,,no actual time,18,,,,26.4,0.00,15.8,24840.0,dry and calm
5116,2026-10-09,BLR,6E 969,6E,IndiGo,VTZ,Visakhapatnam,f,VT-IPN,Airbus A320 NEO,1,2026-10-09 19:00:00,,2026-10-09 20:40:00,2026-10-09 20:45:00,,5,no actual time,19,,,,25.1,0.00,12.6,21960.0,dry and calm
5117,2026-10-09,BLR,AI 2610,AI,Air India,BOM,Mumbai,f,VT-TQD,Airbus A320 NEO,2,2026-10-09 19:00:00,2026-10-09 19:16:00,2026-10-09 21:05:00,,16,,on time,19,,,,25.1,0.00,12.6,21960.0,dry and calm
5118,2026-10-09,BOM,6E 317,6E,IndiGo,DEL,New Delhi,f,VT-NHF,Airbus A320,2,2026-10-09 19:00:00,2026-10-09 19:10:00,2026-10-09 20:54:00,,10,,on time,19,,,,31.8,0.00,25.2,14020.0,dry and calm
5119,2026-10-09,BOM,QP 1120,QP,Akasa Air,DEL,New Delhi,f,,Boeing 737,2,2026-10-09 19:00:00,2026-10-09 19:24:00,2026-10-09 21:01:00,,24,,on time,19,,,,31.8,0.00,25.2,14020.0,dry and calm
5120,2026-10-09,HYD,6E 5039,6E,IndiGo,BOM,Mumbai,f,VT-NCF,Airbus A321 NEO,,2026-10-09 19:00:00,2026-10-09 19:22:00,2026-10-09 20:30:00,,22,,on time,19,6E 5228,BOM,-8,27.4,0.00,15.5,16600.0,dry and calm
5121,2026-10-09,HYD,6E 6486,6E,IndiGo,MAA,Chennai,f,VT-IBB,Airbus A321 NEO,,2026-10-09 19:00:00,2026-10-09 19:57:00,2026-10-09 20:20:00,,57,,late,19,,,,27.4,0.00,15.5,16600.0,dry and calm
5122,2026-10-09,BLR,6E 6283,6E,IndiGo,BOM,Mumbai,f,VT-NCZ,Airbus A321 NEO,1,2026-10-09 19:05:00,2026-10-09 19:11:00,2026-10-09 20:40:00,,6,,on time,19,6E 5071,BOM,-4,25.1,0.00,12.6,21960.0,dry and calm
5123,2026-10-09,HYD,6E 2185,6E,IndiGo,PAT,Patna,f,VT-ION,Airbus A320 NEO,,2026-10-09 19:05:00,2026-10-09 19:14:00,2026-10-09 21:00:00,,9,,on time,19,,,,27.4,0.00,15.5,16600.0,dry and calm
5124,2026-10-09,BLR,IX 1250,IX,Air India Express,HYD,Hyderabad,f,VT-BXT,Boeing 737 MAX 8,2,2026-10-09 19:10:00,2026-10-09 19:26:00,2026-10-09 20:20:00,2026-10-09 20:12:00,16,-8,on time,19,IX 1345,HYD,-11,25.1,0.00,12.6,21960.0,dry and calm
5125,2026-10-09,BOM,6E 5177,6E,IndiGo,GOX,Mopa,f,VT-IOI,Airbus A320 NEO,1,2026-10-09 19:10:00,2026-10-09 19:22:00,2026-10-09 20:25:00,,12,,on time,19,,,,31.8,0.00,25.2,14020.0,dry and calm
5126,2026-10-09,HYD,6E 6043,6E,IndiGo,DEL,New Delhi,f,VT-NCE,Airbus A321 NEO,,2026-10-09 19:10:00,2026-10-09 19:47:00,2026-10-09 21:30:00,,37,,late,19,,,,27.4,0.00,15.5,16600.0,dry and calm
5127,2026-10-09,HYD,6E 6565,6E,IndiGo,TIR,Tirumala - Tirupati,f,VT-IQJ,Airbus A320 NEO,,2026-10-09 19:10:00,2026-10-09 19:19:00,2026-10-09 20:20:00,,9,,on time,19,,,,27.4,0.00,15.5,16600.0,dry and calm
5128,2026-10-09,BLR,6E 6554,6E,IndiGo,GOI,Vasco da Gama,f,VT-IKK,Airbus A320,1,2026-10-09 19:15:00,,2026-10-09 20:25:00,,,,no actual time,19,,,,25.1,0.00,12.6,21960.0,dry and calm
5129,2026-10-09,BLR,IX 1541,IX,Air India Express,LKO,Lucknow,f,,,2,2026-10-09 19:15:00,,,,,,no actual time,19,,,,25.1,0.00,12.6,21960.0,dry and calm
5130,2026-10-09,BOM,6E 618,6E,IndiGo,BDQ,Vadodara,f,,Airbus A320,2,2026-10-09 19:15:00,2026-10-09 20:01:00,2026-10-09 20:20:00,,46,,late,19,,,,31.8,0.00,25.2,14020.0,dry and calm
5131,2026-10-09,HYD,6E 1235,6E,IndiGo,KWI,Kuwait City,t,VT-IBJ,Airbus A321 NEO,,2026-10-09 19:15:00,2026-10-09 19:42:00,2026-10-09 22:00:00,,27,,on time,19,,,,27.4,0.00,15.5,16600.0,dry and calm
5132,2026-10-09,HYD,6E 922,6E,IndiGo,BBI,Bhubaneswar,f,VT-ICD,Airbus A321 NEO,,2026-10-09 19:15:00,2026-10-09 20:08:00,2026-10-09 20:55:00,,53,,late,19,,,,27.4,0.00,15.5,16600.0,dry and calm
5133,2026-10-09,BLR,6E 7134,6E,IndiGo,VGA,Vijayawada,f,VT-IYS,ATR 72,1,2026-10-09 19:20:00,,2026-10-09 20:50:00,,,,no actual time,19,,,,25.1,0.00,12.6,21960.0,dry and calm
5134,2026-10-09,BOM,6E 1401,6E,IndiGo,AUH,Abu Dhabi,t,VT-ILP,Airbus A320,2,2026-10-09 19:20:00,2026-10-09 20:05:00,,,45,,late,19,,,,31.8,0.00,25.2,14020.0,dry and calm
5135,2026-10-09,BOM,6E 544,6E,IndiGo,LKO,Lucknow,f,VT-IQF,Airbus A320 NEO,2,2026-10-09 19:20:00,2026-10-09 21:33:00,2026-10-09 21:25:00,,133,,late,19,,,,31.8,0.00,25.2,14020.0,dry and calm
5136,2026-10-09,BOM,QP 1125,QP,Akasa Air,CCU,Kolkata,f,,Boeing 737,2,2026-10-09 19:20:00,2026-10-09 19:31:00,2026-10-09 22:20:00,,11,,on time,19,,,,31.8,0.00,25.2,14020.0,dry and calm
5137,2026-10-09,HYD,6E 7283,6E,IndiGo,VGA,Vidzhayavada,f,,ATR 72,,2026-10-09 19:20:00,,2026-10-09 20:25:00,,,,no actual time,19,,,,27.4,0.00,15.5,16600.0,dry and calm
5138,2026-10-09,HYD,IX 2983,IX,Air India Express,BLR,Bangalore,f,VT-BXV,Boeing 737 MAX 8,,2026-10-09 19:20:00,2026-10-09 19:39:00,2026-10-09 20:50:00,2026-10-09 20:29:00,19,-21,on time,19,IX 2506,BLR,-19,27.4,0.00,15.5,16600.0,dry and calm
5139,2026-10-09,BLR,6E 152,6E,IndiGo,CCJ,Calicut,f,VT-IIX,Airbus A320 NEO,1,2026-10-09 19:25:00,2026-10-09 19:34:00,2026-10-09 20:25:00,,9,,on time,19,,,,25.1,0.00,12.6,21960.0,dry and calm
5140,2026-10-09,BOM,6E 5105,6E,IndiGo,MAA,Chennai,f,,Airbus A320,1,2026-10-09 19:25:00,2026-10-09 19:54:00,2026-10-09 21:30:00,,29,,on time,19,,,,31.8,0.00,25.2,14020.0,dry and calm
5141,2026-10-09,BOM,AI 2505,AI,Air India,GOI,Vasco da Gama,f,VT-RTZ,Airbus A320 NEO,2,2026-10-09 19:25:00,2026-10-09 19:40:00,2026-10-09 20:50:00,,15,,on time,19,,,,31.8,0.00,25.2,14020.0,dry and calm
5142,2026-10-09,HYD,AI 2520,AI,Air India,DEL,New Delhi,f,VT-JRB,Airbus A350-900,,2026-10-09 19:25:00,2026-10-09 19:53:00,2026-10-09 21:41:00,,28,,on time,19,,,,27.4,0.00,15.5,16600.0,dry and calm
5143,2026-10-09,BLR,6E 6585,6E,IndiGo,IXM,Madurai,f,VT-ITS,Airbus A321 (Sharklets),1,2026-10-09 19:30:00,2026-10-09 19:45:00,2026-10-09 20:55:00,,15,,on time,19,,,,25.1,0.00,12.6,21960.0,dry and calm
5144,2026-10-09,BLR,6E 870,6E,IndiGo,DEL,New Delhi,f,VT-NCK,Airbus A321 NEO,1,2026-10-09 19:30:00,2026-10-09 20:03:00,2026-10-09 22:22:00,,33,,late,19,,,,25.1,0.00,12.6,21960.0,dry and calm
5145,2026-10-09,BOM,AI 2408,AI,Air India,DEL,New Delhi,f,VT-CID,Airbus A320 NEO,2,2026-10-09 19:30:00,2026-10-09 20:14:00,2026-10-09 21:57:00,,44,,late,19,,,,31.8,0.00,25.2,14020.0,dry and calm
5146,2026-10-09,BOM,EK 503,EK,Emirates,DXB,Dubai,t,A6-JHB,Airbus A350-900,2,2026-10-09 19:30:00,2026-10-09 19:51:00,2026-10-09 21:00:00,2026-10-09 20:44:00,21,-16,on time,19,,,,31.8,0.00,25.2,14020.0,dry and calm
5147,2026-10-09,BOM,NH 830,NH,ANA,NRT,Tokyo,t,JA922A,Boeing 787-9,2,2026-10-09 19:30:00,2026-10-09 19:48:00,2026-10-10 07:50:00,2026-10-10 06:58:00,18,-52,on time,19,,,,31.8,0.00,25.2,14020.0,dry and calm
5148,2026-10-09,HYD,6E 6638,6E,IndiGo,JAI,Jaipur,f,VT-IIY,Airbus A320 NEO,,2026-10-09 19:30:00,2026-10-09 19:45:00,2026-10-09 21:25:00,,15,,on time,19,,,,27.4,0.00,15.5,16600.0,dry and calm
5149,2026-10-09,BLR,6E 7165,6E,IndiGo,TRZ,Tiruchirappally,f,VT-IYG,ATR 72,1,2026-10-09 19:35:00,,2026-10-09 20:50:00,,,,no actual time,19,,,,25.1,0.00,12.6,21960.0,dry and calm
5150,2026-10-09,BOM,6E 5028,6E,IndiGo,ATQ,Amritsar,f,VT-ISU,Airbus A320 NEO,1,2026-10-09 19:35:00,2026-10-09 19:45:00,2026-10-09 22:00:00,,10,,on time,19,,,,31.8,0.00,25.2,14020.0,dry and calm
5151,2026-10-09,BOM,AI 2875,AI,Air India,HYD,Hyderabad,f,VT-TNR,Airbus A320 NEO,2,2026-10-09 19:35:00,2026-10-09 19:58:00,2026-10-09 21:05:00,2026-10-09 21:00:00,23,-5,on time,19,AI 2852,BLR,,31.8,0.00,25.2,14020.0,dry and calm
5152,2026-10-09,BLR,AI 2665,AI,Air India,DEL,New Delhi,f,VT-TQV,Airbus A320 NEO,2,2026-10-09 19:40:00,,2026-10-09 23:30:00,,,,no actual time,19,,,,25.1,0.00,12.6,21960.0,dry and calm
5153,2026-10-09,BLR,IX 1168,IX,Air India Express,MAA,Chennai,f,VT-BWP,Boeing 737 MAX 8,2,2026-10-09 19:40:00,2026-10-09 20:05:00,,,25,,on time,19,,,,25.1,0.00,12.6,21960.0,dry and calm
5154,2026-10-09,BOM,6E 5326,6E,IndiGo,HYD,Hyderabad,f,VT-NCH,Airbus A320,1,2026-10-09 19:40:00,2026-10-09 20:06:00,2026-10-09 21:20:00,2026-10-09 21:08:00,26,-12,on time,19,6E 5259,HYD,,31.8,0.00,25.2,14020.0,dry and calm
5155,2026-10-09,BOM,QP 1133,QP,Akasa Air,BLR,Bangalore,f,,Boeing 737,2,2026-10-09 19:40:00,2026-10-09 20:18:00,,,38,,late,19,,,,31.8,0.00,25.2,14020.0,dry and calm
5156,2026-10-09,BOM,QP 1195,QP,Akasa Air,AMD,Ahmedabad,f,,Boeing 737,2,2026-10-09 19:40:00,2026-10-09 19:57:00,2026-10-09 20:55:00,,17,,on time,19,,,,31.8,0.00,25.2,14020.0,dry and calm
5157,2026-10-09,HYD,6E 6252,6E,IndiGo,IXC,Chandigarh,f,VT-ISY,Airbus A320 NEO,,2026-10-09 19:40:00,2026-10-09 20:10:00,2026-10-09 22:15:00,,30,,late,19,,,,27.4,0.00,15.5,16600.0,dry and calm
5158,2026-10-09,HYD,6E 984,6E,IndiGo,GOI,Vasco da Gama,f,VT-IQS,Airbus A320 NEO,,2026-10-09 19:40:00,2026-10-09 20:25:00,2026-10-09 20:55:00,,45,,late,19,,,,27.4,0.00,15.5,16600.0,dry and calm
5159,2026-10-09,BLR,6E 855,6E,IndiGo,HYD,Hyderabad,f,VT-IKP,Airbus A320,1,2026-10-09 19:45:00,2026-10-09 20:16:00,2026-10-09 21:00:00,2026-10-09 21:05:00,31,5,late,19,,,,25.1,0.00,12.6,21960.0,dry and calm
5160,2026-10-09,BOM,6E 6049,6E,IndiGo,DEL,New Delhi,f,,Airbus A320,2,2026-10-09 19:45:00,2026-10-09 20:30:00,2026-10-09 22:12:00,,45,,late,19,,,,31.8,0.00,25.2,14020.0,dry and calm
5161,2026-10-09,BOM,AI 2865,AI,Air India,BLR,Bangalore,f,VT-TVE,Airbus A320 NEO,2,2026-10-09 19:45:00,2026-10-09 21:18:00,2026-10-09 21:50:00,,93,,late,19,,,,31.8,0.00,25.2,14020.0,dry and calm
5162,2026-10-09,BLR,IX 2924,IX,Air India Express,IXE,Mangalore,f,VT-BXP,Boeing 737 MAX 8,2,2026-10-09 19:50:00,2026-10-09 20:00:00,2026-10-09 21:00:00,,10,,on time,19,,,,25.1,0.00,12.6,21960.0,dry and calm
5163,2026-10-09,BLR,QP 1262,QP,Akasa Air,CCU,Kolkata,f,VT-YAA,Boeing 737 MAX 8,1,2026-10-09 19:50:00,,2026-10-09 22:25:00,,,,no actual time,19,,,,25.1,0.00,12.6,21960.0,dry and calm
5164,2026-10-09,BOM,6E 5032,6E,IndiGo,BLR,Bangalore,f,VT-NOA,Airbus A320,1,2026-10-09 19:50:00,2026-10-09 20:38:00,2026-10-09 21:45:00,2026-10-09 21:56:00,48,11,late,19,6E 5255,BLR,,31.8,0.00,25.2,14020.0,dry and calm
5165,2026-10-09,BOM,6E 6287,6E,IndiGo,CCU,Kolkata,f,VT-NOB,Airbus A320,2,2026-10-09 19:50:00,2026-10-09 21:14:00,2026-10-09 22:45:00,2026-10-09 23:22:00,84,37,late,19,,,,31.8,0.00,25.2,14020.0,dry and calm
5166,2026-10-09,HYD,6E 7146,6E,IndiGo,RJA,Rajahmundry,f,,ATR 72,,2026-10-09 19:50:00,,2026-10-09 21:05:00,,,,no actual time,19,,,,27.4,0.00,15.5,16600.0,dry and calm
5167,2026-10-09,BLR,6E 6875,6E,IndiGo,CJB,Coimbatore,f,VT-IPX,Airbus A320 NEO,1,2026-10-09 19:55:00,2026-10-09 20:15:00,2026-10-09 20:55:00,,20,,on time,19,,,,25.1,0.00,12.6,21960.0,dry and calm
5168,2026-10-09,BLR,IX 921,IX,Air India Express,DXB,Dubai,t,,Boeing 737,2,2026-10-09 19:55:00,,,,,,no actual time,19,,,,25.1,0.00,12.6,21960.0,dry and calm
5169,2026-10-09,BOM,AI 2583,AI,Air India,NAG,Naqpur,f,,Airbus A320 NEO,2,2026-10-09 19:55:00,2026-10-09 20:46:00,2026-10-09 21:35:00,,51,,late,19,,,,31.8,0.00,25.2,14020.0,dry and calm
5170,2026-10-09,BOM,IX 1795,IX,Air India Express,CJB,Coimbatore,f,,Airbus A320 NEO,2,2026-10-09 19:55:00,2026-10-09 20:12:00,2026-10-09 21:45:00,,17,,on time,19,,,,31.8,0.00,25.2,14020.0,dry and calm
5171,2026-10-09,BLR,6E 6423,6E,IndiGo,AMD,Ahmedabad,f,VT-IIK,Airbus A320 NEO,1,2026-10-09 20:00:00,2026-10-09 20:13:00,2026-10-09 22:10:00,,13,,on time,20,,,,24.1,0.00,10.4,21840.0,dry and calm
5172,2026-10-09,BLR,AI 2818,AI,Air India,DEL,New Delhi,f,VT-TNU,Airbus A321 (Sharklets),2,2026-10-09 20:00:00,2026-10-09 21:04:00,2026-10-09 22:58:00,,64,,late,20,,,,24.1,0.00,10.4,21840.0,dry and calm
5173,2026-10-09,BLR,QP 1317,QP,Akasa Air,PNQ,Pune,f,VT-YAI,Boeing 737 MAX 8,1,2026-10-09 20:00:00,,2026-10-09 21:35:00,,,,no actual time,20,,,,24.1,0.00,10.4,21840.0,dry and calm
5174,2026-10-09,BLR,QP 2008,QP,Akasa Air,NMI,Mumbai,f,,Boeing 737,1,2026-10-09 20:00:00,,2026-10-09 21:50:00,,,,no actual time,20,,,,24.1,0.00,10.4,21840.0,dry and calm
5175,2026-10-09,BOM,6E 5107,6E,IndiGo,AMD,Ahmedabad,f,,Airbus A320 NEO,1,2026-10-09 20:00:00,2026-10-09 20:22:00,2026-10-09 21:20:00,,22,,on time,20,,,,31.3,0.00,24.8,14000.0,dry and calm
5176,2026-10-09,BOM,AI 2289,AI,Air India,DOH,Doha,t,VT-RTS,Airbus A320 NEO,2,2026-10-09 20:00:00,2026-10-09 20:09:00,2026-10-09 21:15:00,2026-10-09 20:37:00,9,-38,on time,20,,,,31.3,0.00,24.8,14000.0,dry and calm
5177,2026-10-09,BOM,AI 2940,AI,Air India,DEL,New Delhi,f,,Airbus A320 NEO,2,2026-10-09 20:00:00,2026-10-09 20:24:00,2026-10-09 22:05:00,,24,,on time,20,,,,31.3,0.00,24.8,14000.0,dry and calm
5178,2026-10-09,HYD,6E 285,6E,IndiGo,BLR,Bangalore,f,VT-IQC,Airbus A320 NEO,,2026-10-09 20:00:00,2026-10-09 20:20:00,2026-10-09 21:20:00,2026-10-09 21:03:00,20,-17,on time,20,,,,26.4,0.00,12.2,14460.0,dry and calm
5179,2026-10-09,BLR,QP 1743,QP,Akasa Air,CCJ,Calicut,f,VT-YAX,Boeing 737 MAX 8,1,2026-10-09 20:10:00,,2026-10-09 21:15:00,,,,no actual time,20,,,,24.1,0.00,10.4,21840.0,dry and calm
5180,2026-10-09,BOM,IX 1219,IX,Air India Express,JAI,Jaipur,f,VT-RTQ,Airbus A320,2,2026-10-09 20:10:00,2026-10-09 20:18:00,2026-10-09 22:00:00,,8,,on time,20,,,,31.3,0.00,24.8,14000.0,dry and calm
5181,2026-10-09,BLR,6E 5376,6E,IndiGo,BOM,Mumbai,f,VT-NOO,Airbus A321 NEO,1,2026-10-09 20:15:00,2026-10-09 20:34:00,2026-10-09 22:00:00,,19,,on time,20,6E 5221,BOM,-34,24.1,0.00,10.4,21840.0,dry and calm
5182,2026-10-09,BLR,6E 6120,6E,IndiGo,PAT,Patna,f,VT-IOQ,Airbus A320 NEO,1,2026-10-09 20:15:00,2026-10-09 20:25:00,2026-10-09 22:50:00,,10,,on time,20,,,,24.1,0.00,10.4,21840.0,dry and calm
5183,2026-10-09,BOM,6E 5233,6E,IndiGo,IXC,Chandigarh,f,VT-IWR,Airbus A320,1,2026-10-09 20:15:00,2026-10-09 20:28:00,2026-10-09 22:45:00,,13,,on time,20,,,,31.3,0.00,24.8,14000.0,dry and calm
5184,2026-10-09,BLR,6E 6077,6E,IndiGo,MAA,Chennai,f,VT-ILG,Airbus A321 NEO,1,2026-10-09 20:20:00,2026-10-09 20:51:00,2026-10-09 21:25:00,,31,,late,20,,,,24.1,0.00,10.4,21840.0,dry and calm
5185,2026-10-09,BLR,6E 975,6E,IndiGo,CCU,Kolkata,f,VT-IMY,Airbus A321 NEO,1,2026-10-09 20:20:00,2026-10-09 20:54:00,2026-10-09 23:00:00,2026-10-09 22:51:00,34,-9,late,20,,,,24.1,0.00,10.4,21840.0,dry and calm
5186,2026-10-09,BOM,6E 330,6E,IndiGo,DEL,New Delhi,f,VT-NOH,Airbus A320,2,2026-10-09 20:20:00,2026-10-09 21:01:00,2026-10-09 22:47:00,,41,,late,20,,,,31.3,0.00,24.8,14000.0,dry and calm
5187,2026-10-09,BOM,6E 5164,6E,IndiGo,IDR,Indore,f,VT-IQM,Airbus A320,1,2026-10-09 20:20:00,2026-10-09 20:22:00,2026-10-09 21:30:00,,2,,on time,20,,,,31.3,0.00,24.8,14000.0,dry and calm
5188,2026-10-09,BOM,IX 1801,IX,Air India Express,COK,Kochi,f,VT-BWR,Boeing 737,2,2026-10-09 20:20:00,2026-10-09 20:37:00,2026-10-09 22:20:00,,17,,on time,20,,,,31.3,0.00,24.8,14000.0,dry and calm
5189,2026-10-09,HYD,6E 426,6E,IndiGo,PNQ,Pune,f,VT-NHJ,Airbus A321 NEO,,2026-10-09 20:20:00,2026-10-09 20:39:00,2026-10-09 21:30:00,2026-10-09 21:23:00,19,-7,on time,20,,,,26.4,0.00,12.2,14460.0,dry and calm
5190,2026-10-09,BLR,6E 435,6E,IndiGo,COK,Kochi,f,VT-IPZ,Airbus A320 NEO,1,2026-10-09 20:25:00,2026-10-09 20:56:00,2026-10-09 21:30:00,,31,,late,20,,,,24.1,0.00,10.4,21840.0,dry and calm
5191,2026-10-09,HYD,6E 1407,6E,IndiGo,AUH,Abu Dhabi,t,VT-IMG,Airbus A321 NEO,,2026-10-09 20:25:00,2026-10-09 20:45:00,,,20,,on time,20,,,,26.4,0.00,12.2,14460.0,dry and calm
5192,2026-10-09,HYD,6E 621,6E,IndiGo,IDR,Indore,f,VT-ICT,Airbus A321 NEO,,2026-10-09 20:25:00,2026-10-09 21:10:00,2026-10-09 21:50:00,,45,,late,20,6E 638,BLR,21,26.4,0.00,12.2,14460.0,dry and calm
5193,2026-10-09,BLR,6E 6385,6E,IndiGo,IXC,Chandigarh,f,VT-IBC,Airbus A321 NEO,1,2026-10-09 20:30:00,2026-10-09 20:52:00,2026-10-09 23:40:00,,22,,on time,20,,,,24.1,0.00,10.4,21840.0,dry and calm
5194,2026-10-09,BLR,AI 2850,AI,Air India,BOM,Mumbai,f,VT-TQX,Airbus A320 NEO,2,2026-10-09 20:30:00,2026-10-09 20:39:00,2026-10-09 22:40:00,,9,,on time,20,AI 2849,BOM,-25,24.1,0.00,10.4,21840.0,dry and calm
5195,2026-10-09,BOM,AI 2827,AI,Air India,MAA,Chennai,f,,Airbus A320 NEO,2,2026-10-09 20:30:00,2026-10-09 22:05:00,2026-10-09 22:35:00,,95,,late,20,,,,31.3,0.00,24.8,14000.0,dry and calm
5196,2026-10-09,BOM,AI 2988,AI,Air India,DEL,New Delhi,f,,Airbus A320 NEO,2,2026-10-09 20:30:00,2026-10-09 20:54:00,2026-10-09 22:33:00,,24,,on time,20,,,,31.3,0.00,24.8,14000.0,dry and calm
5197,2026-10-09,HYD,6E 1421,6E,IndiGo,SHJ,Sharjah,t,VT-ISW,Airbus A320 NEO,,2026-10-09 20:30:00,2026-10-09 20:42:00,2026-10-09 22:40:00,2026-10-09 22:36:00,12,-4,on time,20,,,,26.4,0.00,12.2,14460.0,dry and calm
5198,2026-10-09,BLR,IX 2015,IX,Air India Express,AMD,Ahmedabad,f,,,2,2026-10-09 20:35:00,,,,,,no actual time,20,,,,24.1,0.00,10.4,21840.0,dry and calm
5199,2026-10-09,BLR,IX 935,IX,Air India Express,DOH,Doha,t,VT-ATH,Airbus A320 NEO,2,2026-10-09 20:35:00,,2026-10-09 22:25:00,2026-10-09 22:15:00,,-10,no actual time,20,,,,24.1,0.00,10.4,21840.0,dry and calm
5200,2026-10-09,BOM,QP 1103,QP,Akasa Air,AMD,Ahmedabad,f,,Boeing 737,2,2026-10-09 20:35:00,2026-10-09 21:03:00,2026-10-09 21:50:00,,28,,on time,20,,,,31.3,0.00,24.8,14000.0,dry and calm
5201,2026-10-09,HYD,AI 2876,AI,Air India,BOM,Mumbai,f,VT-TQJ,Airbus A320 NEO,,2026-10-09 20:35:00,2026-10-09 20:48:00,2026-10-09 22:30:00,,13,,on time,20,AI 2619,BOM,-10,26.4,0.00,12.2,14460.0,dry and calm
5202,2026-10-09,BLR,OG 151,OG,Ghodawat Enterprises,HYD,Hyderabad,f,VT-GSM,Embraer 175,,2026-10-09 20:37:00,2026-10-09 21:46:00,2026-10-09 21:27:00,2026-10-10 09:18:00,69,711,late,20,,,,24.1,0.00,10.4,21840.0,dry and calm
5203,2026-10-09,BLR,6E 441,6E,IndiGo,PNQ,Pune,f,VT-IAQ,Airbus A320 (Sharklets),1,2026-10-09 20:40:00,2026-10-09 21:08:00,2026-10-09 22:05:00,2026-10-09 22:14:00,28,9,on time,20,6E 6783,HYD,,24.1,0.00,10.4,21840.0,dry and calm
5204,2026-10-09,BLR,6E 817,6E,IndiGo,DEL,New Delhi,f,VT-IWV,Airbus A321 NEO,1,2026-10-09 20:40:00,2026-10-09 21:15:00,2026-10-09 23:44:00,,35,,late,20,,,,24.1,0.00,10.4,21840.0,dry and calm
5205,2026-10-09,BOM,6E 5182,6E,IndiGo,BBI,Bhubaneswar,f,VT-IOF,Airbus A320,1,2026-10-09 20:40:00,2026-10-09 20:49:00,2026-10-09 23:00:00,,9,,on time,20,,,,31.3,0.00,24.8,14000.0,dry and calm
5206,2026-10-09,BOM,UL 144,UL,SriLankan,CMB,Colombo,t,4R-ABT,Airbus A321,2,2026-10-09 20:40:00,2026-10-09 21:09:00,2026-10-09 23:10:00,,29,,on time,20,,,,31.3,0.00,24.8,14000.0,dry and calm
5207,2026-10-09,BLR,6E 6086,6E,IndiGo,BBI,Bhubaneswar,f,VT-IXN,Airbus A320 NEO,1,2026-10-09 20:45:00,2026-10-09 21:11:00,2026-10-09 22:50:00,,26,,on time,20,,,,24.1,0.00,10.4,21840.0,dry and calm
5208,2026-10-09,BOM,6E 5145,6E,IndiGo,LKO,Lucknow,f,VT-IMX,Airbus A320,1,2026-10-09 20:45:00,2026-10-09 21:07:00,2026-10-09 23:05:00,,22,,on time,20,,,,31.3,0.00,24.8,14000.0,dry and calm
5209,2026-10-09,BOM,AI 2401,AI,Air India,BLR,Bangalore,f,VT-TVE,Airbus A320 NEO,2,2026-10-09 20:45:00,2026-10-09 21:18:00,2026-10-09 22:45:00,2026-10-09 22:35:00,33,-10,late,20,,,,31.3,0.00,24.8,14000.0,dry and calm
5210,2026-10-09,BOM,IX 1163,IX,Air India Express,GOX,Mopa,f,VT-BWX,Boeing 737,2,2026-10-09 20:45:00,2026-10-09 21:06:00,2026-10-09 22:00:00,,21,,on time,20,,,,31.3,0.00,24.8,14000.0,dry and calm
5211,2026-10-09,BLR,6E 6743,6E,IndiGo,IDR,Indore,f,VT-IIZ,Airbus A320 NEO,1,2026-10-09 20:50:00,2026-10-09 21:06:00,2026-10-09 22:45:00,,16,,on time,20,,,,24.1,0.00,10.4,21840.0,dry and calm
5212,2026-10-09,BLR,9I 547,9I,Alliance Air,GOI,Vasco da Gama,f,VT-RKC,ATR 72,2,2026-10-09 20:50:00,,2026-10-09 22:25:00,,,,no actual time,20,,,,24.1,0.00,10.4,21840.0,dry and calm
5213,2026-10-09,BOM,6E 1201,6E,IndiGo,BAH,Manama,t,VT-ICR,Airbus A320,2,2026-10-09 20:50:00,2026-10-09 21:44:00,2026-10-09 21:55:00,,54,,late,20,,,,31.3,0.00,24.8,14000.0,dry and calm
5214,2026-10-09,BLR,IX 1360,IX,Air India Express,NMI,Mumbai,f,VT-BWJ,Boeing 737 MAX 8,2,2026-10-09 20:55:00,,2026-10-09 22:40:00,,,,no actual time,20,,,,24.1,0.00,10.4,21840.0,dry and calm
5215,2026-10-09,BOM,QP 1254,QP,Akasa Air,CCU,Kolkata,f,,Boeing 737,2,2026-10-09 20:55:00,2026-10-09 21:36:00,2026-10-09 23:30:00,,41,,late,20,,,,31.3,0.00,24.8,14000.0,dry and calm
5216,2026-10-09,BLR,EK 567,EK,Emirates,DXB,Dubai,t,A6-ENG,Boeing 777-300,2,2026-10-09 21:00:00,2026-10-09 21:24:00,2026-10-09 23:20:00,2026-10-09 23:15:00,24,-5,on time,21,,,,23.2,0.00,9.4,19880.0,dry and calm
5217,2026-10-09,BLR,IX 2116,IX,Air India Express,COK,Kochi,f,VT-AXN,Boeing 737-800,2,2026-10-09 21:00:00,2026-10-09 21:27:00,2026-10-09 22:05:00,,27,,on time,21,,,,23.2,0.00,9.4,19880.0,dry and calm
5218,2026-10-09,BOM,6E 5291,6E,IndiGo,MAA,Chennai,f,VT-NOX,Airbus A320,1,2026-10-09 21:00:00,2026-10-09 21:25:00,2026-10-09 23:05:00,,25,,on time,21,,,,31.1,0.00,23.8,14000.0,dry and calm
5219,2026-10-09,BOM,AI 816,AI,Air India,DEL,New Delhi,f,VT-TNY,Boeing 777-300ER,2,2026-10-09 21:00:00,2026-10-09 21:22:00,2026-10-09 23:00:00,,22,,on time,21,AI 2447,HYD,,31.1,0.00,23.8,14000.0,dry and calm
5220,2026-10-09,HYD,6E 890,6E,IndiGo,DEL,New Delhi,f,VT-NHE,Airbus A321 NEO,,2026-10-09 21:00:00,2026-10-09 21:45:00,2026-10-09 23:37:00,,45,,late,21,,,,25.5,0.00,9.7,14400.0,dry and calm
5221,2026-10-09,BLR,IX 1089,IX,Air India Express,IXC,Chandigarh,f,VT-BXK,Boeing 737 MAX 8,2,2026-10-09 21:05:00,2026-10-09 21:29:00,2026-10-10 00:15:00,,24,,on time,21,,,,23.2,0.00,9.4,19880.0,dry and calm
5222,2026-10-09,HYD,6E 2084,6E,IndiGo,NMI,Mumbai,f,VT-IOT,Airbus A320 NEO,,2026-10-09 21:05:00,2026-10-09 21:26:00,2026-10-09 22:35:00,,21,,on time,21,,,,25.5,0.00,9.7,14400.0,dry and calm
5223,2026-10-09,HYD,IX 1378,IX,Air India Express,BLR,Bangalore,f,VT-BWD,Boeing 737 MAX 8,,2026-10-09 21:05:00,2026-10-09 21:20:00,2026-10-09 22:30:00,2026-10-09 22:09:00,15,-21,on time,21,,,,25.5,0.00,9.7,14400.0,dry and calm
5224,2026-10-09,BLR,6E 1301,6E,IndiGo,DOH,Doha,t,VT-ILU,Airbus A321 NEO,2,2026-10-09 21:10:00,2026-10-09 21:32:00,2026-10-09 23:00:00,2026-10-09 23:08:00,22,8,on time,21,,,,23.2,0.00,9.4,19880.0,dry and calm
5225,2026-10-09,BLR,6E 163,6E,IndiGo,NMI,Mumbai,f,,,1,2026-10-09 21:10:00,,,,,,no actual time,21,,,,23.2,0.00,9.4,19880.0,dry and calm
5226,2026-10-09,BLR,6E 578,6E,IndiGo,IXE,Mangalore,f,,,1,2026-10-09 21:10:00,,,,,,no actual time,21,,,,23.2,0.00,9.4,19880.0,dry and calm
5227,2026-10-09,BLR,QP 1264,QP,Akasa Air,CCU,Kolkata,f,VT-YAV,Boeing 737 MAX 8,1,2026-10-09 21:10:00,,2026-10-09 23:35:00,,,,no actual time,21,,,,23.2,0.00,9.4,19880.0,dry and calm
5228,2026-10-09,BOM,6E 1491,6E,IndiGo,RKT,Ras Al Khaimah,t,VT-IOV,Airbus A320 NEO,2,2026-10-09 21:10:00,2026-10-09 21:36:00,2026-10-09 22:40:00,,26,,on time,21,,,,31.1,0.00,23.8,14000.0,dry and calm
5229,2026-10-09,BOM,6E 5056,6E,IndiGo,HYD,Hyderabad,f,VT-NCF,Airbus A320,1,2026-10-09 21:10:00,2026-10-09 21:42:00,2026-10-09 22:45:00,2026-10-09 22:45:00,32,0,late,21,6E 5039,HYD,,31.1,0.00,23.8,14000.0,dry and calm
5230,2026-10-09,BOM,AI 2643,AI,Air India,CCU,Kolkata,f,VT-CIO,Airbus A320 NEO,2,2026-10-09 21:10:00,2026-10-09 21:31:00,2026-10-10 00:10:00,2026-10-10 00:10:00,21,0,on time,21,,,,31.1,0.00,23.8,14000.0,dry and calm
5231,2026-10-09,BOM,IX 261,IX,Air India Express,AUH,Abu Dhabi,t,VT-ATJ,Airbus A320,2,2026-10-09 21:10:00,2026-10-09 21:26:00,,,16,,on time,21,,,,31.1,0.00,23.8,14000.0,dry and calm
5232,2026-10-09,HYD,6E 6174,6E,IndiGo,MAA,Chennai,f,VT-IMK,Airbus A321 NEO,,2026-10-09 21:10:00,2026-10-09 21:38:00,2026-10-09 22:40:00,,28,,on time,21,,,,25.5,0.00,9.7,14400.0,dry and calm
5233,2026-10-09,BLR,6E 1247,6E,IndiGo,SIN,Singapore,t,VT-NCA,Airbus A321 NEO,2,2026-10-09 21:15:00,2026-10-09 21:49:00,2026-10-10 04:40:00,2026-10-10 04:35:00,34,-5,late,21,,,,23.2,0.00,9.4,19880.0,dry and calm
5234,2026-10-09,BLR,QP 2002,QP,Akasa Air,NMI,Mumbai,f,,Boeing 737,1,2026-10-09 21:15:00,,2026-10-09 23:00:00,,,,no actual time,21,,,,23.2,0.00,9.4,19880.0,dry and calm
5235,2026-10-09,BOM,6E 102,6E,IndiGo,DEL,New Delhi,f,,Airbus A320,2,2026-10-09 21:15:00,2026-10-09 21:52:00,2026-10-09 23:34:00,,37,,late,21,,,,31.1,0.00,23.8,14000.0,dry and calm
5236,2026-10-09,BOM,AI 413,AI,Air India,JAI,Jaipur,f,,Airbus A319,2,2026-10-09 21:15:00,2026-10-09 21:55:00,2026-10-09 23:10:00,,40,,late,21,,,,31.1,0.00,23.8,14000.0,dry and calm
5237,2026-10-09,HYD,6E 216,6E,IndiGo,AMD,Ahmedabad,f,VT-ISX,Airbus A320 NEO,,2026-10-09 21:15:00,2026-10-09 21:32:00,2026-10-09 23:00:00,,17,,on time,21,,,,25.5,0.00,9.7,14400.0,dry and calm
5238,2026-10-09,HYD,6E 944,6E,IndiGo,CCU,Kolkata,f,VT-ICX,Airbus A321 NEO,,2026-10-09 21:15:00,2026-10-09 21:34:00,2026-10-09 23:25:00,2026-10-09 23:04:00,19,-21,on time,21,,,,25.5,0.00,9.7,14400.0,dry and calm
5239,2026-10-09,BLR,IX 1367,IX,Air India Express,TRV,Trivandrum,f,VT-GHD,Boeing 737-800,2,2026-10-09 21:20:00,,2026-10-09 22:45:00,2026-10-09 22:35:00,,-10,no actual time,21,,,,23.2,0.00,9.4,19880.0,dry and calm
5240,2026-10-09,BLR,S5 171,S5,Star Air,HYD,Hyderabad,f,VT-GSU,Embraer 175,2,2026-10-09 21:20:00,,,,,,no actual time,21,,,,23.2,0.00,9.4,19880.0,dry and calm
5241,2026-10-09,BLR,UL 172,UL,SriLankan,CMB,Colombo,t,4R-ABM,Airbus A320,2,2026-10-09 21:20:00,2026-10-09 21:44:00,2026-10-09 22:45:00,,24,,on time,21,,,,23.2,0.00,9.4,19880.0,dry and calm
5242,2026-10-09,HYD,6E 1027,6E,IndiGo,SIN,Singapore,t,VT-IXJ,Airbus A320 NEO,,2026-10-09 21:20:00,2026-10-09 21:52:00,2026-10-10 04:55:00,2026-10-10 04:52:00,32,-3,late,21,,,,25.5,0.00,9.7,14400.0,dry and calm
5243,2026-10-09,HYD,EY 359,EY,Etihad,AUH,Abu Dhabi,t,A6-BLE,Boeing 787-9,,2026-10-09 21:20:00,2026-10-09 21:49:00,,,29,,on time,21,,,,25.5,0.00,9.7,14400.0,dry and calm
5244,2026-10-09,BLR,6E 6784,6E,IndiGo,HYD,Hyderabad,f,VT-IPD,Airbus A320 NEO,1,2026-10-09 21:25:00,2026-10-09 21:34:00,2026-10-09 22:40:00,2026-10-09 22:17:00,9,-23,on time,21,,,,23.2,0.00,9.4,19880.0,dry and calm
5245,2026-10-09,BOM,AI 2869,AI,Air India,HYD,Hyderabad,f,,Airbus A320 NEO,2,2026-10-09 21:25:00,2026-10-09 21:47:00,2026-10-09 23:05:00,,22,,on time,21,,,,31.1,0.00,23.8,14000.0,dry and calm
5246,2026-10-09,BLR,6E 6526,6E,IndiGo,GOX,Mopa,f,VT-ITR,Airbus A320 (Sharklets),1,2026-10-09 21:30:00,2026-10-09 21:52:00,2026-10-09 22:45:00,,22,,on time,21,,,,23.2,0.00,9.4,19880.0,dry and calm
5247,2026-10-09,BLR,AI 2642,AI,Air India,BOM,Mumbai,f,VT-TNC,Airbus A320 NEO,2,2026-10-09 21:30:00,,2026-10-09 23:35:00,,,,no actual time,21,AI 2641,BOM,,23.2,0.00,9.4,19880.0,dry and calm
5248,2026-10-09,BOM,6E 61,6E,IndiGo,JED,Jeddah,t,VT-ICZ,Airbus A320,2,2026-10-09 21:30:00,2026-10-09 21:50:00,2026-10-10 00:05:00,,20,,on time,21,,,,31.1,0.00,23.8,14000.0,dry and calm
5249,2026-10-09,BOM,6E 6188,6E,IndiGo,BLR,Bangalore,f,VT-NCZ,Airbus A320,2,2026-10-09 21:30:00,2026-10-09 22:15:00,2026-10-09 23:25:00,2026-10-09 23:24:00,45,-1,late,21,6E 6283,BLR,,31.1,0.00,23.8,14000.0,dry and calm
5250,2026-10-09,BOM,AI 1895,AI,Air India,DEL,New Delhi,f,VT-AEO,Airbus A320 NEO,2,2026-10-09 21:30:00,2026-10-09 21:58:00,2026-10-09 23:42:00,,28,,on time,21,,,,31.1,0.00,23.8,14000.0,dry and calm
5251,2026-10-09,HYD,AI 2870,AI,Air India,DEL,New Delhi,f,VT-RTT,Airbus A320 NEO,,2026-10-09 21:30:00,2026-10-09 22:45:00,,,75,,late,21,,,,25.5,0.00,9.7,14400.0,dry and calm
5252,2026-10-09,BLR,6E 486,6E,IndiGo,NAG,Naqpur,f,,,1,2026-10-09 21:35:00,,,,,,no actual time,21,,,,23.2,0.00,9.4,19880.0,dry and calm
5253,2026-10-09,BLR,6E 6628,6E,IndiGo,TRV,Trivandrum,f,,,1,2026-10-09 21:35:00,,,,,,no actual time,21,,,,23.2,0.00,9.4,19880.0,dry and calm
5254,2026-10-09,BOM,AI 2919,AI,Air India,AMD,Ahmedabad,f,,Airbus A320 NEO,2,2026-10-09 21:35:00,2026-10-09 22:13:00,2026-10-09 22:55:00,,38,,late,21,,,,31.1,0.00,23.8,14000.0,dry and calm
5255,2026-10-09,HYD,6E 6505,6E,IndiGo,BLR,Bangalore,f,VT-IKP,Airbus A320,,2026-10-09 21:35:00,2026-10-09 22:09:00,2026-10-09 22:50:00,2026-10-09 23:02:00,34,12,late,21,6E 855,BLR,5,25.5,0.00,9.7,14400.0,dry and calm
5256,2026-10-09,BLR,6E 528,6E,IndiGo,PNQ,Pune,f,VT-IMI,Airbus A321 NEO,1,2026-10-09 21:40:00,2026-10-09 22:06:00,2026-10-09 23:10:00,2026-10-09 23:14:00,26,4,on time,21,,,,23.2,0.00,9.4,19880.0,dry and calm
5257,2026-10-09,BLR,QP 1906,QP,Akasa Air,AMD,Ahmedabad,f,VT-YBJ,Boeing 737 MAX 8,1,2026-10-09 21:40:00,,2026-10-09 23:50:00,,,,no actual time,21,,,,23.2,0.00,9.4,19880.0,dry and calm
5258,2026-10-09,HYD,6E 5381,6E,IndiGo,TRV,Trivandrum,f,VT-IOL,Airbus A320 NEO,,2026-10-09 21:40:00,2026-10-09 22:01:00,2026-10-09 23:35:00,2026-10-09 23:26:00,21,-9,on time,21,,,,25.5,0.00,9.7,14400.0,dry and calm
5259,2026-10-09,BLR,IX 36L,IX,Air India Express,TRZ,Tiruchirappally,f,VT-BWJ,Boeing 737 MAX 8,,2026-10-09 21:43:00,2026-10-09 21:43:00,,,0,,on time,21,,,,23.2,0.00,9.4,19880.0,dry and calm
5260,2026-10-09,BLR,6E 977,6E,IndiGo,GOI,Vasco da Gama,f,VT-ILV,Airbus A321 NEO,1,2026-10-09 21:45:00,2026-10-09 22:32:00,2026-10-09 23:00:00,,47,,late,21,,,,23.2,0.00,9.4,19880.0,dry and calm
5261,2026-10-09,BLR,9I 517,9I,Alliance Air,HYD,Hyderabad,f,VT-RKJ,ATR 72,2,2026-10-09 21:45:00,2026-10-09 21:50:00,2026-10-09 23:35:00,,5,,on time,21,,,,23.2,0.00,9.4,19880.0,dry and calm
5262,2026-10-09,BOM,GF 65,GF,Gulf Air,BAH,Manama,t,A9C-XE,Airbus A320,2,2026-10-09 21:45:00,2026-10-09 22:01:00,2026-10-09 23:10:00,,16,,on time,21,,,,31.1,0.00,23.8,14000.0,dry and calm
5263,2026-10-09,BOM,QP 1518,QP,Akasa Air,BLR,Bangalore,f,VT-YBR,Boeing 737,2,2026-10-09 21:45:00,2026-10-09 22:20:00,2026-10-09 23:35:00,,35,,late,21,,,,31.1,0.00,23.8,14000.0,dry and calm
5264,2026-10-09,BLR,6E 6562,6E,IndiGo,MAA,Chennai,f,VT-NON,Airbus A320,1,2026-10-09 21:50:00,2026-10-09 22:12:00,2026-10-09 22:55:00,,22,,on time,21,,,,23.2,0.00,9.4,19880.0,dry and calm
5265,2026-10-09,BLR,IX 2680,IX,Air India Express,PNQ,Pune,f,VT-BWV,Boeing 737 MAX 8,2,2026-10-09 21:50:00,2026-10-09 22:04:00,2026-10-09 23:30:00,2026-10-09 23:11:00,14,-19,on time,21,,,,23.2,0.00,9.4,19880.0,dry and calm
5266,2026-10-09,BOM,6E 1267,6E,IndiGo,MCT,Muscat,t,,Airbus A320,2,2026-10-09 21:50:00,2026-10-09 22:32:00,2026-10-09 22:55:00,,42,,late,21,,,,31.1,0.00,23.8,14000.0,dry and calm
5267,2026-10-09,BOM,6E 5283,6E,IndiGo,AMD,Ahmedabad,f,VT-IWX,Airbus A320 NEO,1,2026-10-09 21:50:00,2026-10-09 22:18:00,2026-10-09 23:25:00,,28,,on time,21,,,,31.1,0.00,23.8,14000.0,dry and calm
5268,2026-10-09,HYD,6E 695,6E,IndiGo,COK,Kochi,f,VT-IBQ,Airbus A321 NEO,,2026-10-09 21:50:00,2026-10-09 22:30:00,2026-10-09 23:25:00,,40,,late,21,,,,25.5,0.00,9.7,14400.0,dry and calm
5269,2026-10-09,BLR,6E 6406,6E,IndiGo,DEL,New Delhi,f,VT-NCW,Airbus A321 NEO,1,2026-10-09 22:00:00,2026-10-09 22:15:00,2026-10-10 00:35:00,,15,,on time,22,6E 5047,BOM,-18,22.5,0.00,6.8,19860.0,dry and calm
5270,2026-10-09,BLR,AI 2814,AI,Air India,DEL,New Delhi,f,VT-EXJ,Airbus A321 (Sharklets),2,2026-10-09 22:00:00,,2026-10-10 01:03:00,,,,no actual time,22,,,,22.5,0.00,6.8,19860.0,dry and calm
5271,2026-10-09,BLR,QP 595,QP,Akasa Air,CCJ,Calicut,f,VT-YBQ,Boeing 737 MAX 8,2,2026-10-09 22:00:00,,,,,,no actual time,22,,,,22.5,0.00,6.8,19860.0,dry and calm
5272,2026-10-09,BOM,6E 81,6E,IndiGo,DMM,Ad Dammam,t,VT-IWN,Airbus A320,2,2026-10-09 22:00:00,2026-10-09 22:37:00,2026-10-09 23:20:00,,37,,late,22,,,,30.7,0.00,19.4,15380.0,dry and calm
5273,2026-10-09,HYD,EK 529,EK,Emirates,DXB,Dubai,t,A6-EGW,Boeing 777-300,,2026-10-09 22:00:00,2026-10-09 22:05:00,2026-10-10 00:10:00,2026-10-09 23:46:00,5,-24,on time,22,,,,24.8,0.00,8.3,14400.0,dry and calm
5274,2026-10-09,BOM,IX 235,IX,Air India Express,MCT,Muscat,t,,Boeing 737,2,2026-10-09 22:05:00,2026-10-09 23:10:00,2026-10-09 23:15:00,,65,,late,22,,,,30.7,0.00,19.4,15380.0,dry and calm
5275,2026-10-09,BOM,RX 698,RX,Riyadh Air,RUH,Riyadh,t,HZ-AKH,Boeing 787-9,2,2026-10-09 22:05:00,2026-10-09 23:58:00,2026-10-09 23:50:00,,113,,late,22,,,,30.7,0.00,19.4,15380.0,dry and calm
5276,2026-10-09,HYD,6E 5203,6E,IndiGo,BOM,Mumbai,f,VT-NCH,Airbus A321 NEO,,2026-10-09 22:05:00,2026-10-09 22:20:00,2026-10-09 23:30:00,,15,,on time,22,6E 5326,BOM,-12,24.8,0.00,8.3,14400.0,dry and calm
5277,2026-10-09,BLR,IX 2787,IX,Air India Express,MAA,Chennai,f,VT-BXB,Boeing 737 MAX 8,2,2026-10-09 22:10:00,2026-10-09 22:18:00,2026-10-09 23:20:00,,8,,on time,22,,,,22.5,0.00,6.8,19860.0,dry and calm
5278,2026-10-09,BOM,6E 5106,6E,IndiGo,GOI,Vasco da Gama,f,VT-IXE,Airbus A320 NEO,1,2026-10-09 22:10:00,2026-10-09 22:35:00,2026-10-09 23:30:00,,25,,on time,22,,,,30.7,0.00,19.4,15380.0,dry and calm
5279,2026-10-09,BLR,EY 239,EY,Etihad,AUH,Abu Dhabi,t,A6-AES,Airbus A321 NEO,2,2026-10-09 22:15:00,2026-10-09 22:26:00,2026-10-10 00:35:00,,11,,on time,22,,,,22.5,0.00,6.8,19860.0,dry and calm
5280,2026-10-09,BLR,IX 1370,IX,Air India Express,CCU,Kolkata,f,VT-EXC,Airbus A320,2,2026-10-09 22:15:00,2026-10-09 22:46:00,2026-10-10 00:50:00,2026-10-10 00:46:00,31,-4,late,22,,,,22.5,0.00,6.8,19860.0,dry and calm
5281,2026-10-09,BOM,6E 1341,6E,IndiGo,DOH,Doha,t,VT-IBV,Airbus A320,2,2026-10-09 22:15:00,2026-10-09 22:40:00,2026-10-09 23:10:00,2026-10-09 23:10:00,25,0,on time,22,,,,30.7,0.00,19.4,15380.0,dry and calm
5282,2026-10-09,BOM,6E 651,6E,IndiGo,DEL,New Delhi,f,VT-IWT,Airbus A320,2,2026-10-09 22:15:00,2026-10-09 23:04:00,2026-10-10 00:41:00,,49,,late,22,,,,30.7,0.00,19.4,15380.0,dry and calm
5283,2026-10-09,HYD,6E 2257,6E,IndiGo,CCU,Kolkata,f,VT-IIS,Airbus A320 NEO,,2026-10-09 22:15:00,2026-10-09 22:42:00,2026-10-10 00:25:00,2026-10-10 00:25:00,27,0,on time,22,,,,24.8,0.00,8.3,14400.0,dry and calm
5284,2026-10-09,BLR,6E 5094,6E,IndiGo,BOM,Mumbai,f,VT-NOA,Airbus A321 NEO,1,2026-10-09 22:20:00,2026-10-09 23:11:00,2026-10-10 00:05:00,,51,,late,22,6E 5032,BOM,11,22.5,0.00,6.8,19860.0,dry and calm
5285,2026-10-09,BLR,6E 952,6E,IndiGo,CCU,Kolkata,f,VT-ILL,Airbus A321 NEO,1,2026-10-09 22:20:00,2026-10-09 22:36:00,2026-10-10 01:00:00,2026-10-10 00:41:00,16,-19,on time,22,,,,22.5,0.00,6.8,19860.0,dry and calm
5286,2026-10-09,BLR,GF 281,GF,Gulf Air,BAH,Manama,t,A9C-XD,Airbus A321 NEO,2,2026-10-09 22:20:00,2026-10-09 22:30:00,2026-10-10 00:30:00,,10,,on time,22,,,,22.5,0.00,6.8,19860.0,dry and calm
5287,2026-10-09,BOM,6E 1501,6E,IndiGo,FJR,Fujairah,t,VT-ICB,Airbus A320,2,2026-10-09 22:20:00,2026-10-09 22:55:00,2026-10-09 23:35:00,,35,,late,22,,,,30.7,0.00,19.4,15380.0,dry and calm
5288,2026-10-09,BOM,6E 5388,6E,IndiGo,BLR,Bangalore,f,VT-NCZ,Airbus A320,1,2026-10-09 22:20:00,2026-10-09 22:50:00,2026-10-10 00:20:00,2026-10-10 00:02:00,30,-18,late,22,,,,30.7,0.00,19.4,15380.0,dry and calm
5289,2026-10-09,HYD,AI 2699,AI,Air India,BOM,Mumbai,f,VT-TNR,Airbus A321 (Sharklets),,2026-10-09 22:20:00,2026-10-09 22:40:00,2026-10-10 00:15:00,,20,,on time,22,AI 2875,BOM,-5,24.8,0.00,8.3,14400.0,dry and calm
5290,2026-10-09,HYD,AK 66,AK,AirAsia,KUL,Kuala Lumpur,t,9M-AGE,Airbus A320,,2026-10-09 22:20:00,2026-10-09 22:13:00,2026-10-10 05:05:00,,-7,,on time,22,,,,24.8,0.00,8.3,14400.0,dry and calm
5291,2026-10-09,BOM,CX 696,CX,Cathay Pacific,HKG,Hong Kong,t,B-KQF,Boeing 777-300ER,2,2026-10-09 22:25:00,2026-10-09 22:54:00,2026-10-10 06:55:00,2026-10-10 06:30:00,29,-25,on time,22,,,,30.7,0.00,19.4,15380.0,dry and calm
5292,2026-10-09,BOM,EK 509,EK,Emirates,DXB,Dubai,t,A6-ECH,Boeing 777-300ER,2,2026-10-09 22:25:00,2026-10-09 23:01:00,2026-10-09 23:55:00,2026-10-09 23:59:00,36,4,late,22,,,,30.7,0.00,19.4,15380.0,dry and calm
5293,2026-10-09,HYD,6E 6617,6E,IndiGo,MAA,Chennai,f,VT-IPG,Airbus A320 NEO,,2026-10-09 22:25:00,2026-10-09 22:36:00,2026-10-09 23:50:00,,11,,on time,22,,,,24.8,0.00,8.3,14400.0,dry and calm
5294,2026-10-09,HYD,OG 152,OG,Ghodawat Enterprises,BLR,Bangalore,f,VT-GSM,Embraer 175,,2026-10-09 22:27:00,2026-10-10 06:21:00,2026-10-09 23:17:00,2026-10-09 23:17:00,474,0,late,22,OG 151,BLR,711,24.8,0.00,8.3,14400.0,dry and calm
5295,2026-10-09,BLR,6E 684,6E,IndiGo,HYD,Hyderabad,f,,,1,2026-10-09 22:30:00,,,,,,no actual time,22,,,,22.5,0.00,6.8,19860.0,dry and calm
5296,2026-10-09,BLR,AI 2488,AI,Air India,DEL,New Delhi,f,VT-TVD,Airbus A321 NEO,2,2026-10-09 22:30:00,2026-10-09 22:48:00,2026-10-10 01:09:00,,18,,on time,22,,,,22.5,0.00,6.8,19860.0,dry and calm
5297,2026-10-09,BLR,AI 2840,AI,Air India,BOM,Mumbai,f,VT-TVE,Airbus A321 NEO,2,2026-10-09 22:30:00,,2026-10-10 00:35:00,,,,no actual time,22,AI 2401,BOM,-10,22.5,0.00,6.8,19860.0,dry and calm
5298,2026-10-09,BOM,AI 119,AI,Air India,FCO,Rome,t,VT-AER,Boeing 777-300ER,2,2026-10-09 22:30:00,2026-10-09 22:47:00,2026-10-10 02:57:00,2026-10-10 02:57:00,17,0,on time,22,,,,30.7,0.00,19.4,15380.0,dry and calm
5299,2026-10-09,BOM,AI 2986,AI,Air India,DEL,New Delhi,f,,Airbus A320 NEO,2,2026-10-09 22:35:00,2026-10-09 22:41:00,2026-10-10 00:21:00,,6,,on time,22,,,,30.7,0.00,19.4,15380.0,dry and calm
5300,2026-10-09,BLR,6E 838,6E,IndiGo,JAI,Jaipur,f,VT-IMM,Airbus A321 NEO,1,2026-10-09 22:40:00,2026-10-09 23:26:00,2026-10-10 01:05:00,,46,,late,22,,,,22.5,0.00,6.8,19860.0,dry and calm
5301,2026-10-09,HYD,6E 85,6E,IndiGo,DMM,Ad Dammam,t,VT-IRZ,Airbus A321 NEO,,2026-10-09 22:40:00,2026-10-09 22:52:00,2026-10-10 00:40:00,,12,,on time,22,,,,24.8,0.00,8.3,14400.0,dry and calm
5302,2026-10-09,BOM,6E 2093,6E,IndiGo,COK,Kochi,f,VT-IRX,Airbus A320,2,2026-10-09 22:45:00,2026-10-09 23:15:00,2026-10-10 00:40:00,,30,,late,22,,,,30.7,0.00,19.4,15380.0,dry and calm
5303,2026-10-09,BOM,6E 5328,6E,IndiGo,NAG,Naqpur,f,VT-IIM,Airbus A320,1,2026-10-09 22:45:00,2026-10-09 22:59:00,2026-10-10 00:20:00,,14,,on time,22,,,,30.7,0.00,19.4,15380.0,dry and calm
5304,2026-10-09,BLR,QP 1134,QP,Akasa Air,BOM,Mumbai,f,VT-YBF,Boeing 737 MAX 8,1,2026-10-09 22:55:00,,2026-10-10 00:45:00,,,,no actual time,22,,,,22.5,0.00,6.8,19860.0,dry and calm
5305,2026-10-09,BOM,AI 639,AI,Air India,MAA,Chennai,f,,Airbus A320 NEO,2,2026-10-09 22:55:00,2026-10-09 23:35:00,2026-10-10 01:05:00,,40,,late,22,,,,30.7,0.00,19.4,15380.0,dry and calm
5306,2026-10-09,BOM,6E 6137,6E,IndiGo,MAA,Chennai,f,VT-IIO,Airbus A320 NEO,2,2026-10-09 23:00:00,2026-10-09 23:05:00,2026-10-10 01:05:00,,5,,on time,23,,,,30.6,0.00,16.9,13960.0,dry and calm
5307,2026-10-09,BOM,6E 6195,6E,IndiGo,HYD,Hyderabad,f,VT-NHI,Airbus A320,2,2026-10-09 23:00:00,2026-10-09 23:43:00,2026-10-10 00:35:00,2026-10-10 00:42:00,43,7,late,23,,,,30.6,0.00,16.9,13960.0,dry and calm
5308,2026-10-09,BLR,6E 116,6E,IndiGo,PNQ,Pune,f,VT-NOV,Airbus A320,1,2026-10-09 23:05:00,2026-10-09 23:19:00,2026-10-10 00:45:00,2026-10-10 00:22:00,14,-23,on time,23,,,,22.5,0.00,7.9,17840.0,dry and calm
5309,2026-10-09,BLR,SQ 511,SQ,Singapore,SIN,Singapore,t,9V-SHE,Airbus A350,2,2026-10-09 23:05:00,2026-10-09 23:22:00,2026-10-10 06:10:00,,17,,on time,23,,,,22.5,0.00,7.9,17840.0,dry and calm
5310,2026-10-09,BOM,QP 584,QP,Akasa Air,AUH,Abu Dhabi,t,,,2,2026-10-09 23:05:00,2026-10-09 23:28:00,2026-10-10 00:50:00,,23,,on time,23,,,,30.6,0.00,16.9,13960.0,dry and calm
5311,2026-10-09,BOM,6E 5152,6E,IndiGo,AMD,Ahmedabad,f,VT-IOI,Airbus A320 NEO,1,2026-10-09 23:10:00,2026-10-09 23:26:00,2026-10-10 00:35:00,,16,,on time,23,,,,30.6,0.00,16.9,13960.0,dry and calm
5312,2026-10-09,BOM,EY 205,EY,Etihad,AUH,Abu Dhabi,t,A6-XWL,Airbus A350-1000,2,2026-10-09 23:10:00,2026-10-09 23:24:00,2026-10-10 00:45:00,,14,,on time,23,,,,30.6,0.00,16.9,13960.0,dry and calm
5313,2026-10-09,BOM,VN 978,VN,Vietnam,SGN,Ho Chi Minh City,t,VN-A878,Boeing 787,2,2026-10-09 23:10:00,2026-10-09 23:31:00,2026-10-10 06:00:00,,21,,on time,23,,,,30.6,0.00,16.9,13960.0,dry and calm
5314,2026-10-09,HYD,SQ 523,SQ,Singapore,SIN,Singapore,t,9V-SHL,Airbus A350,,2026-10-09 23:15:00,2026-10-09 23:28:00,2026-10-10 06:40:00,,13,,on time,23,,,,24.6,0.00,6.8,14420.0,dry and calm
5315,2026-10-09,BLR,FD 138,FD,Thai AirAsia,DMK,Bangkok,t,HS-BBO,Airbus A320,2,2026-10-09 23:20:00,2026-10-10 00:11:00,2026-10-10 04:40:00,2026-10-10 05:00:00,51,20,late,23,,,,22.5,0.00,7.9,17840.0,dry and calm
5316,2026-10-09,BLR,AK 52,AK,AirAsia,KUL,Kuala Lumpur,t,9M-RAH,Airbus A320 (Sharklets),2,2026-10-09 23:25:00,2026-10-09 23:35:00,2026-10-10 06:10:00,,10,,on time,23,,,,22.5,0.00,7.9,17840.0,dry and calm
5317,2026-10-09,BLR,6E 2313,6E,IndiGo,DEL,New Delhi,f,VT-NCB,Airbus A321 NEO,1,2026-10-09 23:30:00,2026-10-09 23:51:00,2026-10-10 02:15:00,,21,,on time,23,,,,22.5,0.00,7.9,17840.0,dry and calm
5318,2026-10-09,BLR,IX 865,IX,Air India Express,AUH,Abu Dhabi,t,VT-BXR,Boeing 737,2,2026-10-09 23:30:00,2026-10-10 00:22:00,2026-10-10 02:00:00,,52,,late,23,,,,22.5,0.00,7.9,17840.0,dry and calm
5319,2026-10-09,BOM,AI 2857,AI,Air India,BLR,Bangalore,f,VT-EXV,Airbus A320 NEO,2,2026-10-09 23:30:00,2026-10-09 23:37:00,2026-10-10 01:35:00,2026-10-10 00:49:00,7,-46,on time,23,,,,30.6,0.00,16.9,13960.0,dry and calm
5320,2026-10-09,HYD,6E 6363,6E,IndiGo,BOM,Mumbai,f,VT-NCF,Airbus A321 NEO,,2026-10-09 23:30:00,2026-10-09 23:44:00,2026-10-10 01:00:00,,14,,on time,23,6E 5056,BOM,0,24.6,0.00,6.8,14420.0,dry and calm
5321,2026-10-09,BLR,VJ 1802,VJ,VietJetAir,SGN,Ho Chi Minh City,t,VN-A203,Airbus A321,2,2026-10-09 23:35:00,2026-10-10 00:16:00,2026-10-10 06:00:00,,41,,late,23,,,,22.5,0.00,7.9,17840.0,dry and calm
5322,2026-10-09,BOM,TG 318,TG,Thai  International,BKK,Bangkok,t,HS-TJV,Boeing 777-200,2,2026-10-09 23:35:00,2026-10-09 23:52:00,2026-10-10 05:35:00,2026-10-10 05:09:00,17,-26,on time,23,,,,30.6,0.00,16.9,13960.0,dry and calm
5323,2026-10-09,BLR,AI 2811,AI,Air India,BOM,Mumbai,f,VT-RTL,Airbus A320 NEO,2,2026-10-09 23:40:00,2026-10-09 23:46:00,2026-10-10 01:45:00,,6,,on time,23,,,,22.5,0.00,7.9,17840.0,dry and calm
5324,2026-10-09,BOM,AI 3305,AI,Air India,BLR,Bangalore,f,VT-EXV,Airbus A321,2,2026-10-09 23:40:00,2026-10-09 23:56:00,2026-10-10 01:40:00,2026-10-10 01:10:00,16,-30,on time,23,,,,30.6,0.00,16.9,13960.0,dry and calm
5325,2026-10-09,BLR,IX 5985,IX,Air India Express,BOM,Mumbai,f,,,2,2026-10-09 23:50:00,,,,,,no actual time,23,,,,22.5,0.00,7.9,17840.0,dry and calm
5326,2026-10-09,HYD,AK 68,AK,AirAsia,KUL,Kuala Lumpur,t,9M-RAL,Airbus A321 (Sharklets),,2026-10-09 23:55:00,2026-10-09 23:56:00,2026-10-10 06:50:00,,1,,on time,23,,,,24.6,0.00,6.8,14420.0,dry and calm
