news_id,published_at,title,source,link,search_query
f565018eaf46cca3,2026-10-02 20:24:21,Shift 265 weekly international flights to Navi Mumbai by Oct 25: MIAL,Business Standard,https://news.google.com/rss/articles/CBMi1gFBVV95cUxNbWQwVXp0bkRkVzFLcEUxT1JzcHM2dnJoWXI2bVlDUmJNZU1jQVV4dHZPS2NhQk5FYm9WaklENmhMX1RzajBfOGFDT1lmOGZQZlR3ZUFFMWRvbWEyTElHdVF2S215U0R6NzdLeVM1bkFqVUVmTS1kZWpkVjdLY1BuV2F2VVV4M0dQZ3M0MTc0OE9pdTdQZnFBOWNKOEJTOXNRRVBKYWtpQThnSHJFd0RGajNxdmtBaWJONFFybk9sbDlUVlVfYzAxM0tVOERXVHdYdUV2SzNn0gHbAUFVX3lxTE9vZlBQeUw0YW14UzgzRnJvYWpnQUJvLUxEcVB5a09pMHFXcWxGMzZHZzF4UVBiVWNHak5Bd1RjdjRIREc5ZEhJUm0xUTZjb2FnNVJKYzdzanJJUmdaWFFiZVRIMmU2dFNWNnBZQ0tqM1Q5TTAtaDMzZWVTX0RldDJ5dW9aWGU1c1NTcE55ZUVKRk9vTGUyczM5aWU2UXRTV040bHJWZ3NucG1FTHY4WF8tWjJtcFRHeUl0V2QxSTFEUXhLd1NrV05zSlZ0dkJHd2VZQ1ZnYmpMaDVBVQ?oc=5,BOM
439b2f3a010b0dad,2026-10-02 20:32:58,Mumbai airport to cut 265 weekly international flights from October 25: What changes for passengers?,Mathrubhumi English,https://news.google.com/rss/articles/CBMisAFBVV95cUxPWEJRT241MzNZUVg3ck1xdDctd3BIampLYmpIY1lqMHJTQjJaYThxbk5ZcTRCc3hMeUNyczlhUGw1Z2tWQ1ctc3hpSlhKSm5oWGpjbHBvcWFkcklxTllQOUxWX1laalVVajd3Tms0ZGJsNzRFeXJNYmRzTVRWWm5zRVZZc1pYUmtkclZWdEloMWZJdWNRUUJuc2ptNzZyaEdxQlNRczJyRnZIeGZJVVFPR9IBtgFBVV95cUxQUXpZOUQzMHFQSXFqU1d1NmJDMTRIN0JBZV91OTI1SGpYemJsTktEbXgzWjlVYVN6MW1fWWRfY3FwSEVaVDlqV3phSWowckJPYV9yZlkzT195VVNGbmlfRnp5b2N3Y2xlVjhtRHE0bjFCY0RyQzZrUnNZQW41YWZEbGg4WUtnY0xhVTB1eVV1aDdOeFFhNDhRamk1eDIwTnJLeXZLXy1QLV9ITm9zZmZpc2tHZVNZdw?oc=5,BLR
a81828d4a9b0330f,2026-10-02 22:30:52,Mumbai Airport Terminal 1 to shut from October 25 for redevelopment,Indian Aviation News Net,https://news.google.com/rss/articles/CBMivAFBVV95cUxNeVhvemRtQ0ZsQzhMNVRBcW9PXzJLUEtNdnpmWVJHWVI1X092SWxnZC1LdDFucm5HMkdRUUVybmVyRHI2NlBHY0RRMmYxTlBGZ3YxbklhSTA3d2lYWU95Smg4NTFyalVsbnpsc09FRGpvWUVUdGtHcVN6UUlnUjFodWpGTEFmVnQxRzlYOE5JbTdlX212Q0MwSExSeGpuckJ0NGpBZW0zMkdEdmJ1YnFwNnViOUNJSktVWkU0Sg?oc=5,DEL
cac231116c334ba4,2026-10-03 08:48:24,265 weekly international flights to be cancelled at Mumbai airport from Oct 25 | Redevelopment of T1 is set to start in Jan 2027 | Inshorts,Inshorts,https://news.google.com/rss/articles/CBMiwwFBVV95cUxPT3NTdzhHaGNncGV5R3ludS1mU0x2bUNrcjh2WDFCOWFDZEVfR3F1LUJpenBnakRXbnptY3lSQ20xR1lRTXdjcFc2RlhiTVdZU2cxR25yelA2QjE5U0hvVlZHaXNGaHE4UXBOSlItLXlCUTc4VG1meG5CN29nQi1QOERjcHZQajd5QXBnZ094RHltSHdEdEpaOWtQbnJCYWR5VEFBQUVwa3lNQTN1UzBaTFc5dWxBdUU4eDhjdWVXRDlfOUnSAcMBQVVfeXFMT09zU3c4R2hjZ3BleUd5bnUtZlNMdm1Da3I4dlgxQjlhQ2RFX0dxdS1CaXpwZ2pEV256bWN5UkNtMUdZUU13Y3BXNkZYYk1XWVNnMUducnpQNkIxOVNIb1ZWR2lzRmhxOFFwTkpSLS15QlE3OFRtZnhuQjdvZ0ItUDhEY3B2UGo3eUFwZ2dPeER5bUh3RHRKWjlrUG5yQmFkeVRBQUFFcGt5TUEzdVMwWkxXOXVsQXVFOHg4Y3VlV0Q5XzlJ?oc=5,BOM
f8f98cbbd6f22960,2026-10-03 10:13:38,Which Airlines Will Move Flights From Mumbai To Navi Mumbai?,Rediff,https://news.google.com/rss/articles/CBMisAFBVV95cUxQS1JHRGg5ZE5pSFdUemtVeVlVQjdXbEJ5RUdFQnViVTJZMGFCMjZqQllpbzF4LU9XaDVHYWJwZ2NqWFJybVN6ZVdSU1RVUFNYbDB1S241S0ctdUxqbEJyUjMzS1VoZkpVSEdTVVE0YmlaU20xLUZZRkJEX0Rxb3kyT1puNTZyeUR1OWYydzZQeDVhTzlfUjhld0dCV2NZeE1sRDE0RE1qLWdfMHU0MllvUtIBswFBVV95cUxOZWo2QXktYVRuVUViN2l2ZksydWppU1hlcW9VT2VRdlQxU3VpZzN2TkxHOEpmeXVKekw2c0JCZWVUSXMza1d2VlM0ZmdTMDNyU0laSThlUU03V3dDYlhiTWllWmVkNklITmpMM3VKQWp4a3k0TkduTXdoQldYRnlDMFh6RkxnV2J3YTFobG55SEZ4V1FueTFWMF8xWnQ4cXVDR3JhZ205Q1BKX3VLTmU5dThqcw?oc=5,BOM
144d8cc672947308,2026-10-03 11:10:13,Mumbai Airport T1 Shutdown: October 25 Closure & Airline Changes,Travel Tourister,https://news.google.com/rss/articles/CBMi_gFBVV95cUxOV0x1VV9STjV2dFJQa1d6czZlX3BUNmJBOS1mRnFGU0tSM3c4TjFsR1BxcUFHbWpld0J3QTJSY0pydnVETGpQSmhvN195Rkd4azJ2Mkg2Y0l4LXRVdFhfa0RuODBmT19xcFZwZEJGSTBBaEVUNmFHSUFDbVZ2QWxlVElFVlNpeV96TVBPdnR4Smk0M2M2RGRSMkh0NE01dm9zT2pLanlIUWNJLVVadkFvTndDWWJ1UmhxWk1mY2NhNWx4WGd5eHFBODZzRnV1OHZPa0RlWVZic1VlbTVkb2ROc0MtMUdEd2pJQzBORFBqb005ZkFWckFqcHY2UTkxQQ?oc=5,India
835bba511d0d84a5,2026-10-03 12:30:00,"Ponda Air Quality Index (AQI) Today, 05 October 2026: Ponda AQI level Updates, Temperature",News9live,https://news.google.com/rss/articles/CBMia0FVX3lxTE5Kd1hXVzF4QzRJRDNsckxtd0tVUlJhZlR1TTRVUFQ2N0tiTXhuekNnMEtWM2EyeE5EdkIteFdaM0ZoSl9CNjc2TEZDcVE2ZFNYOTd4ekhpZEhiMTJjR1dFdFdGOUU0dGo4STlZ?oc=5,DEL
d36f427b63b3b0fd,2026-10-03 16:30:00,Mumbai customs brokers seek urgent fix to NMIA cargo delays,STAT Times,https://news.google.com/rss/articles/CBMirAFBVV95cUxPeDZ0dVpLV1NERWw4M2ZqSzRzNHdSVFBPOTVKVlpXRGt4N2xRMFkyMk5uVFhYaUJ4MW9jWTRfWDVpZHJIYkRFanItdVZ3OE1rTV9SOC02TGRHTVYxTHg4ODFzc3FzUHFHMDJRNzY5d3hmQWlYZncySkhJejFWeEtCMHFqUld3ZndIQ1A3d1p0X2VYU1pqYzN0QXFNV2IzUmNiWkhQX1JvclVWdkhw0gGyAUFVX3lxTE9jdDY4OGxHeUd3d1YzV055Y0p3NkVOZWNGUzhaOWJfV3Rhcm8tNzFXOV94MzFaajlfblhCRlRqQ01xZmhhVzd0Y0xrTi1wR293LUlGb3hFb3NCUGxzbkZDX3RxYkxqbUc5bjA4UG9VOFNtbzd3ZmY5d2RHTFJORXh6WTRuRUVVcHJxX0RLbkhDNDdDOVFpUDhLN21hM2pTM2JjX2RYbjdqWEpNcUFVaFBYSEE?oc=5,DEL
7998f48ccfb4a130,2026-10-03 16:37:57,"Airlines reject Mumbai Airport's proposed flight cancellations at T2, warn of disruption and passenger trouble",CNBC TV18,https://news.google.com/rss/articles/CBMi8gFBVV95cUxNN3QtVXlMTndxVDVzTUpKRHZTQ2I4NEVPLXFISUV4Qm5jMENfR09NbGJvSEZiQ1ZwMi1fc0RvWnc0bVFWbEc0eGxtbFBSTFptR2Q3U1NmS25FMm5GZm1ERF93emc4WlUyUkxRdmhBZmVaNzFvZnk2T2c4eEVOMU1TZ2poZy1CYXYyMGlIclFWTHR4SDFfazcyUHNCeE15Wk11b0JjS3FXeE55QkwzV0JVMTNQVEM4TTlZVHBLMnQ0MHN0Mk1vLWlYc3ptbFgyMjFfb202YWlZUWdvMXdwdTdGaHFEbmdCeHpUaDE1MkRQZC1VUdIB9wFBVV95cUxNVmc1YWNhcmVOY0F3cUxHNG1Xd2g1YWNXRVhFNlJ0TjVsLTV6VXBUMEtvMlVPdXRNbGpPZ1hwSWpaUVdVNzl5X2ZjYmNiQl9JYU1HQ0VZdUxnbWN3bWFjN3lpY1RQTVRtdF9CUGowWFVzdWxwVVJYdTVKMFhNSWR2dTdxUzRrSFRNTDZJQzFvdThJQmZlemh1WUc2dFpDb1VyX2dMSHdfb2xlR21wWnliRW5fX1psbkV3b2pvakJKVXEyUmFZZFQyVG5mQ1hieEhzUUlvMHhkT2xMMGllOFhfSjNWSjB2WlFLRVcwc3FGMXV6b3FUYzFV?oc=5,BOM
dfa441216a176f0e,2026-10-03 18:37:04,Airlines oppose Mumbai airport’s proposed 265 weekly flight cuts from T2,Business Upturn,https://news.google.com/rss/articles/CBMitwFBVV95cUxOR3hGS3E2U0tlLXFXZUJsRWlLZS1YdHVzaERIRkdGWDNZQ0xsUzJZTTAzTVhQOFJDQWZfMUZMSk9CVjg2bEJXYmNxcVpSUFEwY1NhZ3YzZU5oYnZvN2dPTzRjai10c0NFXzUwbDdBU1ZBU0RTTzl3MFdhYzl6WFlCY2VqdzhuN0ZtVW1VV3JkNWVsSFJ1TmJaVVZRblRjcUtMdjF4RmR4NnMwLVpOcE54UlljQTBSMGM?oc=5,BOM
dd52886c9fc1799a,2026-10-03 18:51:47,"Jhansi Weather Forecast Today, 03 October 2026: Today’s Weather Forecast for 7 Days in Jhansi, Temperature",News9live,https://news.google.com/rss/articles/CBMickFVX3lxTE9CallrdnJvaFFSQ2xsWUFzbU9lbVVybDNyUTJ5TjZPOTdDZ0FPMHNiVGsybi11Z3RtTG1UMWVVQkRNYUw3NUpOb0JqQWdITHRhNkprcEpYbVFEcXZIWFd4TVgwNnhHcTBLTjN5VnppNE9HQQ?oc=5,DEL
86035598b3b5ffc3,2026-10-03 19:22:23,flydubai Dubai-Phuket flight diverted to Lucknow due to bad weather,India Today,https://news.google.com/rss/articles/CBMizgFBVV95cUxQdTVQcUptNlhoNmNQR2pPbm5Id0t2aERCanFveG9Wc3ZPZ3lyMDZtNUswUHFKaERNbHp2eTdSMDkzTllVNkJ2OU13R0ZhajNaOS1CaW5xLVBGdEFCQ1dCM1FobjlXb1JJUTlkbXY5TmhJS3RuVWN4c2VLZ25nRjJCLVI3SXdDVE5DYUhSUUxOUVNtZmxINERzaDVMUmZtVjZqR2cwNTJiZ0wyWnlfdWdQWjNETDZqTk1OdVY1TTNkcHRfTDZNTC1GenIwakM2Z9IB0wFBVV95cUxPZlByVVJTdm5nMnc0dVR5dk42VGNDUl8xQndhSVZpalNGNUlxTEhlbVNlTnpHMTNQYWFjNnZBQ0FKRFppWk1GbWZCNFItSk5QNGh4blY3UVgyMm8xbVVlV0M1ZnJDMWlNWkNiWkpMZV9ySGpLZ0dQcXU5VU9mRVBIcGh4clNiWUpVbVlSclBpc1BTZkJ5MjhvV3BhZUZZNFdFUVlWWEQ4OVR5c3V0SWZibUNOWjlMOUtJWmdfbTE3b1B0TFRUWGowSTRQN0dWN3FRM2hr?oc=5,India
4aa9bc5af7400a22,2026-10-03 19:34:00,Dubai-Pokhara Flydubai flight diverted to Lucknow due to adverse weather,The Times of India,https://news.google.com/rss/articles/CBMi4AFBVV95cUxOYmgtSE1tSDFKejVNREp3S0NTMWNYcVZXQzlTaWlrVWxwVURXSHZUakp1MGVVbnZDelByWk1Udk5XR2pHX25qMnJPWHd0OXFkMFRGMHNvQ09LaTN2blAyUGlmZndhSFIyTGo0My1tOXdic0Zoa2RETVBTV1pTVWVmaUNyVmpnRmZyck5idDhuM2JqSHJUUEpjR2NhN05wTUNzVHhOaGJXTi1senM5SFozcTRZa3BrUFdwc1ZadVMtSGZuUElLRkNGdThYZlZkajVFcDFhN2hrdXllUkdoXzB0etIB5gFBVV95cUxQQVVsdlEtT2IzN25OR2lyMWJxVTdiN0lwcjlUSlNTeVpWVzBnNzN2MFNrci1qMmJNd2J5OFZlR2ZjZVR3VEJBdTE5WXZCdFl0eTVQTzNiV29WTHVXTnVmSHNzeW51N2ZBcG1ZUmVIQ0NrXzlGM19YNnVrbGpOMzN2NkI5RHYtZTMzb3pYUEFjUV9SVW5TUHgwUTducGtUbkhTbFBKLW1mU1NVM293amJ4N01HQm9UdFBWN2phRzVWT2czcHBrbVVUVms2U2RQMHVDM0M3T1lQbF9vdTRzWk0xVmNWWmNSUQ?oc=5,DEL
7c4fa0f44a32fca8,2026-10-03 20:27:00,Scoot flight to Singapore aborted as pilot detects glitch while taxiing,The Times of India,https://news.google.com/rss/articles/CBMi3wFBVV95cUxPRDhjSU5ySEZmZlNLQUFHaXRNVnlHdmwyeHNrU295M05CNnV3azlGZ2V2SzQ4UVZDTWQ1OHZDZDRDc3NoaDhmWm5pMmpHSlhlcjA3QWxuUTV2TTh1UTZuV1pBVGdad0IzSklWb0pGR0NqMmFtNnFXUzduM25QWEV5aWNfOTZ5ZmRZbUR4X2tSemctWmtWV2ZrSGlQZ1I4b04zZU92U2FyU1czUDNpaFZFaHRtRFY5Y1J2cG5OTTg2cU5hUDZlUVZjNVFYWlp4TUZrM2F2VWEzdlJfZGtNQXl30gHkAUFVX3lxTE54LXJrUnh6blVWRDNGTWcwc3k4a1ZQbC1rQTRBSUlHUDNSeWhSalhVQV92ZUFySk1hMnh6TFhublhWUmdTNVR5djBOTU9kSWg3UlJadC15U0NZU0NmbWdEZmlkS1dLMG9ETVVIaGhza0FvNG03cHlvNTdxMHJTUFZjbTF4dkFGb2ZscEdmQktEb0VHTGdGVkVoWFNoZ0E1Y0VuV2U4N21hZEFGMHh5OWZQMjNweTVlVE5PMW5vYUItVDF6cDFxS1hVU250enJuLW1YaC0tSzlVRkswRHBraHU0MDRvbw?oc=5,DEL
70aa6dcad8932880,2026-10-03 21:15:04,"Adani Airports Redevelops Mumbai T1, Shifts Traffic",Rediff MoneyWiz,https://news.google.com/rss/articles/CBMipAFBVV95cUxOMXpvYmtYS0NjRk1oV0lKQ1B4MUxwdnluY05wX2Juckh4SlNNU1Y1MzNHRUZhcUpjNjRUSHgzQ08wbEFvN1ZiZ1lzUG1WSWhBZDJhSGRKTU81dzdrSDdkV0ZKQ3ljZ0lGZ1h6b2xqRmstdlhnN2xjd2JqeHdZSnlSOFZsQ3Jick9rR3VsWUc2X1d4c2V2dVpHbmJWX2Z3V3l4c3JrdtIBqgFBVV95cUxNYjZ0bXVtR2RWU3NmekRaVHhSeUFrdlZNbnZPOEpITWVPS2dkRzRBdXBFQXJtOGdtalNIS2VsSndndXlsMVJXZ2F0QmxTMHQxQzh2XzhFSmxmRnNBY3ZteFV4ZVBIQXBPZ1hWbVRXQU80aHpwbURpUVBpMUV3ODhKTXRxRmZxbk5qSUZEX3FqUGNRcktudHk3VXE5MXhGQVVSeU9nRk4zOC1lUQ?oc=5,BOM
68436f58c23c2754,2026-10-03 21:53:11,Mumbai Airport Terminal 1B Redevelopment Set for January 2027 Over Safety Concerns; Capacity To Rise by 33%,LatestLY,https://news.google.com/rss/articles/CBMi6gFBVV95cUxOT1ZhZ1E1VXFvYm14Tkl5bEpuYjZ5Ykxoc094OHBoQ0J5NkFzZHV4NEZHSk9kLTNyRkZPbEE1QXlrUWZYVGhRUlNkTldYaXdwaUZUc3VDRHFERFZJV3ZhTlB4S0NJaWR4Sk5tck9aZnZ5d3hxTzEtS3NzYjFPVTlIMjUyWVNTOEVaSHJZcFo4NXA3MzdNa084SU5mcC13VzRoV1ZjWG92SjFmbmw1YUs3Z1VwZ20zN091MDhMOF9FbktNNXpmQWhHb3BvbEZuSWR6Zk1SbDlkdjhLRFBKbEEtRWQ0akpxalktdkHSAe8BQVVfeXFMT1ZTbXB4SUlxaWpURVlJX2pwUThuWmZTZHNxSTRpQzBNTlZQcHFadUVWQ01iZHFlWTRCcHNmNndtUHd6TWlXdEdQWmd0X2lwTnhiNi1lbzJJNnplTlZBZjhDTF9pal8xYS1lY3hFaDQ5c2dzN2dJcWpLWDNXOTRpOFVLa0pkZTV1S3UyOWpPRHQyNUs4dTRqOGo0QmU0XzVQZUQ1ZVBjaXN2c0t2N0ZUZjEycThjMVN5YWt5YUpyMFpJVURFMlN1ZEhtSDRGOThYMHo2RHF6LUwtS2w0Ukt5cGkxN21RMVNsM0hJR1c4RTg?oc=5,BOM
1d839fc47b5f6d9f,2026-10-03 22:10:50,"Mumbai Airport Terminal 1 redevelopment from January 2027: 91% passenger traffic to remain unaffected, T1 capacity to rise 33%",ET Now,https://news.google.com/rss/articles/CBMijgJBVV95cUxNb2RLZHl0clpzdUk5WjBjZ0tYbWFyUnU0bzktOElScHc5NGl5b0pibmFVcFQ2LWpid3BQdUY3M19WT0RCY2JqcHV0UWZfaGJyaUVQeDBnTFFoOXQzcmRPbmYySG5TUTg0cVZUdTNYVmQ3VVZnZnhMZjNDQmtJellzOUZwY09XaWFDWEhvNEI0NnJ3N1l4MmFubGE3VVVCYUwxaE50R1ROU21vYURkN2o3X1pITFdjemN3T0dobFg3MEsxQWdvWU9Id3pWV2swNTF0U1VianNIbFFLRm9FbE9vampXUXg0bjZ5N29NYWI1UmprS054SEtvbWh5UGVNMWZJSDV2QzgyUnlmZ2tJenfSAZMCQVVfeXFMT29Mb0FscHZOTnM5LWtzWEtpS2ZJM2ZyOWFLVHZjek45S0dFOFdKM1RDaDM0UjROdXY3N3dqX2NGYzU0ZGY2dTlRMTlEY1FBUFlvblhock5NdzY2SGR3MUhjMTNDdGUtR193U3E5YXhRNk5fRlk2VGVZN0JqODdQcEYyeTRUUFY5aWFHd01URTBLVGZ2bEhJS2NxY1lhR1dRZll6Qms5NjV1c2hXSFNlV1BFWUdVVjljN3BObHUwNy10VVV5QUdlUm1nZ2ZnNEpwUGNaU0V1RzVzMnFvNGR4N3dBcms1QjVvYXpZUjJWQmFqLVBjSTZEWG5vVjhkSEtTcFotS3hsYk5jNS1qcm1Ddk4xWXc?oc=5,BOM
1c28e325b9d4db0d,2026-10-03 22:45:00,Mumbai airport to cut a 3rd of weekly international departures from T2 from Oct 25,The Times of India,https://news.google.com/rss/articles/CBMi7wFBVV95cUxPcElheEpkQm9xX3BrUU5XZ2tVSGJnZnVMT0hjUE9QTlJWSlU1cUx3cVVickhQUXREUnhvZW1KbmJNN2tQbTZjbTlQRnA2enRzbXRfdDRKZl9WcUFfeXRfUFQ4ek5HRHNNcGYwNlhvUmlmVEZVRnFZQmQyOHBOMjR6OS1HX0dwOUl3SGEwZ0tBazI2QVQ0RFlHLVN6LVlZU2NHcS1xa21OT3lmY1JGalBlU1htN0k2MEVWYmJCTk44Y0hJWmN5TXpPUW44eGdldXVSRlE2TlZZdkZRM3V6c1VpTHhHR0RIY1JWaUdlY3Yyb9IB9AFBVV95cUxQSlZySDZIM3NucGhSc1ppZkRtN3VId1JYY2tEb2VDZkdqR29fQ2R5dURMVWswci1fbTVFV1QyR0lQTzJyNXE0NVBES0J2VHp5aXJRU21rdk80SHFTc2h5bEl5Z1Fub0l2bDk0bm5NNDBxX1d6SnUtWWQyRUJjanFFb2NIUkVNWjljX0RzazI4UUdGcjJJV29vQWoydnE1R2hqeUwzdGVBLUpIOEtrYzJLR1J2Q3BvbWNyMFNXZTFvNlJ2cXNDdVBOZVZnRjlpZXluZ3ROOTVFWHduZWFKRTBGbjZ0S1dLdDBIMTZoMmZLS0VOT0Zk?oc=5,DEL
b646ea60588926a8,2026-10-04 01:03:49,Mumbai Airport to partially shut T1B for redevelopment from January,The Financial Express,https://news.google.com/rss/articles/CBMi0gFBVV95cUxNSFJpSDdUeVcyRksxekdlYXA5QkRrMjl1Y0YtNktZR28wUHdnTHpEVl9CODZBYlR4anJKTDdnekZrS3NHLVUwcjAwekEybWVGbmcxbXdnX1pxclFIcDFKakhhRkFvZDU3U2JXSUVSSkRYdUFKVmpzLUk3VjdON1BkRk1TMklzNXFid25oOFZFamZpdkx0M0xfdDB2Uk4wdXB0VVoyRXZXb2k0T2dmd01KRmZyblMwUF9HT3FBb1dhMFZPR1NaNVM3cWo3dElaRUxUQlHSAdgBQVVfeXFMT2dIaEM1OThGVTlyZEpYNjkxMS05OC0wd3Q2SmxxZ2J1eEVhT0ZSWUNrX2RPNmdOUlNjMWFrM2Q3UEdDWkdfMXZXcmJlX0xrQy1vY3k3MlBxUUwyNmZleGVlZFM5LTVJMmt4cm1xSjUwcnM5eng4amF3VUtidnViR0toSEJkbnptLTBhbzF3cEtvbWhCd2FaOFFiMEhzcjE1TDl4c1lTUVJFUGR3eDE4MUY3SjNSV3hRM1Eybk1GU3cydHdlRnlGcUNHRy12dk84QW9kd2VyZ0xX?oc=5,BOM
9f46a8adea03835e,2026-10-04 11:38:27,Mumbai Airport Slot Cuts Put T1 Redevelopment Under Pressure,Urban Acres,https://news.google.com/rss/articles/CBMijAFBVV95cUxQc2M1MGR1T1M4cE1WOU1GenY1Sy1VYmhuNmRwTWVOeS1CWjVkLWZSNWo2QmpDV0EtdXM0ek05Zk9Mbng1UVcyQWFJRDN1U0dxb3pCUWhqeVdEa09zTlRBWlVyU0k4SzlxMng2SnpkR2d2cTNicDBWNHBNYm8zUEh1TmpLWXk5NERud05JSw?oc=5,BOM
bdc644ec285b406b,2026-10-04 11:58:40,"UAE flights status update: Emirates, Etihad, Air Arabia, flydubai delays, cancellations as regional tensions persist",Gulf News,https://news.google.com/rss/articles/CBMi9AFBVV95cUxOUUpQR2RPUGF4TlFZdDRRVEwwZDlXN1pJMm1IcDBjZVUyMHFlVlZrSEt5TEtvaXhuclBHMjROWEh2MWZlSjZFblVDR040dENQc25qa0ZBN3dEbFVwUnR6TTltZ3NKMUJ6dmtSMWQ5cGRnLWN5RFdwX3lOUVlyWWEydzA2eG9qVERkMFpJTnF4MS0yY0R1T0w2TXJBTTFYOWo5NW5ERzlsSGtwSjR1bjEyeVlVNUJZdnJON1dPZVJ5cFI4akZmWEkwNXFleXJWVVBUNWEtNGpRMTdKSmZiMWpaSlpZUS1ESzRJMjlkTW1aSVppMUZr0gGHAkFVX3lxTFBabUFza3lUemI5RUVSc1FjU2pYXzlSUDhIR1FESGV1bk1JTUZ1MlpvUk1STDAydDVPSGtXWVFtQ0ZQQkxmQldQdVlqWkZReUZDZzR0MWhlWGJ0RXZLYlNkdzBrQVFpak5KZHk0SmZMbVhxelNZem5hLU5fNGVzb0s4c3h2TmlCc01CdlRRRkRNeDhsWjhpM1ZFOWtFemZGM09nUlprNThnaGxKSnB0RUd6aXpmdy02RmJPWGJRWmozeXh5Ry1pR0dpR2pvTnlVSUtseF9CazhNYW5YZ2FiRXE2Z1M5d3FwX0M5M0EwTkxHYUl5NUVUN3ZnVWtsenZFcTRoV2RHZEhB?oc=5,India
844206ab6975d7e0,2026-10-04 12:00:34,Mumbai Airport T1B Redevelopment Starts Jan 2027,Dainik Jagran MP CG,https://news.google.com/rss/articles/CBMirAFBVV95cUxNWEppMXVqNVd3TFpMZGNtT2FQWXhXNjFDR01XNHh3NHR4VmhvQW5TUEtHckR1SVRsUmJ1THI5Q19vT3NOVzU2YWpFQ1hsbzB0OERXd2JFYTZLXzdBM2FGeEFVTHc3NDEwZlBjOXc3cHZoTEV1WkdvQVlIVWZfaU11NnE3UGJpa3pxLW1RcjFwdWNmZVBmekdNU2NOMFBPcGtfWFRHMTFnS280dk9B?oc=5,BOM
115361b70ce8cd25,2026-10-04 12:30:00,"Udupi Air Quality Index (AQI) Today, 06 October 2026: Udupi AQI level Updates, Temperature",News9live,https://news.google.com/rss/articles/CBMia0FVX3lxTE05cVIycHhmUTczbUNQTXpjdHl5NUNxZW4tekl2X2gyY3JLbmlhWUx3RTJZTVI1Z0hXemJOSHN4M09LUU9TTGNVaThUNWo0WUNncUVZdmh3akxtcFNrckw0Y1FlbWRDS1QyLXpF?oc=5,DEL
3eaf257ff96129a2,2026-10-04 13:14:00,Mumbai airport T1 redevelopment - how passengers will be affected as 265 international flights move to Navi Mumbai,Livemint,https://news.google.com/rss/articles/CBMijgJBVV95cUxOSHdZVmlxZlJNbXRnZHVWemtoVWFyaTlhaURHcXlkV2g2QnY0cW0wUUhnTGY3SjRNbFBJVldfLS1iSEdINllkMkR4dm9UZzdnRExfRkh2ejRMM0NQWlNKaVB6WUgwTUpCMWp6RUtRN0xSdjBaOWNaY1dzYjk5TzZvUlJyVDhYS0JFeEFJbENWUFBiV0E4UHdSWE4ybk5ZVVdnc0hRSmFkbVYyU3kxeUhYN25ITnNnQlpOalp3TmpBbjZydGRFNmx5REYwTWxEVHpMb0FUU1ZCZHhmWUEtbURUcUpDc0xKUGV2anZVLUxBdnd6VXJhejhzTmcyMjM0Q0ptc2kydVVWbDAtdGdmdmfSAZMCQVVfeXFMT0phTXZrTFBJbmZ2Yy15YjVzZTRWeWgyQWlFZG94Zkh0azBoYkc5Wk9ZVmxJMzRYQWtjSmZ2YTVoNXNKSzZZS1AwNFBKUmswQ0lYb3BkT2ZPdXN2Nks0Mm9UZ21zUmhucnpzaFk3ZkhUY1RITTQtUHlPeW5PaGhIb2tKUmRvanpHRjBua1FCM3Q3ckR5U1ZNYTFLQ3VXRzNJQkNibjV6MVBBNngwR3lITEJuUEd5N09tbGlJY1VOcW5Vbk1oUTV3b1I2SDF0UmVkdF9jYXdjNm95QUtPTkNUOFQ1Qk93OWhIdjU5RHV5TlVRVFRPaXRqTUlnS3hfYzQ2NlJNeTBIeUd4RkNra0pJZW1mSVU?oc=5,BOM
006cdb3099fe753a,2026-10-04 16:03:19,Bad weather diverts Mumbai-bound flights to Surat and Vadodara,Prop News Time,https://news.google.com/rss/articles/CBMitAFBVV95cUxNQmpiNmViRmpXTmM3b2V0R3FlVW9WWXdXbTRYMlY3MjZEblcxeXJoUDRibmk1UGdUZ0M5TjM5QVZSV0p0ZjFMUHBWcHNIQjJvYTFfNktFLUdURHNJR0E3MXRPQ0hJUHBjbFVYc1UyR09rREdQZGlvcHprcFk2SEtIdXRCRWVoOWZoeGllcUNONlRXcjFOTDNXdER3R1dJUGNVN204Tm1IUW5rQS1ONEZCZFBOOXQ?oc=5,BOM
89a9ee5a55c3ef6f,2026-10-04 17:17:59,"Haveri Weather Forecast Today, 04 October 2026: Today’s Weather Forecast for 7 Days in Haveri, Temperature",News9live,https://news.google.com/rss/articles/CBMickFVX3lxTE5sQTF4VFU0c2lMamR6Y0RlRlVYUlRoTzNjc0Ezc0FWNHFaR19uOVQwRGR1Slk1NTBRWlFsRk4zaFBzWlk3R1I3d29aT2hoM2dPMWExZk9vcmpNRmRMWDcxamlab2psSEJaMndCZlY4SVJ1QQ?oc=5,DEL
c9592fa09a0cfad9,2026-10-04 20:11:10,Airlines clash over 265 cancelled flights at Mumbai airport | Tap to know more | Inshorts,Inshorts,https://news.google.com/rss/articles/CBMipAFBVV95cUxPcGM3U0lneE9GZFlVdGtJUW1oWTFfd2dTT2ZUbGd4UFRYNEhPYzRwakx6cWtZakFFbFBhNUc0VElkOGt1TmdfWjROdHRia1FyNWFPdlk1SUN6bnNkZ2VLNFk0YWZKYldRb0lfbDRBOU80MVVuLXc1RWR2SFpmOWxLalFiS1UwTTliU0lGTU8tTUM5eDRITHNjSUhpdFBDNkwyajVxWNIBqgFBVV95cUxQZnRqOWVRLW5OUWlZc1VzRDNNXzZycno0enc2dFJhR3prTFk2WEdnZFd1M0tuaGxJbVBOVFFCYW0tVzhYcGljVktRUUVpWnVaeDRXcjFwOVA5RG0yZzBUTXRnN3NXUGFzS3hKRTRBY2E5QS1nM3hhNlh0NkIwVjFjaXRrUXBfaWJQUXE0Mmo0X1RkSXpVNUpCY1VkbU5GVDIzdVkzQjFMcl9udw?oc=5,BOM
4f672a99824379af,2026-10-04 22:36:12,Airlines Clash Over 256 Cancelled International Flights At Mumbai Airport,Trak.in,https://news.google.com/rss/articles/CBMinwFBVV95cUxPRTBEQ20yeHZEclRFaUI4aVlWSjdVSlpNckRQRERRbllTZHp0N21mczFyTUw2XzhVWHdFV1dKNXFMakdLQ3d1c0pGX3lVTkVjaU9lUkxLTW4tY0FYSy1ZS1RGVnpYdEpZaC0yY0pLSGl1a2JTUF9oZ21idE1vbGY4MUpCRGNWQmlrOEdTdVQ3eVF3ckZVVEtPZThqRFhLVjg?oc=5,BOM
d5efa0a545b666bc,2026-10-04 22:45:00,Bird strike on Hyderabad bound flight; Flyers safe,The Times of India,https://news.google.com/rss/articles/CBMivgFBVV95cUxPMmVDaFlweFB0NlhmdHhnUExESmNpWV9PWHYzNWRyM2VXeEZqUktRVHBSWExlWGx3dF9BZ2VjNkZxZlBoU3RjVEtZRGtLMVlwdlBId1E0RVJpWTVkTlZpYl85Zk5ob0dFcVNzcUI5THI3YWlSWEtBQklGeVNaQ3RRMzBQM3NYMHBkOTVRdFdjb0tTckpLR0VERmdMQ2VZQ2lwSDFBOVpPd2ROWEJRSVRKVkRvWGlheW1kYnFMR3dn0gHDAUFVX3lxTFBRSDJrbXVBcTMwQzdXMEYzNnFhVXdOdEljUVhsNU1WcWxid1pDVVJtbGVWdWd0ZlZJYTlIZzdvdEpkaFdJX1JUV0NFNTR0cDJtanFSQ3ZwcWVHY0wycmJIU290MEwyS0M5OTgtLWxpN3MzN01YMWNsYkVSa19UbVFGdUw5Y3BYZWdhRUl6MFdYbXprczVBSkZnalAyZ1U3R0JKeXBmSnFqQ0RQX2ZrOTByZE1qU0h0LTFGMnRNSTZRZGxFOA?oc=5,DEL
d11171a72c9937f2,2026-10-05 10:25:48,"Delhi Police arrest two linked to Lawrence Bishnoi, Rashid Cablewala gangs after encounter",Munsif News 24x7,https://news.google.com/rss/articles/CBMigAFBVV95cUxQdVRWeklxU0xGN1VYUTN1WUZLZHRGWTg5aWlLcGRNaFJjM3hmZGtJVi1td1UtTFdPQ2lsLUZrZ092ejRmOWt0OEJzTjN5czB3ODN6WkJhNEhFTU55ak5ISkVTOHBJR1FwMmgzZHJHdkRERTdIRGNya2VoMnBRMVRnYQ?oc=5,DEL
99608ac0e727fa4d,2026-10-05 10:52:42,Negapatam Today's weather,News9live,https://news.google.com/rss/articles/CBMidkFVX3lxTE0yUFR1Ykh6Ni1JQzdnTzUzUDhaaFpLOWxsaGRmXzR0RVR2WVRKbnU1MDRRY0ZVeHhFdDA1MW5CR1JkMDJpa2tlVFlSUkpzRG1xZ2gybFR1NVAwR0NxWGduRTdVV0h5ZVQ0RWlIMEJzY19CaktpY0E?oc=5,DEL
ea0a56d962cdb353,2026-10-05 11:48:00,"UAE flights status update: Emirates, Etihad, Air Arabia, flydubai delays, cancellations",Gulf News,https://news.google.com/rss/articles/CBMiyAFBVV95cUxNd2FKUDVhTUNVNU1NRVN0ZlR0bVpodGE4cHNpRURqcEo0Q1pOVi1uM005MjMyN2JVQ3dTR1dYQU9rTFFBR2RUU1Btak9FZXJybk1EdjVYQVd0RkRhVXpkZWRkN1AyYjExbWQyWmVaUHg3UFEyX0c3TGlpWGJFN3poNEVIbkc3T00wM3pKVWFaXzJfek1WTl9tY0F5Smtod2cwdlFrRV9qZlo5SVlGbnJ5a2FQRGtJU2NrYU9ldm1nbXhXYm9Sdk5hX9IB2wFBVV95cUxOTEl2TmQ1R0djVUwxRUYtZEdUSGxxbE1rSEQ2X256LW5hbHVubTRQOXg5MklkVHZOd0F0d1FkUFFDRkJBUVNKMzA2QU1xUEhJek1nZHpuLVRLY3N5NXV2ZFIxRVhreDlLUG51TFVzcXYybnZQMFAyTE42MG5ILWViZE1GTGUwdUpqcFVRMlRFRjZKOUphRFZqWnlFWnVjWVFMeS11QjEzTzJnY1ZGY2JSam5MbkNkVUx1RzRzckQ1SjUxYkhpRGN0OVIzSU1RME1UaS00aElveTJia0k?oc=5,India
187fa8c9a22ed777,2026-10-05 12:30:00,"Jammu Air Quality Index (AQI) Today, 07 October 2026: Jammu AQI level Updates, Temperature",News9live,https://news.google.com/rss/articles/CBMia0FVX3lxTE9OMVF2bHVaYVhCaGgzeVNHVFN1dXJBeVJuUWF5djBrTHhxWFRjcjFVZ3RMNTJjc0NnYkVXOGtCTHYtWjJYdWh6Nm9feEpwTFRaU2x4SEZsVkRuZzhnYUlhWVdKYTQ5UFZWcVAw?oc=5,DEL
75faea8648158514,2026-10-05 18:35:54,Mumbai T1 redevelopment to be carried out in phases to minimise passenger inconvenience: MIAL,The New Indian Express,https://news.google.com/rss/articles/CBMi7AFBVV95cUxPMTRqZjBmSEs4N05aVUR3bTQ1LWI5eHc2M0F6OVg4VjNEU2NvNUMzWmZwd1pvZEtpelVrWWxxdE9HdERkWkJ2U2ZZOGZsZjlyc3NfdHJNRXZXeUN1LU5DOFp4dnFxd3J5S29taGxhUEd2aUprcWdtUGhGZE9HOWpOSHExb19QbzFmVV85WlJkVHdRSjNFQkF4d2ZIZHBYbnlJQ0lHN0JYOHktcWhtNmZ5U0RCbGE2a2tBU3h2eU94VS1OeDBlRG8td09PMDJ0QlJMYkxHaGFTOGJQZElKbk54aENEQk9aOUJCZ2NlatIB-gFBVV95cUxOeEZVSW9ITGVBSWRaSEpqOWRFbVE4NFJEY001UnJSNXdheE80aUtKUDhYRnEtWmcyTDBsSWFkRUpDX3RqWnJsR09IU2VzZGNpTGM4b1QtOTNiaERibE5IdUlhSHBZYVota0JqcDZJY3l0Ni1kU2ZYYmxoaVN5eExMelo5V0h1SFJpWkpVcVFvYXh4Si1kWksxckRTOU1KNXVKRTdtS3ZyWE9teGdwRXZlbXZjeWJRWlRFTE02NGxQRk43LUViUHdaR1JqT1lsOWFxcThCdFk3dVBTMzhMMlZTRUJnTGlFdXBKd2hYLVVuTE52bTc0VW9UV3BB?oc=5,BOM
974946454cd17db1,2026-10-05 19:14:00,British Airways flight declares emergency after steep descent; lands safely in London,The Times of India,https://news.google.com/rss/articles/CBMiiAJBVV95cUxOTGhHWEkyTXltSWFoVE5qUDNZRXgzUjZ6MHhKSlZDZkp4eE10TFdtYjdSaEViZDVhaDFTcHRKNl80WEFPcGtYZDgwSjdoLXRTQU5XR3BtREpROEx1Y3kwNWNyUUdUb0JMNWNlMEtXWHhXdnd4LXZZaGJYV3lTdVY0c1c5amZsOWplQ1E3ZXg4LVp2LURGZEkyTDk4N0RpS1VSOVlmQmhaemRoWVBPc1RZcFdjS0c1anppc1M2b0tEX2R3NGVuN0JvYzU5OXVuQXVIbnA0dzl3ZFBnQVdiT3lQSjZGTVNra1JHMTNLUHcxcERmVkVHQi1ibjNUV2tvNEpmVFdMNU50VkbSAY4CQVVfeXFMTjVPQjVDU2piUnNYY2RUZVBuYVVadnN6ZndlZW1VekIwb2xrQktLQ2h2bW9CM2tobUY5MXhabkFZc19hOEh2VTVISGVNZXoxU25aVFBkR0hmc0tnVVNlaXcxV09ZT1lHbTgxRWtwRkpud2hVMnF6RXk0bWRFaHY1eHZnY3BSU3NXa2JsNVBnWUNaVzVzYTZ4QUVQa1dIOEw1Q212cV8xYnZkTktTREI1YmJvSTlwSk9nOEo4Y1IxV21QTmJxT0Izb3lNTmVwZzFVNmxQSVV5QUN2VWRadXpzdlpDWklmTWNYd1ByUmVvNFNXYlBHWTFkNExrNHhFQl9DOFdQMDFHNEFsRDVqeXlR?oc=5,DEL
e6facf7af4cfb148,2026-10-05 20:18:32,"Sihor Weather Forecast Today, 05 October 2026: Today’s Weather Forecast for 7 Days in Sihor, Temperature",News9live,https://news.google.com/rss/articles/CBMicEFVX3lxTE16cE01YS1Pbm9IdGVLSlNqNFhINER5Rmp2aW5vZ3k3ZnczMm1nTmZFTEhLcHgyS2kyaGtBRTRtSlIxNXhtV3YtTmI1Yzh6ZXNSQTJESU1oOFN6MzZZRjlZbEY1YXNRQXZDQUI5Mk1Sd3o?oc=5,DEL
095fd88b727640e8,2026-10-05 21:57:29,Mumbai airport revamp: Tour operators see leisure travel take the hit,Fortune India,https://news.google.com/rss/articles/CBMivwFBVV95cUxNdHNKZEg2WlpiMWtRcmpGaXp3QmtSX3gtOE1JZ3R3cnZYam5OR2wybU95c0o3cHlNVlJLX0k4ZHY4cVpqUzJjQTV4OW5WSVBueFI3a3J1Sm54REpKN2hQaUZOelkzRV9aRGZtQW1YdkdTZnpCLS0taDZwRjlpRXhqVFlDOHloeC1iaE9YWktaOGMxQWpjaHFWWUtDbU5ZRVhoc1Vqa1lTdzFMYUg3bS1CRWYzX1R0ak0wc0ZFYlR3b9IBzAFBVV95cUxOSUxlWDVkbjNDLW1NaG8ySjZLbk5uemlEZzIwNFRHWnpBVXF3b3pfWmVfRUdOSjFWdDdvcE90MnJGeFVUbWJEYkM2cm9GVlZXeldQTE1qMWxacHg5ZUhYbzhMUWlPdldYQTZwV3o4US0wS3RQbm53SVlEV2U3blNFM1ROZ1JrdkxDa3FYYm5EaHY1Z1lNMHdIdEZnYnpxWWhiLUVOQUU0RXljakw0N1hRVl9lNTBCMW95WlB3cEFiYWdLbWJNWWRhdDM2Wmg?oc=5,BOM
406f10da6d183cc8,2026-10-06 00:10:47,"Tarkhad Weather Forecast Today, 06 October 2026: Today’s Weather Forecast for 7 Days in Tarkhad, Temperature",News9live,https://news.google.com/rss/articles/CBMic0FVX3lxTE9MVVRJWlNMMFc4TjRURXAtdDZ3b3UyNnJuNlk4SS03bGJqY0NlcngzVkIwOGlCT2g0NTBWVHRzMklUb1FlMWRPelVFOENic2VycVdoa09lQ2NNTUxSdW5SY0M2cm9xa1hueU5MZ25hc3NaTTQ?oc=5,DEL
4a74840753c2858f,2026-10-06 01:12:10,Three Varanasi-bound flights diverted to Lucknow due to bad weather,Rediff,https://news.google.com/rss/articles/CBMitgFBVV95cUxNZWVNaC1YbGNsenpGQ1o5alh3UkIzcG5yVU8zMmQteXVpbXRIYm1zU3pmU2MwUXRfSjB5XzlfNjZsdUlNTzVzSWU2ZUoxaTRlYTEwMGdvbWQ3THhtSlhxUWtqUHA3dDlGaWt0Ulotem05bDBhWDBSRFB5ME8tRXphUDhSZnhQZFJRRGt1RDBXRE40cGxSU1dSYmwyUkFzWWdOWFp2U1RNNnFJUl9yWjg0RDdLd2xuQdIBuAFBVV95cUxNOGJhQ05Td1R4WTVRREpacDRHSnh1cEFyNnZrNWFxZEtDMjkzX1BTN0owSGNOOUlnODlmck8xS1dfdUNnTjRJXzJ1QnNrN2N0VUNjZDhSZmtVZFBlWUppRE02cjlLaWdldlcxX2dfdWZWNVdPbTNZZkFFYkNqTXBDbUhCWlhfLVYwRzFFcVBxSmw0QW9zVVpEUnoxSlFkS3FRQUMwRHk5SVZ2ZjhTRWVTUE0zcW5CQ2p2?oc=5,DEL
aa0530a44f238bec,2026-10-06 13:53:27,Three Varanasi-Bound Flights Diverted To Lucknow Due To Bad Weather,ETV Bharat,https://news.google.com/rss/articles/CBMisAFBVV95cUxQcmJMTHZtaXlZR2RqRkd0WGk1NFRQVnhYd2doaHRKQkFkSXF1WHM1MHdoRzRRZnFRRkJudURPWVlIRW55Z1lkOG1oUEZQUzlRQWRiTklCVVpZNkRKQ09qNTNJYnI2N2xVbF9OR05OTVg0R1VrMnRSWndMWmFtbU5yTUttc2hnRjNRZXdSdzhLekZjQXNDb0xvMjY3d0liXzhvaWVYMkRuMnNFNUxKVmZiN9IBtgFBVV95cUxPMzE3R0ZzamlCalc2SG9oMjlvQUpGUlZPMmNXWEFHaWhCSURuTnlhSEZmNmg1Q2Y0YlJjNlpUWnJpWTh0RUQwZE9yM0hGOGVzWXpabUpNazVfUjZmVzkzRzlvS216SndsVEszbU84bHZHSEZSYjFtUE5UMmt1Tk1yNlhDU3JlQWdkbVhzZEpfQnZGQkstMDREdnpiNXNyeGNGWW9uUXhqTjZxRGtON25ENU1TSWFJQQ?oc=5,India
eea23203ff4fee4b,2026-10-06 14:32:43,"Bengaluru Weather Update, 06 September 2026: Rains likely in Mahadevapura, Kasturi Nagar, Windsor Manor Bridg",India.com,https://news.google.com/rss/articles/CBMi9AFBVV95cUxNRjJIWGdMV3VRbUY3N29BeFNCWHJFRzY4YXNMbEo4Q29zZGJQU0dqYTVPcmlTbTlqSkxqbjBYN3JycjFqZi1IMnVMWjhxb3E3MFFtSVlPTnlKS0FSNERtcXo0UDhMOW9fMzVNY21HbTZsV2FDT2dRMGVkZXZoWXBmaU1lbk9VcHZpVkVVdURyejBHVGFVdE9idV8zUXJvMVpKSG44V2VYRkIxNEhKN1F0YmpqbWROaFh4TUhyVVZXOEpoOS1RMFBGVWw5R3FDY055eVB0S3JLdlc0bGhueG5OamFwbU1Zb1ZWVmFHNzNYaEZfYWRQ0gH6AUFVX3lxTE5kLThHWXN5aExDQzJORS1IMkV2cVQ3WXFOaWtnOHNMaVNIZTdwcUpFTUFlY2FXcW1QN2syQ3o0OVpKWjdYSzdkbzFBOWtKUVRyWGZkN3dnR292bUtFZlV3NlFuMko2RVBXZDRIeUxfWFpGWElLSmZtUmhBYmVSbEdTYTFwZmJmZkhNcUJ0aW1maERDcVB4QXRqYmJIdFlPVlJ3VW9tZzB0dkx3cHpIV1FCVTVUSERwaUt4UXh0X2hDUHhWdjBEQU1vRm95el9FTEI1aWU1WE45R3BnQUFOY3J3MzBXcm55UHliRm9JMndvV2hXQ181c2hqbFE?oc=5,BLR
7e0827b58779dc60,2026-10-06 15:42:27,Dubai and Middle East flight disruption: airlines face delays and cancellations as two Saudi airports struck,Condé Nast Traveller Middle East,https://news.google.com/rss/articles/CBMi2wFBVV95cUxQSlJZblJTOXk0UXlzdDVhVFI3RnduLTRiS1FncHBOUjBreEJkekR1OEFOQk5YZmNiazhiRmtFV2haN3NELXRNRVE1T2FQdm91WDlYZTBnYm1PWEVWVFpaVHRBUkwzQmppTTV0Y2hzLTZYVC04QzR2TTQyNVc4UkdzVUZFZDFBazIzeUhTd29JS2xFUW5FZnBENlRHTzJ0cFlEbE12TFo0eXdVUjgwU1FSM3dkV1FsZEVfR210ZG5qRFVVNktMbnFfNHB4ZnJ6RUdLeU1CU0lGcFExM00?oc=5,India
f91c9d8eb2f82a6f,2026-10-06 16:35:14,Changes for India holiday travellers: Your guide on latest rules and what to check before flying,Gulf News,https://news.google.com/rss/articles/CBMi0gFBVV95cUxOM1B6Y3RfY2hjRXp1ZHVYakpTNkY3WXZhVDB1OTNYQ0hQTTBMN1BIVjRWSEp6T3JfeXE5M3Y4X2NLSlVWWWJhOVE5MmZrYWpydHl2YmNYbHZQWU1kc1VKTFB0SHNvUVRJcUUxWWhNaEJtM2d0UFhCdHJTTk9LR3d4OWFuNkl1Znd6STFyWS1aRFZobkZETG0ycVBHTzFmSVctcklDLVMtbmE3UGJnY0RHMm9FZ2NWSTVFZjg0NnFRWDhKbnV6TGZZMkc5dnlCVUl5R2fSAecBQVVfeXFMTnRXSHliOXpsMEpBMTRadjZMUmNWbFBYclc4WFllUkFzVmdJU2pzX2l6Ml9zZG5Rb0tJaFhIR19uLTI1cDMzUDU2TFYtcmdxOGZwS0lMYmJjN2F5Nk02OVhqbEU4dkdsT0lJeWpxVFZjMWR1dmx2TUhHazVuUlRiUlpXeVFHRzV1ZnRxX0kyLWVmZFNoTWJZeXZRRFRiZU9EeS1OYmhRN1VHdVY5LVRTNF9vdjduSG9yU3lHelA1ZFItaUJQS2M2TWpXQWptMlRYRllRLVVkZHBhczNUUG5zY3JRbVliQ0dj?oc=5,DEL
178d3cb27729cf90,2026-10-06 16:53:57,Govt asks Adani Airports to delay shifting international flights from Mumbai to Navi Mumbai,Business Today,https://news.google.com/rss/articles/CBMi5AFBVV95cUxPNjU3VzdkN1dWaFMzUkJQZUxYbHhWdlRmOGNVYmw3a2lRWVdsXzUxSkNzNHM2UHVhUDNoZTBHcDBqejVTOTlUclFvcmlqTWt6azZPQWcyRHZqSkEycHdQOFRlbER5emtrXzY3cnNzX1BQaGE1Mm9NMm9OelNQZFBwM3RRTzdVRDVNd3Z5VEhnVmItcUxrQkZqNDcyeDMtV2ZwRG00MlBIcmlnUmx3UmJLQzV3LTVsQUxjOERnZmJIQjhuZHF0elZLYUhwQTJYbmcxWE9QUDlaN0x6Nm9DYkx0LUIwTHTSAeoBQVVfeXFMTkZtdWpuSDJib0xsTmFqaGlmZkduVHQ1d3hkeXJ6M2tGREVFOV9SYk1EdExka3RFOGZqWGVDeGpyZkh4LTBfSkJoeEhyMFRYWW9jaUNzTnVid3k0SWVKX1NibDlBTk5Fc2c5RF9zakVuNDBjV2d3ajZqUVllU3FNT2tmZVN2aHBmREw4RmVXNldMMlZ4aTh1VjctN2lQaEQ4bS1MZUpuek9DN3pmNUZLYXR4b3ZPMjJCLW94NHJOQ01DS0R4MC1hTHN6SjhDc0JTNnNlOXlfSmExVTFwVFRpbnFHUXRkQ2M3OExR?oc=5,BOM
6ac553d0336eb36e,2026-10-06 18:02:06,Vishakhapatnam Today's weather,News9live,https://news.google.com/rss/articles/CBMifEFVX3lxTE84UlNxMXV0VlViR1ZSZExsMWRLRTBSZXhjV1VET0RUekoxdHFsVUZwMUVhczd6dXFKWVlfQU0zOVU5aXlTbnhkOXEza1lpQVJUcmg1YmFDZVhfU29MRmRnNTNqVk05VkRIN0EybVZYVWdFTVh3Y19wTEpxNWY?oc=5,DEL
2f6808bdfbdf42b2,2026-10-06 18:44:08,"Mumbai Airport-NMIA Shift: Govt May Delay Transition By A Few Weeks, Seeks Fresh Airline Plan",NDTV Profit,https://news.google.com/rss/articles/CBMi0gFBVV95cUxPaW0zS29sVDVQVUprLXM1dlZhTVlwRl8wRmtwUmhPRFhJNlhXU3Iwcl80Z2RkRGJyVk5GQzJBVnV2QTV6UXlRWDJDb0ZuSWl1dU00ZnlJRW8yZ3dtSlA5VDF5emVmSXFvZzFkYlZtaGNUTkFGNk8tSjQyclpxYmpPb1dCMERBNjBCeFYxbHFpSG5lc0FkcjV3R09ZNzI3RGxwdFgtMWVuYjNrOXZ0VWEyUjMzQkkxTjlrblcyQzFlc24xLVlZVDB2eFB1YlN5YXcxUkHSAdoBQVVfeXFMTVlhVkpoOExkSmNtSXFWSlVtUm9pc3JHdDg0TzhSVThRNl9ja1FVaUZaZjBzUnMzWGdNM2RySFZwMjdiYXFEY09odHMwLTJTX0pBaWNrRm9qTGNCNzBkSVR5amw3LTlJOEdIWmhxMHpycmtQcGM5NUNDMWx0MG5FT1FrSGF6VWtRdjJVVW9WR1k2cVZCYTFiQlFvRXJkbVNoakF4UEJCaDhGZ3pWcU54TXlsaTVZOGRhWXp5TmYtTFFkdXFiZ1VNaWlfT2l3REpxWXFHclZ1cXB6clE?oc=5,BOM
fbfb0f3b6a004191,2026-10-06 19:00:39,Govt asks Adani to defer Mumbai-Navi Mumbai flight shift,Rediff MoneyWiz,https://news.google.com/rss/articles/CBMirAFBVV95cUxPZ1E2cmUyX2FRbHJjNHlHYy1ZakVYMFU2WldIZXlaSnRmOHlidDhoaTUwQzlONDRIcXZ1dVVuWE9YeXZxeHEyWUVkWlBsN2dLMFJBdVVtd2tTZmhqbU9wdUF6SlF0T3Fudm1tS0RUS2N6anNjTm1PeDZrcWlJcFpBNjgzU0w5WlZCbWZQeTF4SmlMQ0JzUHJuUzNOaEVOVU1UbTVGYkIzVzZSRzBN0gGyAUFVX3lxTFBaRk1vRVdYbDVleDI4UVp0elBtOUxxSXQyVGdHd0J1cU5nM3htUWVDUjQ1QWZyd2dfVDhkMzJHZXl0LWZlSk1icGZoSUp4akFGSWlzWm1EdG16MnN4Nl9NclhqUlJJbVhNeXlYWmp6d3J1TGJrM1k3WVQ3YnpHYWNKaWltVkI4X05fM0o0ajlwN1FPZ2dZVHhWSHdWSnBvakN1QVhsWEhVZngzVU5jV0RpUlE?oc=5,BOM
2a518815d93afb51,2026-10-06 19:35:20,Civil aviation ministry asks Adani Airports to delay Mumbai-Navi Mumbai flight shift,Telegraph India,https://news.google.com/rss/articles/CBMi0gFBVV95cUxQdGNFcGlBLWNZODlmWTF6Zk5mbTZsek5QOTVqV2R5UjdlaWNkSDZGemFFRGpieDR2MU9VVlJJV2JwdmRQRk9zN1NMTnlIb1EwSVloNDFVcl9kSjFCamZXVE9DcFlYRWtpTUJjeFFjc1UyMER1UHdXaEtGU3BkdmxhVkZ1RmdGNlJ6alVzTkhzN0lIZllsQ0NEdjhHbmFsaFFKWTRaZzd5Rk1UcHF0M1JTWVJoVTgwYUlGb0hCU1FqT0RIMWlrYXlSYzVhZ2Z6NzBSSGfSAdcBQVVfeXFMTkJVRFFYVXhNdUs1TGF3a0JWNFVUYk1aSUNadTZ0bXpVaC1PWlNkYVBJS1czVGNDQmZnYy1JeFRPRkdPYTNjZ3ppbHJ0ZTlpTGs4UlFpN2tlb1ZpdEZRdFJCbWFhSWtkRm92MmJNSGZqVFpnR2taazRGVl9fSi1qUmFZdHdvYzBHVUw0UldpTDZXS0lrNzMzRm9mWE9TTC1GLW1EYkxnVTgtUG5RUmZReTAwb0w1bGNBcGV4ekt6UHpfVEJlZlFoMjgyc0FmSElUcU13MVhaQ28?oc=5,BOM
c0f9f866908c45e8,2026-10-06 20:38:06,"Emirates, Etihad, Air India Express Cancel Dubai, Abu Dhabi, Dammam Flights on 16-17 March; Check Status Today",Goodreturns,https://news.google.com/rss/articles/CBMi3AFBVV95cUxNT3VsWFJicWdDVVZybFFGaVYydWIzZ1VfdFR2M0w5T3pQQzJNa0lBakRweFB3UWZ0TzF0UWRPNXFFSEt5ajdVbmhHUkJiaFYwREI5Tm9VX3pOYmhOcjlrVFZ5a3BCd3NkVUNoUkxXdEFpMjZKWnBBRkdLeWtpTmFPUmpKdTljQnRrQlAwb1ZsUXpBQ2Nud3dJdlExdFBmVFZ1TTF5QlVwSmR1RHl0b3htWmZBRWFJX2JHUkFtNm1yMjRsT2w1eTRrVi1fb2RCbFoyV0Z3R0ZDZFRyTGtW?oc=5,India
aa2bd7be767fa83f,2026-10-06 20:52:21,"Govt steps in, asks Adani to delay Mumbai flight shift to Navi Mumbai",Rediff,https://news.google.com/rss/articles/CBMitwFBVV95cUxOcEd1SVREU2pzRmhaLXRhcG8zNVUwWTM2Yi1QUmVsbl8yVGFzZWg0dE9QNlVyV2tHbzg2blo2ZXBoNTNaU3h0cW91WGNpaV81X0hxMkt3Qk9PZG8xdmZUYXAwYlBDandyRXdiVTNsc0ZjOElST0xuSzBNcENiVkZfUjYzMVR4TUJVQVR1QkR6T09IeDJGUEQxNVI2NXZNOUpNaEk5NWp2TDlZcW1WM1ZZbzl6MERldWvSAboBQVVfeXFMTnRRdjJ6X1dCRmRwWHF4UDJuejc2YVg0X0ZQcU9GQXNTbDZWWkZnU0FyQWVPYWpLYUY5OWpEQ1Jnd1FqYkQ1cHpxRVF2Y0FmN0MzTkxFSldRU1MwTUR1b0E1VUFoVVVJNC1idDl4N293eWIwWW5FYTRJdVlzN2RBR3VuQTEyZVdFNko2aXNOblo4WFBEdjMyZzJmUzNpSW5pWmczMElGMVlJYWt3YzV1dXB5SFhGM29NSGR3?oc=5,BOM
4ecdb036ec23b7c2,2026-10-06 21:00:32,"Mumbai Airport shift: Govt proposes delay, asks airlines for new plan",Asianet Newsable,https://news.google.com/rss/articles/CBMiyAFBVV95cUxQX3VPbzNkLVNJOFc0UFppNmR6SXd6WjFwWjhqQ3FEd1hOcWotdXhKUzRQX2hheFlBQ19YLUlBcE10OE5iWDdiMHpnY2ppX2NzOE9xRnlWTmhBNU5ya0J6M0d1ZEJwblRpQ1JtNWtnYV9BWmduLWRTWHJDVU44Z053N2VGMFExVHJBVUJqUkdWM3VMZUtsSXQta3c1SF9QTWNlRjZ4S0o5MWRzYllGbF83eW11MU5mR3puU2lzUS1sME81YU93aXhLcdIBzgFBVV95cUxPT2VWcmc4TFROaUlxa2I2X01HdGpOa2ptbDVvUkw0WFpYckhxTmRiYXc4VE14M2hZT2Y4ZUwzaWtLTE8tMFBwSHV3RHNhYWYwOF9EX1RHYkx5bGphVkdDX0xTZFEyV3JzM2k0dHB2OUZkbWFGUDVYeHpuemxRMWo1dnNxTE92cnZFY1A3SE9IUmswSHBpUXpOeW1YVUkwRUhyaDR1M28yaWdibFpwNVNkT2pxeXdXb0hjRHlCRDhSTWZhWTlNUGFLR0I4ZUdGUQ?oc=5,BOM
7f1535f16b4f0b14,2026-10-06 21:37:30,Mumbai airport’s 265-flight shift to Navi Mumbai put on hold: What’s behind the row?,Fortune India,https://news.google.com/rss/articles/CBMi1wFBVV95cUxOaUcwdVZod3lMc3FoRU1MMTNpLUVkQXU3am5uNWQxREtyQjVOazR0cVp6UkVzaEs1X0hQNzJ2RjVQTHd6UDgtZDFRQWpHdVZadzlsbmN1YzNFdnFEelpIbHEyLXpWNnAxeHJjeWlSdzNmOW5TY1djOHhiMGlWV19MYzhYbmZkUGRNandwQXgtT1F5RzNMRG9zSm9CZEs4bGNHV1Q3QnM1WHVUWk5aZks3X2QzQWtqbDQtUm9ZbHVoTWFQVnpkTHY3UWRwTXpvbUpVbmZYQmhTMNIB5AFBVV95cUxPcEJveEUwTmdPZTA2eVVtSWZMZGd4a0xBMFRoRVZLTUNoVzkwVXYyT0lpbnFrTWI5TElUczc1WUVzZURCQndJcEwxcTBKdzcwSTVrcWhfcXo1TDVDVmZ2Y21lcDFKc3F5UmV5UlVFcWs5V3ZHbzVscGI4emRHTlkwOTU1bk5wX2VIZWpPanJVeUJ1TURrLU15RTFDbEtBZlpZNTVFR0l1VnUzYW5FNVJZZ3E4WmhZOUs0N1BuRF9ieW1ybzZvVVFvSGRTdVpjbGo2TjBXRDhDVldtRkRvbnFrWWV2b1M?oc=5,BOM
351bb1d8ccd8b5fd,2026-10-06 22:05:25,Mumbai Airport International Flights Shift to Navi Mumbai Delayed by Government,Aviation A2Z,https://news.google.com/rss/articles/CBMiuwFBVV95cUxOZVV3Zmp5Y0JqRGVKNW5ZTlE1QVd2WlZzVlVYcXFOTVVFUDkyVDlNX241RVhTY3Y3WVdHNnJob3o4NVJ0dHRBWDAzREJONHNlUnJuci02dEZ3MzZZZTh5azdadjlIV0tobFBEb01SMHhhVzhJS000ZG1vMElRMlM3U0xFbEtRcURQWHRmeUdRaVRSU3lYMWNxX0dKR0R6OHJVNXhQdnpxbWdjNFBiQ0lIRlRIaHhOQWF6Zy1n?oc=5,BOM
a80fd317e1a53822,2026-10-06 22:24:49,"Government proposes delay in Mumbai-Navi Mumbai airport transition, seeks detailed plan from airlines",prameyanews.com,https://news.google.com/rss/articles/CBMi1wFBVV95cUxQMFFZb05iMDVOOF8tVVJKWFZtYlc3aXBDaEV3Q1N3VmNqQmdYUWg5RHNqS2xtTUlSNl9HR1h5M2RETjd1LUtHcHY1TWNwRFBVSm96eFNlY1RCY2VBY3ByUy1xb2Zxd01aMHlBMzBnZEl6OENVUk82bW9lN2szdl9xbG92eUU2NVNRMWhCLS1rX2M1X1N6Ri1uUFQzRHpYeHRqamRvSFhRXy0tS2UwZzBjM25KSWZpMV9PVDhoaVltLUJwS0RsWk9ZR1Q4UUJPYU90NDc2RkxEZw?oc=5,BOM
a042c3f34c160eec,2026-10-07 00:49:00,"Adani airports stop processing export cargo to Russia, 150 tonnes delayed",The Times of India,https://news.google.com/rss/articles/CBMi7wFBVV95cUxQelIwZUJLWEFBRzgtNl9SY01yNXhndmY0bHJQVFZ0aFNQQ1doeWoxWTIzN2VvOFhxR3FlYUpCdDN4aHVnN2JkNW15WEZtVlJueXozWGVGeklTZHBkdUZhWndNWXp4SUs0QVBUdm1xRXVFMk42VU1LT2UxRG1wSVptZWhkMnJGWEFxcTlQOEo3RkVuczRYZW0xaVJoaVlpRlZJakM0RnhMMXl1NVhUYXVqUGRHUnVVSDVsSm1fd21rQXpWc1NoWGJIODh6Um9iMVM5bk03Q01kNzFTUl9nSXhXQ1paRzAxeHVxOUUtYlZBUdIB9AFBVV95cUxQTU9NbjJseTRJOHhTSlhvR2VFdC1EMW1qRGRXUjAxNUZ6V0F5VFVJVWdmZi1ITzZEajhFcXctVDdzMFJlVk5yekhXaWc1bGZ5RUc0U0hWWWxsLTk1Q0ZxdGxYRXlpNXBKY3lRRDhYWG56MmZETHpFV0NleTFidXdiZUNRV0dnaWVxMDVGVEFNQmFzWjNRTVBnWjNZZ0ZGNjdGR2xZX25ibTVmdkwweGluMGNkSmJidllKSU5TcW92aXpTWDA4U2tMSmZDSzZLR1lJU3V6aXlmMDZoWHJ4LUZRazhmT29MdHVUd19DZzdsNk5WcWdG?oc=5,DEL
b98cb2e917ca4147,2026-10-07 06:01:28,Mumbai Airport International Flights Shift Put on Hold,Urban Acres,https://news.google.com/rss/articles/CBMinAFBVV95cUxQbHNrNlV4OVpZQnhWS0RxMU1McHNwYTc4WmxQMTc5T1d2SWZLdjVDM2hPd1lsN0F2elFIcGJuVnlZM2Y0Mkc4TmM3WnRMazk0cy1VWUY4VHd4MmxOUEpVdGlmYS0tMFlyVEF3N1JlQkluN3BqTnJoWk5tMHFqQm96NEdIR3NmWkVwamdVRDBXTjZ4bk96WnVKdU9uSVo?oc=5,BOM
e9113575a68cd73d,2026-10-07 08:15:23,Abu Dhabi-bound passenger stopped after live ammunition found in luggage,Gulf News,https://news.google.com/rss/articles/CBMivwFBVV95cUxNQS02eVJDUVMySlJMVjlNSFk3V0JNYTk5X1gyYkJNT0o3anZQZ2pLdlF6ek9EZGdSMkpsSktzWXl6UkRvbEQtbGNxak9DbElfd2kwbVVZYXFOQ3dZdnlvd0l5TnZaaHExN0l5dmRzaEdUX1BpT1M4UGRsbndGX0paa2gxX21qQk9fT2MxQ3d2cWNNYjZEdTZfVHdkY0ZBXzJpWVdNWXdTLTBLMmNfMFYtZzVsQ3NBbldxZ3BINkRxMNIB1AFBVV95cUxNbkYzVFBodW53dkZvZGlja0JEc2pudDR6WVpWai1WRGRzMVllVjJLcjRsS2prRlRoQ3hCRVpyYUs5THBiWU9pZjhaOE9fUmpzb01keW4zRE1CaGhFVHhVTTZqSV9iR2Y2aFUyaVk1Uzlrekcyang4bGRfeTJnQWRPeW5JdTFnWnQxQXpLTERQZzFNOUVwNWJ6WlBDanc2d2p3NE5xQnFxXy1kZkhYNUVlYXRsUFd4REFSR2QtSERpUXdySmNoR3VkcEFKMVRjZC16MnhJVw?oc=5,BLR
422e799713e4153a,2026-10-07 09:15:18,"Mumbai Airport International Flight: Govt Asks Adani Airports, Airlines To Work on Transition Plan",HDFC Sky,https://news.google.com/rss/articles/CBMivgFBVV95cUxOcXJ2aDFkUW1wU2pUem4wak9tbG4zYm1LaTFTYnNPNEpPcm1yX3RncTd6bERaNzAtUmllZ09SeFdndFpYWnpVaWdmVmFrbW1NMG05YTZZQzVzdmROOF93S1oyM1Q0YWl2YWVQeXUtbUtWZDBVRGlrd3NfelVpNFFIOEZJUTM1VVJ1MGxnekNuc0diWXJVTVZTczZPWGdDekxfQ3dmRmxyY3FyWjZuX1JsNWtDZ0k1OFdQeUdydFp3?oc=5,BOM
3fdd62a3dc5ce2e2,2026-10-07 10:57:58,Mumbai Airport’s Terminal 1 is shutting down for 4 years. Here’s what you need to know,Condé Nast Traveller India,https://news.google.com/rss/articles/CBMiuAFBVV95cUxNRm1hOWNpeEUwOHRVR2ZMLS1sWkoxbzlmVjd5eWpWcm9XZ0txV1pvbFlPTzRzWWZtUEFxc3hNVGZnbkcydWhRd2JZUjU2Q1hveTBodTBoMkpKRHJjLW1GbzNabHd4QWJzT01JbUotNjBWd2VROVZLeVJ3REJDdXcxY3c3XzBRM2NqelEwMU9aV0Y1Y3RScFNwaWRRd1hrTjhnc29tX0VBclhiU3ZFMllJNk9CWWp0SER6?oc=5,BOM
4f983b8bcd83b017,2026-10-07 11:05:13,Navi Mumbai airport shift likely delayed by a few weeks,Pioneer Daily,https://news.google.com/rss/articles/CBMiqAFBVV95cUxPa29FZUNFTGZmb0xXMVRRT2hXTkZJcTMtQk5kZTBGcE9jNzJCR0lLVmxBczgwSkZDSFVyb2xyaWZJZ0hMVENSeE1wdk5TbXpxQWs1dFdzV290RXgwWjZsX1djZGY2VkE3MWdhQTc4X0ViMFg4V2NwUFByZW5FUVRzVXNqejIzV3JqU1hkaGJBZHhjenRESjRaMVRnbC1teFhQOTZxdlc5TGM?oc=5,BOM
289c2dcd0b5f6c3f,2026-10-07 11:42:55,Navi Mumbai Airport Flight Shift Paused Amid Airline Concerns,Urban Acres,https://news.google.com/rss/articles/CBMingFBVV95cUxPWXlwNGVTMXVsVDdaV1BsZmZzeWxLYVZUTURmQXo0RHRqN3BBM0R3ajFYeDdLMW9fMVVyOEpReTRyVWpKNXJwaGhxdms5VGZsQVVfNFY2ZnFzN001d1YxeVBHRE9lTVZ1TmNlZUljVVI5RWQ2cG03SDJ5MlcyMllEMlVBQ1VPZDFxOVpvbDBiY1dvSGY3MnZOOW5Eb3ZWUQ?oc=5,BOM
9684918ee8e7498d,2026-10-07 12:10:30,"Asia Aviation Chaos Oct. 7: 4,425 Delays & 274 Cancellations",Travel Tourister,https://news.google.com/rss/articles/CBMixgJBVV95cUxQeWt0eVVYbElZdklRQ05EX0FIZS00UHhEY1QwMkk5emVtX1NOaEFXVWEyUzVKSVVPbm1MUUJPczF6MTBNMHhHNmlWLUx3ck1FVm1vaUJhVEpXeUozNlZJa1hqR1ZPT2k0dl9FLWhHSGhYM3hFeXRzRTgyRWtWSjlHSTA5ZExqb0xIbXVVYzRGS3lkZXRDNGxab1NmNTZpRW1VUmhyUGcxQ0g5djh3dEgtZXVuWHVRX0FOX3gydVQwcG1jc3BFQ01kT2lZbGVWQmdMMERjLTRhRXJWT1U0dDFySmtqMDFJZlQwWV9BTk80am1LSGJuSW1oaTdraEs3ckdTZE1aUl9la19VYTdILTBlaVpCbi0wWDJjZzZZaVlmOU5FVHBQWFpQaTNZSmhqaDQyU1hkUVVnc2RIell2N2lGdi1OMlIwQQ?oc=5,India
1ef5ab9fa8540749,2026-10-07 12:31:21,"UAE flight status today: Emirates, Etihad, Air Arabia, flydubai updates and schedule changes",Gulf News,https://news.google.com/rss/articles/CBMi1gFBVV95cUxPTkJmZDgtVVlJaElscHE1M2I5emZ6OVM0V0FIWlZTd0ZpYlhHbFBmdVFUa3ZNZWZOQTlRRFhZWm9oQmYyOGM1cmhxUWVOejY0Q3lTeXNrc2xFb1JFN1hBVlpuc0JNV0hwUlY3dHVrRE5VaWI5bWMtamRKODM3UDE1dWF1NDVtN0JWVkFYUkVySUthT2pjaVdlTW9MbFVpRDc4a2tCcF9hMUhMNmswTWcxblQxZ2lpbEMzVlRfSjkyNUNod0prWmZDWDVxU3gzdEJ4b0pGMVZ30gHoAUFVX3lxTE5tZkg5Y0JLTHBadnQ0YTBGVUJWbzkzNmtVdzU2QTRUSVhrbE5SWllTdTZBQXFDWmNkZTVTd05yMzJRMkQzVVp2MkRjVDRkSm9yU3FQZXA2WENXa1hXZVN1cVl6M1VRekFUaGI3WmFPdFlwdlk0cEpSQ2tjUzh4RGVoUHU4aGItbFFrQTFPbnE5ZERONHZVUU1wY0hPTlBmcjBROEhsaG9QLVQyWXZKTldmaXJHcTFyYlhFMUJTOG5MM0psb0dsSnQ1ZURIdmNTYUtTaGx2UG1PQnloNEktQUMwYmlUcGduVFI?oc=5,India
8935d656eb929ba1,2026-10-07 12:32:02,Govt asks Adani Airports to defer partial shifting of Mumbai airport's international operations,ET TravelWorld,https://news.google.com/rss/articles/CBMihAJBVV95cUxNZThOeWxEcnh4RHRNQWYyMTlmbjVGY3VzN29HTDFtcngwRF9SMEZnNHNlTGFfNDNlUHlhMUFRaVdWcldERVRkLUM3djhRdFp3YXNLS29tdC13OTI5dkJLaWJ6V2p1Z3JZMDNjR0RROXNybTVLRE5SRWF5NGc5Nnc5TjNya3MzNlczV0dOR0lINjBWbkJWeWFoamdVcEtUcWZvTVBQWWdnSFR5SjRGYWxuWXhBRFhrTW9UODYzUTRVcDd0cWJRX0h5SlV2NzV1NmVQeVNuaEREeHlnU3R2azJGVEdzaVNRSHg0OHlWdWVhRUZKVU5ueFZCT1lWbjdnblN5SUtKQdIBhAJBVV95cUxNZThOeWxEcnh4RHRNQWYyMTlmbjVGY3VzN29HTDFtcngwRF9SMEZnNHNlTGFfNDNlUHlhMUFRaVdWcldERVRkLUM3djhRdFp3YXNLS29tdC13OTI5dkJLaWJ6V2p1Z3JZMDNjR0RROXNybTVLRE5SRWF5NGc5Nnc5TjNya3MzNlczV0dOR0lINjBWbkJWeWFoamdVcEtUcWZvTVBQWWdnSFR5SjRGYWxuWXhBRFhrTW9UODYzUTRVcDd0cWJRX0h5SlV2NzV1NmVQeVNuaEREeHlnU3R2azJGVEdzaVNRSHg0OHlWdWVhRUZKVU5ueFZCT1lWbjdnblN5SUtKQQ?oc=5,BOM
8989e60b85f1d1ab,2026-10-07 14:40:21,Mumbai Airport Flight Shift Paused: Navi Mumbai Plan Delayed,Travel Tourister,https://news.google.com/rss/articles/CBMi9wFBVV95cUxOSnZXVE9zcTBPcjlTNFBoanlfbzRlMWoxRUFRRmJGb25OSGVYdWk0eGx1aUt5cnQxTEZrSVRpRlJaUmxSbnhQZm1naU05MzdBRUNHUTB2cF9IZTkzT2FtcFZlWVFxNmgtTDNWWUdkWXhFeU9OZnI1SW84ZVIwZHVrZTlsRzJyVU9tWi0zOFBGa0t5ZGNuV2t0ZGFwbEZfVW11V09JUzlMRWVNMnFBZjBYbllFSmJtYmhvVjJLV1dkUjhZS0JJT1BwYnhpa1VydUlvTi1KU3pyeDFZbzZsWUxUaHR5UC0waElNZWRFVjEwcndXT05WX040?oc=5,BOM
c943bfe48d461777,2026-10-07 14:42:25,Mumbai Airport row: IATA asks airlines to cite MoCA slot rules at October 13 meeting,Business Upturn,https://news.google.com/rss/articles/CBMixwFBVV95cUxNTmI4VHBBN3h1N2JmZ3R6SjAyYW1adEpxM0Q4ZWlLUE5iMng1RXpzOHRVeFN6QkItSGpQbEo1WExDTkVqS0lkb3kxdVJXRnVrMkJBaGlvRFF4c0pIclhsVTJ1YlpTU3Qwb2RsZEVYdXZuT0hQdUhJSTF1LXpQaHgwY1ljMFVpVW5aT0UzYWtkdVRkMjRlRWR0S2NsZlI5TGFSTkM0RGlYMklsYVNKRUdLbGlWTG9OdVRzY002Vlpzd1lKZ1dYR0ZB?oc=5,BOM
498cb1dbcee481d7,2026-10-07 15:04:36,"IATA backs government intervention on Mumbai airport flight shift, calls for airline consultation",Moneycontrol.com,https://news.google.com/rss/articles/CBMi-wFBVV95cUxPc2ktVnhsaXlvYnpadUJPNHRZY1lSZmNzdWNTM09fdGVSZ2QwcVVjaXFkM0hPQ002bzNBZ0VMSWtkYnBfTGRzcVRMU2Y5VWg5NF8tVWhxVE1aTGtwcFpQZ3ZmdEVTNUc4MlhMUnoxSXMyZm5nb0I0WGhNRGQxQ3FYUDJlRGhNSnBaR3JmbXVFNmdSTFo5WHMzNnhqbVJOeUlic1JrQldybWJManhub0d6ekpvQUs1YWJkY0xrN0liZUllTkxYY0ZPSklPU2F4eWR5aTVTOXRJY3dCZThTLXJSWHU0RFo2U3pmTlRTa2ZEV3ZnNzNKQUQ3ZV9yb9IB-wFBVV95cUxPc2ktVnhsaXlvYnpadUJPNHRZY1lSZmNzdWNTM09fdGVSZ2QwcVVjaXFkM0hPQ002bzNBZ0VMSWtkYnBfTGRzcVRMU2Y5VWg5NF8tVWhxVE1aTGtwcFpQZ3ZmdEVTNUc4MlhMUnoxSXMyZm5nb0I0WGhNRGQxQ3FYUDJlRGhNSnBaR3JmbXVFNmdSTFo5WHMzNnhqbVJOeUlic1JrQldybWJManhub0d6ekpvQUs1YWJkY0xrN0liZUllTkxYY0ZPSklPU2F4eWR5aTVTOXRJY3dCZThTLXJSWHU0RFo2U3pmTlRTa2ZEV3ZnNzNKQUQ3ZV9ybw?oc=5,BOM
38757119f069959c,2026-10-07 15:26:43,India pauses Mumbai airport shift after airline objections,https://streamlinefeed.co.ke/,https://news.google.com/rss/articles/CBMilwFBVV95cUxNNi1VWExNaVUyTlVLNHVPSVJCVGJrR0FSN2loSlRBNmpyUnVXWHluV28tVjJTbER4WG84elFrQ0pPbHhFVndzZkd2OXNlVi1xV3hkR2JLMVdfR0tDTWpoVDVtTE5IY29uVFNJTzRLREpBUXBseWRSVXZEcGhqVEQ5MEY3Ync0VThxdG1Wcm5TUGpkMG1wUENv?oc=5,BOM
5f78494afe497be8,2026-10-07 16:10:27,News Exports stranded as Adani Russia-embargo creates Indian air cargo chaos,The Loadstar,https://news.google.com/rss/articles/CBMinAFBVV95cUxOMXNOaV9pa2VfVGV4OWlrUmdYXzBiQk1ZUDEyTldTR2x5QWpjN2dkVkxoZHhlM1JyM0RkWGtMcUZVNHBlOUNLd3g4SGZnX0JDSWNYNTNialgtWkdncXFxcEVzeEhwX2dGOXNZeENHX1hTYVdkZ3VxU0FXTVVGTXpCMjJXNTZhSjhEUEM0MEhSRUo0TUxRWHZlSGhjOHM?oc=5,DEL
d1a53bbfb73bfbeb,2026-10-07 16:21:13,Mumbai airport flight shift needs transparent capacity assessment: IATA,Business Standard,https://news.google.com/rss/articles/CBMi2gFBVV95cUxNNldOUGFxdkxoaE1KbUgzVmRFOGZRbTFoOWhNRTdYQmlOeS1UVVQ1Q2J2VkpySUVCUUE5a3ZtczV2ZmlCeWNWUnFQOVBtVDlzRjZpbUtFRlRZUDEzWjJlTXpuYU05QU9vX2szdVN4cWVmdWsyYVpNZmhrRGEzSmxHQXYyU1dsTUNiMU0zQXp6X1pidGpQaVh3bHZkZGVzV3RUV1JWYXNZMXlmckdybjBVUTlLWHNSa21kd3pIcGdOR0kwZnlsT2tuS2pQUVJXdExkVlBqb0dUZXZtZ9IB3wFBVV95cUxOWm5mM0d2NVYweHpwWEVhMGdKd1gzRWpfMzJBTHhxVU1tdVA5UGY4RE1LcjJaUG55QnJGSmVHU2F5ZWlpTVZXLWtOTnhRVmlaSUQxTi12MkxtZy1weFVoTlhEV01zbzNqVVBheEpRY09JR0dVZTdQRmd2SjhYMGt6ZmI2ZGxscmlxdUtrc1VfM29DY3ZTZk8tTmNLVHBKbUpNQVRIa20wV1g5VVF3LS0wTUUtbEEtMkNwa2ZqcFZRUF9tYnZ2UHFVNm55VXgwZk5oU1RPTjFBV2tmUTAyUHZB?oc=5,DEL
8fded1b215ff97c5,2026-10-07 17:03:49,"IATA seeks transparency, consultation over Mumbai airport transition plan after stakeholders meet",The New Indian Express,https://news.google.com/rss/articles/CBMi5AFBVV95cUxPQ2NRcy1lMEE0R2FCZF9YVzFCX0ZwRW13RFpvaTl0a2U1TklSY3lOMVRyQ25rX054Ml9jN0RfT2FKSVp5LWl1RGo2SzRjNnFlZEZNMHNGYVZUcFdGQXpZb0VGUkpBaXpwb2Y3d3VhclZ1clQxSjhsSEp4TldQeTJEejFwWnU0cDJuUkw3WWRXMVQwVFpYN2hOUG1oR3BvVEZOWVhuX2dwLWdHZWxtdWlCVkJfREctQWIxWGxHUXA5ZVBTenMzWkVSbzBjTzJ4aXJQUWJnWGE4MkZiVjBuZnFuNlpqenrSAfIBQVVfeXFMUEpHbW1zN2pyYVZucm8tMlJQaXZNckF4V0ZyMVM1TUh2U0pTMFhnZnpQdENTS3RYXy0tdzlmWGdnei1rSEdaN3htZTJrUDBLSWhUc0FidVRfVUEtYXlSNGVyY0o5ckppU0F0LVZBeHJhLXZCNTA2YUcxeDZfMmdmUENZVGcxMzFVUlBUSzlJTzJTZ1JOOW00LXd0dXFMeDYtMVE1dGpRelFzMTlLSkxVaGFGaWNyNFhVeDNoQ2d0YlBhb1g5SHhrQk1HdDVDeXJDWWhtR3hwQi1SNTBtSjU2eXhxYks4bGp1dFZrRjczUDlWX1E?oc=5,BOM
161d4d86d2e61f6c,2026-10-07 18:57:43,Why are airlines fighting over Mumbai and Navi Mumbai airports?,Mathrubhumi English,https://news.google.com/rss/articles/CBMiugFBVV95cUxNeFpFbllsMUx1ZmJzV3hYX3JQRkFRNHRGS1prZTR6TWhXbThJWFNjeHB5NHRRS0NhSDJUUmh6MHRUdW11cnFZZUdMLTRnQ0t6YWl2QXpncVQ4M3JrQWp4TmZvd182R2F5RzRicUIyODAzNFFXN3RfWWpxd0xCR1BGcjRJeGp0cnEyX0dwWDRPSGtlZ2JtRXlmU3hNQXUtTlJ2VW9GQWtBYkx2b0hkM0RvSTloZ25rUS03dGfSAboBQVVfeXFMTXhaRW5ZbDFMdWZic1d4WF9yUEZBUTR0Rktaa2U0ek1oV204SVhTY3hweTR0UUtDYUgyVFJoejB0VHVtdXJxWWVHTC00Z0NLemFpdkF6Z3FUODNya0FqeE5mb3dfNkdheUc0YnFCMjgwMzRRVzd0X1lqcXdMQkdQRnI0SXhqdHJxMl9HcFg0T0hrZWdibUV5ZlN4TUF1LU5SdlVvRkFrQWJMdm9IZDNEb0k5aGdua1EtN3Rn?oc=5,BOM
322209ab36020d3e,2026-10-07 20:07:00,Mumbai airport capacity row: IATA urges MIAL to consult airlines before shifting 265 T2 flights to Navi M,The Times of India,https://news.google.com/rss/articles/CBMimgJBVV95cUxOQnBRNnpuc1N0SF80dlBaSjVjMkdROUI4R0J5R0Fld29YU2JVVmlXaUhxb2xBbnktSU9QbndYdS1MWlAxR250TmVCNVhCb1BBU2NmT1JRVktudjVOTnJRX3pvNUFaMllYeWhmWkduME93STk3Q1YtLWRUXzZEQnhxR21abkRib3Y3ZkNITWtFMjBWeVJTRUpXQ3hPSVVOaUxNNlRGUHlsWnA0QldiMWZBbzJqUXpRQnlRQjZzeDZQMmpRRXAweEVpWVBDa1NiNjZWVENYT0NCVVZwOUQwakI5UmFVWGVYUjlZVHpCdWhqU01KcEoyOW5EMGZINXMwQ0FGMUw1M2tGVTNBS3V2M1RiMDYtOU50a0hDOEHSAZ8CQVVfeXFMTVRzam4zNlNwRnQzT3dBZGM4T0VEb1hBZTR4YXhmTmV6YktTeks3VXZlei1rN0RVVHYtd0xJeVBwd1RuYks4ZjN1X1EwVUJYNEgtZnVhbW8zX2hFT19zRlhwNHE3WmZVSzJ0WVJCaERQOFMyUTR5MnJHVGt2Vy1VSU9EclRfek5WZ2pwUGxkLUFEY01fOTlqeUxFTlpCakJDMHFIaE1oWmUxdWgtenVuX0ZPeDJIY0hQYXpNSW9EQkJPTnF2QlJfRzJmLTB4YUlZaUx1VHp3a2gySDVWRXpkTTJRUXcwdF9lVzZOeXJOZTdrNjRlSHVKX3k3eFpmZWRnbjNneVhRaElWNkU1NXR1MHdSQ0pTWUZONHpTY2Yxdlk?oc=5,DEL
2a91e194d7b91ded,2026-10-07 21:35:00,"IATA cites slot rules, backs airline consultation, demand-capacity review in Mumbai airport transition",The Times of India,https://news.google.com/rss/articles/CBMihAJBVV95cUxPUzBpSnh2TjMxQlVJY2JxeGtzZVdVemE4RUE1aXVHYVl2dm1tRzlRVlVGMDZFTTJNVHRwVDFOTWlTWmtxRWlyMVJ0d2laUGxfU3F6TE1pRjJOcU5yUnpES0tKYUl3bDJ3dGdjeTNIeTBzX3lfX1dQOW9hTFJTRGFvbmJfaml3RE5IaElfNGxQWHpsaEtfQWFZZmVxTm9BdHFXMENMTXEwOUtRRmZNNjhyTnBpT2U3d0MwV1EwTGhkaWwtTG5aNU9ndEp5Z1BGSjNOYkdCaXdRVlg5MHhwYk5KT0U3X0JZcDRmcmgzenhwQzNvb2pKUWJaUjNqMDNQNTVEWW40bNIBigJBVV95cUxPd2JHZV8zOXhLeDRzd3Rya3VtVWl1a293eDdIMFlKakh0dk5EZUFDVkJCZlpGXzVOdVl1QzlYZm9wZ3ZMZlFYT2RIamR3NUhCalJjUDFBTVh6VEctV0t3TThjQkVOemhFTlg5Vk5XbGg2VFVCc2JxY2FFOWtyVE1FTFJKall4OUlIME5UTGg4alRvdTV4Rk9sMGxTSmxnY1FmMFFLYk1adFh5eHV1Um8wSVotOXFZRlJVNnVQbEJhUnJHdVRIWktHYlhQcHJkcXBtVUlwV0F6ZWFmTkVZNHlzZW1aUzJrLVpBbloyWUlUeHVSaGhwVVFReGdTLXRoZGRISDMyV0xLYm90QQ?oc=5,DEL
0e793120f749c672,2026-10-08 08:22:02,"IndiGo flight from Patna to Lucknow makes emergency landing after lightning strike at 17,000 feet; nose damaged",The Tribune,https://news.google.com/rss/articles/CBMi8wFBVV95cUxPTTVfT0hsclRHN3lwaVZGeElEeDQzQUc1RFVHWDBIdDlST1luZVU1VW9ISS1HSzhIWFhySDZYM0xvNnpGUnBzaDhLTEZVTDk4Z05iRkh1QTdsdF9JNHkzakhQRnFoUjZlT2Z1OFJqdTMwbmVlRUdWQW12QXIzbUR4YWxuNkhwYlJkVnB0X1AtbnA0djVjOUw4clRWS1BjZlFMMDVoSVMwYXF5bUoycDFjWDZkRnhqOGlDT1N4ODRrSlIyei16Nlp3czZwenVXc2xfLUNLUGZzVFBFY0htUUJaQWgyV2xiNlhacG5qczA3cTJUdlHSAfMBQVVfeXFMT001X09IbHJURzd5cGlWRnhJRHg0M0FHNURVR1gwSHQ5Uk9ZbmVVNVVvSEktR0s4SFhYckg2WDNMbzZ6RlJwc2g4S0xGVUw5OGdOYkZIdUE3bHRfSTR5M2pIUEZxaFI2ZU9mdThSanUzMG5lZUVHVkFtdkFyM21EeGFsbjZIcGJSZFZwdF9QLW5wNHY1YzlMOHJUVktQY2ZRTDA1aElTMGFxeW1KMnAxY1g2ZEZ4ajhpQ09TeDg0a0pSMnotejZad3M2cHp1V3NsXy1DS1Bmc1RQRWNIbVFCWkFoMldsYjZYWnBuanMwN3EyVHZR?oc=5,BLR
63b98a2d424139e5,2026-10-08 08:56:00,"‘Last warning to global airlines’: Houthis attack Riyadh airport, warn over Saudi airspace",The Times of India,https://news.google.com/rss/articles/CBMi-gFBVV95cUxPM1NJQzU3WG1wNkNrNm5JbXlMRUZWVUVVZ1hCOXN5YjRmTG1aalBPeTdhckhUYjdJbGdBN3BKdUFQeG1xRms0bWFvWV90RV9WVXRlU3haeWd0ejQ3dUlWNFBBNllrejNWMW5oMVRTZ0R6ZTUyS1NOVUF4RlVpeWNYUVJBMFdPZ1c5Z3dsWEdZb1g1SDBTamZnQjJZS2JtWm1TTGtMbDdxeExWVGQ4ekVlcnRHeHp2QkZySDQtOWtRNWhGMG9TdWN2YlZRWkpFYU95SmxPRldEdTE2Mmp1SFd2OVVSbkNqTGhkMDc5NElRRWVsUXVsN2E1M2NB0gH_AUFVX3lxTFBUZG9mUVlUQkp0UjNXTUZ4RGM4bFRWRXB5MW8yMHJ1ZkJRM01LaDVOOUI3Y1UzdEdWQnNLMFVNaEZyUk9UbFUySFR6RDBETGhMM1p1SWFqYmxVNzhDR2lNYjhfWFhIR2x4N25yVDJnWXR5T3ZJS2gwak91eFd6bGNKTjdTSGI5Q2RkcXRLbURGQll6emxlZEFxdEE2blpLajU0aGFiYmU4SDRtanAyS29POFBmaDAzcUFKbXVVRXJIOVdSRnZVVHZaV0RrdGt5dkJheWJ3S2RZdUV6cGdLTDF4Y0l4bHBEdUVDcVlER2pNdGJWNVF0SkpMTTBvUnBSdw?oc=5,DEL
31e9a26c7904f964,2026-10-08 09:42:25,"Cuttack Weather Forecast Today, 08 October 2026: Today’s Weather Forecast for 7 Days in Cuttack, Temperature",News9live,https://news.google.com/rss/articles/CBMic0FVX3lxTFB6VTUxZldKcklISGxNZ2w2QVdQYW5aUm93cnJfQ0s4ZENQSlhIREF5U0dmUlhxeHNFTlptdVVKencwVDlJTzRtUEhjR0NYaFJmeTFxX3J1bU5MS3BVVXZXWlRyMndTeGFTbzI5MTAta0ZoVDA?oc=5,DEL
43a60be626ad7860,2026-10-08 12:00:00,"265 international flights may shift from Mumbai airport to Navi Mumbai post Diwali, not Oct 25",The Times of India,https://news.google.com/rss/articles/CBMi-gFBVV95cUxNSTJYYTRyOTZneTMxWmpwT2xpdG1YZGx0V1BpYVVmUUVUemQ3VW5XSEF1NnNSRllhSTlCZ3BrRXgza0xvcGZiQ2tfMnRoenJsaDBaT0VGOXBvUC01UERVVUUtdFJFRkQzODVXT2VPMEJOdTlBbUMzemxncUktMENjcnpHZlhEbGtJeGtFaExIWHNoVHNzazVDeDQzQ1BmNzE2OE5ZV051NGZ3SjdIV05PZ2RROEJqVnV1R2VvZGdUNGFuU3VPMEI1cXZ5dFBuaWYzR2ZnRnUyQlFjYlYxNHk4WlBZQVlCWWlLRTRhN0pla3NlLTFGdkNMbEVB0gH_AUFVX3lxTE1CcFNWSi1GMUFHRUtRbUwtOUdvUHhqdlY4UWJwRmNLM1Y0QVFqNm80QmoyMVh4VE5ZWDY5WFFhNmk4Si0yQmtNYmRqdUo0X1JLTi1kTFFZYXhMOW9OOGZSdjA3czducGMzeHVyM0s2b2lWejhfNGlfU2JhbmtRdlVHTG53S1p6UjZmcnZTWnNrRjE5ZlpUWUU3V0hIZWlKMHhTeFR4Mk9VdnZKVmVxQmUwdVBVeDV3VXZtRTVzZHNmYVhia25hQzNrQjdLMExIRUFBOEcwYWdOYmtFYnBWbklhUkR0M3NrYThsVU1BYUhBcWtUZTh4QzdmV2kzenJUMA?oc=5,DEL
33735bb81fcdca79,2026-10-08 12:17:56,Govt asks Adani Airports to defer partial shifting of Mumbai airport's international operations,ET TravelWorld,https://news.google.com/rss/articles/CBMigAJBVV95cUxPaFpjWmpjQXE5aHh1bHVHMFNUalpFbHZRTUk2ejF5MVRHeEZCREhVaGJ6LVd4Vk1peXVaWVNYNFJtX1NzSTZiWWNhdkNyeGJxNnlyeVhZdzd4d0JfU3I5OGIwcmVtQzYwQXVnalgyVXRQZUphMHdCakpXNHg0bW1Ua3pxNDZZT2xzY25FdE0xZkwzVkR3VmMxcXJheTBtSjNYYkJTTVpDdzBrTl9NZkdXOFpQU010aXZjQkdRYUVWNVRKTjZFQVJvWVRIQkRfRnFxdkNacHIxRjhHVDJfMG9oS2RzQko3SmZwTGdacWI4SXBCNEtBQVNuSG42dGRtTHRx0gGEAkFVX3lxTE1lOE55bERyeHhEdE1BZjIxOWZuNUZjdXM3b0dMMW1yeDBEX1IwRmc0c2VMYV80M2VQeWExQVFpV1ZyV0RFVGQtQzd2OFF0Wndhc0tLb210LXc5Mjl2QktpYnpXanVnclkwM2NHRFE5c3JtNUtETlJFYXk0Zzk2dzlOM3JrczM2VzNXR05HSUg2MFZuQlZ5YWhqZ1VwS1RxZm9NUFBZZ2dIVHlKNEZhbG5ZeEFEWGtNb1Q4NjNRNFVwN3RxYlFfSHlKVXY3NXU2ZVB5U25oRER4eWdTdHZrMkZUR3NpU1FIeDQ4eVZ1ZWFFRkpVTm54VkJPWVZuN2duU3lJS0pB?oc=5,DEL
a4bc4d21a0d9226e,2026-10-08 12:28:02,Dubai and Middle East flight disruption: airlines face delays and cancellations as Saudi airports come under attack,Condé Nast Traveller Middle East,https://news.google.com/rss/articles/CBMi8gFBVV95cUxQN0h0OEFYaWo4WDVSMW5ZTXZBMFZPdnlnMm9TbFltVDR2eXF3VkhZMjB0ZkhHeEFCeml3TjUzcDNPZUZxT1I0clgxNlBLOG03Y29nTWFxcHZGYVNaZHJ0Q0xTZXNqRHNaT3BnX01aaWZsajVDcFBpaC1TYXY2bEhPME5GQWVmUElKNXZIbjc1TWRCb2Z4ZFlYTFB5N0NmWVQxRFZQS05mTVU5LVF2c0VkbDViTVNyTTlFeFgtZ2lIT045Rm5PeUVQN1duX21XRWo3Vm9YRG1WRHpHR1R2Y2lkZXpfUTNLMGZzNF9RY3RFS1BKUQ?oc=5,India
a0289cfcae725c40,2026-10-08 13:38:00,Noida Airport: IndiGo Noida-Lucknow flight delayed by four hours after technical snag,The Times of India,https://news.google.com/rss/articles/CBMi7gFBVV95cUxQX3dWVWFWZ1V2WVE2Mzlwb3lNWDVZeDd3eHgwczRWM2ZBZVNndk1fWmhjVjFOS3dkT2VXSVg2ak95ZENRM3lIRC13UFN2V2owZGh4M05kdTVENnV4MnRiV0lBb3cwQWtMRnphelBTaVROWjh0UXNDdTVHcG15aDAyMV9lU2hoeHZLWjZXYjVHT0xXMmFvMzFYYkdqN3NPdzJiNkU0MUJ3emEzZ1UtazRMRXMxUkhEbGY3OHpGR1RvUzVQR0ZuTmNqWlRfdnpGa3laRVR1RzdMMUM1MmUxOTg3dUdOd0dDanN1VXZqV0tn0gHzAUFVX3lxTE1zVE5XVEotQWtwX3hrclV3cmxaZzRmOURIaDBITWc1S0hLX1BCemhHcFRvSUR1OWN2YlBsa2JpM2p4M3RoNFZwUWVjNWk4OGlPVVF4OHYyUGZacVk5aWFoOGRSS2ZKcjNaamk5Uko4MnllOUlZZ0lROXZuQUZXei1DOGgyUEkxMTdlcmgxazFGWVNOUVV5OGhCTkZyempQNkhFeE02cGNOa1ItZ0tGLTVQNWZ2SktWNWU5VGFKeGN2d1htWVBRbjV5MWZFV2ZvM00yb0U3a1ZmR0cxOFNRSDhidFdPTC02dEtLN2NCNTVTQ2RmUQ?oc=5,DEL
39fbd34ddd646d1f,2026-10-08 13:38:00,Noida Airport: IndiGo Noida-Lucknow flight delayed by four hours after technical snag,The Times of India,https://news.google.com/rss/articles/CBMi8wFBVV95cUxNc1ROV1RKLUFrcF94a3JVd3JsWmc0ZjlESGgwSE1nNUtIS19QQnpoR3BUb0lEdTljdmJQbGtiaTNqeDN0aDRWcFFlYzVpODhpT1VReDh2MlBmWnFZOWlhaDhkUktmSnIzWmppOVJKODJ5ZTlJWWdJUTl2bkFGV3otQzhoMlBJMTE3ZXJoMWsxRllTTlFVeThoQk5GcnpqUDZIRXhNNnBjTmtSLWdLRi01UDVmdkpLVjVlOVRhSnhjdndYbVlQUW41eTFmRVdmbzNNMm9FN2tWZkdHMThTUUg4YnRXT0wtNnRLSzdjQjU1U0NkZlHSAfMBQVVfeXFMTXNUTldUSi1Ba3BfeGtyVXdybFpnNGY5REhoMEhNZzVLSEtfUEJ6aEdwVG9JRHU5Y3ZiUGxrYmkzangzdGg0VnBRZWM1aTg4aU9VUXg4djJQZlpxWTlpYWg4ZFJLZkpyM1pqaTlSSjgyeWU5SVlnSVE5dm5BRld6LUM4aDJQSTExN2VyaDFrMUZZU05RVXk4aEJORnJ6alA2SEV4TTZwY05rUi1nS0YtNVA1ZnZKS1Y1ZTlUYUp4Y3Z3WG1ZUFFuNXkxZkVXZm8zTTJvRTdrVmZHRzE4U1FIOGJ0V09MLTZ0S0s3Y0I1NVNDZGZR?oc=5,BOM
09e006e501b8119c,2026-10-08 14:45:42,Aviation weather intelligence: Delhi airport launches SKYCAST for real-time fog and wind shear alerts,Goodreturns,https://news.google.com/rss/articles/CBMisgFBVV95cUxQLV9ROVd5c2F0TXdrYkFqanNwbDFIUVlZTEszU3R0SXA3TW5rV245WUFjd0FNTmtkcFBLRk1GdDZpTUdDUTM0RlhYXzhSZXpZTTlQY1FoODJlRlZ0TUlEamN2Z3lwVV91bTQ1T09fQzNPUjNFdGNLemppOUY4TWxGTHdycmM2ODR0RHpZNXh5QmVLZmtWRG0yVS01RlJmT1JkcGVTUGNJVWZiWHZmMm9DV2h3?oc=5,DEL
d9107c00e48478a6,2026-10-08 15:14:41,Over 100 Riyadh flights cancelled after Houthis target airport,Financial Times,https://news.google.com/rss/articles/CBMihAFBVV95cUxNQUotMVRZV1RTc2hscGk3YlUyRVFIeGozVlVfeWhMUGN0OU9rVElXblotVGZ1Wk9hbXRTdWVrdzlGRmtEVklvYzJNQnBTUy16LXlSc0xkRlB4VEF2SXdPMmoxb1k5cGJkRTdTejdLS0xRV2ZWY1JOU3JuemFSVFFUMTgxYTU?oc=5,India
3453c647c695a222,2026-10-08 17:12:51,"UAE flight updates: Which flights are cancelled, delayed?",Khaleej Times,https://news.google.com/rss/articles/CBMilwFBVV95cUxPZHJxWERWcmtUX2tXcHZmLW42RHROTDJEQVFfVE8yYlhDWmF6RmRJQlZrdEo2YUhfc3FYUTVJUUdwcU5waTY1UXEtZ05iS1RfX1pTeWJ6akV4eFR5U3A4MWExSE80V2hBTzJGdmU1Y2tNTnhpYXBiSUxqeUQzTjNrTWlIR185aUZONVA5a0lsTzEzZVlVY0xF0gGfAUFVX3lxTE9OMVhYbTAzbnN2LTlHMWpGckRVRGwzYTdmWkFQNEVnVDM1Uk9xVmxDaDh0NXBYMEFqMlBOVTBVUmtNNVhyMW5YWEN2SUo5dUdsc0JGZWZ1dkVpTUtNSURxN0tkNU12WTZYOW12WFZtOFN0eklsbjZrQWtZU3BpTTZJVDdnWnNaa3VHbHlUTGpwOHJwcG9OUkhia1ByS2xPTQ?oc=5,India
66a689c3d0d83305,2026-10-08 17:48:17,"Over 330 flights cancelled in Riyadh after Houthi attack, airlines suspend services",India Today,https://news.google.com/rss/articles/CBMi0AFBVV95cUxNTlVLLWxvbzhaend0bUxVSkplOWRUZDVwNEVLMlFnd095MW5jOTVCMDhxLTN2TFVZWjUtdzFQV2NUc0dvRzFpREc4OWc5bFMzS3QyWl9IVmplekJoZndzeXRUYzNMcWI3ZTdiUDVyLVlhRkZNb0FUUEM2TEREVzVCZWNTRzdQOXNsU2NCUXNSUXY3V0toUG1qNzB1b0ZLNWZtbjUyRENHdEdzaDg0Y2RCV1EyQXpubjl6SmtodmN3NFFxdFBSWE56NkpTQ2hKMWtj0gHWAUFVX3lxTE1lM1hYOXlRaDkzT2U3clZBamphX0piT19HT2plekpQSWtnQWNxYkFKOGVCMDJHb0RXc3JDUjVWbDZCZ0NaOEowUHl3MEFKd3dteXYtOURvemFHRmdzbE5FU2tVX0hEY0N4Nm0ta2EyWkwteXVHSkZ4TXpNSTh5ZDFxdmpweXRHWkxPaTdvcC01NzFJc0kxUzhMRmcwcFh2QTU1WThvU2JtUEVSUWxxSGZ1MTFoejJlX3dXaVRJZkpHWDR3V0tzNlJoWUpQMXZKSHpaT21OTlE?oc=5,India
0b09f8be96c366ed,2026-10-08 18:28:43,"IndiGo, Air India Express, Akasa cancel Riyadh flights after Houthi attack on airport | India News",Hindustan Times,https://news.google.com/rss/articles/CBMi9gFBVV95cUxPLWs5ZHJTR2RqODFsanY1ZS1RbVBLZnlYb1llN1hFYnhEZHZ5RDhCUF94enJCWTQ1TjVXVzNXc2lKcmlTZGxnMjlsMmxla3lqbFZsZFFYZ3MzWXV4bzZJQmtmRmM1eTFfUGtSQ0lBLXYzcmF5R2JQaTd2b3FzM25mMjktdHVPRU1rVGhrbnNiamh6UExFU2xJX095SEVaTnJEcjBpeWp5LU56X0NzSXRaaUhWdXdDaUx2b1BIaGhFMzlydDNhMHp2VTdwbkZQNWJaZFdjbGpMMURhd0tVMHFIRGxPeEt4MTR4SXZzVENfX3JmZWhQMWfSAfsBQVVfeXFMUFhOeTRrLTVRanJFVFRwdER2OXJzdVk2REM1X2dFNFRXR053UDNGVXVRZjlhdU54RHFyZEEzcG5ncldkN0luSGxjMWxsXzRLZDdNOGhzUkhFclJtTFFpcExDOWVWcmRDMWllMURZejEweENIbEZqWEkzcEg2dHJpZnpzLXlKVTg2UDY3Y1dQaTEyajBSM2lEbWg5SHJpM0xFWkdyX1ZzTjdxRXlxbHAzLWlsMU82SzhqRzllTjJnbUs2V2VWNzVDRVlaUFc4SkZYUUc3b3RYMllvbHB6YW1CUzI2b3gxMl95azJxZUkzSDNIdEVyTlAtNWo5NDA?oc=5,India
3aee54fadbb57ca6,2026-10-08 18:42:00,Air India Delhi-Riyadh flight returns after Houthi attack on Saudi airport; flights ops suspended till Oc,The Times of India,https://news.google.com/rss/articles/CBMi2gFBVV95cUxOZUQyY21hREVZSzFLdnRvV3ZxQVl5N3FUa1praktTZTV6Nm9XZ0tjN3VRZzMwbW43bXZZYjBvSlRGMWxqcEhKVm9memd5VlZ1Z1lwekNKSUFxemgzOFRzSC1wRzhNcWdMMUdqLVJqSkl3UFFQYUlwWE1WQjJSRW9yY1F0T0FXanh6dnZqQmFaNHVpRmM4QVFHLUdlZFRaNXRxb0Z6T1N0SXBGUDFEbUVRTThDZHpBSk40Z1otbVlhY25wUUhrS1hJT1lkeTU3VmwzY21qOFplMDFvd9IB3wFBVV95cUxOMnkySV9IOE9DVW1abFB0S1lNNXpka1BjdWFxelRzSkduXzdKQUZGVExfNEgtMWNrTTdMWHF3UzhxTE1KOVNrbF9DSkNndm1NUnpDRk5wSmc3X2xUczU1UkF3SGsxS0dTUk15LV9tbEtCOTZwbW9hQVNIQ05WSnJ1ZXFoV3dtU2hQSWZFcDlsZ3hmSE9JdU5ZSHJrdXdxUUVETzF0RU0xTjgwSktWRUJ5dlkxUkNzREVBYmhLUjNBNVIwMG9wU1A3VE94X1VZYm1TNkJRaG1XVmNhdV9OMktF?oc=5,DEL
2bd551a9b77c006b,2026-10-08 18:51:39,"Air India, Air India Express and Indigo cancel flights to and from Riyadh after Yemen's Houthis claim missile attack on Saudi airport",ET Now,https://news.google.com/rss/articles/CBMixwFBVV95cUxPT0pDb3VMT2tjQjhsNTdXaV96amFXbGZtcGd1Qi1RcU92UnNPTXMyVlBHLVRwdkc4YUktNFZFd3E5ZTNaXzVfSkRDZXA5Nk9YM1JUZE8zNS1HVU9pRnpfRWczUEdRaVYwSXRpVVR5ajI0SUlCaEphLVYzaUdaZHktNFBSYlR6a3VhWW9ORlZkZ0tmSnRzYXYyV292Q3Q2Wl9UcTZMRG5hWTB4akE0TWtkTWpKM3JjUFVJY2RqWXRiWlpYX3Y1SWtZ0gHMAUFVX3lxTE5RU01neGRjZFJCQ3k3dFNnQUE2T1lmSEhfXzdWeDV1Vm1va0NtOG5mREl6bUw1Q3pXVTIxVWdEUVdrb2g1M0dBd0JDQy1JYmwxWnpLMnptMDFPc2txa2lhOHpLdGtUc2pQNFdHX2F0MWtRS3JlV01XUGk3ME14TXMyMl91d0VLQVAwUmVBZ0JKT1lubG5xd0VQeVNPd29rZkJwQ1phQmFDQ1I5eDA0eVBtTlphaURzSjZKZGcyc2ZmZXVkN2JYZzRvNUx6aw?oc=5,India
3806b89a3d03ba11,2026-10-08 18:55:33,Indians in Riyadh asked to remain alert after Houthi attack,The Siasat Daily,https://news.google.com/rss/articles/CBMilwFBVV95cUxQZkktZXlCS0NuQkhFa3dWdUlGWmNMMjBzeE4zRXFySWN5bXk0bWE1Mi1kZng1aWsyMm5LZGJXNFF3UDI0bkx4Y3dnRlRDZDNXbi14RjlqNThXUzZhS0l2UG0weGFsNUFaWGVzYjdEQkZhUGY5UFEyWEl0a1RkYUxiMVpzbkdoeC1lWnhDS3FycUprc0FlRHFn0gGcAUFVX3lxTE41aTJ1Mk9TakZBVUJCNk9rUHJsWFJ3b19hRVRVWkQ2UXJNOUxTcU1WMkd6OEhuT01PMEdMb0hBc2o1clQ3ZGJ5SG9TRkF3Q3B3bHZGd1JwYU5JelBqdFAwM3o5ZDRCNU90eE02T3VySWdyLVowcXhlWndZeVMtV2NZYnl0SlFQam9hNFV5cW5QV0NrWnhZZFl0UWhMTA?oc=5,India
afe11953dfd52952,2026-10-08 18:58:35,Over 300 Riyadh Flights Cancelled Globally After Houthi Attacks: Tracker,NDTV,https://news.google.com/rss/articles/CBMitwFBVV95cUxNZWpBX2w2dE1RcEJBUkRDSkNqRnNla2Q3NTZkazRyeGR0aVV4SmV2bFN0cUZvZ2hicy0wazA2ZTJDTnhmYXZKdmFmZFlfYzJJcWlwblVCcHZvSHh4clg0U0JfR0dCU1Qxcm9ncUFoUHlKdWw0SGRCTGFra0tVTHo0TnZaQlY0T20tdFZkTWdsWl9PbkFRU3hUZkthTDNGdnp3YXo2N3pRckhDX0h5a0w1aUJtN28tcUHSAb8BQVVfeXFMTS00R3l3dEpWelNGNmtJQlVSTGptYV9IaE9aeEVQSlMwVWx0b0EwdEFacHlnWWUyTUdQeVU3RmY0VHBrcGg1V1d4OER0bGdmOEpZOHBpeGdNdDVpOVp4VjROR0dOMmk5aVlYbHlXeUdnM1otUTQzdUFDaDhhSlV2TEpYVEJRWGU5VmhNenl2S1NDU284U0d6ZGpvSjRSN01wZFdLeWp2ekZWMGN4X05PU2xLUTZtcGRjU1dBT1lnSWc?oc=5,India
9873f60117afb9f0,2026-10-08 19:07:37,Air India Flight Returns To Delhi After Houthi Attack On Riyadh Airport,ABP Live English,https://news.google.com/rss/articles/CBMiugFBVV95cUxPMmJhSzRkaE5ZY2haYVNvS1NRTWVLU2o1Z3ZKay1iQmJuTUFTaU92eVh0THdzbVJjM1Q5bmI2TlRlemxzN3Y1SldlcFBkWDV0MGZRM05wRGltc2RRRWZFZHo4aHhMTjVydlRYLWpQV3AzQXFMSEJDcExfWFQ5N0hHbjhmM0pDRXFmV1F6NHM1MUZuUnItMUtvVkRzYWVhWXU5aFdfdmRPcE42clIzUm5EdExlQktNLU1oQXfSAb8BQVVfeXFMUDFCNVgtSGZnNGI3SVpFUkZwVk9rNjRaY0l0amFtdmtFdXF1ZXQzTFhsNG1ZU1AtaXNyNlFzTTBxdFk4cHljNGFnRjZGNmFPeGhWdlpDVTRwUy1DVXppSUJBVWQzeUhHaU5qczB1Q3ZqVEw5THN0Um5EWmJOYWVEejhsVzFUSEJCdDZuZ1lpd1pORExGRVVhSDIwblNCZHQxRF9nbWZpel9vYmNidHhwSWJKazhpSTNlMzk0OVNUbG8?oc=5,India
86cb53ca1e348c1d,2026-10-08 19:08:59,"Air India, IndiGo suspend flights to Riyadh after Houthi attack",The Indian Express,https://news.google.com/rss/articles/CBMiyAFBVV95cUxPaVhrOVhaNkx3RGNnM2JlRC1wNWZRVFFhVlpQY1RtVFZhdWdMbHExeDdzcFlnVy1mRnpWNzdjQ2I0NVdUMnVoTVJobTBmN291d0dYclhuaS15NGx6eE8wZXhiQmxxd0JUTWo4WlJMWWcwS2hmUkxVMWRpb0FJQ2NYeWdFb2RCQTl1TEtDTUJQTFBvb1FXUXBVal80NllDY2o0dzY1Vkc1QWFoa09rTVBXVlF0R1o3Z2JzcTVNbUlNZzJPT0dWNmFsMdIBzwFBVV95cUxNN3hDQWlJek9RREFmUmVXbmZCaXdNWFlCT3prb2NsSlZvU0ViMUtiSFVTTkZDTXNfUkEyS2xVV0hxdE9SLXpmazZCNmlISUcwWWx1NlE1STVaRW4ybWRqTHlwZFJySVNWemUwS1ptaUxZTUNpaHJrUVlkZ3lXUENBRW8xd2F5ZnUzMjI4dUM1RlRKMzRPcEFRRnM5MEdYQ0dITGhxcl9SNnp2RERHMEVkUWpyZ2VlXzJVcWNwNUhrY1hya2NVc3dDb2RIcHNKRFU?oc=5,India
7e9eaf75495d21c1,2026-10-08 19:09:03,"Riyadh Airport Targeted By Houthi Missile: Air India Express, Akasa Air Cancel Flights",News18,https://news.google.com/rss/articles/CBMixgFBVV95cUxNM2M2UkowV3BycWJXOF85RFR3WnJPcGZha3hYaWVBVXhwM0FfbzYtcGxjQTFmTnY4Y2pLbk5ULTZpVXhITGp3VGFqVUZWbUFLWXI0N2cyd2tCaXNZalBLUTlfUnFWTUhyRWpKcndHXy0tclJVNE1ZNE91NGdKNmZYZTFVanpCRzFmVjByRV95aTFsUFJlZWZ6WmVXTzNkaUotR0pEV0RfNUV0QTZmNFUzMzBkQmUyOWlCTDZKenBqZGlLZ3BmaXfSAcsBQVVfeXFMTW1rZ1ZWa25fMmNEMzQ0a1lLZTZOUllDbG05anZyWG9oS3NEVWdYZkhZMVZoQU9xTXYtMnVNdjlnM1lhekN2WGhFbWpGVFVzMFBWRmhwN2FzVkJFUTFWRmh1TU5pMmpnaVBXY2JSQ2ZPY2g2aXBacWV1V3JMSDNjc1d2enBlbnpJT1lac3ZOdklrdFRhZ3RuYXdlWDBvdFNNdTlDSzR2X3RoVTVoaHpyc3hyOURxb1U5Mmpvbk40Wi00Mkc5X01oYUttb00?oc=5,India
2e904e40d874cf67,2026-10-08 19:12:11,"Air India Delhi-Riyadh flight turns back midway as Houthi attacks hit Saudi airports, all Riyadh flights h",The Economic Times,https://news.google.com/rss/articles/CBMixAJBVV95cUxPaFlvOHBsM2gzWmVhb215MlRGT2VSLTA3andhVUJ3S3Uxc0pHd3pOOXVROXR5bFdKb3BBLTBZTjZqRGhTX0xJbl9QbUVCTUN5cmQtNkUxeGtrRUZDeEFQek5oX3p6QTA2UzBZUEE3akVIRnZXU2dfdDA3QTdrMUZISHNHc3VVN1drTFBjX1dPSjZkUFM3LXJkY0otS09Ec0hfNDVBYmlFeUx4VUs2SnBlNjFvU1pIcFlOWWdpSWJxeHg2a3JKalBmSlYxMXJwa2hVTndQQ284RU5ubzdOUFA3bXc5NkQ4U1ZUMnZPdWxqQmpfdmcwYjRxMXc3RkJ2Vk1CMGRaRFhRVnRGSGVfTWYzY1g2aWQxVVdMNVVFeEJBQ1dxTWtoTmlVZUhwUEVqNEZqYXpuS2Nsck9XTWJlTXU4aktpNWnSAcoCQVVfeXFMTWhveFpkbWNhbG1ZWEpWbUdENnJGcWlZZ3loQnNhMmhDZHB0c044WnQzWHRQYWJLU1FyTDZUV2lsYXVscXBVM21yZDFYdHYxZHdpMkpvcDRpN1R0azgxN3ktT2IxeDN5bjhxa1hRMkp3UkdKdi1qdVRwVVUyZ2dLUkt5WlByR3I1U1lKSEVlWVdVWExremtwZW9VRGVRUHlETUo1YUZTNlAtRFRuNDZTVlh5UXAzQ3hzeXdDXzVfSTZTZ3JOMF9YRW43TFNTYWloYW5Fc0JzMzl2SkNvR25WY3Q1bHVwSFNKd2MzOTk3UG9ZX256YzhObDMyd2M4R0lnTUN2UkpWdDVGWFk5eDQzbmFMVVVzVUZFRkQ1elo3bERvVnJZMjhzZ1VuWGVrczhyY3VGQmVHeGprYVVDM19ZczktOFRxbl91WU9R?oc=5,DEL
54b38bc9a4fd710c,2026-10-08 19:15:35,Airlines cancel flights to Riyadh after Houthi attack on airport,Gulf News,https://news.google.com/rss/articles/CBMitgFBVV95cUxPX0xFekwySWpnNXhTZGJUQjlFTVpmVG5GODdKd2t6VUhKMDB1am5WRDU1SWczRkJuZ21KQVdOTUtGcUdKQUJUX1BfQmtKc3MzQWtSM0NLME5NYldwRjNDd1pSOWdDLUhuR3VNaXl0OEc5UnF0SHZrTktxUGdkODNVbUFicFpRREdXSE94YVBtVHdSTFdCclF0a1gwTURQUUFWRzdKOHJRcURoM2JscmstMnBOXy1Rd9IByAFBVV95cUxNbVJuQU51QmV6bTYybkpaaEFRWTVVRklYbVB0TjF6QXBTanZHTWItOUhuSXBpREZuX2tRWi1yUGVxd3pBb18za2xiS3FSdGY2bzZOZTdwbkxnYk5EYUx4LUdQUmRDMWRmUm50N1BQTDhuU0lCMUtITE01SjJObmtnaG93d0V1N2dxUndtOG1tRlVyb25zbUlrUmsyN0lnbTl1MlNxUHotVlJaM19TYUJ6djZTNlBLalk2bmFqa2VwVF94b2hxZ2RvVQ?oc=5,India
81b62a766fd7e75c,2026-10-08 19:16:59,Two Kochi-Riyadh flights cancelled amid security disruption at Riyadh airport,ThePrint,https://news.google.com/rss/articles/CBMitwFBVV95cUxOSkF5eGx2bllZTlF0NDFOVURQZTFZY3o4Yjh0MTBub2RqSXgxWjNKZzhKd0wwaTFtQnB1WUczaEUwN05XR2l0WTJoNmRpRHZOdHFxVndGbEVVbmlyXzIwTjdwbEhzd3djVjllSmRmVnkzM3I4YXg4LS1tQ1RGU3l0YXF0QUxTVTVUejY2MkNQSThTbWFBaGt0YVhQWVJMeFp1cFFoNUV4bkN0RGZSa1VtYnR5SkZ3eDTSAbcBQVVfeXFMTkpBeXhsdm5ZWU5RdDQxTlVEUGUxWWN6OGI4dDEwbm9kakl4MVozSmc4SndMMGkxbUJwdVlHM2hFMDdOV0dpdFkyaDZkaUR2TnRxcVZ3RmxFVW5pcl8yME43cGxIc3d3Y1Y5ZUpkZlZ5MzNyOGF4OC0tbUNURlN5dGFxdEFMU1U1VHo2NjJDUEk4U21hQWhrdGFYUFlSTHhadXBRaDVFeG5DdERmUmtVbWJ0eUpGd3g0?oc=5,India
5d11fabe76634b26,2026-10-08 19:18:59,"Riyadh Airport Hit By Missile? Air India Express Cancels Flights Till October 10 After Houthi Strike Claim, Details Inside",NewsX,https://news.google.com/rss/articles/CBMi7AFBVV95cUxPNnY3UjRmdGlxeWtDLXFRNENXQmtodzZMZlN3Y3lUV0xvdnFxTXN0SjRVQy1rWHl5UWpKSHNPdHBWOVBRTXdQSFpHNnJ4V1dkYnA2Nm40S3VxTVQ2TGRpZ1J3TUhyUHVlZTBOLWNWdmlDY2taRW9xTmpRaEd5WnpOTGRZNHBfbTRyak5jSnItSVhhLXI2cG1nRGlzMF9BYUpGSjFRRWx0SGRBMXFOVk44RTJCWU81aWh1blZXSGxpTTVJcHZFeTdGX0pGYVNMSkI2cFhsdExZOEp3Z1BoVFZiN2M1ZXI0eV91ek9ZY9IB8gFBVV95cUxPTWl6bzVYc0lsLWt5QWwzRjR5Z1J3NmpLYS15ZklER0d1QzBnaE9NOFJObWphUkdEclZ3azlmSXZDYXRWNTVSRTZ0MnlsN3BlY3FSZHF6QjZMU3NYOXItZkJTM2FHeGRiSHhpb3pPVk5UQmJER3pMQjFGWkEzcXhtSVRBRGFlX1NtZDZLdW1pQVFCbjVMem1iekRmZzBKajN5dXBJTHI5dkRCMzZ2aDMxVnl5eEVnNnBwLUtuTVB1cVloRVpJSlJFV1ZvMllVbWl2VHRHTGlQRTR4LWEwcVVzekdZYTZmeWYxUUFMUHZkZTBDQQ?oc=5,India
c7d1e9de09c24f2c,2026-10-08 19:19:17,Air India and IndiGo Cancel Flights to Riyadh Until Oct 10 Following Houthi Airport Attacks,Pragativadi,https://news.google.com/rss/articles/CBMihgFBVV95cUxNM2dGcUcwLVN4bGphRmNhNXM5Y1ZMQWtncloycmZhZU5zMGpydVl4eDJpTmZVVF9oNUVhN1NXQnVvUHBtNGxuSTdLUTREZTA2RGx0VTZ0cUdGOTExeFQ4cGQta25mQ21DN1dzSXA3ZWZ3NFdpc0loaXRTODlzeHV5VnBVdnBhUQ?oc=5,India
41e010ef75a93db4,2026-10-08 19:23:04,"Riyadh Flights Cancelled: Air India, IndiGo, Air India Express Suspend Services Till October 10 After",LatestLY,https://news.google.com/rss/articles/CBMi9AFBVV95cUxNWmNGZFZlcUFuajVnM1lLMWd5UEd3c29nZGVRRnhDOV9nTTNNUnZldHBVNzhyMkhlOFJmbkF0ZmgxWlIyU2FpOGx3eDNWb0kyOTZhSnlSLVJUd0p6aGNpSVk2NjVrbV9YUVRma3NUV19lTVhIX2ZwQ3JZcmJEbi1ocUtVVXZXLXU0alExN3luSFpmNjgzX0phX3l6el9KOGx4SmlucUJ0MTE4OU05TGw2b3ZnQzlSY3FHaE9FaHpBU0xFT21wOXE4QWN6QVJQd0F1MXRIR3BueXE5LUpIUS1SOEVtSFZQTnZ3cWFYdk9pbzJ6Nm1E0gH6AUFVX3lxTE9yLUU3NWFUSHlpZzc4blBBZE9pdG5uQ3Z4SWFraHlYV0xsYldJZFVybUFVeUtkZTE2OVJ6ci1KSkJYUVFTbzc3aW1UaEtXeVBnTF9lbG1jU0dRU1R1Z3U2UG95eUhuMWE0UnV4RmRTcmYxLTZvMmVVSFM0QzJFeGhkejB3UUdYeU9udFBmeTVZWkpzMGlLMHJDaTEtcWliS1ZuZ3F3X1BuSEh1bHB3OEpJMDJqUTVKSmtRZGtWdGVMYWR4aEZLRmJjU29WcER0NnBNdHhZSjVSUTNQVGJ3RFNxd24ta2h6d3oxOVp1Uk5aOEtpakF0WU5lTXc?oc=5,India
eafaca6432e77e86,2026-10-08 19:39:36,Air India Delhi-Riyadh flight turns back amid Houthi attack reports; Riyadh flights suspended,Business Upturn,https://news.google.com/rss/articles/CBMixgFBVV95cUxNaVoybS1XUEFJSnA1dHItYWk1cXdtODhyNE1NdkRzYTdJUzFrWld0X2dDUTRnM3htYlpPc3EzV1VOOUZjeHY4aTVkbWFLclpxQmV3N1hBLTU1cUhiLVV5MzVnS2ZxV1FXV2s4bEYxbU5nWEZpTnVTOGQ3LUVJWEZkaWZ2OXJUS2hianM5ZHo5d1U4d04xMUhWT2dLMDg5dGFwNjJ2YmtRTVdGeU0tdUI5dHlqa1F4SFdhWnNpTXl4Rk1jajdmQkE?oc=5,India
769999fb61349c58,2026-10-08 19:45:40,"Riyadh flight cancellations: Akasa Air, IndiGo, Air India Express suspend services amid security concerns",Moneycontrol.com,https://news.google.com/rss/articles/CBMi8AFBVV95cUxOMHB3S3ZkMFpDbGZTbnNjRjc4VERYdW8wd3hIdEpEa0RUYUJUdm5veEFtZWE3bWo0bVU1UDRnTjJINWV6VEk1TjNBdkJXRXpMeFh0LVJtalRHbDJMQ25vWDNFaEtSRW42cG43ZWR1cll5OHJ6WVJHQ01VXzJFWHdianExVGRQX1dZT3h6WTNTSUhsRlJzSGdYX2RjeWFaV2ZRbXl1OFpDNFhsRjNhN1daaXpZcll6V1pNS1E2Q2dzQmlnbHpBNnJjd0RZT0dRWktOQVpOS3p4ejVSV1laQTJMVlR3c0hoLTRodV9WZ2RMWVDSAfYBQVVfeXFMUHM5b2ZWNlRQVDJ0NEpYWWV3YmFNaUhFRE1fX01wZ1VIRWRoTUp4UzVsaEY3c0dLVi1WMVlCd3MzUEZpV0VJWnhxRmE0d3RkWjloS0ItX0poc2UwMVZSTURaaDBOQ3hOU21HWHhab0dWM0x3OXhtNk9MTnl0cUcxMlhicEppaWVVejBqaTk5TUliQ0R3cUFaNDk1ai1CeEFFRjBMZk1RaFBnX0dNVklyUE9vNnhzQWp1UVlKdlNlbGhfVjdieVRaUkxMWWRuMjBVUFpENzhBLUFaN1Z1U2pGc2ctQkNnLU9xejRTZ0pqNUYwdEZyc0xn?oc=5,India
cc440b8a8bc075b4,2026-10-08 19:56:02,Air India Express cancels Riyadh flights until October 10 after Houthi missile attack claim,News9live,https://news.google.com/rss/articles/CBMiywFBVV95cUxQZXVnZzNMUHphVXd5amMzSTZYajZwNUkxdEdaXzJ4d3d0a0ppeFZPZnZXVkliYV96WVRySWpRNGtZdGdDdG82MDRLcHRxTVRZanJCN2k2VHYtZmJnMWp0YjhubXk4NE9NWXB0WHdIbGxvT2xTQklzZjBEZmgtSGpIc2l1R2xUZ3JybHA2aWtqWFI5SVRaVTRyV2ZjLTFQeXZ0WF83SjBEaXN2UDdrcUp1YU92aDhvNXZYZVhwV1VucWJqY2VfUVZjOVFSTdIB0AFBVV95cUxNZG5ZbTZ1eEl4bFVpQnRLSWMwZ2ZOMTRDcW00RUtxOERKM2l1QXB1Z0FjTk40ZDFTTnM5MVN2YWFJNlp4YzFvNlBLMkxsRk1kUU42dVNKWVFCdm1WSnpoWHB2bTFTM2lQQ3VWbE1zQVlYT25IeEFFeXN2blEzX2IyZWY2cUthWGI4THdkeXVvTHZ0cnFJWWNzSGNpOVhJc0Z2alpxXzlxbzNtZVZzSFFPbjNmdTRiMHRMaUh5NjFMSlJIdmlVemlFSThJODF1SXdZ?oc=5,India
db09938b17ce6f10,2026-10-08 20:06:07,"AI Express, AI cancel Riyadh flights till Oct 10",Greater Kashmir,https://news.google.com/rss/articles/CBMinAFBVV95cUxOaUpoT2JrMm5iNUgtYXZYTmRVbjJDNXpVUVY1OWtLTC0xUHVRbTk1OC1Eb2ZGWXk2V0tkc2s0by13VndVS2JfSk1ycDZvNUh4WWd6djZzbWlLNlh2ajYxUlZQcDA5NXRqbjN2V3VBYmtNc195cVBRMFVSNDEzTC05bTE5dlliUi1va3JzUjFDbVhHbERpNkFKbi1rVTLSAaIBQVVfeXFMT0k3NXI4VE5GUGhLR0R3QTRBTUkxQzgtXzRVVnJLSkdHZGtDN0E4dHUxYVBsT2tCd0VhdXVJdndHSUliSWhxcHUyakdBeEs0aW91SFA1d0t6aWJfeGUtWGVtYTA1TU13RlVxcC04aXdDM2xZcncwX3hRRUpLOUtCNnRyNXFZa3gzWUhlMGNsMjRqNHdWQzg5c01oYlBGRHV3dXhn?oc=5,India
1704e82802d7a012,2026-10-08 20:06:07,"AI Express, AI cancel Riyadh flights till Oct 10",Greater Kashmir,https://news.google.com/rss/articles/CBMiogFBVV95cUxPSTc1cjhUTkZQaEtHRHdBNEFNSTFDOC1fNFVWcktKR0dka0M3QTh0dTFhUGxPa0J3RWF1dUl2d0dJSWJJaHFwdTJqR0F4SzRpb3VIUDV3S3ppYl94ZS1YZW1hMDVNTXdGVXFwLThpd0MzbFlydzBfeFFFSks5S0I2dHI1cVlreDNZSGUwY2wyNGo0d1ZDODlzTWhiUEZEdXd1eGfSAaIBQVVfeXFMT0k3NXI4VE5GUGhLR0R3QTRBTUkxQzgtXzRVVnJLSkdHZGtDN0E4dHUxYVBsT2tCd0VhdXVJdndHSUliSWhxcHUyakdBeEs0aW91SFA1d0t6aWJfeGUtWGVtYTA1TU13RlVxcC04aXdDM2xZcncwX3hRRUpLOUtCNnRyNXFZa3gzWUhlMGNsMjRqNHdWQzg5c01oYlBGRHV3dXhn?oc=5,DEL
c0e6a6efba6f09f8,2026-10-08 20:07:20,Two Kochi-Riyadh flights cancelled after Houthi attack at Saudi airport | India News,Hindustan Times,https://news.google.com/rss/articles/CBMi9AFBVV95cUxNV2hiNC1NTlB0cTlySGhlcUdEMzVTV285a29yUmZqU2ludWF4TmI3QUtGOUdpS0dzenRKWjRlbExhUF9aNjIxWGtQOEJ3ZlhfMjlLWExGUjN6d0NuWTB5RFNnNEVMYUQ4Z3E1R0JJQmtESkNNT1k1TG5JUUpZTmlzN0t1blBwbnFmTklsZVVZWXN0UlJOR2IxMnZyUDJGaGlWVndZM09QTWRlU0tRUWxQWDVvOWVYeHFUdWVvaTh1dlFIbEJkckN0d0ptSTNUQWdhVVhUUWxkd3FBUkcwUzQxSDBGRk5VMW01OVM2S1JxUkZnZG1B0gH0AUFVX3lxTE1XaGI0LU1OUHRxOXJIaGVxR0QzNVNXbzlrb3JSZmpTaW51YXhOYjdBS0Y5R2lLR3N6dEpaNGVsTGFQX1o2MjFYa1A4QndmWF8yOUtYTEZSM3p3Q25ZMHlEU2c0RUxhRDhncTVHQklCa0RKQ01PWTVMbklRSllOaXM3S3VuUHBucWZOSWxlVVlZc3RSUk5HYjEydnJQMkZoaVZWd1kzT1BNZGVTS1FRbFBYNW85ZVh4cVR1ZW9pOHV2UUhsQmRyQ3R3Sm1JM1RBZ2FVWFRRbGR3cUFSRzBTNDFIMEZGTlUxbTU5UzZLUnFSRmdkbUE?oc=5,India
7443db3f64aecaf6,2026-10-08 20:10:03,"Air India Express, Air India cancel Riyadh flights till October 10 after Houthi attack on airport",The Tribune,https://news.google.com/rss/articles/CBMi2wFBVV95cUxQd2xINHdQdFlQNlczRnB6Y3NYUEFZaWpsMWtSVE9rZzRWcTc5d2VNQzNDY0ZMeTRpYmlDc1dIZFNRQi1uUWdmNm1jcTh5R0lWNGtKc2lWM3VrTGFFZ3hUWVZ4OWpzbUlvdmhNV2g1VlF5ODR5ZTVYMndkREI5MjlsS21RblVyWWVLVWxQLU9rVlNxSGxtUVZqVkk5OEZBb0NiTndCWFZab2tpam9UYVNlWFZjWkwwQmgxOUZZeEh5MnZUODZRd3NaRlF6YTJJXzF3MmhUTmg1LVZfTkHSAdsBQVVfeXFMUHdsSDR3UHRZUDZXM0ZwemNzWFBBWWlqbDFrUlRPa2c0VnE3OXdlTUMzQ2NGTHk0aWJpQ3NXSGRTUUItblFnZjZtY3E4eUdJVjRrSnNpVjN1a0xhRWd4VFlWeDlqc21Jb3ZoTVdoNVZReTg0eWU1WDJ3ZERCOTI5bEttUW5VclllS1VsUC1Pa1ZTcUhsbVFWalZJOThGQW9DYk53QlhWWm9raWpvVGFTZVhWY1pMMEJoMTlGWXhIeTJ2VDg2UXdzWkZRemEySV8xdzJoVE5oNS1WX05B?oc=5,India
21cc56ce99731651,2026-10-08 20:14:35,"AI Express, Air India Cancel Riyadh Flights Amid Attacks",Rediff MoneyWiz,https://news.google.com/rss/articles/CBMiqwFBVV95cUxQbzBBcWk1YWIzS3RGTTRKYWROcmkwYmRBelpEVFBnbHFmTzYtRU9WU2Y3TEZtTHV4SmFDYVdTNEFuUE9uMTdfbUZDSmp0dWN2dnJEWHF2ODdaeXF3aG1jMDdwbHpRVUoxa3JFSDdHRmZxOGhnVHJ5U3k0eGVTSTBBX2FFNVFVOVVQd0ZjcXJNdE15X21VV3JCMGdnVHZXOUFxREJzVndHV0hfV2_SAbABQVVfeXFMTTZEUlF1UTA4dXA0TmxwTEV6bTFjN2wtZ2NheWx2UXNqNUxaaE1ENEk4QXhIbGcwek11MGhpeEZka3ZjNnFfSVRzMWU1YkhDMjg2QVMtWHBXdnNJckNiRloxc25uYVNiS2tHdU1kYmVPTy15WDg2aWV3RDR4VUtDNTRkY3o5RmJydVVheWFrOVFyN1ZCOXlWbTNhaWZpbENxQTRNTGt2NDNXbHpjZ1JNOHo?oc=5,India
628995fdcfffdb94,2026-10-08 20:15:00,"AI Express, AI cancel Riyadh flights till Oct 10",The Siasat Daily,https://news.google.com/rss/articles/CBMiiwFBVV95cUxOQ3FfazR6VlNpX3JrcUN3WU0wczRGT08xaTJrbXJObVhkVDM2dFBseEh0ams5Mzl1REdVS1kwUDM1d1gweVZaa1Fmb2U0RlZiSVB3RnBkZWFpWS1DZXBNSUdsS1RDVXVBTlp1Vlpya2FvdEo1TklhdjdvZkZ0NkdsVjJSR2N4a3JCQkZV0gGLAUFVX3lxTE5DcV9rNHpWU2lfcmtxQ3dZTTBzNEZPTzFpMmttck5tWGRUMzZ0UGx4SHRqazkzOXVER1VLWTBQMzV3WDB5VlprUWZvZTRGVmJJUHdGcGRlYWlZLUNlcE1JR2xLVENVdUFOWnVWWnJrYW90SjVOSWF2N29mRnQ2R2xWMlJHY3hrckJCRlU?oc=5,India
862d7d5cf3be4e98,2026-10-08 20:16:07,Two Kochi-Riyadh flights cancelled amid security disruption at Riyadh airport after Houthi attacks,Telegraph India,https://news.google.com/rss/articles/CBMi6gFBVV95cUxNVnMwZ2xxMDliNjdPS2hHTDBxbXRxVlR4SDcxb1NrR0VaZVRuQVVQamtIaXpiNkZqTmowcWhrdlF2dkNDV2pFUnVMbmRfbFh5RnRzZVVMN29yb3NuMjV6aXlEdkFvXzdCZ3RNZ2tEMFZUcGRyalloanI0ZDVpcHJjZzNhOEpxRTNKQ2tjZ0NTejdUeXg3U3NMdF85Zm42Mm9odmptU2lYbFI3YjVqRnU4a3V1Vm9VcE5YWkRJWVEwOUxmWHhmSVA5TVRGZXJpQk9RT1ZfekZkVHQ3bHlLZnRlN2hzSFJOVjRRRWfSAeoBQVVfeXFMTVZzMGdscTA5YjY3T0toR0wwcW10cVZUeEg3MW9Ta0dFWmVUbkFVUGprSGl6YjZGak5qMHFoa3ZRdnZDQ1dqRVJ1TG5kX2xYeUZ0c2VVTDdvcm9zbjI1eml5RHZBb183Qmd0TWdrRDBWVHBkcmpZaGpyNGQ1aXByY2czYThKcUUzSkNrY2dDU3o3VHl4N1NzTHRfOWZuNjJvaHZqbVNpWGxSN2I1akZ1OGt1dVZvVXBOWFpESVlRMDlMZlh4ZklQOU1URmVyaUJPUU9WX3pGZFR0N2x5S2Z0ZTdoc0hSTlY0UUVn?oc=5,India
2b5773f4f219fc58,2026-10-08 20:26:25,Air India flight turns back mid-air from Riyadh as airlines suspend flights amid security concerns,CNBC TV18,https://news.google.com/rss/articles/CBMi6gFBVV95cUxPNW9pQVNIVnVkcVY5ZmFqRUlERk9XM1pIWTJiMUM4YzVBeGRkSEJGYWE5T3Q4S2R2VDRNNGFCeFphNVpEUlJvMS1NMWEwVmJndDRBVDRtVGlnQVRmSVBPOVhCRG1mUjVrWDgtSUxOX3NoVnJSTDgya0hKb0VzSU9YZFRTZFNHb3ZWdTlGeDNETTJOU2RDS0FLU2ZLYlhEVzZGVk1VMTBPd2xkQUYxTTZXNTk5YTBQdF95akIyNURoTVZiTGZuLW5YWXlXc3BOaUdFd2ZXdk1Pb2EzWWYzMjZ5WERzWmhvdElMRWfSAe8BQVVfeXFMT0FWaWJWT29tdi12enhma2g0S19teVFtZDd3enI4a3NtR2owcldLaUt1dVhPRkVKR0lIREVwR0hZbU5NdUM5ai1WRlYzWWdENzVISkFrenFFa1VpWjNVaHdzM2pPVVE1dVZ2RnRtdnRwX2Nlak1LanR3RmdtS3R6enMzTllfWUQyTnUwNnVYTFNxWXhKcmxBc3BMNlI0ZHFlTVlZODIyX0E1dnRWZkpfdzhJLUpmS3RRM2pianZ2d2xZXzVaT1diTFBsRU03eWM5OVVQQzRFd0xGWFVYOEFYX3JLZS12R2xPaEFTTGk2aVk?oc=5,India
9f6f2d1d75b30296,2026-10-08 20:36:43,Indian airlines cancel Riyadh flights after Houthi missile attack,Business Standard,https://news.google.com/rss/articles/CBMi0wFBVV95cUxPNzF2RW1WdFdYVHpGc3liQURMRGYwUjY2SXpZcndzM0dYQ1R1eGR1Zk9Pelh6cnA5ejN2dm1lUzVreDZCUXJPVXdxTERCMUVjZExpcVcwYk1UU3hqbDktSmFfenNzSnNJOXhNRWpXRVFaRTBvT3FKSzFsdFg0WU9McG8wV0V5bkdwcG5vLUlhYzlvb0ktOVBSVmNqMUFBNkFPVHBWSl9rUDJta2dGRzVzdEo2RUhUMmRxSFY5SUlRRVNCNjFRZW9jVlZsMTdfRzB4ZjFN0gHYAUFVX3lxTFBrbDIwYk5nVWg5and1djJ6dG9OVlE0OERYR2txdEtZTE5lR2RBRGVPU3ZiOHY1ZkN4REZFVnNGQnhRSUxhRTk1NlFnOFpxcWRIM25aVi1jN2ZybEpFeVFNcVl0UE42TEV4X2dCd1I0WVN3MUJpLXBLWXRYQkRNcFhJNko5SHY3YURjMTBabnVWdW1pbF9ET2plMlVSSEs0dDRhYWEyTEF3a2xTRWw1WmM4NVlTY2V0ckNRR0tkb21DRlRzZmpWR3g3UThrY1FaVDdKRGQ3b0ZLYg?oc=5,BOM
9eb5e5b4c1c41b1d,2026-10-08 20:37:56,India Issues Advisory for Nationals in Saudi Arabia Amid Airport Attacks; Air India Cancels Riyadh Flights Until Oct 10,Republic World,https://news.google.com/rss/articles/CBMiiAJBVV95cUxQalhtWkExNVRfRGZ2UVhEQjM4VzdGSVltTHlRZXNodGxQWVEzaE53SnBpd2pjWWxpaVoxZHFtYjBLTUVib1dfSE92cV9NM1FvT2k5Z094RmRaOEdWMnBHNUhyampGejgxOXpLY2ZtbkFQT0pxdE1DRnJpeE1ZM0RvbjdPUTMzbUhLbGlRN2VQaXNaWWpfSEY2SW5lQjVSMXd2cEUxcmNSaUZfQ2xGakFMNUFBNVZCU3FjcVJvTk1TWTd3YkcwNV9Yam8xR1Y1VjlLTEtJOXMzM1lmOFlvOHBJVk4xcTlqVmZ2RW9rTFd6bVVGU1FzZmRaanhyTVFVQWVxTk11djdESmPSAY4CQVVfeXFMTU5vSnBkS2JjSW40d2pWM1E2ZFQtVTJJV2NrWGp0SzQwd1dnbUg3UXI0Y0pyQXpENkdobFdHZkRvOHJXT1dpb0MzenBuRV92TkxTckpMVW4xVTVvMVAzRk84VHNfNy1fMzNiZ3pzZ01LQ1V4aktZT0xaLTk1ZlFfRXdEVFdWdW9nUll1bXhyT2ptRUt5SU1lUm8zckgxSTU5cHVfUk9BMGRzRUNwWEE5eDBlSTZJTGNKWEphai1TRENGa251czA3eE82R2ZrS1dvSk5ieVEzdzRWZHZ2LTM2SDg1U3RDSkZvQm05WmdyS1RqdUJvRFNxMUNTdWM3ZGJHYWtOcWJjd08xdWFDMDhR?oc=5,India
863607f4483a43da,2026-10-08 20:38:09,"Air India, IndiGo cancel and divert Riyadh flights after missile threat",The Hindu,https://news.google.com/rss/articles/CBMiyAFBVV95cUxQbnZjMlktcFltN1A2dlVpWm9IYWF2MXJsYVBjODNUWmhOU3IxcnNqQU1LRjFXUjZndjlLWjFPZG5nbEF2cFdxeFJBa0txMlBaU0ZIRDVQMWYtb0FIcWw4bVBtQ0JxTzg4UlNYeVdmQjN4Y3VpdXNKMVFOUEMzRGRzRy1rV3puZlBodFh2cWlEZkpiYjVIZVhSMzg5RjV1OEVrR3dVM3B3ZzY0aEE4RURrYkd1Q2VJZkxvWmM3ZmJQZ3Nmcm5IeUhQLdIBzwFBVV95cUxNZmZuNG9Semg1dld3YUhNOC1sY3d0TXFpaEVpdkxGVmd2Q09FdzJkaHYyYkNSXzJrcGdQeUdIWU5Qby1MQ0NOd1VPTER0bXpaYlF4VkhLbnE1YUd6WVctMDFaSm15LXZaTDV3TlJtQkNsaUFYbWhhU1BUUFE4OG1scmMyTEN5R1NXLVV0M3pVSzg1ejU2ZWZmdFZpcGVwc3NZLU1MUDdselh2TW8tS0Q1UmFxb3hsSTh1RlNDQmFHZVZTaF9wWUZ6NHhWRzBGUlE?oc=5,India
9f6e051253b1480c,2026-10-08 20:41:00,"'Remain alert, stay indoors': India issues advisory for citizens in Saudi Arabia amid Houthi attacks",The Times of India,https://news.google.com/rss/articles/CBMi9gFBVV95cUxQdDQ1Q2hST1B0c2NHclVCLVRxQnZoQnVtRnhZeUpxMGxaejM2SEhhalZCXy1kelEwV3NKWlJkSkJ0R1VMdk1UYi0yZWI0UFhHR3dIUmIxVHdFYS1hYjhQcHd0akNtS2gyYzNxWHJtZWRVdW1UYWh5Y2hiTDFmQlh5OWRkVnhEZHlpZTJ3YzBaeldsSlRHTFd0N09tRHFBVV9uR0VGUUNoc2NFNlpISkR2ZHoxSl9fVTVSMGs1T1Zqd1FkRE5GMkxIbDlmbjNwaFJFR01sNjVLN3NNVEs5cFZQS2RPN1pRX3VqbEN5cENPdDVfSl83cHfSAfsBQVVfeXFMT19UTGczQUxSRXlRbTVWRUw5VzVmSWZNN3ctQW1oUEpzZlpaYU5VLU5iWllTcnhMUk5WaFJZb2tYOEoyNVVlNjFKLVFhSTJkVG5jLTBvVGJqQmZzbzIwVklvcG5GODV3N2tIRGxpOFVWSWhlTVhxR2NlSWRWZ2FLX2l2WE5QY1N5TFlMODVpMnBaY0ktUWo2Q09yNzE0cVE1WjN5aDNHTHhwQjlrdWlPdGRETV9xLVNMdUtUV0h2Ul9Deld1Q3otUzNPUF95cjg2Vnc4U0JqSmVQMHozdjg4Yk5Oa1RVTUhHcjgwYTd6enJKWHFGMnJ3aUNZb00?oc=5,DEL
ea4537db12dde369,2026-10-08 20:41:54,"Smoke seen at Riyadh airport; flights cancelled, kindergarten, hospital damaged as tensions escalate | India News",Hindustan Times,https://news.google.com/rss/articles/CBMigwJBVV95cUxNazBsWkJQQ1lHMkhRRW9xcUZ3MUxoa1B3QS1SdjFOVHlXMFp2VHo1VThJZ0RQbXVxT1dkVUpxdUp6SUpzWTNBZWRVbzIwYWZIRmFBVllKSTNPV2RIZ1JxcklJTXR6NHRKT2JTVFg1cFI0c0ZGQy13MC1wUFNtUllrcG9JbW5NZVNub2UtQkNrQXl0Zld5R29jUldmUkZ1MWRyZEotbjZCLVdSdUkyS1FNZUVjNDhKVlY2LTFmNk9TMDBlZVItcGlpVXhXa19YQ2NmUW1SRUdjM0FFMFIzRzZGQmFHdGFGdU1NNkdoM1d4UUMxS0k1WnJkSTM2OHRsTTdqWkxJ0gGIAkFVX3lxTE1IS3A2bTlFVXQ4ZnF4TmYxb21ac1VubXI1RXo0bG9rMkFVdHN3dF9oWXdNTmgzUVc4Qy1RaWpNdWEyRTQyVVBuUjItTVNLc1JURnVxR3ZJTU05RXc0OEliblRPNDE5RS1jLVotb004TldlT2NlMVA4cExubkRZX3pSUFQtaEZ2UjRCWjJOV25oaWpFcm9nT2NEdEZBVHotSUx5LWx1RS1vVHdnQ1BEbkUtUE4yT0JPbzRrZVJ5TEhtREhZTWVpZGcyTXlqQzN0YkUtUUtYMXlseVREbXBXQ2swbDAtRTNIdER2N3YtRTRwQnE0N3lkc1N3VTh4XzA2ek1UVlVrd1FIdg?oc=5,India
87c5f133a76d038d,2026-10-08 20:43:30,Indian airlines cancel Riyadh flights amid airport attacks,Rediff,https://news.google.com/rss/articles/CBMipwFBVV95cUxOTnpxSVc3XzV3WFlwY0NWWFM5SVc0Yjc4Sk1HU0dWOS1Nd0o4UzduSjg5QWhfUFZ0Rlg0RllKcDZNMjVMMXlRYUdNUU1ybng1eFhLelpyV0s0elJDWTZBd1hHaVFiejYtX3RNc0N3VjUxTHFUd1JwdWFJNFdIWV9yVVdkWjZiQ2owUXZoVEF0Vk9JMnRKaFZGejd1RVlzdTJqWGJxTGRMZ9IBqgFBVV95cUxQM2R5Z29fMm53S3NLalU1N01YakZ5ZFJ0WGRDMDhzQ1JRQXJRQ0xlTkpTVnBjdjBJQ2NvZkdYeGJza1dhbDhOMFVCdDJGWnNhZ2JlZVhBekVkY29TT1FVNXNZaFF4UjgxU0V3cThJbm9hcjhYUGlJLXBLN01vQkVRdklaWGVETm1TN01GNzZBYThuTFVzelhrZWh2bjA4NkVaQmRabW1Dend5QQ?oc=5,India
132232045fd394a1,2026-10-08 20:59:12,Lufthansa Group suspends Riyadh flights through Oct. 16 after missile disruption,Türkiye Today,https://news.google.com/rss/articles/CBMivwFBVV95cUxNVm9OZnJMNDc0a0FoenVYVWh5S2dYanRIZk1NSDFfbG5HX1JIVEw0NEdXQ2NLcHU5dUQ5SnNtUko3U3doNTVnUlBCTDB6UTNyS0Z3emN4RUV2NmlnM1hoaC12VmhmcHY5QktJV2k0UzJwYTVHa201WXJ1Q2RxZzd6cEtkZjZoaHdoSmFremZNYi1XTndTRGFDR1cwNE9Vd2xFYTBnT0RXLVItMWVmQmV3TF9TWmxJMEVkNzE3dDdIQQ?oc=5,India
8395c8efc554a605,2026-10-08 21:01:21,Indian embassy in Saudi asks citizens to stay indoors amid airport attacks; 2 flights from Kochi cancelled,The Week,https://news.google.com/rss/articles/CBMilwFBVV95cUxOUC1VWmtFUHF6Q21FNDJoNzJEUm1LdlVkQld0OTc5aGwzbXFOUnVnQlBqaWM0TmpGTHhWY05YOHVCRllObXdqWHdRSmpiYlNvYWgxYjM2ZFFfWUFHZEdjYXk0SkdLTFNkY05oclE3VFJrQUhhNEpxNHpIOE5IZnNHeU9kVkhJTWRUV2p5Y1A3VjlvVER1QTFr0gGcAUFVX3lxTE1vMWlyNXo0NFdua05hdFRXcmoyTElkTy1KMzdzTUdXcDJaTHBCT3VnUi1XVUFoOEEwaW90WDdic01GSVdQTWtDX1lleGdRbEplaXF4QkJNQzkxTERQaXBkVnF2WDU5bXk5Y0dlR2RELUFEdkpubHJzNExiaHJqSzJMR2lGbmxaV2NjenFGT3JsR3U5RTlXUVRISVFTLQ?oc=5,India
9cdb1563ece861a0,2026-10-08 21:13:13,Saudi Arabia airport attack: Why Indian airlines are suspending flights to Riyadh,Firstpost,https://news.google.com/rss/articles/CBMiywFBVV95cUxNWWstRGF4SmtFZmNzazlpNzM0V2JaMEVmTjNhYkRicFZyUmJ3aFZGUjNwQzIxSUtmVEVwNXhhRlNiNVFqQXdQOG9DRm11TDI4NzRlb25ydFJLYmxXSFdsNk92Mk9zV3pXSzNhZnlYWFVwYnRlWGxhX3Q5aFdBZjNjWExzTHJaZ1pleVptSFRzQ0F6LWdtS2pMRkdyRllEdm9UelpMSUdoYWNHRFBsQXVaTW9ZYV9pRzIzRkdUYV9rQ18tdU9XeE5Uc3pTONIB0AFBVV95cUxNRFVrTUxSZ1R0Q0M4TzF6OW1PNnIydWJjRGJyWi1wcC1xWXhTYkNXSi16bmU0bnhpejRTWFkxQXJoazlybkJiOWxieGhBOF9ZV0puWVJpZGphQmRzcGNhY0dTTFlJMEhDczQyWjlkZHdJTjVjUDNNZU55dVNZTnR0V3YzQkFwdmRpOHpMa0pkVmhod3o0bEg1NmQ4R1ByVFlqYW5vWjBGZFBKLV9XbFJsd3lvenpKdU1abDZaQUNJcEZORFF4OHZOVFY3VlNWRlJ0?oc=5,India
e7ff25ca7695b126,2026-10-08 21:19:00,"Lufthansa, Air India suspend flights to Riyadh after Houthi attacks",The Straits Times,https://news.google.com/rss/articles/CBMiswFBVV95cUxORjZhTHVOYVF6MmdtZFVUaTlvc09Bc3oxaF9ia0owV0RyRUdYLWI0YjhVbXNmVWItOHBiUTdDQTlUQUgwU2FoS092Qklta2xwdEgweEk5c3B3VVE0WVQtOEJlS0I2bGxiRW5SR1VMTTdhdG84SlBuY0dWZ1VzZDBFNFB0R0VmQUMwOThCTExsT0dRMFladVd0d3hPd2JwQkxzTVJDM1lNUGk1VzlMRzVRN2VMWQ?oc=5,India
3b3ed1e1ec7c34e1,2026-10-08 21:27:09,"Indian airlines cancel, divert Riyadh flights amid airport disruption",Daijiworld,https://news.google.com/rss/articles/CBMid0FVX3lxTFBvZjhNbFczYWlSbi1GMW9tSDQ0d0lfMHFEMWREbXdFNnJqeGQ5ZU1ZaG5sM2g3ZHVON01tR1dMRnFPQ1VMZVFTTlhfTjhIWGlZcHR5bnpOYk9OZUtCQkNXZEFOOEYxZkFzOTFmRFFPYWlJN2JNUVY0?oc=5,India
6a74a720f784c6c7,2026-10-08 21:27:18,"Air India, AI Express cancel Riyadh flights till Oct 10 after airport attacks",Onmanorama,https://news.google.com/rss/articles/CBMiygFBVV95cUxOWFN2eURHV3pRYS1fU3l1RHktV1gyUjBPd1p2cTZod1dIQklkeE1VMHdKWXJpcXNHM05aU3hUMzZlUjVzUHFZU2hBdEdITFF1dWtyMWUxUkNKODFPUXdZMzhJQV9CSWpuOU1KQWtrOGdrQU1FOF9SWENXSThkeGN2c2l0NHhpMEJaT2pOQkhES05RT3JEVTM4bEVZYzBiMVZNY1lRRWs1S1VGR2NBNzdjSWhELUtqZ0V6S1V1cFUxYXpqNG15M3RXazlR?oc=5,India
01bb7f5d86f9cfee,2026-10-08 21:31:33,"Riyadh attack fallout: India warns nationals, airlines halt Saudi flights till October 10",Mathrubhumi English,https://news.google.com/rss/articles/CBMitgFBVV95cUxPaERRSEhKS1BqUjktV28xeGF1cVIxVklhd0F1STlDVmUzMi1kbDlPNHpvazlvYWJNaVEwSUVWOFA3bzhmcTlRdVpMZVkwYTI5MmNSMmQ3bmwxOWNPTUxMMS0wYzA1XzFLODhGZmdNSURRaGo2OTVtLVJLeVR2YTlYQTV4ZmwtSFRlRzRFeVFJWkZrSVBHeUlSbXpzdmVOMnZYNE5XUzZsY2FuY1E4ZzdlLWZHc3V0d9IBuwFBVV95cUxOT3U1QmFieUI2NkhWYlQzc093VG92V1lOZXJMQ2NLRXRzWHpkdnVaRWMyT3lfaVpYeTZ0bTV4OFJoejB6cFV6ZWw4S1lQSnJCdVRhZDRObzNkaTNIN0lyWHp1dmJMb1JneHBvSlJsLXhFbFduYjlvaVhTYi1VVHZvNXQ5eWdIUXZFOFBjWDNYYjExd29xdjYzN2hMdWExMHFfSzhoTjJpelJma25LMUVHM3BsR0czOTd3bWZN?oc=5,India
5bf05a594fed6dc7,2026-10-08 21:33:27,"Lufthansa, Indian airlines suspend flights to Riyadh after Houthi attacks",Internazionale,https://news.google.com/rss/articles/CBMiygFBVV95cUxQOXZNMDVmWTA0NzZULXp6cEM2MjRQNEMxUUsxZ2hHbzN2eUJHMFA1S3I0bGpPNkJVeUdzUXZxQ0VVQ3ZIWGtvOEVrZGNYNDNsZFdJejFRT0xQRXliS0Jsb2t4S1kycUZULV93VVdadE9KY21ZSVFjbGtrRGM4MUFzaUpSejBpWm8xOUxZQUxtSWx0M2N2eFAtSDlTZl93Qjdyc1I5TklKcmFCUTk2b1B0Q1dDS1BGNGQzbXhJaFpsYzIzUFowdUQ4LVpn?oc=5,India
401c96245259bb7b,2026-10-08 21:36:00,"Kochi-Riyadh air traffic disrupted after Houthi missile attack claim, Indian Embassy issues advisory",The South First,https://news.google.com/rss/articles/CBMizwFBVV95cUxNYkljalVqN0dab0liQWpPOVNTVEswS3ZVR3gtV2V3ZlBodER1RWRGY2l1anRmM0N3MzN4UlVvT2c1MHpISXExendpci1FajZ2cEpRQzNYVU0xbmFFaVBKVjF0dXZHUl85djlhVnI5MElSc3dhMnNnbzhlN1dOM1FEMzlHcUVjLWU2bnhkdkxEN2syN3pySDVuMW43VzJwVTVZNWNVSmp4QTJHYmZuSlEtQVAteWc5WTltTVBUX05iaXVRaGpKdldXaTFsYjY2SjA?oc=5,India
e2e8dcaec6b1449c,2026-10-08 21:36:00,"Kochi flights to Riyadh cancelled; AI Express, Air India suspend services amid security disruption at Riyadh airport",Deccan Herald,https://news.google.com/rss/articles/CBMiiwJBVV95cUxQYm9OeVFrOHMtRjBGUEpCRk1ZYzhiWl9Ta3dja190aVlIWUhDcWpTRklMUjJqSVdoUlRNYXZSaVoyTFhsNTc1Q1BrU1VLSFdGZmYtTFc5NDJaUjBiYW12Mmc3WGdqWFdOZHJ1c0N5VGRORGFlck9SNVhFQUN2VEh3Q2Z5eUxDeGJWN25YV3NzQ1gyeERYd1k1bEJMQUZFQVVoV0lfdTFCR0lCaVNtTmNWS1dEM1RDc3dtaDE5Z1FoNVZOZXVlQVhpTzlCNE5CY3VFUTdIc20zQUFubE9zeGNmMmIyek5KMWQ3OFk2eDZhbmQwbldtNmw2M3RfZVZqOUFTWHhrNTd4Z25zQXM?oc=5,India
2b90fba346d4287e,2026-10-08 21:55:00,Two flights from Kochi to Riyadh cancelled,The Times of India,https://news.google.com/rss/articles/CBMitgFBVV95cUxPd2JZUWxEMl95bkRzcFdQVmJLNk15cHBFWjdyTk1RdUVhUHVzZWlMN0RVUGRLdms4S01oVUEtTkhwOHFSckh1dVhXTXhDdXBnRE1jRzVmQ3V0YktVU2x6WW5IbnA4SEVKRnZwLXZCcXBQUW9Ma1ZMUjdaRTBrbGhFeUpsVFVERnRkVEdnNEFvd3BGQ2JjTVFraXBOZmd4a21iMHhmUU5VVzFjZjB5Z2c4S3lMUDB2Z9IBuwFBVV95cUxQN2VDZml0QjFXY3hieTBGMUloSmE0UWFYN0VDay1aVk5IWkFEcFFRRExPNnl0YXZGSTRObkVZaUFiVkdpY1pXOW9ZbXpxZEs2dnN3UXVNbTB4ZjU0R2xoc2RObEJZLUxDRXJNNk11RHpJVDZCNzFkakZFc3BDSE8wTmZtclVkcnhiVDN6UWhTaER6VTdWMUZnSnNwNDJ0bUlVSkMwb2F1Y2tHVUh4NkFSZ3d5S1FiYm54RkRz?oc=5,DEL
f70a22a3073aef38,2026-10-08 22:01:44,"ରିୟାଦ ଉଡ଼ାଣ ବାତିଲ, Riyadh Flights Cancelled | Air India, IndiGo Suspend Services After Attack",Kanak News Odisha,https://news.google.com/rss/articles/CBMirgJBVV95cUxPbm5adVBsRG5TOWZyczdEaEpucDJFblA4VUpfdmVGZVBjb0szRmY5cklBNFo5ZFB5OHhpaTh5QWQtRXh4T251VHpoeGpUUTVJdlBIZTU2dFR3ZzNjLXdnN0FjZTdrRWp2Z2VGS2xNX1ZGWkhzWW0yYU56VDVpMl84R2xnTThhSS00MG1TR0xjT012R0xCWW5BazNwQ2hKeUdpVVBSZXluY2hCT0l2WGxrZnBZY2VuRnBvMUt2em84T3JDYTBwU1dzeVA3X0RRTWR4MXFsUHhiRmZDMURPdnV3RVptMDZUSVN1b2s1SG1Vc3I3QUxQVmtCQVlvSDFELXF1aWJUYV9PeGFVNGNJMzhnQm5JdVBFYkRuTU9abnhxLTVzWE9uYldhT1k4OF9mUdIBrgJBVV95cUxPbm5adVBsRG5TOWZyczdEaEpucDJFblA4VUpfdmVGZVBjb0szRmY5cklBNFo5ZFB5OHhpaTh5QWQtRXh4T251VHpoeGpUUTVJdlBIZTU2dFR3ZzNjLXdnN0FjZTdrRWp2Z2VGS2xNX1ZGWkhzWW0yYU56VDVpMl84R2xnTThhSS00MG1TR0xjT012R0xCWW5BazNwQ2hKeUdpVVBSZXluY2hCT0l2WGxrZnBZY2VuRnBvMUt2em84T3JDYTBwU1dzeVA3X0RRTWR4MXFsUHhiRmZDMURPdnV3RVptMDZUSVN1b2s1SG1Vc3I3QUxQVmtCQVlvSDFELXF1aWJUYV9PeGFVNGNJMzhnQm5JdVBFYkRuTU9abnhxLTVzWE9uYldhT1k4OF9mUQ?oc=5,India
3b25fc4934c1c360,2026-10-08 22:08:00,"IndiGo to launch daily Udaipur flights from Noida, Navi Mumbai",The Times of India,https://news.google.com/rss/articles/CBMi0AFBVV95cUxPOGFQMFZ3MUY5QnFaVV9uTzB1akw4TlBFcFVtelp1ZjhpUmRHdTdXTm9GX1BJUUpLTlNRb3QzaWVzQmYwSlZKZkdTZHlJQnBDekU4YjJwcUpzUlpNS0tuTHBUdUV4eDM0WVZha2RTcEtsVzFUdUl4Wkl1MnJCMVNSS1BMclppUFVvb09qdUxxVXFBeTUyMFlKM0ZoZUVSc3VHVENRT3BvX1JvUmhSdTlNNVNhVjdzQWFZSG5Zd0lFcFhaTVA3UEZaYzhjdnJKcVNx0gHWAUFVX3lxTFBQV1I3MnFnalhQeW9HamozZGhHVVdyMlpKM21faTlQZEM4Vzlndlptb1Y5aFhuQkNRZmJjMWM4ZHlDMzgyaUNheklPTWpfZzUxRVVHZ0NYRlNhWTBwN2hqRWxpUnNIYjdiVjh0NFc1akZva1RfWHJaUjViQ25iTkduU09idXRkbG9NVXJyNzYxN3AxaXVXbWprVzRjQ1dZU1FEQlNqWG9XMVZFU0U3LXdLVHRrcjhiWHNhRWh4eC1yY0F2d2JOZ1NBajJiT2h2ZENLUFY3aUE?oc=5,DEL
148c8eb028828cc6,2026-10-08 22:13:38,"Saudi Arabia-Houthi conflict: Indian Embassy in Riyadh issues advisory; Air India, IndiGo, Akasa cancel flights",Livemint,https://news.google.com/rss/articles/CBMi8gFBVV95cUxQbTRhOHBCcFlXaV9uX2Zjc1ZiWVYtWFNoRnU5cnV0aEVaLV9Qcl9KRUdaTUwwZTkxdDBuOHQ1S3JqTHVuM2lDYkp2VW96NUdCcUMtMC1xeG4taEE1YjU3Q1ZFNi1MeTlpNFdlbVE3Y1VJTV9ZVEx2Q1ZyWEFWRDNqbHF4TmtxeTE3RkhNclZyQ3R2SmhuNlVUUkJUOFR6T1REU2xWTDBjTlp4SmJzT0VlTnA3QmY1djNxd3ZXZ0NJYTNyY2tQNDh5M1F4NGxfdTdqem9QOFFfLTR6ZW1lNUpENko3SENRSWp4bE5Xc0tzNVA2UdIB9wFBVV95cUxOQV9EeXdkcXpoTmJldU1YX3VGTE80SWNSOU91XzhRMGVvYVRuS1pYbEdVdVFtOGw2akhxMkRLMkY1ZXdiR25FVi1QS3ZGd1dDS3kxajZ4MVlZSVFEMVJXSVR2QW8xWTZkaDRLOVBJQl9iOFRTNWtxLWhxVUNFSkRpTHpTY18wZXFBQVpWQXFfOXZDdzE2Q2NtbHh6N0NzTGdGUU1aZExHY0l0RkFxUlVIbEtpUExQQjF4eEp1Y0xKRGx5YmpGWUp1TjBvV0NUQUY5VnNsTGxrTDRfTnMzT1JVSThIM3oxZEdaMmVjWHhUbldsTEg3YkFJ?oc=5,India
46e992614bf5c8b0,2026-10-08 22:17:57,India arrival forms: 3 critical checks for easier travel,NRI Affairs,https://news.google.com/rss/articles/CBMiakFVX3lxTE5qMndFcnNjbkxDMHNqV2pEb3pYSXEzSk9OdFFCbUoxak82U2xHTlI1NmprZmJOTWRNYy1TMVNNMEwxQTZMMVlRVDJQUHJ4bl8zQm91NUFqdkFoQXJfZk55R3loamp6b0dpWmc?oc=5,DEL
cf3e62ae663bf39b,2026-10-08 22:21:58,"Lufthansa, Indian airlines suspend flights to Riyadh after Houthi attacks",Reuters,https://news.google.com/rss/articles/CBMiuAFBVV95cUxOVXd3SHFQR3NWbldRVWo1OVQtajAyZVYtRzNYcmFzZTR3X2pMaDEzTXJKX3R4aUNPNW9fOEhUalZkVnR3LWtKRWM3VDVqelA0M1QtRlFNOE45ZG16VFVIN0JrbHFQSDFFd0N1OEM5Z3FMS0tnVDJvaEZXSjhSYUVsVWJGWXpBdTdVSjZrVVBEc3JCUzFDQXM4Y2ZjYUpHTWlIb2VtUGFlOWs2djlQYUFZLUZ1X0hSZFJ0?oc=5,India
6d0dd30b0e0b1d8e,2026-10-08 22:32:35,"Houthis Rock Riyadh Airport With Missiles, Threaten Global Airlines as Indian Flights Turn Back",The Times of India,https://news.google.com/rss/articles/CBMiggJBVV95cUxPcnAzbzBlLWM0MXYteU0wN094WjZLSlVmZ1NkM09hWW5fTDdYTGhnQVNpdF81bldnTnViZ0tPY0l0YUgteHZIRmtBbmxZZ0VuazFsemM0Tm9MMUtybnVxdnV2dDNXUnpYeUp6c3RpQWoxMWNtS2pXeFJybDRTUXVpaEpzTXlOOXFRMHIzdHhwTGtiMDNZaWV0b2VBR2ZRamwxTnRCRlViVE9kNTlrS1FuQTFWdkQ3bVR5U2xFSlV4eXQ1QUd1eF9IYWtXZUI0Qzh0U1NudWJiNFFldG9nTzRLSU1SRUhtWjRIMHp1TVlBYlg2bnY2OUVuNDVGbEJ1SWEtekHSAYcCQVVfeXFMTVRoY2RCaW1JMHVBNjhoajBURFJIS3NndnA1OGwzM255cFZIQTdJclFzVTNMSjRGOEs5ZkRlSHN5ZmE1aGQ1OTVtX2NuWnVkcFp3SmtoNkthLWt1OTFPUmJiYXhmQWFYMDZuc3hTejk4NlN4Uy1YdFNrN0J1cUJWSU9ZTmd0Z3FfR19KTmlxRUM4UFpNa3VMNW54YlhGNE5mdFUyWnlzVl92X1E1cDFpUnVFSGFHQ281UVVOVWNuNmtGRVM5TmZpQkRCTUp4bERXcEtMc084dnBiZ0U4TkppTW9EZE9XVVNKZU90ZU56Z2hoT0c2TC1RbnZMMXlPa1d3Wi1sNWZncDA?oc=5,DEL
774ad314798e1ebc,2026-10-08 22:35:25,"Houthi Missile Attack Rocks Riyadh; Blasts Near Saudi Airport, Flights Halted After ‘Final Warning’",The Times of India,https://news.google.com/rss/articles/CBMihgJBVV95cUxQZjhRbFBDcUxhM3o2T25Da18yaDltblBhSV9YRkpLRlgxcGlHUlh1Ti1YYTJEMkNrWXhjeUkwMC1vM2IwakpRS0h0WUlETnVqd1hPOUNmUUQ0Q2NOX2owMjNtMkR1ZjE4RGJ4SEljdlJIVDFlYXFudnFCUXA3Mi0zc3ZmMmFXclBVdF9ZSzQ3Qk1mN0dVZVV0Uy1QeWdnVWZjcjdKOFp2TlR0SVNOejNwQWp1aFI1bHFxMUdmVHNtbU5vMUxIZmNNZVVERU1HeEtCQWdzSkhqSkxpTlVtRVQwZ3RIZWJtbXhHSHloODNuY2hMRTk4ZktpdTNtelJkRElnaTVzcVBB0gGLAkFVX3lxTFBkUmhqVEZnNV92ZFN6ZEs2Y3QzbzIxQlRYMFU3UjJ6Y25kanp4bGtBUTgzQzRXTVhPdEZkVjVEZWZhcVhHakFZOUMzdmlPYnFNdHBsb3AwdFdpT2NHSUhJTUZpbWlITF8zTUtKNllMSV9xUGM3eTF6YzV3U0tNVkcyUXVFQjRraTdOdmpLU3JTSmF1cXdIRjBHamNtV3d5eG5LUjh1TTZ6MHJvLWJlYmxUc2IyX1MzOEFaSkljN3hiaTAyTm5kMTdNalFzYlpsdTVITUxoOEhkM0tQQkd6bGtFeU55MW9yc3ZldU52eFhOQ1E1Z2lJZElYOWo5ejA0N05sd0JYeW9hR3NoMA?oc=5,DEL
08c5567abb65b6e0,2026-10-08 22:42:18,"Air India flight turns back after Riyadh airport attack; India suspends flights, cautions citizens in Saudi Arabia",The New Indian Express,https://news.google.com/rss/articles/CBMi9gFBVV95cUxPVHhsU24wWENiNVRWMU5CdHFXcnd1Ty1pY1ptWE8tTDZ1eVlNd1owc1V5NW43MElZZ0ItUnZPWGZnTll5cVBpUkpTNnFWNHF1a3E4ZzRtN3ZNSUNOUmJFNTU5c1lKVkEyOXl2d0x1dTVhaC1CWmRIYll1aGh3RW5uWUlkb3lyb2xWSVVtNHpRX0h1ZDNJZkQwTE9fLTl6aWRrcjVLN29aRHJUY2VBcWlTdVdXbHZKNnB4RlN4TnplcXlqT3Y2OWswWkE4TXQ3YnlYNjJvbTNwR1gzSkhPdFZaRFZXNDlTa0owaVpXSE5ERnZoTDNhOEHSAYMCQVVfeXFMUHBOczlEcjhXODktb0dIY2tPdlVuOXQ5cWhROUNuQmN3UDhyS3lxZlVDMjlOMGhlXzB4MzQzYk8tcjViT0o0YVluN1FnUkJSa0h0UUJDRWVsQmgzRFNpTnNiakdPYkgtQ1l2SlRRSTNPV2pXOGVFaXk3OFFkUnNJMEFQdmxfNnhkM0xJdnh1RW13b0owRjVndGtJUms5QnRZTEhRanpfWEJpRk9IMUpqbnhPU1p1RGJiaVZzUXRzNmVfNzFtRmlOSWV5dWI2dlZPaDVoNEc5MGNpRUQwUVVLU0QtdlJSaTdrTWJoV09NS25EUTM1RmdEb1pZT1p2T0htU0JmOA?oc=5,DEL
580f96ef7726625b,2026-10-08 22:47:26,"IndiGo, Air India Express and Akasa Air Cancel Riyadh Flights After Houthi Attack Claim on King Khalid Airport",English Bombay Samachar,https://news.google.com/rss/articles/CBMivwFBVV95cUxQTk9OR3NfRUNLblZOT1RFZnFjVkJUV3VNS2wtdmotNlVpQkVwcGhYVVJOb2ZnanBCY1otc3RSbkxXTVltWGxzMFFMUnJFUkVnQzVvUWNfMXpQRTJaUkVYT1hvcWlubVFzX05GcXB3cDZwSTBQRjltLVhqRHRHcXFjbnIxUVFSUWdzUFNpUHZxMk5TcWgyTGtGM1VkNDhiYURwWkxzYVN6WFg5cFYyQWdpYlVYdFVuZmxINTRZMUFkaw?oc=5,India
bcd3fc4562715f93,2026-10-08 22:50:52,"King Khalid International Airport (RUH) Closed Today? Riyadh Airport Hit by Fresh Houthi Missile Attack; Air India & Lufthansa Suspend Services – Check Latest Flight Status, Affected Terminals & More",The Sunday Guardian,https://news.google.com/rss/articles/CBMi0wJBVV95cUxQc1ljdHhsNmpfRkZFR3VCcUpMd0pJNml0UHZWWEVoQnluOFE0VDZ5T3B0a2JzckpNbWMzVldldXdLWUZjRGRhMDJPRmRtRDR5VDEzdTlYa3BSRzJlVnhtWDREQXc1Tld6bDF3MXY3T0RzRWdqNjdnMG9OQnh5UWpwT2E0UTZ0TTFDLUJna3VSNUNUN0YtT3NFYUMxUnFHT1BvdkhFRFVDM2JkTnU5c3B2U2pyMkNvMUhoYXNiWlJIeGN6UjhOVERRWW9XaTM4QWRHR0laUkoxbmppMkMzR2cxc1FXc05wVjV4ZEVlOVB5bW94WnZMb1IxZDF4MWp5N2E5ZHZfZ1FoLWRCV3Ezb3gwbjVyUnc4aC1UbE9ULU5xRjlZZjMxRGlORzFrVGJjRDR6NDNLdmx4Y0Vwc3NsQlBMQ0NtWlJXS0huWkJCdGQzS1MzQkHSAdgCQVVfeXFMTUUwRy1CUjU2cG1IbzFjQjlxN25aZ1V3V3UwTFZRazJQSXZnYml1MGRjdm1jQ1pCelFFRXNmMXVwTXNLdkVWUTBvRGx5QkFJM2tidXNfOGw4dExCS0lNOEF5Tkh2Njd6OHRLbWFZZnl5U3ljUDNsZFA2em90ZEY5LTJUOEVZY1J1U3U2ODgyU3ZvNXVUcE5iM1NVOGNpWUtET2xFWmx6Yk9TS29nUTJQVk84dnpLWmt4Sk9sVDU0YUt3V3JmYlZXUVEtdjJJTldGdHNjbDVlYzd1aWtzX0taNWp3Wi10cFlwaUVJSU9WcE5aQmxGZHFjemw3R3BlZWJqNUFaTVJlUGFlZ21abHlCQ25wN0dOUmRDbnpvbmljRWNFazJWcjhSQzlpQXZ1YnBMRTZwd3pSUEtERTB6bW0tVUJwVWYyX0FHUW5lY2Z2Rjd0bmJqMVNYTVg?oc=5,India
4bd8422ffb56ee26,2026-10-08 22:50:56,Two Kochi-Riyadh flights cancelled amid security disruption at Riyadh airport,English Varthabharati,https://news.google.com/rss/articles/CBMixwFBVV95cUxQTkkxVk1UM0tnSU9NYkJmZFcyRldnYU8xYXZFbWFybDdyRHRiSFR2WnhBYUJQS1BnNjdsTVQzLU03dzVoMzlHSVExaXBnaFJNSVhId3hKeXhMRkFUVEc5MndabGdEMlp0ME5GdFVwRTJ4OW90VHNWRXhvQXloMllpNlRXYWRiTEphZTFzdU9RSFV2M2pEb3lFMGJjMmFTS2NjS1dYb05GOVJhYTRYY25nTE84dnFYUU9KcHJHbGJpVFpEbDdNaGpV0gHHAUFVX3lxTFBOSTFWTVQzS2dJT01iQmZkVzJGV2dhTzFhdkVtYXJsN3JEdGJIVHZaeEFhQlBLUGc2N2xNVDMtTTd3NWgzOUdJUTFpcGdoUk1JWEh3eEp5eExGQVRURzkyd1psZ0QyWnQwTkZ0VXBFMng5b3RUc1ZFeG9BeWgyWWk2VFdhZGJMSmFlMXN1T1FIVXYzakRveUUwYmMyYVNLY2NLV1hvTkY5UmFhNFhjbmdMTzh2cVhRT0pwckdsYmlUWkRsN01oalU?oc=5,India
32092110f03e64d5,2026-10-08 22:57:00,"Yaduveer slams delay in central schemes, urges officials to stay apolitical",The Times of India,https://news.google.com/rss/articles/CBMi4gFBVV95cUxNallWenN3eF96THRqWi1nNVFjbm43bW94QzlVWGtQaEg4Si0xZmlXNUhJcWhGMmFoeEY5ZWNRbThka2xtcVJfNGxGdjFZZDRxN2RZU1BYS3VYN0ZXbnJ0LVhEaVhvYXgxQmx3Rk04MUozWUQzdEZsRi15REdhdTBITUNJa1ZrZW5wamdrQmhEY19MbVFHUTZteVFUVzlWRmtRaEg3ZC1QV3ZUVFNXZy1VX3RUdjhVTE1WWDBqSF9xYndBWS1ZVWVTX096RTI2d1Q4d1M3VWpUbElZOVphSXZCOEdR0gHnAUFVX3lxTE9xVjJ3NzVkUTBwdHRQdDBjMEdqQ0YxOERjLUdsWG1aWlBuV2RITmhMZ2N3U0tLc09Vdzl0VDBqTV9qS2l4UDN5dzVWSWo4Y19tLVdSNnU4UlRVZjU0Q1JFSi1HZHBRSXlOczZuZXhIWkEyX2diWjRNWU4zNzNlLVloV29QNmw4ZkR1QmJiZk13eEdMMy1zZHBmZjVpMzVoTXExaV9venpVRG00bFE0eFJiZVJWTDhENXotSy1BU1NBZldERmNhZ1VpRjJINjg5Nm5QcTYtTXk1MERBd3VUenBzSEJ0X2Vfdw?oc=5,DEL
68dc2494d79cd3d2,2026-10-08 23:44:31,Airlines suspend Riyadh flights after Houthi missile claim,Middle East Online,https://news.google.com/rss/articles/CBMilwFBVV95cUxQZGFGa0Y2aG5aRjNQMjFuVUFZd0gyTS13bkhVZEVkMmJiOTRmTmhfZERYdHpDNjZqZ0xRVk4xRTBRRFY4SGFDd0ZVMnZlTnFkcWthWFBBekhLTkNGZkV3YnVST0c4VWhTRm1TVV9mYmpWd1lsZG9LdGF5RXAzUC1Nc2pLU25EYUZoUHdwbkEtOUNOSjhobUdV?oc=5,India
c9ce6054698c4a18,2026-10-08 23:53:00,Citizens take on GBA West chief over Kanteerava Studio Road in Bengaluru,The Times of India,https://news.google.com/rss/articles/CBMi4wFBVV95cUxNN1NRclpydkJHR21vVDZtLUt6eWZXZktaSkxQRFNZZ1B5eDFMaVllcHY3dUdWa0xWYjJJWVJrVWNBcC0tN1I4bDVzQmV4eXNqWk9kSGdzVDZqYkJnVkVhY3NEVFBYVWNqUFpNbXdvb3U3Vl9VOW94WS1fNE5seXFFRE5JZmV2VzV6ZE1wbU1PeDI4WVdKY0tqNHFweHlHcDBsODRWbG1RQnpKajhTd0JoNDVzamdvcTMtOHZzSEtLNDE1UGwyTXpoZXc3QWpzeUhpZi1WS2hPRFI2ZGMzOW5qQjBGd9IB6AFBVV95cUxPRFFrYTE1dXZJUjd0dDQzckoxbXcyMFZSTWMwUmJDcmM1N0NTdWEzX29VakdTRnpzblB0ampvWFFrLXpCYmRyOHg0OXFyYlJ0YUxjMnJ4VHEyNGtiSmxwVDktbGlPZnpqUldPZDR4ZEk4d0RTZjl5eWY1QUdGMVJrM1V5VXdYQnhoaG42eFA0MWtiVDNVZm5HMWJaQ2xWeURyLVUzQUNQMi1UV3drR25TZ2ZWSlBZNXA1Z1BzVEhrSFQtRUN4Yk0yYmVPUU9OSXZvSzFfYldlbHl5MW9RRWxNM3Y0dXlrTFJa?oc=5,BLR
241a8616276fd23e,2026-10-09 00:16:17,"Riyadh airport flights: Nearly 50% of departures cancelled as Lufthansa, Air India and IndiGo suspend services",Arabian Business,https://news.google.com/rss/articles/CBMiiwFBVV95cUxNLTdkcTBieG5yQ2VOZ3N1YmhfNDdmejY1d25WQWxmZXRqZHN2ZGJ3TnBDSnlXaG1NeWlCVFV5YTJkTDQ1MTVhSGVIZ1QwN3luOUZXQUlsWkdpMjlybEJuVmhWWW5aNWdJdGRwcHRPTTB5cmZBQnpBSV82VXRrTTNvX08zRTlES2RqS2c0?oc=5,India
cb98e56e82f117c4,2026-10-09 00:28:00,Noida-Lucknow IndiGo flight delayed for four hours after snag,The Times of India,https://news.google.com/rss/articles/CBMizwFBVV95cUxQdTNvSXViZjktclhtLXdZbERJMHdRaHlQaFBieENJYkNpWlNuZmF2R0Fhck02UHZrWWsyekhPbW9haGM4cFF4SjBwWGNLenJWUFhnWGZhYmptSEtRM09OeGZma1hoYmtzQTlqWGV3OERabVJ1SFlqdTdtdC1RQzctVmlHVF9wdUFQVDJ6SnUySGVsZTB2TU94WWdiYW16WkdBSl9qZGFDT1FpRk1RU0dmaVRicGVXMDFxakI1YjBOOGRpSTNJdjhPOFY5dGlXUE3SAdQBQVVfeXFMUDZJUVdPYXdmV3pkNHJMSTZIZ2VndGZDY0Y3bjA5VGI0RkwwY2szTnYwbncwcnNudFRLRHV5VlpuTUJuUDdRY2paWFRlRjhNeWJ6YVBXd3lOaklISEN5QjVPRV9VYTJ4ZFMzS3AybDJjclhpcXFxWmJSaTVkM0l0amdkaGZUVER2VW05U1FudzlzOVZYSHlicVEwemN2MmJGSllhUXZxMFhJTWRDNnFWS0RCdXZHQ1FDT0FjTmlSNHhwRzZsdWF6TW9lRXdzOVduSG1ib00?oc=5,DEL
2284d7e50dce040f,2026-10-09 00:29:00,DM sets 15-day deadline to finish Gyan Border-Mohan Nagar roadwork,The Times of India,https://news.google.com/rss/articles/CBMi1gFBVV95cUxPdFFZUEk2cmtia1p2azg5MWd1MXVTd1JMdVRjZ3RpMWJjQ2I0XzI4THVTT3RfNnd3UWl3MlhSR3JBZjVVejJVUnhvbXVrM05LS3l2SlBoc0pVbEJBT0k5WjEya1p2NkZZYUdEcjd5azRYNmlRdE1CZ3A3WFZyWjVQWm83SGRiR0RMSGNGS2paRUFRX2hKSktubTV1TVBGaVd6dVdUS3RJZEQtX0U2ZVV3UXd2LWM3eW9aLWt6b0NXWGdBdWlSZWJ2SnhsYlZNSEN0c0NEQ29B0gHbAUFVX3lxTFBqQkh2SFUyUlNBZktobHR4NWpMbVRtMVV3MzhJUUtnZHZ5S3d5ODNTR2xxbTA4aW5oNXY5UTJqYTJLLVlwQzgtZTViVEEyS1ZIQWpRSEt6ZW5yQnlfaG1OUWFjREhZeFBnWVNsMTdmbWd5eVM3U2RQYzBCdDcyT0N6Z3lkd2hsMXJqeF9WVm5pdUlkaHI5YTA1X2hUX2NFWFZhUDludWQ1NVdaVEtZamJKQ3hBV004cjg4N1R1Z1dldk8yTDJ0cGNNNUpkamVUM05tRkxsMGJNWndSUQ?oc=5,DEL
93f717a8e12d70b0,2026-10-09 00:32:00,Dengue cases reach 236 as administration intensifies fogging,The Times of India,https://news.google.com/rss/articles/CBMizgFBVV95cUxOd1RXNy0teU9QM1VBNkdJTzJDMmV6bXM2bzAxWGVsNW9HaUVmSWlxV2FwM3dmU3ZuTVo5VjBZdUpGcDV5Vk1Zdmw0ejd3OE1IdDRQMFU1aW1hZlMwZVgwOXFOd0JMSThrNHF5cG5SRE5heGlTTEZla2ZrUllmdzVoTE9vQkNTMFZ0eFNlYm9zNTlJV1lpbDdkZURGWlNjUjBGVThMenBYbnNkRmlhWUo2MGMtSWNPTFhKQU9vZmMzR1ZUV3hneEVaeWNRRmRCUdIB0wFBVV95cUxORnFqM0JHYmNKV0tFSjVKZDVUQU5BbmlaTUZ2Sl96Z0Y0b2JoQkJfY3Nyd0VRTUNYd256M0tDZk5nNDRSanJScGx4WEdYMmJBX1IwUFNnLWh2WDE4VGRpdW9vZmVQZTBFNVA4bGhCbXcyUGR3Tzc0WVRiMGpvbm1ld2pMaHVzQ2JZMHZ6MWVocGdUX1BDbldLVlpCenllY0FpZlhoZGdzSFhoUzM2a010NFF5S1hlcmlIVDhDUkZkMlFObE40QUE1ZjA5WHpvOEJUZndj?oc=5,DEL
ddd0e3f724adff28,2026-10-09 00:32:00,Effigy contractor’s son second to succumb in Sahibabad community centre blast,The Times of India,https://news.google.com/rss/articles/CBMi4wFBVV95cUxOcjJMN0p0MExwUUl5c0FqWk5YYTdUTC1FaURmT2ZDdjlDN3ZPMUoxa0hPa3NFckRQUjJIOXdNS2RQcmt5NGRmMHVmTlVLbURwSmpZZDRjZXhzaWk5QWJyYmFmc3c5SWpycFdwUHpub0VIR3oyS1l5OVU1U01lVHl2OFpzU0taVExWVi1HNFFPS0d1NHh5YjhIX3RDWG54OWlteVZueFQtU1VvOXBuRmVYZ1dJQmNIQ2JzeGtOYkFlaE1KMXh6REtWYjFJUUZfYWhxY19nSkQ3b0JfcU5yS2x5ZXExWdIB6AFBVV95cUxOQTlfaHpRSnlZbnpOcUF3MkwtZFdYYXhPd2J4d21mV3BBeEFaaFBZOWhUMlE0ZXRHeVJubW40ZEZTdDg5M0dPdFlmSDRDcUZXZXN2SmpIdF8zVmZYUE43ZTBtYXBBVE5pYkgzU1BiLXZzTXRQcHZXMFRGLVBaVVNteEVTZ2ppaE1XaUVPZ1YzdmM4RnlDQVUxT2ZlSUc3MnEyWHlJc25tWnVSUkFqdVE2Q1BVUzBySDJZUmxZNHVoTVNkb3lDU2IybXFhNDhDRVdDTXI4dUdTbWZsZ3RGMzJzNG9CWm5sZXRV?oc=5,DEL
779e6ff4f253f04a,2026-10-09 00:49:17,Airlines suspend flights to Saudi capital after Houthis claim attack on airport,Sky News,https://news.google.com/rss/articles/CBMitgFBVV95cUxQMkpfUklHUUpCc1JjOE5WaEVPQTVnbllzeThTZTZZci1iN3dJLWdYV0l0TjhZZzBZXzlaNU0tTFM0SVE2eGYwSnF4X0M5d1ZjeHllY1N3dFRVdHBNR2hKUTdXZ2hmZ0otS25OOVo5Y2xibmprcFhwUE9jbzFmNERoLWRDckdUdWp4ZVUzME44TTA2S0luRGlvTFZiakZneVp1N2YzN3U1U3lrTk45MVJmbUVLLVBVQQ?oc=5,India
5d3d4c452e1a7520,2026-10-09 00:53:54,"Air India, Air India Express Cancel Riyadh Flights Till October 10",INDToday,https://news.google.com/rss/articles/CBMikAFBVV95cUxNbW55RlhVOHNHLXU2M1JDWGtsSHE2bEJuaGdaalFua0poWlJFZXJCX1ByT1I2a1dMeDc5eU1jSmgwNDFLX3lXdmdkN0J3MW1sZWF1MnA2dHZSOHNJUHZjT1NmOHRLUUVKU1B2X1R2cmlBZEZkOHJ3UFJRWUlCTWRLN3lhYnVCcVRwUVQ4YnVuekY?oc=5,India
06db8bd718ab188d,2026-10-09 01:24:04,Amalapuram Today's weather,News9live,https://news.google.com/rss/articles/CBMid0FVX3lxTE9JTkJGZWlDelR3Z19qUlVTNjM1Z1BsN2NnM0d5dTNjNm1FWkFVekFKUHlxeEVPQWlRaFU0V3AwRlZPVko4OWItcGFKcVJCMjNDbTBTd2FBSWNzRWJhZjY4Z2k4dUtrY0dBZEFrcU85a0dEMVJXT1Zz?oc=5,DEL
8c9280a97a0aefd6,2026-10-09 02:04:41,Riyadh Airspace SHUT! Airlines Cancel Hundreds Of Flights After Houthis BLOW UP Saudia Airbus Jet,The Times of India,https://news.google.com/rss/articles/CBMiigJBVV95cUxOVkdiVjg3WG1iSzNORi1zOXlhd1NucUxGN2ZxSkM5aTJaUkZmNVg3RlBCU1pCb1BUV1Y0bUZONWd0ZDNHYkJzbFFENDNNNHVuMjZEZ1N0RUZXYUNfNjI5UzBTcHFxMngteVZiM05FSjNIMzJwU19LNEREenppTHExX0RtUUs4dzJnVlpmUVd1VVNRNlVxSlRuV2RxNmw0djd4UjZWQ2EyZzJ2bjhmeVdoWEJzNV9UMXo3aEV2WEExRzFuYWNPMF9fRng2RXpVVlYyV1JxWmJjTHV1WHFVNG5rU3dXZVRnN19HT0N6TVdNSjFkTkZDMXR1U1FZSGotNm9NUm5tV052ZzZaQdIBjwJBVV95cUxPSS16UVFvY0ZLMlJPQTJLVURMd0VqNU1Ra3lMRndGbUpIMDB4RzdmRk91SWpKM29YNlE1T2FibHRhUkNtbHJVTHpPaTJMMDlMY19uUzI3SzJoV1B5SXg2QjRFT0ZhczA2QWJWeWNTTXlSYmd3N21FQlNWcl84b1g4X1hNZDdFUmJTTExiX29TeDBNeHBzbEpUTTVnOTlWLWhWUDRiZEo1YzZMaTA4UGNNX3VxYUNxUlRVYV9wTHFSX1NGR3BqQlRtdVd1X0U3UENFLVVPM0hGQUpmb2p4WjBTenI1R3dqNHI1M0JHdHBhU200bE5nNUNyRkY5c2VuRVJwZkVmSHEza0pvQ1I2WHRR?oc=5,DEL
3738d631775a5030,2026-10-09 02:30:00,"Saudia plane hit, airlines cancel flights to Riyadh | Gulf Times",Gulf Times,https://news.google.com/rss/articles/CBMioAFBVV95cUxQZzcxVDZ1YjRVdmFDQTA4YnlHMW84TlJKcG45ZW5JSklaMi1DNEZHVXFBQmRFVGNXMEJtMkdieGZseUJCc0pWWHBqSTVsY0RFenV4YmRDN3hnRTZHSUotTWd5cjlqMHdFU05qZjE5dVc5dDFFRVhoOThYVnlpV0pSc2J1QnVZV1pCUEkybFNjOEEweTFCenl0eFhLZjdaWjJE0gGmAUFVX3lxTE9Sa29fOE56QVNxamdpZkxYS01BR3U2c2p5cUl6Z3dRaHhLRE1EMHVWWXhTaWFiWTNqZmxtcFhYbkxDNjRrMTNtMHlRNHZWVzJYOEtsNmw3X1l1LVhKR21wOVR2enk4SzVfRGt0anNHMktuVTEzNlIwdk9KdTh6R29PZURZVlZRc1hVZ1o0ZHJ2VlBWazh5WWZDOHRBMDlSa3J3Z1RMUmc?oc=5,India
13fb4ca7c2e40566,2026-10-09 02:35:02,Saudi Arabia Airport Attacks Disrupt Flights to and from Riyadh,Newland Chase,https://news.google.com/rss/articles/CBMikwFBVV95cUxPRUtZQlRsZEY3dEZTZ1NyQUlXMndnUVI3NGNnRExuMjZPNTJoZkpRRlpzS0phMlNZTTFZV01ScWxUYVFZMGVMRzJxOGE0Tjl0aG5QWk1ndFBieHBiamszWjE1WmhWYlI2R2JWRUdVNGRhU0J4TW82RGJTcWNObEE4NGRCWXZJc1ctQmt1eFVrdzhOUU0?oc=5,India
749a68d9e9d3ac2d,2026-10-09 04:23:41,"India issues advisory, Airlines cancel Riyadh flights",Daily Excelsior,https://news.google.com/rss/articles/CBMikAFBVV95cUxOc3RiaWU3dGpoQUdzTjVVbjZuaFFhLS1TLWlpMlV4cWd2Tm9RQ083Slk2MVFfTDRXbjh4TzVESDFkTlJHQS1JczBDMnhqOFFXaE5HZXJ1amhwekZfZFlFSHJCTHExQUdsM1kxcnUydTN6N3FhaXd2VlJYOEVud3QyTHNxeTlvRkl1RmZ0TnVsaEnSAZABQVVfeXFMTnN0YmllN3RqaEFHc041VW42bmhRYS0tUy1paTJVeHFndk5vUUNPN0pZNjFRX0w0V244eE81REgxZE5SR0EtSXMwQzJ4ajhRV2hOR2VydWpocHpGX2RZRUhyQkxxMUFHbDNZMXJ1MnUzejdxYWl3dlZSWDhFbnd0MkxzcXk5b0ZJdUZmdE51bGhJ?oc=5,India
46bb717beb10953a,2026-10-09 05:46:37,"Flight disruption: Air India, IndiGo and Akasa Air halt Riyadh flights after Houthi strike damages plane",The Indian Express,https://news.google.com/rss/articles/CBMivwFBVV95cUxNQUdIUlk4dXpEdEVZU2JVTktsRWRRbm5iSThfMlFycnlKeW8wSU54cGp4YjRWeGJkaGpYeS1sbWdTcmxFUUhuUXVXdmpyZERUSXVuYkdqS2hwRnlDSDVvdXRFaXdIRS1IR3JUNnl5WGZ5TVZwUGFGZVpzY2RrZ2pDb2lRaWN4U1I0ZFd0M2pFMWxodXA5UFM3eUVIT1JyTnJOdEJ4aTNkb2NidHlneEt6S0gxT1VxSTFrU1FyYzlBSdIBvwFBVV95cUxNQUdIUlk4dXpEdEVZU2JVTktsRWRRbm5iSThfMlFycnlKeW8wSU54cGp4YjRWeGJkaGpYeS1sbWdTcmxFUUhuUXVXdmpyZERUSXVuYkdqS2hwRnlDSDVvdXRFaXdIRS1IR3JUNnl5WGZ5TVZwUGFGZVpzY2RrZ2pDb2lRaWN4U1I0ZFd0M2pFMWxodXA5UFM3eUVIT1JyTnJOdEJ4aTNkb2NidHlneEt6S0gxT1VxSTFrU1FyYzlBSQ?oc=5,India
4beb277f71400678,2026-10-09 06:32:03,"Indigo, Air India Express, Akasa Air cancel flights to Riyadh after Houthi attacks on airports | India News",Hindustan Times,https://news.google.com/rss/articles/CBMinAJBVV95cUxQZzdsWlpPVUowMzB0ZENMRDAzRng2a2d2cDh5dk9CRmhlajMwcWJiZjZMODFBVGJaWHk2ZFJqZ0FQX3UxNHoxa2liak5DVG5GbjFZaUE0cGowN2hUM2trRFpvOW5qc1B6VkNzYWFEeV82bFhlcjFjRVNfT0FpaDJMZGRLN0xOYXExMzJzY0dDd0xDNGdWWUNOaG5qMXVNNlhYRUtOcmt2MFVyeTluM0RWSkhIUmZCeHpwYVY0czJiV1ZtTDNPZHM1Y0xnR0o3RnJFWjJmbWxTZlQ1ODhhSFNqVVZtUFNjVkdYTlRfMjFjNHV1TkowMFZIZHJNMlYxRU53WnJQYTM2cU4teFBoYlJkWVpQdGJ5bGMzZVRHNdIBogJBVV95cUxQRy1fRTNGems0cUdmcGNrZ0VWMWlIUF9QbnA4Nm85aHRZQm13UExaUk9SQ2NuV2FUVVVUUzhCUXY2dWxDQ0plaTJkZThYdGd1MEs2SXcyazVROFJrWXF6Q2xiMkNfLUFOd1dNbmFwa0pEbXlXSFltUmc2ZkFaVXNQNDZ5RFdxajdYRkZGVHJsUGo1a3cyQnFKdkdOOXh2MEZpNk5CWXdXd25iNHlLQnV5cTNfT2Z2cnF3SEdWa24wVElFSnRnMDdydU5MLVN0SUxlX1ltWjBLbUZ0OGllMExMZGV4cE9JTDA2c3VxYzJVdjJXcm1SaktfSWlqQ0g1RFdEa25LYkNxOEJ1bFJRRlh1eXpNc01vX2lPQ19CeG4tU3NkZw?oc=5,India
c0c5bb3849866600,2026-10-09 07:01:56,Missile attacks on Riyadh force Indian and European airlines to suspend flights,The Indian Sun,https://news.google.com/rss/articles/CBMiwAFBVV95cUxQUkYxVHlPN2FoM1RRU1RzM0F6RGdRMUpmVzlfOFo3ZVdieWdhcm9LUmpZLVM0alJEaWQyNE1kanZTb00wMWZKZ0Q5T3JRcXJxZ1daSmtOT3N0V3FmWVYwT3pUMWQ0S29PV2dVUi1kQ2gxcTQyVThheWdlaGFSSkdTVHlJRzd1OWVWVGNCTVR4R2k1WS04dkdsVm0yNUhZd2l1RmR1SzBQQ3lDNHVFT215YTVFd1pLUDBNMldmeExMakY?oc=5,India
dc3c3e70553e423a,2026-10-09 07:08:06,"AI Express, AI, Akasa Air Cancel Riyadh Flights Till Oct 10",ETV Bharat,https://news.google.com/rss/articles/CBMisgFBVV95cUxQRDB1cVVaWmxtUGVFVkV5a0pWbU90WTREYVVDSDlUT2ZZaENMbTkxa3JQZ25uWmlmdl9JemtTOXd6eGNaZDlDbml4V3pqLVJpUFNHeVN5cDlnVFlqc0ZBazNYRTJ5OXBidDBOdGp5cDRseG5FVnN1NEo3NFl3eGtyZHphWS1DbHVhbmcxZDBoaDNPZDRlY2xiWHZEMGU1QzNpQ1dwazNUQ19PQ0VYOTUwM2dR0gGyAUFVX3lxTFBEMHVxVVpabG1QZUVWRXlrSlZtT3RZNERhVUNIOVRPZlloQ0xtOTFrclBnbm5aaWZ2X0l6a1M5d3p4Y1pkOUNuaXhXemotUmlQU0d5U3lwOWdUWWpzRkFrM1hFMnk5cGJ0ME50anlwNGx4bkVWc3U0Sjc0WXd4a3JkemFZLUNsdWFuZzFkMGhoM09kNGVjbGJYdkQwZTVDM2lDV3BrM1RDX09DRVg5NTAzZ1E?oc=5,India
8aa80fe72a1e2a36,2026-10-09 07:29:00,"Air India, Akasa Air and IndiGo suspend Riyadh flights after airport blast reports",The Times of India,https://news.google.com/rss/articles/CBMi4wFBVV95cUxNLS0yNVNFRXFJYTIxNmVTdTgxajBTdVBEbTJHU213d2ZrMFNUSGFyVEs3WnlTcVZxVTlHTEtEQzFEVTFYdUFrVkhHZFhCVUFtZ0pyb2Y1Smlma29iLS16aDNzd3Y5bUtqc0pWaUNRVTA0UXV0WDNGZ08wNnNWLXBCM1VCMkQ5c2lNeHJvQVFQd2hRMTVydmNRZU1LTGpreW5IYnFNaG9JeEJvZkd5NTJMamJZdDhJcEhJZlFIUHh1MEkwZnllbzhFdW5XS3VuQWZzcml3bXJFU1B5X1NrRnlPQ0lBONIB6AFBVV95cUxPT1V6d2tYSnFIUjVZTHZ1M1BYX3BLYVRSNGRUejU5bUFON3ZXbHhDQjRWOTRQM2tzLTFjNXZxQjBNSEIyZ0tOdGlYajh2dG90dlhRMkh0NDg5aks1SGt0QjhjcDdKLUxNNENlODg4WnRqT05fc0FvWmRFdVEzdU5YVlJkSTZLQldiQ2NQdjdWM1dLbzJJRkxmdjhjMnFzYm1zb19HSGE5NHFjR2JKZmVaVjd3UUxyT3RBeVVvcjg1b2p3dE9EdUo3Ym1GZmJnRnpMN25acnlNSEQzQy11alRabDhFNTFSYnV1?oc=5,DEL
aed3e634390bf5a0,2026-10-09 07:35:04,Which Indian airlines have cancelled flights to Riyadh? All flyers need to know,The Financial Express,https://news.google.com/rss/articles/CBMi4AFBVV95cUxOYWNlbDZNZnRBWlRTUlFGMW9HZ2V1NEQ5eWZSZ3FadXd2LVFFQnNGdFQtYnRQTDJYa1RJSUVqc1RVZDhaV1o1akt4MDBIWC1rXy1yNzNMQS04RDZnTnpZcnhZN3JGdlNZc2lWZjBOa2VYdXVsNGdDMFVJTElGcVhhalgtbnpZNHZEaXRfakNKQXlBWWZpOHBEdlVjMktaQkJLZnhRMmV5Z0xHQWVzWmt2eDB0OUlUVER4b0JMRkpmZ0FXbS13RVVSQ0xlNkZscEktWlYwaFlkOVRrMkpjWTVzadIB5wFBVV95cUxQNGx1dWZ3REFRaXAzS3RfdjJKWXpSeTJsOHpOS2U3QnpMZHZfbncyTURMMVNPNVFQbTJvclY3WXYteUFsalZUTlYtNi1GdXQxc1dRYm5zdy1SWVR2YmJNbDZJa0xsbzR6S29ieTlMQVEtZHB6anZGd2dFajFtWnQtTjBrYmxJdEhORlk0VjZ6VVcyRC1oeGMyUURYVV9vZF9sdzNzSkpTLVhwNERZUGtvc0tubzZOd2ZtWE5lXzh5dC1QVm5BYmFCQUVJRnE5ckpyUG4zMHpxMGJEU1hQMnRfSUtxX2NUVmM?oc=5,India
4e7bccc1c278b3e1,2026-10-09 09:16:57,"US-Israel-Iran War Latest Live News: Did Houthis Strike Riyadh Airport? Is King Khalid International Airport (RUH) Open or Closed Today? Saudi Plane Fire, Air India & Lufthansa Flight Suspensions",The Sunday Guardian,https://news.google.com/rss/articles/CBMi0gJBVV95cUxOLTZxZVplcUdTSWNBNjllc2ROY1g2YlRrLXpCRFhnblRsNEIwenJzbkp0YmFST0FFTnh0YmJsb25JU29paTRUZ3ZVVzRxLVg1Nmh0NkhhUzFVc2YzTTlwNDVVS2pwdTNYdFFsWHZoQ0tXVFBWMTltZkttaUJtQm5pV1lZNHdZWTlaUmgzakFEdjZ6V3dhTW5DcTFfVmJBVlRhNGc0Q1djejFYdENoUE9nY050WTVwYUlVTGpjeVc0ck4yZm96NEEwVDhqRXppYWI5aEZodjJ5MjV2ZGZBMFExR0lrRUZsRzV1NVlJS2ZvVDgzc0Y2Q0c3RXhnOHc3N3RaRkR0M255bEdVUlRkSTlpZm85czRHamhERFRNTGllWnVCaWkzLXFYeW5BaVhPS0lkUjJIVkJhTHdDVHVtM0ZwTmlKM2pSLWY4bzBvSndjM2RvUdIB1wJBVV95cUxQVFhTbzZRS0NYaVhfZE4tOXpOZDJsZEJlcDNBR3NpMXNCRFo5WnVKcmN5Zzdfb0o1NHE5X2gxbmU5Q3VsTDdmNWFrcWVzLVc0a3lVc2R1Y0FzdTBhc1F5NnVCY0pnNkE0ZzJpUDdpODJrcEIyRFBaTk5fclBrZmM1eG9kd01wUGQ5azFfcXdDN1J3RW83NVpmdUZ6TkVNSTZUeEFva3drRk5BZHd2Yi13RTl4bk1ld3dHSGFWdlpmOW5rZ0o1M3A5bG1WUFM0amJkRVptaHNPWEhudmJkWXlTMU9VeWNMalFkLUw2SFhXWk0yNDJ2WUtHbGxUdXNlZ1B0d2VXZmZrR2pVYUs2Y2p5ZmpqUUlNS0xOVXh3V29NZndrWUREejNnRFpHYnJqaG8wTkt5aktXLXhRYVlrdjAzY0Z4Xy1CcHZja1FDNnBYSjZXMGF1MzNN?oc=5,India
d7741fc4dbb1c52b,2026-10-09 09:55:36,"Kasavanahalli Air Quality Index (AQI) Today, 09 October 2026: Kasavanahalli AQI level Updates, Temperature",News9live,https://news.google.com/rss/articles/CBMidkFVX3lxTE9QS2hwaXNzUE91ald1UWpON3ZZZzBJbm1IZVp3dFd4cnVpeDNKSDFseDNuZVBzZWtyVW85dm9feDBMT0lZZGUyV0U1TkxlQzZsSXExZWhSRkpJVGxzR2Ixb3lZMjhlbENqXzRNa2FQbUhudUR6dEE?oc=5,DEL
42c76808a3647101,2026-10-09 09:59:00,"Railways cancel several Mail/Express trains reaching New Delhi, Hazrat Nizamuddin on October 10",The Times of India,https://news.google.com/rss/articles/CBMiigJBVV95cUxNaTY2dm8xeWpDTnZBOGh4bHFiaUFzbnFmNzE2YnNzZjNTWkhNamZqUUoxR1ZybjVnczhXdXZUSTlYWFFDcUF5dURiOFpnM0JfR2Vad1A0Qk5QeWMtdHBiM0diSDVKVmc3VWdHbHp1bm9mTGNFOVRXTDBnWVpZXzVtekVHVUcyeXZad25CV2Nxc3JQeTJKVG10U3oxVThXV3Y5M2VwSlpTYk5QckZVSExsTGgyRmE5eEJXRXg5c2hTVTRUM1IwLUVvSnhjVE5JdDdJcmx5c2RSbWpLX3lTTWlRZmZLODc0TDVuSWxlS2NOaWQtVTF0TXpCZ3NRallJYUExdHluelF3UWlwQdIBiAJBVV95cUxNN1E0OWp0Q0tDblNBVFBvZ0FyWmE2aUFVdHl4VDFoYUtJc3FzTnNranl4Q0FtbDBnT0lncmNxc2hmaDhuaDRBRFI2SUJMaXFrSjVTMXR5T2lSUG1jYUloMGpEaEp1Q3hmd3pPQXI5d0RrUlptb1BLRTQ5TlV6d2xPOWhYNm9tRGI4aVJJWjZjb0hYT3RFdFhuVGk3Nnk3Nm1lVHl6dlQwVGZaVlhOOFgxVDVDdFZWR296aWxRWUNiLUNPZnBmSUpNR1Y0ejVfbUdTU2xfZndCejhQai1KRVZRRTkyTUZZTlVQV2h3T1FJem44Zl9XSzAzVVo1T25EdTZZUG9nZFpIS00?oc=5,DEL
d4fd05e22398272d,2026-10-09 10:28:57,"Houthis attack Saudi Airlines Aircraft at Riyadh Airport, 333 flights cancelled - WORLD - GULF",Kerala Kaumudi,https://news.google.com/rss/articles/CBMiygFBVV95cUxQM3J4UUpyaGJHbGt1YWRINGNud3JKcVdnVW0yM0dCTHBXbDlEdWE5OS05bDRzTHFBRDQxQ2N5STMyT0FpcUxrNnIwcjZMNXUzRVVxQW9mZzVPWnZZOVhOX1MwOTdGN3dxWGZHUWdralBTUlJ6Yi14dDhGcy1EaXFubHVxZ08tdHZweDVCUkExRjh3T29OTmtSVmI2YktZQzh2eDFJRWFiSE1VUm5DMDJsM1BwQ2N2MzFPallqRmNaclhPMUo1YzJwMllR?oc=5,India
4b32fabd714f0aae,2026-10-09 10:38:04,Riyadh Airport Attack: Saudia A320 Damaged as Flights Are Cancelled,Travel Tourister,https://news.google.com/rss/articles/CBMivgJBVV95cUxOVzM1VjRQeEFST09zZWJHaFo2SkMyZkNKcURjV2dUNWw4anZGVkhJSnhGcFNZLXpoM2R5N2RSbnY5SVRIUE1GNENiOEhrbW1DOGlvcTA1MGlrMlZkQlQ0dGJQdENqUzJ1Q1NtYWczSFFxWC1Wb3kzWURNb1VjVWpGc2lyNGRDb0pUamxpbkFKSUpuOGEwWmhpa3RLdkk5X20wN3FGd3dYM2ZTOC1CR1V6aDhxZTY0MHY1YzRtMjE3cnRsU3lHbkl5RWhRMjJKWkp1Rk1sYkdYSmFKVFU3aFR2bUJyWTNhX2JsWEpXcG1ER01jSFRBUUVlWUU0M2dpUGV1UVIzaTgzU05UWU8tdFN2MHM1T1Q5UHhpbG5zNVhYR3pMVXpzR2JYNGlzYjNIV0kycm00aTE3RFQ4T2Z2R1E?oc=5,India
f27450c14ee5f626,2026-10-09 10:50:00,CJP protest: What’s open and what’s closed in Delhi on October 10,The Times of India,https://news.google.com/rss/articles/CBMi0AFBVV95cUxPNzN3ekVTb0xkMXM5bWlVZFhKV3ltZWd5eTdsWDF3bFBPQmQ1R05qWlBjM3FnZEVzYzJYd29JajE4b0lSVmtuWFJ4aTJtWktkSHlCOGlSZVR4QlN6ZnY1ZjhrbVA0dmFFQk9QYjFHZkt6dDlHb0RDTFpUUVRsZ0t5ckZaOEU3RHFMc3NQR0RueERhUEJSeWYzQlMtOHZPRm9ockpIRWdBNklZUjRGQkMxYmE0RWVhNGROMGpxWVUxdTJTU2RsTnFKOHhlSkx2SVdr0gHWAUFVX3lxTE5kOUZibjFzdHc0bnJTeHM0ajRQbFAzZE42WXFNUG5ORldkRkZvVGNnaFpDNVFKRUpUS3JLVk1zQ0VWT0MxdEtuNTR6RjE4RUN3eWJaS1ZCbTBPVlNVbHZRZnNlSWVLNWYyNmFpeGwxandBeUprZVYyYmNIaEdjRG93UWNlaGtjenF4VW5wLTlMSEZfNGU3V2lEMWViRnl1RnZSVG11OGN6ZU1wWkdnV2pyWV9zN1dpY0t4V0JJQ00tQ3ZBX18tZzJ6TWZpZUNkR2E5VWZ6bVE?oc=5,DEL
9c6a5949634bbdff,2026-10-09 11:45:56,"Behind Air India’s Australian expansion: engineering faults, refund delays and missed connections",The Australia Today,https://news.google.com/rss/articles/CBMizAFBVV95cUxOMG5ZQ0xSTExvZ2h6R21xNVk1X0xwakZuRXBPX1dGbEdBM1E0empILWlpbnFLRXFBWkl0R0JkMlJvWTFlelU1Ry01VzBUcGZvQ1E5NWNEemlnVmNmVi1OeFZXT0MzWFNzQ25xSjd0UWNQa2ZOcEotenN5OW42bGMyOFFxNTF4VDU3bE1PT3FwVjMwZ2tVdExabUthUUREbDBhcVg0R19TUFhDWFRITHNkVnFiNWdOZnZRWEFLa1g2emdoTVdzVE1SWEYwcEI?oc=5,DEL
0d4edf6997c931f4,2026-10-09 12:17:00,"Fearing taxi crunch, inconvenience to passengers amid CJP protest: Indian Railways on why they cancellled",The Times of India,https://news.google.com/rss/articles/CBMi4wJBVV95cUxNb3ZzLXQ5UkJ2emkzLWVuV3prR0cxY0UzcmpVQzdPZVQzc0duUWhLRFNYbjdTbXpLcGZBaFZXNVJTTXNFaUJzRmdyZ1EtUzA2MDVfNHVIbDFFdDNhQ21KU2ZWd1dJZUllWUkzdnBNVUtjNzFyRG92dks1cWNpZG5hVUY3MEh6TjhrS2pxUFVzRWdJQ1RualZLRElWY0FMdFQtMTZQWHRoZmdfMmd0ZnV5TW44SFQ2Mnh6elVmdVNPMXoxcU5MYVRkUnBQdG1QczRUcTBzaUVtNTFHcl9yQ1Mtenl6Q0t4SV9icXNpU2hDN25Nb3daQ09iRk5nTUM0WlktYjBFNl9HVXFyRzRMUmZtbXEwSWJnaEhLNjZITF83SC1XVmx3azF4TE5SXzMxOVVUVjQ4OGtWdl8zOU5NMi1CLWFGUGs2dVUxQ0dJNTBsOXlsSjZ4THljOFhjZnNtYm54V3Uw0gHoAkFVX3lxTE5EYU1fSW5NbVpPUXA3Vkd0c2Q5eENncXc0REFvOGQzVHhGcjNoOGVxLWdHSVlEcG16ZzgybUNCYko4UGhDYU5nX2xVbUhRTV9qS1VGTUwzcEp1QTN4d19iX3YyWV9wRjFSMmpQZXRzQm9ZTmoySlpHU1VSdnNLRzYyYnFVcHZ5YTh3UXVfU0NUaDVFZkdwbEVzV2JwLTUteExGT2twNjhXZUdJSU1NMVJwQ3FkcWlrSHdNd3hOYXBKWldqRXdUWFp4dEJ2eEpQejdTUHNhR19SOW0zQ0ZoanJnQnRXNTVLUWxlWjZTMFhobHlPVW1KbS1BMS1LaUNIR3RWeDVqbXdZc1hxWC11NWRkOFoyV2tRVkJLb0RRRFFyY2VXczl2M09KNEJNdlMxYTA5RU01QkxmU1E1RkVMdUVMUTBqSGVQZU1GS082TW5iSjNwa08yS0pwX3J1QVpUdk1ja3g3VGh5OQ?oc=5,DEL
6759960839fe2f58,2026-10-09 12:17:59,Bhavnagar Today's weather,News9live,https://news.google.com/rss/articles/CBMidkFVX3lxTE1qdUFJRnN1T25DZDBfcFhvUmVfaEI2WWFUWDRBQmRlVTdvTkZ2WFpWZ2k3VnpQSnE2U0V6NVl1YVAzcXVuZGpUUjk4MjRneE5ZSEdhRzlBa2NKMjFKSWVLWnNkMDdnd3JZNUxkRjBlYkZaYWpWcmc?oc=5,DEL
63e6572722c98b5c,2026-10-09 13:04:00,"Is Delhi bandh tomorrow? CJP protest triggers train cancellations, Metro curbs proposed; here's all you n",The Times of India,https://news.google.com/rss/articles/CBMikwJBVV95cUxOOTBPUTFMQmh2MDVwRzdWOF9ReXNxb2R5UVpCaEthMGpZWDYyQXpfZWMzbXJ2TVdhcTNyS1JuS3VTWGg3cExuMEdNdlpkNmo0dVRQQThIMFVITUFPMmZkZG5pZTZkaG1LNWtsS2xGSWlxQi1CakY2OG1IUHpGNHZidjdsWTUxX0ZfSzMtVDhISWV6NFJwRHQzOG1fTEFWWHY2ejhYWm5TTmhWT3JzZHhsR3RRODdTOE00d0V5UzBVMjB0YUg5cS0xRll2ZElNSEJWWTdqR1RRRkxxRXc4WUEzTDhPUmxONmw4RG1UbldzRjRCM05oTmlzaTA5NWRMWWpkbzZic3hZdUNFYzZ4eTJ4V3Yyd9IBmAJBVV95cUxNdHl1RV83a2JqOXppeTVZR0tQOHgtMWI2Q2tSMVc1WUpWcE9SUldNT29abTlZblBzYjJFUjhHQmF0eXZNeW9id3U3SGdEbmUtbFZpNXNINVlxOWx1TmM0ejhfNUFVbnlGR3NtU1Mycl9iS2hndFJUZ0VXSGtGRUpwSDZCZXVGLUpwcG5MM2dPNE1DeXppanhUbjJFanNJenhUQTdUN3R1V2lrNENSc194REQtRWJMSWZFVk5XaEgtVk5qekxBaHZSU1ZKUElvV0ZVanptMjViUUZyUkVneFNrYVpLa09lSFZvWFh3NWlMUlhDVHFqQmptT0x1bUdxcE1uYzR3X1ZRaXVKVW10MkNzcExwelZ1YXlh?oc=5,DEL
9285696af38fe25e,2026-10-09 13:11:12,"Dubai and Middle East flight disruption: route suspensions, delays and cancellations as Saudi hit with new wave of attacks",Condé Nast Traveller Middle East,https://news.google.com/rss/articles/CBMi7AFBVV95cUxPVTcwTk9FTGZaSFMxbzZYVVp3Y3hkQXMyOFBoY19YTHVkbzl6NGVmZDZpbHFwZVliWkhISFJmYXVOcGkxYk5SVG5ObHFCckdSdjFBUDYwZENvSWE2UXRiWTF1QmQtMmE2MmY0aHItMXRmMjVVUXVud2k4Z2NISll2SEZ2YW9uTlNaREJ4UDJ5a0phaGM2NjJaSGxCWWhaVjB1dlVjOEx0QUNoZ0ZyM0IydzBETTlzT19UWFhTQktzUHo2eHg1WnpONUpmZXhMWndhbXU1Y3hCVjZ1MlpBUnFTU1ZRWDhJMlJuRDZzaA?oc=5,India
1125945ee793abca,2026-10-09 13:48:07,"Flying To Riyadh From India? Air India, IndiGo And Akasa Air Pause All Flights Till 10 October",Curly Tales,https://news.google.com/rss/articles/CBMizwFBVV95cUxNU1ZnMWk1aXFGQkpqME5QZ0lSUDJ5SzhYSWFMSE1iMEdRTnV2NzkzQTl6Z0J1dGp0dktLYzl2bVByWWJzZkVyZTBfSDNPM2UxZkJPbVJJcHBsTmI0NldUa2tFVFl6N3V5VnRhR3hQbUhfaDNnejI2OVhyUm82UTM3elJBT2xvWDFNOXJZb2hfRjBma1BZdGlNVlZjZ1hjZXZqWE91ZW9IQVdrQXQ2b2I4RGJDM3NnOEhOcHpkeWlGUm16eHNjWnItOVB6UnMyMk3SAdQBQVVfeXFMTkpXQ3hHLVFRdG1ZTDZMa1o4XzItX0ZnR0JFblhyNEZMZTJPUTFsYlRDMk5ZUzE2d1pJM2NqZThnSE1xN3AxV2tsMVN5bGExNXFheWNfNUlyVFh3M1N4d1BHd2pLQW9fQmd2S2tHeUNOTXZMMFdQZThqTlJTSXB2SGJVYXpob2ZkU3NzVEVrek1MTnpsTTF6cFBabXF1Y1BFa0F6M3BDT0FUUVNka2RjbEFIb0V2Nmp4ZXB6ODlXaWhEalppdjNRVVlJN3NPZUhQajhfOTc?oc=5,India
02f9ec5acdcbfa0b,2026-10-09 14:11:44,Delhi Airport asks airlines for passenger manifests 48 hours before inbound arrivals,Business Upturn,https://news.google.com/rss/articles/CBMiyAFBVV95cUxQYl9NY3dQb0lXUUJ2YmlZWVlrRDlVR0QxY0hSZWZ6ZC1ORVpKUjJsYy1YcXlROE9ra2x2YzZKMWpheU9DZ0JvX2hwa1AtSGNvRGtSbC1NeUJQak9YWEllcnpWSFR6SFo4NFpPWFU2SEdFQXFJX2ZxZ3IxV0REV2d1RVpzNEhwUmtEQzJxY2daNnFkSDJTeDlGR19qa1lraXJMMXpmSVAxYVN6MVFUWmtyandnUl9TOE9MWFNDblFoX0txdlR6NXRFRQ?oc=5,DEL
475109daaf11a7a9,2026-10-09 14:31:11,Flight cancellations in Saudi: 10 airlines suspend flights to and from Riyadh,Time Out Riyadh,https://news.google.com/rss/articles/CBMic0FVX3lxTE5EZGRURDNoRW1iam9IVGRjTXpSbW0tSllVcFN1SDkwSUktRVl3UzVEWm1KT2hVdGxkbkN1R2RscnZHUUhUcDc2LTZOS2c1bC1YZXZHTDNxWFJWaE8zVzY4eF9aWVVBLUtOVlZKV2tTSnhUYTg?oc=5,India
66007e1d17ab270c,2026-10-09 14:39:12,Riyadh: King Khalid International Airport Faces Flight Delays & Cancellations; Details Inside,Curly Tales,https://news.google.com/rss/articles/CBMivwFBVV95cUxOZFpkVUtfMzFVbUpYUC1LQUl3aGpyOWZ6eFZCOUxhZmJGa19LNEQ0cE5ERkVrdnYzcmo3YW02QzNmQlQ2RFZFdFdROU5lY3lKbl9RdkxqSVkteUp6bi1UVUpEMDRPYXc0QjFkRVB6UzVQaHN3cTlPX2d2WXNuTkNncF9fcm5mR2hTd2JxelEzNnB3Z3Z4QmU1UzFqNUNCS2hyVTYzamFOYTNCWDMxZEtrM2NKUFlGRFdldUwyY3lpMNIBvwFBVV95cUxOZFpkVUtfMzFVbUpYUC1LQUl3aGpyOWZ6eFZCOUxhZmJGa19LNEQ0cE5ERkVrdnYzcmo3YW02QzNmQlQ2RFZFdFdROU5lY3lKbl9RdkxqSVkteUp6bi1UVUpEMDRPYXc0QjFkRVB6UzVQaHN3cTlPX2d2WXNuTkNncF9fcm5mR2hTd2JxelEzNnB3Z3Z4QmU1UzFqNUNCS2hyVTYzamFOYTNCWDMxZEtrM2NKUFlGRFdldUwyY3lpMA?oc=5,India
9b71d4659e395cfc,2026-10-09 14:50:53,Saudia pilot among three killed in fresh attacks on Riyadh airport,Gulf Business,https://news.google.com/rss/articles/CBMiogFBVV95cUxNVGpRRnhBTFota1N2bFFZOE40RTVvNjUzeEx2TU1ac1o0bllqY0FNSllHeW80QnE3d2tJd2pXaS1xeXRUU09GbUdHQ1NyUy02Q3B4WjJTeU5JUVdRcFo1LUt0a011eEE3R2NTMHM1Nm5odDlySXY0YXhVUHB6Y0Jyb0ZRTHNPNUhuZWZYNzlmOTh2cjdnWXlVdk9mMy1Ndndsc0E?oc=5,India
2c068076a1e7ac85,2026-10-09 14:53:23,"Nagpur Weather Forecast Today, 09 October 2026: Today’s Weather Forecast for 7 Days in Nagpur, Temperature",News9live,https://news.google.com/rss/articles/CBMickFVX3lxTE44YXoxRG9QVkdQMzQ1bUdxVkNqNGhlMEw0VWMzNWxob1NSZmd1bFZSQUFLOVhLbUlhdFQweXprNy1VZGFld3hTSXJncE9nbFNCYndpbE1pQWdRSGcyUVBKRlF0aFdpZTRsYVNOQk5XY0t3Zw?oc=5,DEL
fc0c702caf441027,2026-10-09 14:57:06,"‘Stay indoors’: India warns nationals after Saudi airport attacks kill 3, injure 36",Mathrubhumi English,https://news.google.com/rss/articles/CBMivgFBVV95cUxQS01LV0tfeFpiUHBTR1o3X3pLM3JKM05pM0E1cDVNWUdzYXVQWTZBNVNQcXdMMlh2c0EtZEZaMmxVTzhNTEJOemY4T1dvbHlNX0FnZXR5RHF0UjRLTEt6Tl9UVVNBWUU3aF9wWDBZWXBoRHVBdFprVUpmR2dNazVnejkybFRYN180Q1dBZXo5Q2tJeldlOGJxUS1qeWtyWjFEN3hLQ2ppZVNoNG9BazhOUGVWSkRubmNPbFdFYWtR0gG-AUFVX3lxTFBLTUtXS194WmJQcFNHWjdfekszckozTmkzQTVwNU1ZR3NhdVBZNkE1U1Bxd0wyWHZzQS1kRloybFVPOE1MQk56ZjhPV29seU1fQWdldHlEcXRSNEtMS3pOX1RVU0FZRTdoX3BYMFlZcGhEdUF0WmtVSmZHZ01rNWd6OTJsVFg3XzRDV0FlejlDa0l6V2U4YnFRLWp5a3JaMUQ3eEtDamllU2g0b0FrOE5QZVZKRG5uY09sV0Vha1E?oc=5,India
ee51717adb0690fc,2026-10-09 15:06:07,International Airlines Suspend Riyadh Flights as Airport Disruption Continues,Rus Tourism News,https://news.google.com/rss/articles/CBMivAFBVV95cUxQa2ZNb0ZBSjN2c0huUUdRRERRbE83cGZVOXRZVER6WGx5d2F3Mm9DZkt3NVpuSVdZX0RLZERranZ2ZjA1MWowRzhjOW1GWDV2ald6cEJQTWdXWWxRUGpVWGUxdVpOcldKYVBsQnNfemtyckZJTUhPRGlnempJYTNvNjJDcndyUmExRmRzRVpIZzVWTy10UW13bkFXLUNBbU9QTjUyVzdIaVJHRDhaalRfdmlKeUZ1X0ZraHdaSw?oc=5,India
1042d7ef6da77e2f,2026-10-09 15:06:18,"UAE flights: Emirates, Etihad cancel Riyadh services as Dubai, Abu Dhabi delays hit weekend travel",Gulf News,https://news.google.com/rss/articles/CBMi3wFBVV95cUxNd3BTODJrU1lfcWZLb3VKY296ZDZJVEVyUlZXXy0wTXFsUW9pM01CZndOVE5XY1ZyQjlza2tsdHJfUEJtNkc5d2hkZnBHNEtjSnhGWXcwaWtwZ081TGRuXzBHN0dDUHoyaXdja1hKYTNJS0NWZ0o3X1pjbHo5Y1Qza28xOERhczhubGlqY05LOVhZZDhBT0x4MHIzYmNBTnpOZUtTNExycHR5TlAyNDAzMS1zQU1vVlR5OWpZZXIzX1hDZFpHMTRLMjJzalRMX29ZRHJ1SDR6Q3dGTlgtVk5B0gHyAUFVX3lxTE5TMnU2T1NjeGZBdmJONnZTME1mOXpxUjRkNUxzSUtjajRLaXpSbnlvX3dYOGgzME9vbkJuRl9Rck4wSE1QSEMzMWJ4SUlvYVN1dkw5MnpnRFozcWd5NzVKWFJCVFdORDA2S2tJSGlITFBpRXhLZ3JnVWhKUFBaUmRCSmlMUW1OcFphSmNGVWN3Z1g1ZmpFU1BFVVc1Y0JLbGNwOEk5aThqVzJodDRKclNmTWt0c1dIektUVHoweDR1cnFtbjJla0c4WFA4dlZGMVNFTkNQMlFtMW1XUmE4MzdMS2ZSSF9wMlpSZURzeldFRGFn?oc=5,India
3b43966baaf18308,2026-10-09 15:27:40,"US-Israel-Iran War Latest Live News: Saudia Airlines Employee Killed in Riyadh Airport Attack, 103 Flights Cancelled as Air India and Lufthansa Suspend Services",The Sunday Guardian,https://news.google.com/rss/articles/CBMiqwJBVV95cUxNYWFvVHlQNFFBVE5PbjBSejVJMWE3OVNwbDFJNEdRWTVqbjRCWVZQaGl5T3JaTVY1czRHc2pYQjdncWV5azZvemxrZHgtSEVyTVlpLWtYN1pQR3FVbkYwWjFfS2dBQ1pxaF94M01zV2dKRnh0WGpWMkt4QmxGcEczUC1sRVhqamFyZ1V4WHl0QkR3dXB6aV9rQzRvQTFpQm9mYmRDMWpwUFhlUkI5dEM5cVotZV9rOGthMmNGc0luUWxKWXgyVE1lcWwwYkR0WE9Pc3JyYWJQcFhqR2JTYXgtdlhfeDJpMExUNzV1aDJGSl92aUVfZUxMOHgydl9iVFBsZVF3bkh3NVdra2RKbHpNcktha1NkT1ZhbXhRUzhwNEJSbVZpRWFrTnBVVQ?oc=5,India
ed46917e41dfd8fd,2026-10-09 15:40:00,Airlines cancel flights to Riyadh following attacks on Saudi airports,Aerospace Global News,https://news.google.com/rss/articles/CBMikAFBVV95cUxNV2w3NGwtUk5sN3E1MzlfSk9GUHBDdEN4Y0swZmY3Zk1FZjNIWm01NGpNS0xWb19TbjVfc0cwV215WnBGT3ZqOGtmUTkwT3NWQmlYcjlHTlM5QnZKak5QbXl4SGVJdEpEc0hwOWRlbjlGaFNxS1hVS3d4Qnh1OTZ5M2xVclU4ZldXZUtMNlBnd0w?oc=5,India
1511dc23ec3fbe08,2026-10-09 15:58:18,"This week in aviation: Noida airport renamed, fuel surcharges",Forbes India,https://news.google.com/rss/articles/CBMitgFBVV95cUxNTHU5MG4zdXY4WGh4eUUwY241c1gzVElHclduMXBEWkZILW5CTUVHcVRiNzlzS2o5UTc1bVRDMEZQTURqWDJDU3lSTV9oWUNCQzJsMFlkZGN1TTQ5aDJVaWdVRmI0TkRTTWxIMXB2YXZoemtyRmxUbmxTSzVfdkhaaTBwWXhSNUVpVEZSQlRueXdSYVk0eHYyMmpZTk84cm1nOXJzSEVHalBMT2JKd2hzR3NINUs0QQ?oc=5,DEL
a108e53de40417f7,2026-10-09 16:12:00,Airlines cancel flights to Riyadh after Houthi airport attack; SIA delays route launch,The Straits Times,https://news.google.com/rss/articles/CBMizAFBVV95cUxNa0doaTVLaFNzZ0UzTHVudzFaR3ZVaVRXdVRRZWRvUl9LYUxFNXBsWVBHNkE0XzVjazN2VmFNZXpNM3FlVVptclFQLU5kOW13SDBUUnpoWkNwZVJKN05CNkxKdlU3eEhhZWt2ZndVNHUzNW5ieGdLR1kwQ0lZY25OWS1aei1ZVlo5WUZpX09leUpaXzFocXg1QW5fYlNMcV9RMDRtTUNKbndPTHVHNDJKclVROVBwVlR5c1EyTTFjem52Ync1Q1plMVBQQVE?oc=5,India
05911e0153ac15ab,2026-10-09 17:19:00,"Delhi-bound trains cancelled over traffic concerns ahead of Oct 10 protests; Tejas, Shatabdi among affect",The Times of India,https://news.google.com/rss/articles/CBMigwJBVV95cUxNWVVnbVNnTlZFVFBjSm1XN3YzWVZ3QXF5OUVySmk2dTNVdWllZU1oV2pNekdBWE10bE5ZOWtmeERCV3NWVEVhVVdtTXF0N09aTnJZQXA5VmRJaGN6UGRHN1Z6d1RlbGV3czNCWkh0YjRmRjNYZ0o1dHU1UnVlbFlYelMwSGdhX0FFTE9fSTc4NE1kallic2ZzVmpkSFRfZVJTZWtYQUFQbG9LREp0MGVhdTQwOFlMYnk3cmNSVGlWOHpjMVVTZnR4QmdDbVJvQzNtLWRINUEtR0E5cU5BSUtGeTZVR3ZudHRxYktrVWhSRUdaZ29yaERRanQ0SVoycXFGek130gGIAkFVX3lxTE03UTQ5anRDS0NuU0FUUG9nQXJaYTZpQVV0eXhUMWhhS0lzcXNOc2tqeXhDQW1sMGdPSWdyY3FzaGZoOG5oNEFEUjZJQkxpcWtKNVMxdHlPaVJQbWNhSWgwakRoSnVDeGZ3ek9Bcjl3RGtSWm1vUEtFNDlOVXp3bE85aFg2b21EYjhpUklaNmNvSFhPdEV0WG5UaTc2eTc2bWVUeXp2VDBUZlpWWE44WDFUNUN0VlZHb3ppbFFZQ2ItQ09mcGZJSk1HVjR6NV9tR1NTbF9md0J6OFBqLUpFVlFFOTJNRllOVVBXaHdPUUl6bjhmX1dLMDNVWjVPbkR1NllQb2dkWkhLTQ?oc=5,DEL
36851b7697094b00,2026-10-09 17:29:45,Riyadh airport flights broadly back to normal after days of disruption,The National,https://news.google.com/rss/articles/CBMivgFBVV95cUxNNjRhcG91ejVKZnowTHpnZ0gwVEZBTjd4WVpWTUJOU2J2ckVJWWt4eVd5RHNjQ0F6dkoxRER1dHZMR1RIS2tGNWJWUVRleUFiNG43SFVmX2RaQ3lTTE5Kd0t0ZHFnbE9qMFBkd09TR0gzVmFvSTF3b3QzNXoxZVdQTk5Lak1TSDhCLTVQc1BtX19zdVVxNmt3bWZWdW1tWnpZRmJMYXJHd3AxaU5SWDBBX3FPNG02WGVBZ2ZlVHF3?oc=5,India
78b3592101151557,2026-10-09 18:32:31,"UAE changes e-invoicing approval rules, gives existing providers 30 days to comply",Gulf Business,https://news.google.com/rss/articles/CBMiwAFBVV95cUxPVzI4b2ZVSXk2cXlPMG8wT1V4c3lFY3F3UnluelFObHFDajg4U05VMktTQ2FzY1BYTkVxSi1HaENrWjYzVjFCQnpCOVV0UTkzYWRpRGFZN1U1Ujc1MExEYkhzN3JFUFlpTjdpdWRqZTVXcUs3cFRsRnc5a28yNzBFZG8tcXlHQThUcXhSNURpVXdYZmNIMEFrTW5Fd0tDc1ZTemdORU1MVFdEc2RQaVF2cWtWUjFPT25nN3dfQWpMZmU?oc=5,India
